,Accuracy,Recall,Precision
0,0.7622146429244,0.42754106808414444,0.5828003593365577
1,0.779435458559143,0.40794982527417306,0.8141915671183814
2,0.8044359816701889,0.4765496714329872,0.8527801482989472
3,0.8375551882153544,0.6119370704011493,0.8425249118043346
4,0.8483061664330104,0.6084338999291288,0.8787105801089453
