================================================
QUANTIZATION-AWARE TRAINING (QAT)
================================================
Job ID: 344725
Config: qat_s06_seed42.json
Starting at: Sun Jan 11 22:48:23 IST 2026
Node: lambda2

Python: /home/badran.abed/miniconda3/envs/imugr/bin/python
Conda env: imugr

================================================
STARTING QAT TRAINING
================================================
======================================================================
Quantization-Aware Training (QAT)
======================================================================

Loading config from: config/quantization/qat_s06_seed42.json
Using device: cuda:0

Loading data (LOSO subject 6)...
Loading dataset...
Applying ema filter to sensor data...
Filter settings: EMA with alpha=0.3
Filtering training data...
Filtering test data...
Low-pass filtering complete.
Removing irrelevant data...
Concatenating samples...
Normalizaing inputs...
Total samples for train: 2237782.
Total samples for test: 259141.
✓ Data loaded:
  Train samples: 2237782
  Val samples: 259141

Loading pruned model from: outputs/pruning/ema_s06_prune40pct_seed42/pruned_final.pt
  Detected pruned architecture: FC1 has 42 neurons (from checkpoint)
  Architecture mismatch: Model has 64 neurons, checkpoint has 42
  Rebuilding model to match pruned architecture...
  ✓ FC layers rebuilt: 200 → 42 → 5
  ✓ Checkpoint loaded successfully
✓ Pruned model loaded: 38.32 KB

======================================================================
Evaluating Pruned Baseline (Before QAT)
======================================================================
Baseline Metrics (Pruned FP32):
  Accuracy:  0.9575 (95.75%)
  Recall:    0.8713 (87.13%)
  Precision: 0.9303 (93.03%)
  F1 Score:  0.8999 (89.99%)

======================================================================
Preparing Model for QAT
======================================================================
Quantization backend: qnnpack

1. Fusing BatchNorm into Conv/Linear layers...
  ✓ BatchNorm fusion will be handled by QAT preparation

2. Inserting fake quantization nodes...
  ✓ Fake quantization nodes inserted
  - Simulating INT8 quantization during training
  - Model stays in FP32 but learns quantization-friendly weights

======================================================================

======================================================================
QAT Fine-Tuning
======================================================================

Hyperparameters:
  Epochs: 5
  Learning Rate: 1e-05
  Batch Size: 64
  Weight Decay: 5e-05

──────────────────────────────────────────────────────────────────────
Epoch 1/5
──────────────────────────────────────────────────────────────────────
  Batch [10/34966] - Loss: 0.1207
  Batch [20/34966] - Loss: 0.0951
  Batch [30/34966] - Loss: 0.1009
  Batch [40/34966] - Loss: 0.0982
  Batch [50/34966] - Loss: 0.0979
  Batch [60/34966] - Loss: 0.0965
  Batch [70/34966] - Loss: 0.0984
  Batch [80/34966] - Loss: 0.1006
  Batch [90/34966] - Loss: 0.1037
  Batch [100/34966] - Loss: 0.0999
  Batch [110/34966] - Loss: 0.1005
  Batch [120/34966] - Loss: 0.1000
  Batch [130/34966] - Loss: 0.0992
  Batch [140/34966] - Loss: 0.0979
  Batch [150/34966] - Loss: 0.0961
  Batch [160/34966] - Loss: 0.0964
  Batch [170/34966] - Loss: 0.0949
  Batch [180/34966] - Loss: 0.0945
  Batch [190/34966] - Loss: 0.0951
  Batch [200/34966] - Loss: 0.0960
  Batch [210/34966] - Loss: 0.0954
  Batch [220/34966] - Loss: 0.0962
  Batch [230/34966] - Loss: 0.0961
  Batch [240/34966] - Loss: 0.0962
  Batch [250/34966] - Loss: 0.0965
  Batch [260/34966] - Loss: 0.0963
  Batch [270/34966] - Loss: 0.0965
  Batch [280/34966] - Loss: 0.0981
  Batch [290/34966] - Loss: 0.0978
  Batch [300/34966] - Loss: 0.0969
  Batch [310/34966] - Loss: 0.0976
  Batch [320/34966] - Loss: 0.0975
  Batch [330/34966] - Loss: 0.0973
  Batch [340/34966] - Loss: 0.0969
  Batch [350/34966] - Loss: 0.0980
  Batch [360/34966] - Loss: 0.0977
  Batch [370/34966] - Loss: 0.0980
  Batch [380/34966] - Loss: 0.0986
  Batch [390/34966] - Loss: 0.0990
  Batch [400/34966] - Loss: 0.0997
  Batch [410/34966] - Loss: 0.0990
  Batch [420/34966] - Loss: 0.0989
  Batch [430/34966] - Loss: 0.0988
  Batch [440/34966] - Loss: 0.0983
  Batch [450/34966] - Loss: 0.0982
  Batch [460/34966] - Loss: 0.0983
  Batch [470/34966] - Loss: 0.0984
  Batch [480/34966] - Loss: 0.0983
  Batch [490/34966] - Loss: 0.0980
  Batch [500/34966] - Loss: 0.0974
  Batch [510/34966] - Loss: 0.0974
  Batch [520/34966] - Loss: 0.0974
  Batch [530/34966] - Loss: 0.0972
  Batch [540/34966] - Loss: 0.0973
  Batch [550/34966] - Loss: 0.0976
  Batch [560/34966] - Loss: 0.0972
  Batch [570/34966] - Loss: 0.0974
  Batch [580/34966] - Loss: 0.0975
  Batch [590/34966] - Loss: 0.0977
  Batch [600/34966] - Loss: 0.0975
  Batch [610/34966] - Loss: 0.0971
  Batch [620/34966] - Loss: 0.0971
  Batch [630/34966] - Loss: 0.0971
  Batch [640/34966] - Loss: 0.0973
  Batch [650/34966] - Loss: 0.0974
  Batch [660/34966] - Loss: 0.0973
  Batch [670/34966] - Loss: 0.0974
  Batch [680/34966] - Loss: 0.0977
  Batch [690/34966] - Loss: 0.0979
  Batch [700/34966] - Loss: 0.0977
  Batch [710/34966] - Loss: 0.0975
  Batch [720/34966] - Loss: 0.0978
  Batch [730/34966] - Loss: 0.0979
  Batch [740/34966] - Loss: 0.0978
  Batch [750/34966] - Loss: 0.0976
  Batch [760/34966] - Loss: 0.0983
  Batch [770/34966] - Loss: 0.0985
  Batch [780/34966] - Loss: 0.0989
  Batch [790/34966] - Loss: 0.0986
  Batch [800/34966] - Loss: 0.0989
  Batch [810/34966] - Loss: 0.0990
  Batch [820/34966] - Loss: 0.0989
  Batch [830/34966] - Loss: 0.0986
  Batch [840/34966] - Loss: 0.0988
  Batch [850/34966] - Loss: 0.0996
  Batch [860/34966] - Loss: 0.0997
  Batch [870/34966] - Loss: 0.0998
  Batch [880/34966] - Loss: 0.1001
  Batch [890/34966] - Loss: 0.1002
  Batch [900/34966] - Loss: 0.0999
  Batch [910/34966] - Loss: 0.0997
  Batch [920/34966] - Loss: 0.0995
  Batch [930/34966] - Loss: 0.0996
  Batch [940/34966] - Loss: 0.0995
  Batch [950/34966] - Loss: 0.0996
  Batch [960/34966] - Loss: 0.0994
  Batch [970/34966] - Loss: 0.0994
  Batch [980/34966] - Loss: 0.0999
  Batch [990/34966] - Loss: 0.0999
  Batch [1000/34966] - Loss: 0.0999
  Batch [1010/34966] - Loss: 0.1000
  Batch [1020/34966] - Loss: 0.1000
  Batch [1030/34966] - Loss: 0.1007
  Batch [1040/34966] - Loss: 0.1008
  Batch [1050/34966] - Loss: 0.1007
  Batch [1060/34966] - Loss: 0.1010
  Batch [1070/34966] - Loss: 0.1013
  Batch [1080/34966] - Loss: 0.1010
  Batch [1090/34966] - Loss: 0.1008
  Batch [1100/34966] - Loss: 0.1009
  Batch [1110/34966] - Loss: 0.1012
  Batch [1120/34966] - Loss: 0.1013
  Batch [1130/34966] - Loss: 0.1013
  Batch [1140/34966] - Loss: 0.1013
  Batch [1150/34966] - Loss: 0.1016
  Batch [1160/34966] - Loss: 0.1016
  Batch [1170/34966] - Loss: 0.1014
  Batch [1180/34966] - Loss: 0.1014
  Batch [1190/34966] - Loss: 0.1014
  Batch [1200/34966] - Loss: 0.1013
  Batch [1210/34966] - Loss: 0.1014
  Batch [1220/34966] - Loss: 0.1015
  Batch [1230/34966] - Loss: 0.1014
  Batch [1240/34966] - Loss: 0.1011
  Batch [1250/34966] - Loss: 0.1013
  Batch [1260/34966] - Loss: 0.1013
  Batch [1270/34966] - Loss: 0.1013
  Batch [1280/34966] - Loss: 0.1016
  Batch [1290/34966] - Loss: 0.1014
  Batch [1300/34966] - Loss: 0.1012
  Batch [1310/34966] - Loss: 0.1010
  Batch [1320/34966] - Loss: 0.1008
  Batch [1330/34966] - Loss: 0.1007
  Batch [1340/34966] - Loss: 0.1006
  Batch [1350/34966] - Loss: 0.1004
  Batch [1360/34966] - Loss: 0.1003
  Batch [1370/34966] - Loss: 0.1004
  Batch [1380/34966] - Loss: 0.1002
  Batch [1390/34966] - Loss: 0.1002
  Batch [1400/34966] - Loss: 0.1003
  Batch [1410/34966] - Loss: 0.1002
  Batch [1420/34966] - Loss: 0.1001
  Batch [1430/34966] - Loss: 0.1003
  Batch [1440/34966] - Loss: 0.1001
  Batch [1450/34966] - Loss: 0.1001
  Batch [1460/34966] - Loss: 0.1000
  Batch [1470/34966] - Loss: 0.1000
  Batch [1480/34966] - Loss: 0.1001
  Batch [1490/34966] - Loss: 0.1003
  Batch [1500/34966] - Loss: 0.1002
  Batch [1510/34966] - Loss: 0.1003
  Batch [1520/34966] - Loss: 0.1004
  Batch [1530/34966] - Loss: 0.1004
  Batch [1540/34966] - Loss: 0.1006
  Batch [1550/34966] - Loss: 0.1005
  Batch [1560/34966] - Loss: 0.1004
  Batch [1570/34966] - Loss: 0.1005
  Batch [1580/34966] - Loss: 0.1003
  Batch [1590/34966] - Loss: 0.1003
  Batch [1600/34966] - Loss: 0.1004
  Batch [1610/34966] - Loss: 0.1007
  Batch [1620/34966] - Loss: 0.1008
  Batch [1630/34966] - Loss: 0.1007
  Batch [1640/34966] - Loss: 0.1010
  Batch [1650/34966] - Loss: 0.1009
  Batch [1660/34966] - Loss: 0.1011
  Batch [1670/34966] - Loss: 0.1010
  Batch [1680/34966] - Loss: 0.1010
  Batch [1690/34966] - Loss: 0.1010
  Batch [1700/34966] - Loss: 0.1009
  Batch [1710/34966] - Loss: 0.1007
  Batch [1720/34966] - Loss: 0.1007
  Batch [1730/34966] - Loss: 0.1008
  Batch [1740/34966] - Loss: 0.1010
  Batch [1750/34966] - Loss: 0.1010
  Batch [1760/34966] - Loss: 0.1011
  Batch [1770/34966] - Loss: 0.1008
  Batch [1780/34966] - Loss: 0.1006
  Batch [1790/34966] - Loss: 0.1004
  Batch [1800/34966] - Loss: 0.1005
  Batch [1810/34966] - Loss: 0.1005
  Batch [1820/34966] - Loss: 0.1006
  Batch [1830/34966] - Loss: 0.1006
  Batch [1840/34966] - Loss: 0.1007
  Batch [1850/34966] - Loss: 0.1007
  Batch [1860/34966] - Loss: 0.1007
  Batch [1870/34966] - Loss: 0.1009
  Batch [1880/34966] - Loss: 0.1009
  Batch [1890/34966] - Loss: 0.1009
  Batch [1900/34966] - Loss: 0.1007
  Batch [1910/34966] - Loss: 0.1008
  Batch [1920/34966] - Loss: 0.1008
  Batch [1930/34966] - Loss: 0.1007
  Batch [1940/34966] - Loss: 0.1007
  Batch [1950/34966] - Loss: 0.1006
  Batch [1960/34966] - Loss: 0.1006
  Batch [1970/34966] - Loss: 0.1005
  Batch [1980/34966] - Loss: 0.1004
  Batch [1990/34966] - Loss: 0.1004
  Batch [2000/34966] - Loss: 0.1002
  Batch [2010/34966] - Loss: 0.1001
  Batch [2020/34966] - Loss: 0.1001
  Batch [2030/34966] - Loss: 0.1001
  Batch [2040/34966] - Loss: 0.1001
  Batch [2050/34966] - Loss: 0.1002
  Batch [2060/34966] - Loss: 0.1001
  Batch [2070/34966] - Loss: 0.1001
  Batch [2080/34966] - Loss: 0.1002
  Batch [2090/34966] - Loss: 0.1001
  Batch [2100/34966] - Loss: 0.1001
  Batch [2110/34966] - Loss: 0.1001
  Batch [2120/34966] - Loss: 0.1001
  Batch [2130/34966] - Loss: 0.1002
  Batch [2140/34966] - Loss: 0.1002
  Batch [2150/34966] - Loss: 0.1001
  Batch [2160/34966] - Loss: 0.1001
  Batch [2170/34966] - Loss: 0.1002
  Batch [2180/34966] - Loss: 0.1001
  Batch [2190/34966] - Loss: 0.1000
  Batch [2200/34966] - Loss: 0.0999
  Batch [2210/34966] - Loss: 0.1000
  Batch [2220/34966] - Loss: 0.0999
  Batch [2230/34966] - Loss: 0.1000
  Batch [2240/34966] - Loss: 0.1001
  Batch [2250/34966] - Loss: 0.1000
  Batch [2260/34966] - Loss: 0.1001
  Batch [2270/34966] - Loss: 0.1002
  Batch [2280/34966] - Loss: 0.1001
  Batch [2290/34966] - Loss: 0.1001
  Batch [2300/34966] - Loss: 0.1001
  Batch [2310/34966] - Loss: 0.1003
  Batch [2320/34966] - Loss: 0.1003
  Batch [2330/34966] - Loss: 0.1002
  Batch [2340/34966] - Loss: 0.1002
  Batch [2350/34966] - Loss: 0.1002
  Batch [2360/34966] - Loss: 0.1002
  Batch [2370/34966] - Loss: 0.1002
  Batch [2380/34966] - Loss: 0.1003
  Batch [2390/34966] - Loss: 0.1002
  Batch [2400/34966] - Loss: 0.1002
  Batch [2410/34966] - Loss: 0.1002
  Batch [2420/34966] - Loss: 0.1001
  Batch [2430/34966] - Loss: 0.1002
  Batch [2440/34966] - Loss: 0.1003
  Batch [2450/34966] - Loss: 0.1003
  Batch [2460/34966] - Loss: 0.1004
  Batch [2470/34966] - Loss: 0.1003
  Batch [2480/34966] - Loss: 0.1004
  Batch [2490/34966] - Loss: 0.1005
  Batch [2500/34966] - Loss: 0.1006
  Batch [2510/34966] - Loss: 0.1007
  Batch [2520/34966] - Loss: 0.1006
  Batch [2530/34966] - Loss: 0.1006
  Batch [2540/34966] - Loss: 0.1006
  Batch [2550/34966] - Loss: 0.1005
  Batch [2560/34966] - Loss: 0.1003
  Batch [2570/34966] - Loss: 0.1002
  Batch [2580/34966] - Loss: 0.1003
  Batch [2590/34966] - Loss: 0.1002
  Batch [2600/34966] - Loss: 0.1002
  Batch [2610/34966] - Loss: 0.1003
  Batch [2620/34966] - Loss: 0.1003
  Batch [2630/34966] - Loss: 0.1005
  Batch [2640/34966] - Loss: 0.1004
  Batch [2650/34966] - Loss: 0.1003
  Batch [2660/34966] - Loss: 0.1002
  Batch [2670/34966] - Loss: 0.1003
  Batch [2680/34966] - Loss: 0.1003
  Batch [2690/34966] - Loss: 0.1004
  Batch [2700/34966] - Loss: 0.1004
  Batch [2710/34966] - Loss: 0.1005
  Batch [2720/34966] - Loss: 0.1003
  Batch [2730/34966] - Loss: 0.1003
  Batch [2740/34966] - Loss: 0.1002
  Batch [2750/34966] - Loss: 0.1003
  Batch [2760/34966] - Loss: 0.1003
  Batch [2770/34966] - Loss: 0.1005
  Batch [2780/34966] - Loss: 0.1004
  Batch [2790/34966] - Loss: 0.1005
  Batch [2800/34966] - Loss: 0.1005
  Batch [2810/34966] - Loss: 0.1005
  Batch [2820/34966] - Loss: 0.1004
  Batch [2830/34966] - Loss: 0.1003
  Batch [2840/34966] - Loss: 0.1002
  Batch [2850/34966] - Loss: 0.1002
  Batch [2860/34966] - Loss: 0.1002
  Batch [2870/34966] - Loss: 0.1001
  Batch [2880/34966] - Loss: 0.1003
  Batch [2890/34966] - Loss: 0.1003
  Batch [2900/34966] - Loss: 0.1004
  Batch [2910/34966] - Loss: 0.1003
  Batch [2920/34966] - Loss: 0.1002
  Batch [2930/34966] - Loss: 0.1002
  Batch [2940/34966] - Loss: 0.1002
  Batch [2950/34966] - Loss: 0.1003
  Batch [2960/34966] - Loss: 0.1004
  Batch [2970/34966] - Loss: 0.1004
  Batch [2980/34966] - Loss: 0.1004
  Batch [2990/34966] - Loss: 0.1004
  Batch [3000/34966] - Loss: 0.1004
  Batch [3010/34966] - Loss: 0.1003
  Batch [3020/34966] - Loss: 0.1003
  Batch [3030/34966] - Loss: 0.1003
  Batch [3040/34966] - Loss: 0.1002
  Batch [3050/34966] - Loss: 0.1002
  Batch [3060/34966] - Loss: 0.1002
  Batch [3070/34966] - Loss: 0.1002
  Batch [3080/34966] - Loss: 0.1002
  Batch [3090/34966] - Loss: 0.1002
  Batch [3100/34966] - Loss: 0.1003
  Batch [3110/34966] - Loss: 0.1003
  Batch [3120/34966] - Loss: 0.1003
  Batch [3130/34966] - Loss: 0.1002
  Batch [3140/34966] - Loss: 0.1003
  Batch [3150/34966] - Loss: 0.1003
  Batch [3160/34966] - Loss: 0.1002
  Batch [3170/34966] - Loss: 0.1002
  Batch [3180/34966] - Loss: 0.1003
  Batch [3190/34966] - Loss: 0.1004
  Batch [3200/34966] - Loss: 0.1003
  Batch [3210/34966] - Loss: 0.1003
  Batch [3220/34966] - Loss: 0.1003
  Batch [3230/34966] - Loss: 0.1003
  Batch [3240/34966] - Loss: 0.1002
  Batch [3250/34966] - Loss: 0.1002
  Batch [3260/34966] - Loss: 0.1003
  Batch [3270/34966] - Loss: 0.1003
  Batch [3280/34966] - Loss: 0.1003
  Batch [3290/34966] - Loss: 0.1002
  Batch [3300/34966] - Loss: 0.1002
  Batch [3310/34966] - Loss: 0.1003
  Batch [3320/34966] - Loss: 0.1002
  Batch [3330/34966] - Loss: 0.1001
  Batch [3340/34966] - Loss: 0.1001
  Batch [3350/34966] - Loss: 0.1001
  Batch [3360/34966] - Loss: 0.1002
  Batch [3370/34966] - Loss: 0.1002
  Batch [3380/34966] - Loss: 0.1002
  Batch [3390/34966] - Loss: 0.1003
  Batch [3400/34966] - Loss: 0.1003
  Batch [3410/34966] - Loss: 0.1003
  Batch [3420/34966] - Loss: 0.1003
  Batch [3430/34966] - Loss: 0.1003
  Batch [3440/34966] - Loss: 0.1003
  Batch [3450/34966] - Loss: 0.1004
  Batch [3460/34966] - Loss: 0.1005
  Batch [3470/34966] - Loss: 0.1005
  Batch [3480/34966] - Loss: 0.1005
  Batch [3490/34966] - Loss: 0.1004
  Batch [3500/34966] - Loss: 0.1004
  Batch [3510/34966] - Loss: 0.1004
  Batch [3520/34966] - Loss: 0.1004
  Batch [3530/34966] - Loss: 0.1004
  Batch [3540/34966] - Loss: 0.1004
  Batch [3550/34966] - Loss: 0.1003
  Batch [3560/34966] - Loss: 0.1004
  Batch [3570/34966] - Loss: 0.1003
  Batch [3580/34966] - Loss: 0.1003
  Batch [3590/34966] - Loss: 0.1003
  Batch [3600/34966] - Loss: 0.1002
  Batch [3610/34966] - Loss: 0.1001
  Batch [3620/34966] - Loss: 0.1002
  Batch [3630/34966] - Loss: 0.1003
  Batch [3640/34966] - Loss: 0.1004
  Batch [3650/34966] - Loss: 0.1003
  Batch [3660/34966] - Loss: 0.1004
  Batch [3670/34966] - Loss: 0.1003
  Batch [3680/34966] - Loss: 0.1003
  Batch [3690/34966] - Loss: 0.1002
  Batch [3700/34966] - Loss: 0.1002
  Batch [3710/34966] - Loss: 0.1003
  Batch [3720/34966] - Loss: 0.1002
  Batch [3730/34966] - Loss: 0.1003
  Batch [3740/34966] - Loss: 0.1003
  Batch [3750/34966] - Loss: 0.1002
  Batch [3760/34966] - Loss: 0.1003
  Batch [3770/34966] - Loss: 0.1002
  Batch [3780/34966] - Loss: 0.1002
  Batch [3790/34966] - Loss: 0.1002
  Batch [3800/34966] - Loss: 0.1002
  Batch [3810/34966] - Loss: 0.1002
  Batch [3820/34966] - Loss: 0.1001
  Batch [3830/34966] - Loss: 0.1002
  Batch [3840/34966] - Loss: 0.1003
  Batch [3850/34966] - Loss: 0.1002
  Batch [3860/34966] - Loss: 0.1003
  Batch [3870/34966] - Loss: 0.1003
  Batch [3880/34966] - Loss: 0.1002
  Batch [3890/34966] - Loss: 0.1002
  Batch [3900/34966] - Loss: 0.1002
  Batch [3910/34966] - Loss: 0.1001
  Batch [3920/34966] - Loss: 0.1001
  Batch [3930/34966] - Loss: 0.1001
  Batch [3940/34966] - Loss: 0.1002
  Batch [3950/34966] - Loss: 0.1002
  Batch [3960/34966] - Loss: 0.1003
  Batch [3970/34966] - Loss: 0.1003
  Batch [3980/34966] - Loss: 0.1002
  Batch [3990/34966] - Loss: 0.1002
  Batch [4000/34966] - Loss: 0.1002
  Batch [4010/34966] - Loss: 0.1002
  Batch [4020/34966] - Loss: 0.1002
  Batch [4030/34966] - Loss: 0.1001
  Batch [4040/34966] - Loss: 0.1001
  Batch [4050/34966] - Loss: 0.1001
  Batch [4060/34966] - Loss: 0.1002
  Batch [4070/34966] - Loss: 0.1002
  Batch [4080/34966] - Loss: 0.1003
  Batch [4090/34966] - Loss: 0.1004
  Batch [4100/34966] - Loss: 0.1004
  Batch [4110/34966] - Loss: 0.1004
  Batch [4120/34966] - Loss: 0.1004
  Batch [4130/34966] - Loss: 0.1004
  Batch [4140/34966] - Loss: 0.1003
  Batch [4150/34966] - Loss: 0.1003
  Batch [4160/34966] - Loss: 0.1003
  Batch [4170/34966] - Loss: 0.1003
  Batch [4180/34966] - Loss: 0.1003
  Batch [4190/34966] - Loss: 0.1003
  Batch [4200/34966] - Loss: 0.1002
  Batch [4210/34966] - Loss: 0.1002
  Batch [4220/34966] - Loss: 0.1002
  Batch [4230/34966] - Loss: 0.1002
  Batch [4240/34966] - Loss: 0.1002
  Batch [4250/34966] - Loss: 0.1001
  Batch [4260/34966] - Loss: 0.1001
  Batch [4270/34966] - Loss: 0.1001
  Batch [4280/34966] - Loss: 0.1001
  Batch [4290/34966] - Loss: 0.1002
  Batch [4300/34966] - Loss: 0.1001
  Batch [4310/34966] - Loss: 0.1002
  Batch [4320/34966] - Loss: 0.1001
  Batch [4330/34966] - Loss: 0.1002
  Batch [4340/34966] - Loss: 0.1002
  Batch [4350/34966] - Loss: 0.1002
  Batch [4360/34966] - Loss: 0.1002
  Batch [4370/34966] - Loss: 0.1002
  Batch [4380/34966] - Loss: 0.1002
  Batch [4390/34966] - Loss: 0.1002
  Batch [4400/34966] - Loss: 0.1002
  Batch [4410/34966] - Loss: 0.1002
  Batch [4420/34966] - Loss: 0.1001
  Batch [4430/34966] - Loss: 0.1001
  Batch [4440/34966] - Loss: 0.1002
  Batch [4450/34966] - Loss: 0.1001
  Batch [4460/34966] - Loss: 0.1001
  Batch [4470/34966] - Loss: 0.1001
  Batch [4480/34966] - Loss: 0.1000
  Batch [4490/34966] - Loss: 0.1000
  Batch [4500/34966] - Loss: 0.1000
  Batch [4510/34966] - Loss: 0.1000
  Batch [4520/34966] - Loss: 0.1000
  Batch [4530/34966] - Loss: 0.1000
  Batch [4540/34966] - Loss: 0.0999
  Batch [4550/34966] - Loss: 0.0999
  Batch [4560/34966] - Loss: 0.0998
  Batch [4570/34966] - Loss: 0.0999
  Batch [4580/34966] - Loss: 0.0998
  Batch [4590/34966] - Loss: 0.0998
  Batch [4600/34966] - Loss: 0.0998
  Batch [4610/34966] - Loss: 0.0998
  Batch [4620/34966] - Loss: 0.0998
  Batch [4630/34966] - Loss: 0.0997
  Batch [4640/34966] - Loss: 0.0997
  Batch [4650/34966] - Loss: 0.0997
  Batch [4660/34966] - Loss: 0.0997
  Batch [4670/34966] - Loss: 0.0996
  Batch [4680/34966] - Loss: 0.0996
  Batch [4690/34966] - Loss: 0.0996
  Batch [4700/34966] - Loss: 0.0996
  Batch [4710/34966] - Loss: 0.0996
  Batch [4720/34966] - Loss: 0.0996
  Batch [4730/34966] - Loss: 0.0995
  Batch [4740/34966] - Loss: 0.0995
  Batch [4750/34966] - Loss: 0.0995
  Batch [4760/34966] - Loss: 0.0996
  Batch [4770/34966] - Loss: 0.0996
  Batch [4780/34966] - Loss: 0.0996
  Batch [4790/34966] - Loss: 0.0996
  Batch [4800/34966] - Loss: 0.0996
  Batch [4810/34966] - Loss: 0.0996
  Batch [4820/34966] - Loss: 0.0996
  Batch [4830/34966] - Loss: 0.0996
  Batch [4840/34966] - Loss: 0.0996
  Batch [4850/34966] - Loss: 0.0997
  Batch [4860/34966] - Loss: 0.0997
  Batch [4870/34966] - Loss: 0.0997
  Batch [4880/34966] - Loss: 0.0997
  Batch [4890/34966] - Loss: 0.0997
  Batch [4900/34966] - Loss: 0.0997
  Batch [4910/34966] - Loss: 0.0997
  Batch [4920/34966] - Loss: 0.0997
  Batch [4930/34966] - Loss: 0.0997
  Batch [4940/34966] - Loss: 0.0997
  Batch [4950/34966] - Loss: 0.0998
  Batch [4960/34966] - Loss: 0.0998
  Batch [4970/34966] - Loss: 0.0997
  Batch [4980/34966] - Loss: 0.0997
  Batch [4990/34966] - Loss: 0.0997
  Batch [5000/34966] - Loss: 0.0997
  Batch [5010/34966] - Loss: 0.0998
  Batch [5020/34966] - Loss: 0.0998
  Batch [5030/34966] - Loss: 0.0998
  Batch [5040/34966] - Loss: 0.0998
  Batch [5050/34966] - Loss: 0.0998
  Batch [5060/34966] - Loss: 0.0998
  Batch [5070/34966] - Loss: 0.0999
  Batch [5080/34966] - Loss: 0.0998
  Batch [5090/34966] - Loss: 0.0998
  Batch [5100/34966] - Loss: 0.0999
  Batch [5110/34966] - Loss: 0.0999
  Batch [5120/34966] - Loss: 0.0999
  Batch [5130/34966] - Loss: 0.0999
  Batch [5140/34966] - Loss: 0.0999
  Batch [5150/34966] - Loss: 0.0999
  Batch [5160/34966] - Loss: 0.0999
  Batch [5170/34966] - Loss: 0.0999
  Batch [5180/34966] - Loss: 0.1000
  Batch [5190/34966] - Loss: 0.1000
  Batch [5200/34966] - Loss: 0.1000
  Batch [5210/34966] - Loss: 0.0999
  Batch [5220/34966] - Loss: 0.0999
  Batch [5230/34966] - Loss: 0.0999
  Batch [5240/34966] - Loss: 0.0999
  Batch [5250/34966] - Loss: 0.0999
  Batch [5260/34966] - Loss: 0.1000
  Batch [5270/34966] - Loss: 0.1000
  Batch [5280/34966] - Loss: 0.1000
  Batch [5290/34966] - Loss: 0.1000
  Batch [5300/34966] - Loss: 0.1000
  Batch [5310/34966] - Loss: 0.1000
  Batch [5320/34966] - Loss: 0.0999
  Batch [5330/34966] - Loss: 0.0999
  Batch [5340/34966] - Loss: 0.0998
  Batch [5350/34966] - Loss: 0.0998
  Batch [5360/34966] - Loss: 0.0998
  Batch [5370/34966] - Loss: 0.0998
  Batch [5380/34966] - Loss: 0.0999
  Batch [5390/34966] - Loss: 0.0998
  Batch [5400/34966] - Loss: 0.0998
  Batch [5410/34966] - Loss: 0.0997
  Batch [5420/34966] - Loss: 0.0997
  Batch [5430/34966] - Loss: 0.0998
  Batch [5440/34966] - Loss: 0.0998
  Batch [5450/34966] - Loss: 0.0998
  Batch [5460/34966] - Loss: 0.0999
  Batch [5470/34966] - Loss: 0.0999
  Batch [5480/34966] - Loss: 0.1000
  Batch [5490/34966] - Loss: 0.1000
  Batch [5500/34966] - Loss: 0.0999
  Batch [5510/34966] - Loss: 0.0999
  Batch [5520/34966] - Loss: 0.0999
  Batch [5530/34966] - Loss: 0.0998
  Batch [5540/34966] - Loss: 0.0998
  Batch [5550/34966] - Loss: 0.0998
  Batch [5560/34966] - Loss: 0.0999
  Batch [5570/34966] - Loss: 0.0999
  Batch [5580/34966] - Loss: 0.0998
  Batch [5590/34966] - Loss: 0.0999
  Batch [5600/34966] - Loss: 0.0999
  Batch [5610/34966] - Loss: 0.0999
  Batch [5620/34966] - Loss: 0.0999
  Batch [5630/34966] - Loss: 0.0998
  Batch [5640/34966] - Loss: 0.0998
  Batch [5650/34966] - Loss: 0.0999
  Batch [5660/34966] - Loss: 0.0999
  Batch [5670/34966] - Loss: 0.0998
  Batch [5680/34966] - Loss: 0.0998
  Batch [5690/34966] - Loss: 0.0998
  Batch [5700/34966] - Loss: 0.0998
  Batch [5710/34966] - Loss: 0.0997
  Batch [5720/34966] - Loss: 0.0998
  Batch [5730/34966] - Loss: 0.0998
  Batch [5740/34966] - Loss: 0.0998
  Batch [5750/34966] - Loss: 0.0998
  Batch [5760/34966] - Loss: 0.0998
  Batch [5770/34966] - Loss: 0.0998
  Batch [5780/34966] - Loss: 0.0998
  Batch [5790/34966] - Loss: 0.0998
  Batch [5800/34966] - Loss: 0.0998
  Batch [5810/34966] - Loss: 0.0998
  Batch [5820/34966] - Loss: 0.0999
  Batch [5830/34966] - Loss: 0.0999
  Batch [5840/34966] - Loss: 0.0998
  Batch [5850/34966] - Loss: 0.0999
  Batch [5860/34966] - Loss: 0.0999
  Batch [5870/34966] - Loss: 0.0998
  Batch [5880/34966] - Loss: 0.0998
  Batch [5890/34966] - Loss: 0.0999
  Batch [5900/34966] - Loss: 0.0999
  Batch [5910/34966] - Loss: 0.0999
  Batch [5920/34966] - Loss: 0.0998
  Batch [5930/34966] - Loss: 0.0998
  Batch [5940/34966] - Loss: 0.0998
  Batch [5950/34966] - Loss: 0.0998
  Batch [5960/34966] - Loss: 0.0999
  Batch [5970/34966] - Loss: 0.0999
  Batch [5980/34966] - Loss: 0.0999
  Batch [5990/34966] - Loss: 0.0999
  Batch [6000/34966] - Loss: 0.0999
  Batch [6010/34966] - Loss: 0.0999
  Batch [6020/34966] - Loss: 0.0998
  Batch [6030/34966] - Loss: 0.0998
  Batch [6040/34966] - Loss: 0.0998
  Batch [6050/34966] - Loss: 0.0998
  Batch [6060/34966] - Loss: 0.0997
  Batch [6070/34966] - Loss: 0.0997
  Batch [6080/34966] - Loss: 0.0997
  Batch [6090/34966] - Loss: 0.0997
  Batch [6100/34966] - Loss: 0.0996
  Batch [6110/34966] - Loss: 0.0996
  Batch [6120/34966] - Loss: 0.0997
  Batch [6130/34966] - Loss: 0.0997
  Batch [6140/34966] - Loss: 0.0997
  Batch [6150/34966] - Loss: 0.0997
  Batch [6160/34966] - Loss: 0.0996
  Batch [6170/34966] - Loss: 0.0996
  Batch [6180/34966] - Loss: 0.0997
  Batch [6190/34966] - Loss: 0.0996
  Batch [6200/34966] - Loss: 0.0996
  Batch [6210/34966] - Loss: 0.0996
  Batch [6220/34966] - Loss: 0.0996
  Batch [6230/34966] - Loss: 0.0997
  Batch [6240/34966] - Loss: 0.0996
  Batch [6250/34966] - Loss: 0.0997
  Batch [6260/34966] - Loss: 0.0997
  Batch [6270/34966] - Loss: 0.0997
  Batch [6280/34966] - Loss: 0.0997
  Batch [6290/34966] - Loss: 0.0997
  Batch [6300/34966] - Loss: 0.0997
  Batch [6310/34966] - Loss: 0.0997
  Batch [6320/34966] - Loss: 0.0997
  Batch [6330/34966] - Loss: 0.0997
  Batch [6340/34966] - Loss: 0.0998
  Batch [6350/34966] - Loss: 0.0998
  Batch [6360/34966] - Loss: 0.0999
  Batch [6370/34966] - Loss: 0.0999
  Batch [6380/34966] - Loss: 0.0999
  Batch [6390/34966] - Loss: 0.0998
  Batch [6400/34966] - Loss: 0.0999
  Batch [6410/34966] - Loss: 0.0999
  Batch [6420/34966] - Loss: 0.0999
  Batch [6430/34966] - Loss: 0.1000
  Batch [6440/34966] - Loss: 0.0999
  Batch [6450/34966] - Loss: 0.0999
  Batch [6460/34966] - Loss: 0.0999
  Batch [6470/34966] - Loss: 0.0999
  Batch [6480/34966] - Loss: 0.0999
  Batch [6490/34966] - Loss: 0.1000
  Batch [6500/34966] - Loss: 0.0999
  Batch [6510/34966] - Loss: 0.0999
  Batch [6520/34966] - Loss: 0.0999
  Batch [6530/34966] - Loss: 0.0999
  Batch [6540/34966] - Loss: 0.0999
  Batch [6550/34966] - Loss: 0.0999
  Batch [6560/34966] - Loss: 0.0999
  Batch [6570/34966] - Loss: 0.0999
  Batch [6580/34966] - Loss: 0.0999
  Batch [6590/34966] - Loss: 0.0999
  Batch [6600/34966] - Loss: 0.0999
  Batch [6610/34966] - Loss: 0.0999
  Batch [6620/34966] - Loss: 0.0998
  Batch [6630/34966] - Loss: 0.0999
  Batch [6640/34966] - Loss: 0.0998
  Batch [6650/34966] - Loss: 0.0999
  Batch [6660/34966] - Loss: 0.0998
  Batch [6670/34966] - Loss: 0.0998
  Batch [6680/34966] - Loss: 0.0998
  Batch [6690/34966] - Loss: 0.0997
  Batch [6700/34966] - Loss: 0.0997
  Batch [6710/34966] - Loss: 0.0997
  Batch [6720/34966] - Loss: 0.0997
  Batch [6730/34966] - Loss: 0.0997
  Batch [6740/34966] - Loss: 0.0998
  Batch [6750/34966] - Loss: 0.0997
  Batch [6760/34966] - Loss: 0.0998
  Batch [6770/34966] - Loss: 0.0998
  Batch [6780/34966] - Loss: 0.0998
  Batch [6790/34966] - Loss: 0.0998
  Batch [6800/34966] - Loss: 0.0999
  Batch [6810/34966] - Loss: 0.1000
  Batch [6820/34966] - Loss: 0.1000
  Batch [6830/34966] - Loss: 0.0999
  Batch [6840/34966] - Loss: 0.0999
  Batch [6850/34966] - Loss: 0.0999
  Batch [6860/34966] - Loss: 0.0999
  Batch [6870/34966] - Loss: 0.0999
  Batch [6880/34966] - Loss: 0.0999
  Batch [6890/34966] - Loss: 0.0999
  Batch [6900/34966] - Loss: 0.0999
  Batch [6910/34966] - Loss: 0.0999
  Batch [6920/34966] - Loss: 0.0998
  Batch [6930/34966] - Loss: 0.0998
  Batch [6940/34966] - Loss: 0.0998
  Batch [6950/34966] - Loss: 0.0997
  Batch [6960/34966] - Loss: 0.0997
  Batch [6970/34966] - Loss: 0.0997
  Batch [6980/34966] - Loss: 0.0997
  Batch [6990/34966] - Loss: 0.0997
  Batch [7000/34966] - Loss: 0.0997
  Batch [7010/34966] - Loss: 0.0997
  Batch [7020/34966] - Loss: 0.0997
  Batch [7030/34966] - Loss: 0.0997
  Batch [7040/34966] - Loss: 0.0998
  Batch [7050/34966] - Loss: 0.0997
  Batch [7060/34966] - Loss: 0.0998
  Batch [7070/34966] - Loss: 0.0998
  Batch [7080/34966] - Loss: 0.0997
  Batch [7090/34966] - Loss: 0.0997
  Batch [7100/34966] - Loss: 0.0997
  Batch [7110/34966] - Loss: 0.0997
  Batch [7120/34966] - Loss: 0.0997
  Batch [7130/34966] - Loss: 0.0997
  Batch [7140/34966] - Loss: 0.0997
  Batch [7150/34966] - Loss: 0.0997
  Batch [7160/34966] - Loss: 0.0997
  Batch [7170/34966] - Loss: 0.0997
  Batch [7180/34966] - Loss: 0.0997
  Batch [7190/34966] - Loss: 0.0997
  Batch [7200/34966] - Loss: 0.0997
  Batch [7210/34966] - Loss: 0.0997
  Batch [7220/34966] - Loss: 0.0997
  Batch [7230/34966] - Loss: 0.0997
  Batch [7240/34966] - Loss: 0.0997
  Batch [7250/34966] - Loss: 0.0997
  Batch [7260/34966] - Loss: 0.0997
  Batch [7270/34966] - Loss: 0.0998
  Batch [7280/34966] - Loss: 0.0998
  Batch [7290/34966] - Loss: 0.0998
  Batch [7300/34966] - Loss: 0.0999
  Batch [7310/34966] - Loss: 0.0998
  Batch [7320/34966] - Loss: 0.0999
  Batch [7330/34966] - Loss: 0.1000
  Batch [7340/34966] - Loss: 0.1000
  Batch [7350/34966] - Loss: 0.1000
  Batch [7360/34966] - Loss: 0.1000
  Batch [7370/34966] - Loss: 0.1000
  Batch [7380/34966] - Loss: 0.1000
  Batch [7390/34966] - Loss: 0.1000
  Batch [7400/34966] - Loss: 0.1000
  Batch [7410/34966] - Loss: 0.1000
  Batch [7420/34966] - Loss: 0.1000
  Batch [7430/34966] - Loss: 0.0999
  Batch [7440/34966] - Loss: 0.0999
  Batch [7450/34966] - Loss: 0.0999
  Batch [7460/34966] - Loss: 0.0999
  Batch [7470/34966] - Loss: 0.0999
  Batch [7480/34966] - Loss: 0.0999
  Batch [7490/34966] - Loss: 0.0999
  Batch [7500/34966] - Loss: 0.0999
  Batch [7510/34966] - Loss: 0.0999
  Batch [7520/34966] - Loss: 0.0998
  Batch [7530/34966] - Loss: 0.0998
  Batch [7540/34966] - Loss: 0.0999
  Batch [7550/34966] - Loss: 0.0999
  Batch [7560/34966] - Loss: 0.0999
  Batch [7570/34966] - Loss: 0.0999
  Batch [7580/34966] - Loss: 0.1000
  Batch [7590/34966] - Loss: 0.1000
  Batch [7600/34966] - Loss: 0.1000
  Batch [7610/34966] - Loss: 0.1000
  Batch [7620/34966] - Loss: 0.1000
  Batch [7630/34966] - Loss: 0.1000
  Batch [7640/34966] - Loss: 0.1000
  Batch [7650/34966] - Loss: 0.1000
  Batch [7660/34966] - Loss: 0.1001
  Batch [7670/34966] - Loss: 0.1001
  Batch [7680/34966] - Loss: 0.1000
  Batch [7690/34966] - Loss: 0.1001
  Batch [7700/34966] - Loss: 0.1001
  Batch [7710/34966] - Loss: 0.1000
  Batch [7720/34966] - Loss: 0.1000
  Batch [7730/34966] - Loss: 0.1000
  Batch [7740/34966] - Loss: 0.1001
  Batch [7750/34966] - Loss: 0.1001
  Batch [7760/34966] - Loss: 0.1001
  Batch [7770/34966] - Loss: 0.1001
  Batch [7780/34966] - Loss: 0.1000
  Batch [7790/34966] - Loss: 0.1000
  Batch [7800/34966] - Loss: 0.1000
  Batch [7810/34966] - Loss: 0.1000
  Batch [7820/34966] - Loss: 0.1000
  Batch [7830/34966] - Loss: 0.1000
  Batch [7840/34966] - Loss: 0.1000
  Batch [7850/34966] - Loss: 0.1000
  Batch [7860/34966] - Loss: 0.1000
  Batch [7870/34966] - Loss: 0.1000
  Batch [7880/34966] - Loss: 0.1000
  Batch [7890/34966] - Loss: 0.1000
  Batch [7900/34966] - Loss: 0.1000
  Batch [7910/34966] - Loss: 0.1000
  Batch [7920/34966] - Loss: 0.1000
  Batch [7930/34966] - Loss: 0.1000
  Batch [7940/34966] - Loss: 0.1000
  Batch [7950/34966] - Loss: 0.1000
  Batch [7960/34966] - Loss: 0.1000
  Batch [7970/34966] - Loss: 0.1000
  Batch [7980/34966] - Loss: 0.1000
  Batch [7990/34966] - Loss: 0.1000
  Batch [8000/34966] - Loss: 0.1000
  Batch [8010/34966] - Loss: 0.1001
  Batch [8020/34966] - Loss: 0.1001
  Batch [8030/34966] - Loss: 0.1001
  Batch [8040/34966] - Loss: 0.1001
  Batch [8050/34966] - Loss: 0.1001
  Batch [8060/34966] - Loss: 0.1000
  Batch [8070/34966] - Loss: 0.1000
  Batch [8080/34966] - Loss: 0.1001
  Batch [8090/34966] - Loss: 0.1001
  Batch [8100/34966] - Loss: 0.1001
  Batch [8110/34966] - Loss: 0.1001
  Batch [8120/34966] - Loss: 0.1001
  Batch [8130/34966] - Loss: 0.1001
  Batch [8140/34966] - Loss: 0.1001
  Batch [8150/34966] - Loss: 0.1001
  Batch [8160/34966] - Loss: 0.1001
  Batch [8170/34966] - Loss: 0.1001
  Batch [8180/34966] - Loss: 0.1002
  Batch [8190/34966] - Loss: 0.1002
  Batch [8200/34966] - Loss: 0.1002
  Batch [8210/34966] - Loss: 0.1002
  Batch [8220/34966] - Loss: 0.1002
  Batch [8230/34966] - Loss: 0.1001
  Batch [8240/34966] - Loss: 0.1001
  Batch [8250/34966] - Loss: 0.1001
  Batch [8260/34966] - Loss: 0.1001
  Batch [8270/34966] - Loss: 0.1002
  Batch [8280/34966] - Loss: 0.1002
  Batch [8290/34966] - Loss: 0.1002
  Batch [8300/34966] - Loss: 0.1002
  Batch [8310/34966] - Loss: 0.1002
  Batch [8320/34966] - Loss: 0.1001
  Batch [8330/34966] - Loss: 0.1001
  Batch [8340/34966] - Loss: 0.1002
  Batch [8350/34966] - Loss: 0.1002
  Batch [8360/34966] - Loss: 0.1001
  Batch [8370/34966] - Loss: 0.1002
  Batch [8380/34966] - Loss: 0.1002
  Batch [8390/34966] - Loss: 0.1002
  Batch [8400/34966] - Loss: 0.1002
  Batch [8410/34966] - Loss: 0.1001
  Batch [8420/34966] - Loss: 0.1001
  Batch [8430/34966] - Loss: 0.1001
  Batch [8440/34966] - Loss: 0.1001
  Batch [8450/34966] - Loss: 0.1001
  Batch [8460/34966] - Loss: 0.1001
  Batch [8470/34966] - Loss: 0.1001
  Batch [8480/34966] - Loss: 0.1002
  Batch [8490/34966] - Loss: 0.1001
  Batch [8500/34966] - Loss: 0.1001
  Batch [8510/34966] - Loss: 0.1001
  Batch [8520/34966] - Loss: 0.1001
  Batch [8530/34966] - Loss: 0.1001
  Batch [8540/34966] - Loss: 0.1001
  Batch [8550/34966] - Loss: 0.1001
  Batch [8560/34966] - Loss: 0.1001
  Batch [8570/34966] - Loss: 0.1001
  Batch [8580/34966] - Loss: 0.1001
  Batch [8590/34966] - Loss: 0.1001
  Batch [8600/34966] - Loss: 0.1001
  Batch [8610/34966] - Loss: 0.1001
  Batch [8620/34966] - Loss: 0.1001
  Batch [8630/34966] - Loss: 0.1001
  Batch [8640/34966] - Loss: 0.1001
  Batch [8650/34966] - Loss: 0.1001
  Batch [8660/34966] - Loss: 0.1001
  Batch [8670/34966] - Loss: 0.1002
  Batch [8680/34966] - Loss: 0.1002
  Batch [8690/34966] - Loss: 0.1002
  Batch [8700/34966] - Loss: 0.1002
  Batch [8710/34966] - Loss: 0.1002
  Batch [8720/34966] - Loss: 0.1002
  Batch [8730/34966] - Loss: 0.1002
  Batch [8740/34966] - Loss: 0.1002
  Batch [8750/34966] - Loss: 0.1002
  Batch [8760/34966] - Loss: 0.1001
  Batch [8770/34966] - Loss: 0.1001
  Batch [8780/34966] - Loss: 0.1001
  Batch [8790/34966] - Loss: 0.1001
  Batch [8800/34966] - Loss: 0.1002
  Batch [8810/34966] - Loss: 0.1002
  Batch [8820/34966] - Loss: 0.1002
  Batch [8830/34966] - Loss: 0.1002
  Batch [8840/34966] - Loss: 0.1002
  Batch [8850/34966] - Loss: 0.1002
  Batch [8860/34966] - Loss: 0.1002
  Batch [8870/34966] - Loss: 0.1002
  Batch [8880/34966] - Loss: 0.1002
  Batch [8890/34966] - Loss: 0.1002
  Batch [8900/34966] - Loss: 0.1002
  Batch [8910/34966] - Loss: 0.1002
  Batch [8920/34966] - Loss: 0.1002
  Batch [8930/34966] - Loss: 0.1002
  Batch [8940/34966] - Loss: 0.1003
  Batch [8950/34966] - Loss: 0.1003
  Batch [8960/34966] - Loss: 0.1003
  Batch [8970/34966] - Loss: 0.1003
  Batch [8980/34966] - Loss: 0.1003
  Batch [8990/34966] - Loss: 0.1003
  Batch [9000/34966] - Loss: 0.1003
  Batch [9010/34966] - Loss: 0.1003
  Batch [9020/34966] - Loss: 0.1003
  Batch [9030/34966] - Loss: 0.1003
  Batch [9040/34966] - Loss: 0.1003
  Batch [9050/34966] - Loss: 0.1003
  Batch [9060/34966] - Loss: 0.1003
  Batch [9070/34966] - Loss: 0.1003
  Batch [9080/34966] - Loss: 0.1002
  Batch [9090/34966] - Loss: 0.1002
  Batch [9100/34966] - Loss: 0.1002
  Batch [9110/34966] - Loss: 0.1003
  Batch [9120/34966] - Loss: 0.1004
  Batch [9130/34966] - Loss: 0.1003
  Batch [9140/34966] - Loss: 0.1003
  Batch [9150/34966] - Loss: 0.1004
  Batch [9160/34966] - Loss: 0.1004
  Batch [9170/34966] - Loss: 0.1003
  Batch [9180/34966] - Loss: 0.1003
  Batch [9190/34966] - Loss: 0.1003
  Batch [9200/34966] - Loss: 0.1003
  Batch [9210/34966] - Loss: 0.1003
  Batch [9220/34966] - Loss: 0.1004
  Batch [9230/34966] - Loss: 0.1004
  Batch [9240/34966] - Loss: 0.1004
  Batch [9250/34966] - Loss: 0.1003
  Batch [9260/34966] - Loss: 0.1003
  Batch [9270/34966] - Loss: 0.1004
  Batch [9280/34966] - Loss: 0.1003
  Batch [9290/34966] - Loss: 0.1003
  Batch [9300/34966] - Loss: 0.1003
  Batch [9310/34966] - Loss: 0.1002
  Batch [9320/34966] - Loss: 0.1002
  Batch [9330/34966] - Loss: 0.1002
  Batch [9340/34966] - Loss: 0.1002
  Batch [9350/34966] - Loss: 0.1002
  Batch [9360/34966] - Loss: 0.1002
  Batch [9370/34966] - Loss: 0.1002
  Batch [9380/34966] - Loss: 0.1002
  Batch [9390/34966] - Loss: 0.1002
  Batch [9400/34966] - Loss: 0.1002
  Batch [9410/34966] - Loss: 0.1002
  Batch [9420/34966] - Loss: 0.1002
  Batch [9430/34966] - Loss: 0.1002
  Batch [9440/34966] - Loss: 0.1002
  Batch [9450/34966] - Loss: 0.1002
  Batch [9460/34966] - Loss: 0.1002
  Batch [9470/34966] - Loss: 0.1002
  Batch [9480/34966] - Loss: 0.1002
  Batch [9490/34966] - Loss: 0.1002
  Batch [9500/34966] - Loss: 0.1002
  Batch [9510/34966] - Loss: 0.1002
  Batch [9520/34966] - Loss: 0.1002
  Batch [9530/34966] - Loss: 0.1002
  Batch [9540/34966] - Loss: 0.1002
  Batch [9550/34966] - Loss: 0.1003
  Batch [9560/34966] - Loss: 0.1002
  Batch [9570/34966] - Loss: 0.1002
  Batch [9580/34966] - Loss: 0.1002
  Batch [9590/34966] - Loss: 0.1003
  Batch [9600/34966] - Loss: 0.1002
  Batch [9610/34966] - Loss: 0.1002
  Batch [9620/34966] - Loss: 0.1002
  Batch [9630/34966] - Loss: 0.1002
  Batch [9640/34966] - Loss: 0.1002
  Batch [9650/34966] - Loss: 0.1002
  Batch [9660/34966] - Loss: 0.1002
  Batch [9670/34966] - Loss: 0.1002
  Batch [9680/34966] - Loss: 0.1002
  Batch [9690/34966] - Loss: 0.1002
  Batch [9700/34966] - Loss: 0.1002
  Batch [9710/34966] - Loss: 0.1002
  Batch [9720/34966] - Loss: 0.1002
  Batch [9730/34966] - Loss: 0.1002
  Batch [9740/34966] - Loss: 0.1002
  Batch [9750/34966] - Loss: 0.1002
  Batch [9760/34966] - Loss: 0.1002
  Batch [9770/34966] - Loss: 0.1002
  Batch [9780/34966] - Loss: 0.1002
  Batch [9790/34966] - Loss: 0.1002
  Batch [9800/34966] - Loss: 0.1002
  Batch [9810/34966] - Loss: 0.1002
  Batch [9820/34966] - Loss: 0.1002
  Batch [9830/34966] - Loss: 0.1002
  Batch [9840/34966] - Loss: 0.1002
  Batch [9850/34966] - Loss: 0.1002
  Batch [9860/34966] - Loss: 0.1002
  Batch [9870/34966] - Loss: 0.1002
  Batch [9880/34966] - Loss: 0.1001
  Batch [9890/34966] - Loss: 0.1001
  Batch [9900/34966] - Loss: 0.1001
  Batch [9910/34966] - Loss: 0.1001
  Batch [9920/34966] - Loss: 0.1001
  Batch [9930/34966] - Loss: 0.1001
  Batch [9940/34966] - Loss: 0.1000
  Batch [9950/34966] - Loss: 0.1000
  Batch [9960/34966] - Loss: 0.1000
  Batch [9970/34966] - Loss: 0.1000
  Batch [9980/34966] - Loss: 0.1000
  Batch [9990/34966] - Loss: 0.1000
  Batch [10000/34966] - Loss: 0.1000
  Batch [10010/34966] - Loss: 0.1000
  Batch [10020/34966] - Loss: 0.1000
  Batch [10030/34966] - Loss: 0.0999
  Batch [10040/34966] - Loss: 0.1000
  Batch [10050/34966] - Loss: 0.0999
  Batch [10060/34966] - Loss: 0.1000
  Batch [10070/34966] - Loss: 0.1000
  Batch [10080/34966] - Loss: 0.1000
  Batch [10090/34966] - Loss: 0.1000
  Batch [10100/34966] - Loss: 0.1000
  Batch [10110/34966] - Loss: 0.1000
  Batch [10120/34966] - Loss: 0.1000
  Batch [10130/34966] - Loss: 0.1000
  Batch [10140/34966] - Loss: 0.1000
  Batch [10150/34966] - Loss: 0.1000
  Batch [10160/34966] - Loss: 0.1000
  Batch [10170/34966] - Loss: 0.1000
  Batch [10180/34966] - Loss: 0.1000
  Batch [10190/34966] - Loss: 0.1000
  Batch [10200/34966] - Loss: 0.1000
  Batch [10210/34966] - Loss: 0.1000
  Batch [10220/34966] - Loss: 0.1000
  Batch [10230/34966] - Loss: 0.1000
  Batch [10240/34966] - Loss: 0.1000
  Batch [10250/34966] - Loss: 0.1001
  Batch [10260/34966] - Loss: 0.1000
  Batch [10270/34966] - Loss: 0.1001
  Batch [10280/34966] - Loss: 0.1001
  Batch [10290/34966] - Loss: 0.1001
  Batch [10300/34966] - Loss: 0.1001
  Batch [10310/34966] - Loss: 0.1001
  Batch [10320/34966] - Loss: 0.1001
  Batch [10330/34966] - Loss: 0.1001
  Batch [10340/34966] - Loss: 0.1001
  Batch [10350/34966] - Loss: 0.1001
  Batch [10360/34966] - Loss: 0.1001
  Batch [10370/34966] - Loss: 0.1001
  Batch [10380/34966] - Loss: 0.1001
  Batch [10390/34966] - Loss: 0.1001
  Batch [10400/34966] - Loss: 0.1001
  Batch [10410/34966] - Loss: 0.1002
  Batch [10420/34966] - Loss: 0.1002
  Batch [10430/34966] - Loss: 0.1002
  Batch [10440/34966] - Loss: 0.1001
  Batch [10450/34966] - Loss: 0.1001
  Batch [10460/34966] - Loss: 0.1001
  Batch [10470/34966] - Loss: 0.1001
  Batch [10480/34966] - Loss: 0.1001
  Batch [10490/34966] - Loss: 0.1001
  Batch [10500/34966] - Loss: 0.1001
  Batch [10510/34966] - Loss: 0.1001
  Batch [10520/34966] - Loss: 0.1001
  Batch [10530/34966] - Loss: 0.1001
  Batch [10540/34966] - Loss: 0.1001
  Batch [10550/34966] - Loss: 0.1001
  Batch [10560/34966] - Loss: 0.1001
  Batch [10570/34966] - Loss: 0.1001
  Batch [10580/34966] - Loss: 0.1001
  Batch [10590/34966] - Loss: 0.1001
  Batch [10600/34966] - Loss: 0.1001
  Batch [10610/34966] - Loss: 0.1001
  Batch [10620/34966] - Loss: 0.1001
  Batch [10630/34966] - Loss: 0.1000
  Batch [10640/34966] - Loss: 0.1001
  Batch [10650/34966] - Loss: 0.1000
  Batch [10660/34966] - Loss: 0.1001
  Batch [10670/34966] - Loss: 0.1001
  Batch [10680/34966] - Loss: 0.1001
  Batch [10690/34966] - Loss: 0.1000
  Batch [10700/34966] - Loss: 0.1001
  Batch [10710/34966] - Loss: 0.1001
  Batch [10720/34966] - Loss: 0.1001
  Batch [10730/34966] - Loss: 0.1002
  Batch [10740/34966] - Loss: 0.1001
  Batch [10750/34966] - Loss: 0.1001
  Batch [10760/34966] - Loss: 0.1001
  Batch [10770/34966] - Loss: 0.1001
  Batch [10780/34966] - Loss: 0.1001
  Batch [10790/34966] - Loss: 0.1001
  Batch [10800/34966] - Loss: 0.1001
  Batch [10810/34966] - Loss: 0.1001
  Batch [10820/34966] - Loss: 0.1001
  Batch [10830/34966] - Loss: 0.1000
  Batch [10840/34966] - Loss: 0.1000
  Batch [10850/34966] - Loss: 0.1000
  Batch [10860/34966] - Loss: 0.1000
  Batch [10870/34966] - Loss: 0.1000
  Batch [10880/34966] - Loss: 0.1000
  Batch [10890/34966] - Loss: 0.1000
  Batch [10900/34966] - Loss: 0.1000
  Batch [10910/34966] - Loss: 0.1000
  Batch [10920/34966] - Loss: 0.1000
  Batch [10930/34966] - Loss: 0.1000
  Batch [10940/34966] - Loss: 0.1000
  Batch [10950/34966] - Loss: 0.1000
  Batch [10960/34966] - Loss: 0.1000
  Batch [10970/34966] - Loss: 0.1000
  Batch [10980/34966] - Loss: 0.1000
  Batch [10990/34966] - Loss: 0.1000
  Batch [11000/34966] - Loss: 0.1000
  Batch [11010/34966] - Loss: 0.1000
  Batch [11020/34966] - Loss: 0.1000
  Batch [11030/34966] - Loss: 0.1000
  Batch [11040/34966] - Loss: 0.1000
  Batch [11050/34966] - Loss: 0.1000
  Batch [11060/34966] - Loss: 0.1000
  Batch [11070/34966] - Loss: 0.1000
  Batch [11080/34966] - Loss: 0.0999
  Batch [11090/34966] - Loss: 0.0999
  Batch [11100/34966] - Loss: 0.0999
  Batch [11110/34966] - Loss: 0.0999
  Batch [11120/34966] - Loss: 0.0999
  Batch [11130/34966] - Loss: 0.0999
  Batch [11140/34966] - Loss: 0.0999
  Batch [11150/34966] - Loss: 0.0999
  Batch [11160/34966] - Loss: 0.0999
  Batch [11170/34966] - Loss: 0.0999
  Batch [11180/34966] - Loss: 0.0999
  Batch [11190/34966] - Loss: 0.0999
  Batch [11200/34966] - Loss: 0.0999
  Batch [11210/34966] - Loss: 0.0999
  Batch [11220/34966] - Loss: 0.1000
  Batch [11230/34966] - Loss: 0.1000
  Batch [11240/34966] - Loss: 0.1000
  Batch [11250/34966] - Loss: 0.1000
  Batch [11260/34966] - Loss: 0.1000
  Batch [11270/34966] - Loss: 0.1000
  Batch [11280/34966] - Loss: 0.1000
  Batch [11290/34966] - Loss: 0.1000
  Batch [11300/34966] - Loss: 0.1000
  Batch [11310/34966] - Loss: 0.0999
  Batch [11320/34966] - Loss: 0.0999
  Batch [11330/34966] - Loss: 0.0999
  Batch [11340/34966] - Loss: 0.0999
  Batch [11350/34966] - Loss: 0.0999
  Batch [11360/34966] - Loss: 0.0999
  Batch [11370/34966] - Loss: 0.0999
  Batch [11380/34966] - Loss: 0.1000
  Batch [11390/34966] - Loss: 0.1000
  Batch [11400/34966] - Loss: 0.1000
  Batch [11410/34966] - Loss: 0.1000
  Batch [11420/34966] - Loss: 0.1000
  Batch [11430/34966] - Loss: 0.1000
  Batch [11440/34966] - Loss: 0.1000
  Batch [11450/34966] - Loss: 0.1000
  Batch [11460/34966] - Loss: 0.1000
  Batch [11470/34966] - Loss: 0.1001
  Batch [11480/34966] - Loss: 0.1001
  Batch [11490/34966] - Loss: 0.1000
  Batch [11500/34966] - Loss: 0.1000
  Batch [11510/34966] - Loss: 0.1000
  Batch [11520/34966] - Loss: 0.1000
  Batch [11530/34966] - Loss: 0.1000
  Batch [11540/34966] - Loss: 0.1001
  Batch [11550/34966] - Loss: 0.1001
  Batch [11560/34966] - Loss: 0.1000
  Batch [11570/34966] - Loss: 0.1000
  Batch [11580/34966] - Loss: 0.1000
  Batch [11590/34966] - Loss: 0.1000
  Batch [11600/34966] - Loss: 0.1000
  Batch [11610/34966] - Loss: 0.1001
  Batch [11620/34966] - Loss: 0.1000
  Batch [11630/34966] - Loss: 0.1001
  Batch [11640/34966] - Loss: 0.1000
  Batch [11650/34966] - Loss: 0.1000
  Batch [11660/34966] - Loss: 0.1000
  Batch [11670/34966] - Loss: 0.1000
  Batch [11680/34966] - Loss: 0.1000
  Batch [11690/34966] - Loss: 0.1000
  Batch [11700/34966] - Loss: 0.1000
  Batch [11710/34966] - Loss: 0.1000
  Batch [11720/34966] - Loss: 0.1000
  Batch [11730/34966] - Loss: 0.1000
  Batch [11740/34966] - Loss: 0.1000
  Batch [11750/34966] - Loss: 0.1000
  Batch [11760/34966] - Loss: 0.1000
  Batch [11770/34966] - Loss: 0.1000
  Batch [11780/34966] - Loss: 0.1000
  Batch [11790/34966] - Loss: 0.1000
  Batch [11800/34966] - Loss: 0.1000
  Batch [11810/34966] - Loss: 0.1000
  Batch [11820/34966] - Loss: 0.1000
  Batch [11830/34966] - Loss: 0.1000
  Batch [11840/34966] - Loss: 0.1000
  Batch [11850/34966] - Loss: 0.1000
  Batch [11860/34966] - Loss: 0.1000
  Batch [11870/34966] - Loss: 0.1000
  Batch [11880/34966] - Loss: 0.1000
  Batch [11890/34966] - Loss: 0.1000
  Batch [11900/34966] - Loss: 0.1001
  Batch [11910/34966] - Loss: 0.1001
  Batch [11920/34966] - Loss: 0.1001
  Batch [11930/34966] - Loss: 0.1001
  Batch [11940/34966] - Loss: 0.1001
  Batch [11950/34966] - Loss: 0.1001
  Batch [11960/34966] - Loss: 0.1001
  Batch [11970/34966] - Loss: 0.1001
  Batch [11980/34966] - Loss: 0.1001
  Batch [11990/34966] - Loss: 0.1001
  Batch [12000/34966] - Loss: 0.1001
  Batch [12010/34966] - Loss: 0.1001
  Batch [12020/34966] - Loss: 0.1001
  Batch [12030/34966] - Loss: 0.1001
  Batch [12040/34966] - Loss: 0.1001
  Batch [12050/34966] - Loss: 0.1001
  Batch [12060/34966] - Loss: 0.1000
  Batch [12070/34966] - Loss: 0.1001
  Batch [12080/34966] - Loss: 0.1001
  Batch [12090/34966] - Loss: 0.1001
  Batch [12100/34966] - Loss: 0.1001
  Batch [12110/34966] - Loss: 0.1001
  Batch [12120/34966] - Loss: 0.1001
  Batch [12130/34966] - Loss: 0.1001
  Batch [12140/34966] - Loss: 0.1001
  Batch [12150/34966] - Loss: 0.1001
  Batch [12160/34966] - Loss: 0.1002
  Batch [12170/34966] - Loss: 0.1002
  Batch [12180/34966] - Loss: 0.1002
  Batch [12190/34966] - Loss: 0.1002
  Batch [12200/34966] - Loss: 0.1002
  Batch [12210/34966] - Loss: 0.1002
  Batch [12220/34966] - Loss: 0.1002
  Batch [12230/34966] - Loss: 0.1001
  Batch [12240/34966] - Loss: 0.1002
  Batch [12250/34966] - Loss: 0.1002
  Batch [12260/34966] - Loss: 0.1001
  Batch [12270/34966] - Loss: 0.1001
  Batch [12280/34966] - Loss: 0.1001
  Batch [12290/34966] - Loss: 0.1001
  Batch [12300/34966] - Loss: 0.1001
  Batch [12310/34966] - Loss: 0.1002
  Batch [12320/34966] - Loss: 0.1002
  Batch [12330/34966] - Loss: 0.1002
  Batch [12340/34966] - Loss: 0.1002
  Batch [12350/34966] - Loss: 0.1001
  Batch [12360/34966] - Loss: 0.1002
  Batch [12370/34966] - Loss: 0.1002
  Batch [12380/34966] - Loss: 0.1002
  Batch [12390/34966] - Loss: 0.1002
  Batch [12400/34966] - Loss: 0.1002
  Batch [12410/34966] - Loss: 0.1002
  Batch [12420/34966] - Loss: 0.1002
  Batch [12430/34966] - Loss: 0.1002
  Batch [12440/34966] - Loss: 0.1002
  Batch [12450/34966] - Loss: 0.1001
  Batch [12460/34966] - Loss: 0.1001
  Batch [12470/34966] - Loss: 0.1001
  Batch [12480/34966] - Loss: 0.1001
  Batch [12490/34966] - Loss: 0.1002
  Batch [12500/34966] - Loss: 0.1001
  Batch [12510/34966] - Loss: 0.1001
  Batch [12520/34966] - Loss: 0.1002
  Batch [12530/34966] - Loss: 0.1002
  Batch [12540/34966] - Loss: 0.1002
  Batch [12550/34966] - Loss: 0.1002
  Batch [12560/34966] - Loss: 0.1002
  Batch [12570/34966] - Loss: 0.1002
  Batch [12580/34966] - Loss: 0.1002
  Batch [12590/34966] - Loss: 0.1002
  Batch [12600/34966] - Loss: 0.1002
  Batch [12610/34966] - Loss: 0.1002
  Batch [12620/34966] - Loss: 0.1002
  Batch [12630/34966] - Loss: 0.1002
  Batch [12640/34966] - Loss: 0.1002
  Batch [12650/34966] - Loss: 0.1002
  Batch [12660/34966] - Loss: 0.1002
  Batch [12670/34966] - Loss: 0.1002
  Batch [12680/34966] - Loss: 0.1002
  Batch [12690/34966] - Loss: 0.1002
  Batch [12700/34966] - Loss: 0.1002
  Batch [12710/34966] - Loss: 0.1001
  Batch [12720/34966] - Loss: 0.1001
  Batch [12730/34966] - Loss: 0.1001
  Batch [12740/34966] - Loss: 0.1002
  Batch [12750/34966] - Loss: 0.1002
  Batch [12760/34966] - Loss: 0.1002
  Batch [12770/34966] - Loss: 0.1002
  Batch [12780/34966] - Loss: 0.1002
  Batch [12790/34966] - Loss: 0.1002
  Batch [12800/34966] - Loss: 0.1002
  Batch [12810/34966] - Loss: 0.1002
  Batch [12820/34966] - Loss: 0.1002
  Batch [12830/34966] - Loss: 0.1002
  Batch [12840/34966] - Loss: 0.1002
  Batch [12850/34966] - Loss: 0.1002
  Batch [12860/34966] - Loss: 0.1002
  Batch [12870/34966] - Loss: 0.1002
  Batch [12880/34966] - Loss: 0.1002
  Batch [12890/34966] - Loss: 0.1002
  Batch [12900/34966] - Loss: 0.1002
  Batch [12910/34966] - Loss: 0.1002
  Batch [12920/34966] - Loss: 0.1002
  Batch [12930/34966] - Loss: 0.1002
  Batch [12940/34966] - Loss: 0.1002
  Batch [12950/34966] - Loss: 0.1002
  Batch [12960/34966] - Loss: 0.1002
  Batch [12970/34966] - Loss: 0.1002
  Batch [12980/34966] - Loss: 0.1002
  Batch [12990/34966] - Loss: 0.1002
  Batch [13000/34966] - Loss: 0.1002
  Batch [13010/34966] - Loss: 0.1002
  Batch [13020/34966] - Loss: 0.1002
  Batch [13030/34966] - Loss: 0.1001
  Batch [13040/34966] - Loss: 0.1002
  Batch [13050/34966] - Loss: 0.1002
  Batch [13060/34966] - Loss: 0.1002
  Batch [13070/34966] - Loss: 0.1002
  Batch [13080/34966] - Loss: 0.1002
  Batch [13090/34966] - Loss: 0.1002
  Batch [13100/34966] - Loss: 0.1002
  Batch [13110/34966] - Loss: 0.1002
  Batch [13120/34966] - Loss: 0.1002
  Batch [13130/34966] - Loss: 0.1002
  Batch [13140/34966] - Loss: 0.1001
  Batch [13150/34966] - Loss: 0.1001
  Batch [13160/34966] - Loss: 0.1001
  Batch [13170/34966] - Loss: 0.1001
  Batch [13180/34966] - Loss: 0.1001
  Batch [13190/34966] - Loss: 0.1001
  Batch [13200/34966] - Loss: 0.1001
  Batch [13210/34966] - Loss: 0.1001
  Batch [13220/34966] - Loss: 0.1001
  Batch [13230/34966] - Loss: 0.1002
  Batch [13240/34966] - Loss: 0.1001
  Batch [13250/34966] - Loss: 0.1001
  Batch [13260/34966] - Loss: 0.1001
  Batch [13270/34966] - Loss: 0.1001
  Batch [13280/34966] - Loss: 0.1002
  Batch [13290/34966] - Loss: 0.1001
  Batch [13300/34966] - Loss: 0.1001
  Batch [13310/34966] - Loss: 0.1001
  Batch [13320/34966] - Loss: 0.1001
  Batch [13330/34966] - Loss: 0.1001
  Batch [13340/34966] - Loss: 0.1001
  Batch [13350/34966] - Loss: 0.1001
  Batch [13360/34966] - Loss: 0.1001
  Batch [13370/34966] - Loss: 0.1001
  Batch [13380/34966] - Loss: 0.1002
  Batch [13390/34966] - Loss: 0.1002
  Batch [13400/34966] - Loss: 0.1002
  Batch [13410/34966] - Loss: 0.1002
  Batch [13420/34966] - Loss: 0.1002
  Batch [13430/34966] - Loss: 0.1002
  Batch [13440/34966] - Loss: 0.1002
  Batch [13450/34966] - Loss: 0.1002
  Batch [13460/34966] - Loss: 0.1002
  Batch [13470/34966] - Loss: 0.1002
  Batch [13480/34966] - Loss: 0.1002
  Batch [13490/34966] - Loss: 0.1002
  Batch [13500/34966] - Loss: 0.1002
  Batch [13510/34966] - Loss: 0.1002
  Batch [13520/34966] - Loss: 0.1002
  Batch [13530/34966] - Loss: 0.1002
  Batch [13540/34966] - Loss: 0.1002
  Batch [13550/34966] - Loss: 0.1002
  Batch [13560/34966] - Loss: 0.1002
  Batch [13570/34966] - Loss: 0.1001
  Batch [13580/34966] - Loss: 0.1001
  Batch [13590/34966] - Loss: 0.1002
  Batch [13600/34966] - Loss: 0.1002
  Batch [13610/34966] - Loss: 0.1002
  Batch [13620/34966] - Loss: 0.1002
  Batch [13630/34966] - Loss: 0.1002
  Batch [13640/34966] - Loss: 0.1002
  Batch [13650/34966] - Loss: 0.1002
  Batch [13660/34966] - Loss: 0.1002
  Batch [13670/34966] - Loss: 0.1002
  Batch [13680/34966] - Loss: 0.1002
  Batch [13690/34966] - Loss: 0.1002
  Batch [13700/34966] - Loss: 0.1002
  Batch [13710/34966] - Loss: 0.1002
  Batch [13720/34966] - Loss: 0.1002
  Batch [13730/34966] - Loss: 0.1002
  Batch [13740/34966] - Loss: 0.1002
  Batch [13750/34966] - Loss: 0.1002
  Batch [13760/34966] - Loss: 0.1002
  Batch [13770/34966] - Loss: 0.1002
  Batch [13780/34966] - Loss: 0.1002
  Batch [13790/34966] - Loss: 0.1002
  Batch [13800/34966] - Loss: 0.1002
  Batch [13810/34966] - Loss: 0.1002
  Batch [13820/34966] - Loss: 0.1002
  Batch [13830/34966] - Loss: 0.1002
  Batch [13840/34966] - Loss: 0.1002
  Batch [13850/34966] - Loss: 0.1002
  Batch [13860/34966] - Loss: 0.1002
  Batch [13870/34966] - Loss: 0.1002
  Batch [13880/34966] - Loss: 0.1002
  Batch [13890/34966] - Loss: 0.1002
  Batch [13900/34966] - Loss: 0.1002
  Batch [13910/34966] - Loss: 0.1002
  Batch [13920/34966] - Loss: 0.1002
  Batch [13930/34966] - Loss: 0.1002
  Batch [13940/34966] - Loss: 0.1003
  Batch [13950/34966] - Loss: 0.1002
  Batch [13960/34966] - Loss: 0.1002
  Batch [13970/34966] - Loss: 0.1002
  Batch [13980/34966] - Loss: 0.1002
  Batch [13990/34966] - Loss: 0.1002
  Batch [14000/34966] - Loss: 0.1002
  Batch [14010/34966] - Loss: 0.1002
  Batch [14020/34966] - Loss: 0.1002
  Batch [14030/34966] - Loss: 0.1003
  Batch [14040/34966] - Loss: 0.1003
  Batch [14050/34966] - Loss: 0.1003
  Batch [14060/34966] - Loss: 0.1003
  Batch [14070/34966] - Loss: 0.1003
  Batch [14080/34966] - Loss: 0.1003
  Batch [14090/34966] - Loss: 0.1003
  Batch [14100/34966] - Loss: 0.1003
  Batch [14110/34966] - Loss: 0.1003
  Batch [14120/34966] - Loss: 0.1003
  Batch [14130/34966] - Loss: 0.1003
  Batch [14140/34966] - Loss: 0.1003
  Batch [14150/34966] - Loss: 0.1004
  Batch [14160/34966] - Loss: 0.1003
  Batch [14170/34966] - Loss: 0.1003
  Batch [14180/34966] - Loss: 0.1003
  Batch [14190/34966] - Loss: 0.1003
  Batch [14200/34966] - Loss: 0.1003
  Batch [14210/34966] - Loss: 0.1004
  Batch [14220/34966] - Loss: 0.1004
  Batch [14230/34966] - Loss: 0.1004
  Batch [14240/34966] - Loss: 0.1004
  Batch [14250/34966] - Loss: 0.1004
  Batch [14260/34966] - Loss: 0.1004
  Batch [14270/34966] - Loss: 0.1004
  Batch [14280/34966] - Loss: 0.1004
  Batch [14290/34966] - Loss: 0.1004
  Batch [14300/34966] - Loss: 0.1004
  Batch [14310/34966] - Loss: 0.1004
  Batch [14320/34966] - Loss: 0.1004
  Batch [14330/34966] - Loss: 0.1004
  Batch [14340/34966] - Loss: 0.1004
  Batch [14350/34966] - Loss: 0.1004
  Batch [14360/34966] - Loss: 0.1004
  Batch [14370/34966] - Loss: 0.1004
  Batch [14380/34966] - Loss: 0.1004
  Batch [14390/34966] - Loss: 0.1004
  Batch [14400/34966] - Loss: 0.1004
  Batch [14410/34966] - Loss: 0.1004
  Batch [14420/34966] - Loss: 0.1004
  Batch [14430/34966] - Loss: 0.1004
  Batch [14440/34966] - Loss: 0.1004
  Batch [14450/34966] - Loss: 0.1004
  Batch [14460/34966] - Loss: 0.1003
  Batch [14470/34966] - Loss: 0.1003
  Batch [14480/34966] - Loss: 0.1003
  Batch [14490/34966] - Loss: 0.1003
  Batch [14500/34966] - Loss: 0.1003
  Batch [14510/34966] - Loss: 0.1003
  Batch [14520/34966] - Loss: 0.1003
  Batch [14530/34966] - Loss: 0.1003
  Batch [14540/34966] - Loss: 0.1003
  Batch [14550/34966] - Loss: 0.1003
  Batch [14560/34966] - Loss: 0.1003
  Batch [14570/34966] - Loss: 0.1003
  Batch [14580/34966] - Loss: 0.1003
  Batch [14590/34966] - Loss: 0.1003
  Batch [14600/34966] - Loss: 0.1003
  Batch [14610/34966] - Loss: 0.1003
  Batch [14620/34966] - Loss: 0.1003
  Batch [14630/34966] - Loss: 0.1003
  Batch [14640/34966] - Loss: 0.1003
  Batch [14650/34966] - Loss: 0.1003
  Batch [14660/34966] - Loss: 0.1003
  Batch [14670/34966] - Loss: 0.1003
  Batch [14680/34966] - Loss: 0.1003
  Batch [14690/34966] - Loss: 0.1003
  Batch [14700/34966] - Loss: 0.1004
  Batch [14710/34966] - Loss: 0.1003
  Batch [14720/34966] - Loss: 0.1004
  Batch [14730/34966] - Loss: 0.1004
  Batch [14740/34966] - Loss: 0.1004
  Batch [14750/34966] - Loss: 0.1004
  Batch [14760/34966] - Loss: 0.1004
  Batch [14770/34966] - Loss: 0.1004
  Batch [14780/34966] - Loss: 0.1004
  Batch [14790/34966] - Loss: 0.1004
  Batch [14800/34966] - Loss: 0.1004
  Batch [14810/34966] - Loss: 0.1004
  Batch [14820/34966] - Loss: 0.1004
  Batch [14830/34966] - Loss: 0.1004
  Batch [14840/34966] - Loss: 0.1004
  Batch [14850/34966] - Loss: 0.1004
  Batch [14860/34966] - Loss: 0.1004
  Batch [14870/34966] - Loss: 0.1004
  Batch [14880/34966] - Loss: 0.1004
  Batch [14890/34966] - Loss: 0.1004
  Batch [14900/34966] - Loss: 0.1004
  Batch [14910/34966] - Loss: 0.1004
  Batch [14920/34966] - Loss: 0.1004
  Batch [14930/34966] - Loss: 0.1004
  Batch [14940/34966] - Loss: 0.1004
  Batch [14950/34966] - Loss: 0.1004
  Batch [14960/34966] - Loss: 0.1004
  Batch [14970/34966] - Loss: 0.1005
  Batch [14980/34966] - Loss: 0.1005
  Batch [14990/34966] - Loss: 0.1005
  Batch [15000/34966] - Loss: 0.1005
  Batch [15010/34966] - Loss: 0.1005
  Batch [15020/34966] - Loss: 0.1005
  Batch [15030/34966] - Loss: 0.1005
  Batch [15040/34966] - Loss: 0.1005
  Batch [15050/34966] - Loss: 0.1005
  Batch [15060/34966] - Loss: 0.1005
  Batch [15070/34966] - Loss: 0.1005
  Batch [15080/34966] - Loss: 0.1005
  Batch [15090/34966] - Loss: 0.1005
  Batch [15100/34966] - Loss: 0.1005
  Batch [15110/34966] - Loss: 0.1005
  Batch [15120/34966] - Loss: 0.1005
  Batch [15130/34966] - Loss: 0.1005
  Batch [15140/34966] - Loss: 0.1005
  Batch [15150/34966] - Loss: 0.1006
  Batch [15160/34966] - Loss: 0.1006
  Batch [15170/34966] - Loss: 0.1006
  Batch [15180/34966] - Loss: 0.1006
  Batch [15190/34966] - Loss: 0.1006
  Batch [15200/34966] - Loss: 0.1005
  Batch [15210/34966] - Loss: 0.1005
  Batch [15220/34966] - Loss: 0.1005
  Batch [15230/34966] - Loss: 0.1005
  Batch [15240/34966] - Loss: 0.1005
  Batch [15250/34966] - Loss: 0.1005
  Batch [15260/34966] - Loss: 0.1005
  Batch [15270/34966] - Loss: 0.1005
  Batch [15280/34966] - Loss: 0.1005
  Batch [15290/34966] - Loss: 0.1005
  Batch [15300/34966] - Loss: 0.1005
  Batch [15310/34966] - Loss: 0.1005
  Batch [15320/34966] - Loss: 0.1005
  Batch [15330/34966] - Loss: 0.1005
  Batch [15340/34966] - Loss: 0.1005
  Batch [15350/34966] - Loss: 0.1005
  Batch [15360/34966] - Loss: 0.1005
  Batch [15370/34966] - Loss: 0.1005
  Batch [15380/34966] - Loss: 0.1004
  Batch [15390/34966] - Loss: 0.1004
  Batch [15400/34966] - Loss: 0.1004
  Batch [15410/34966] - Loss: 0.1004
  Batch [15420/34966] - Loss: 0.1004
  Batch [15430/34966] - Loss: 0.1004
  Batch [15440/34966] - Loss: 0.1004
  Batch [15450/34966] - Loss: 0.1004
  Batch [15460/34966] - Loss: 0.1005
  Batch [15470/34966] - Loss: 0.1005
  Batch [15480/34966] - Loss: 0.1005
  Batch [15490/34966] - Loss: 0.1005
  Batch [15500/34966] - Loss: 0.1005
  Batch [15510/34966] - Loss: 0.1005
  Batch [15520/34966] - Loss: 0.1005
  Batch [15530/34966] - Loss: 0.1005
  Batch [15540/34966] - Loss: 0.1005
  Batch [15550/34966] - Loss: 0.1005
  Batch [15560/34966] - Loss: 0.1005
  Batch [15570/34966] - Loss: 0.1005
  Batch [15580/34966] - Loss: 0.1005
  Batch [15590/34966] - Loss: 0.1005
  Batch [15600/34966] - Loss: 0.1005
  Batch [15610/34966] - Loss: 0.1005
  Batch [15620/34966] - Loss: 0.1005
  Batch [15630/34966] - Loss: 0.1005
  Batch [15640/34966] - Loss: 0.1005
  Batch [15650/34966] - Loss: 0.1006
  Batch [15660/34966] - Loss: 0.1006
  Batch [15670/34966] - Loss: 0.1006
  Batch [15680/34966] - Loss: 0.1006
  Batch [15690/34966] - Loss: 0.1006
  Batch [15700/34966] - Loss: 0.1006
  Batch [15710/34966] - Loss: 0.1006
  Batch [15720/34966] - Loss: 0.1006
  Batch [15730/34966] - Loss: 0.1006
  Batch [15740/34966] - Loss: 0.1006
  Batch [15750/34966] - Loss: 0.1006
  Batch [15760/34966] - Loss: 0.1006
  Batch [15770/34966] - Loss: 0.1006
  Batch [15780/34966] - Loss: 0.1006
  Batch [15790/34966] - Loss: 0.1006
  Batch [15800/34966] - Loss: 0.1006
  Batch [15810/34966] - Loss: 0.1006
  Batch [15820/34966] - Loss: 0.1006
  Batch [15830/34966] - Loss: 0.1006
  Batch [15840/34966] - Loss: 0.1006
  Batch [15850/34966] - Loss: 0.1006
  Batch [15860/34966] - Loss: 0.1006
  Batch [15870/34966] - Loss: 0.1006
  Batch [15880/34966] - Loss: 0.1006
  Batch [15890/34966] - Loss: 0.1006
  Batch [15900/34966] - Loss: 0.1006
  Batch [15910/34966] - Loss: 0.1006
  Batch [15920/34966] - Loss: 0.1006
  Batch [15930/34966] - Loss: 0.1006
  Batch [15940/34966] - Loss: 0.1006
  Batch [15950/34966] - Loss: 0.1006
  Batch [15960/34966] - Loss: 0.1006
  Batch [15970/34966] - Loss: 0.1006
  Batch [15980/34966] - Loss: 0.1006
  Batch [15990/34966] - Loss: 0.1006
  Batch [16000/34966] - Loss: 0.1006
  Batch [16010/34966] - Loss: 0.1006
  Batch [16020/34966] - Loss: 0.1006
  Batch [16030/34966] - Loss: 0.1006
  Batch [16040/34966] - Loss: 0.1006
  Batch [16050/34966] - Loss: 0.1006
  Batch [16060/34966] - Loss: 0.1006
  Batch [16070/34966] - Loss: 0.1006
  Batch [16080/34966] - Loss: 0.1006
  Batch [16090/34966] - Loss: 0.1006
  Batch [16100/34966] - Loss: 0.1006
  Batch [16110/34966] - Loss: 0.1006
  Batch [16120/34966] - Loss: 0.1006
  Batch [16130/34966] - Loss: 0.1006
  Batch [16140/34966] - Loss: 0.1006
  Batch [16150/34966] - Loss: 0.1006
  Batch [16160/34966] - Loss: 0.1006
  Batch [16170/34966] - Loss: 0.1006
  Batch [16180/34966] - Loss: 0.1006
  Batch [16190/34966] - Loss: 0.1006
  Batch [16200/34966] - Loss: 0.1006
  Batch [16210/34966] - Loss: 0.1006
  Batch [16220/34966] - Loss: 0.1006
  Batch [16230/34966] - Loss: 0.1006
  Batch [16240/34966] - Loss: 0.1006
  Batch [16250/34966] - Loss: 0.1006
  Batch [16260/34966] - Loss: 0.1006
  Batch [16270/34966] - Loss: 0.1006
  Batch [16280/34966] - Loss: 0.1007
  Batch [16290/34966] - Loss: 0.1006
  Batch [16300/34966] - Loss: 0.1006
  Batch [16310/34966] - Loss: 0.1006
  Batch [16320/34966] - Loss: 0.1007
  Batch [16330/34966] - Loss: 0.1007
  Batch [16340/34966] - Loss: 0.1007
  Batch [16350/34966] - Loss: 0.1007
  Batch [16360/34966] - Loss: 0.1007
  Batch [16370/34966] - Loss: 0.1007
  Batch [16380/34966] - Loss: 0.1007
  Batch [16390/34966] - Loss: 0.1007
  Batch [16400/34966] - Loss: 0.1007
  Batch [16410/34966] - Loss: 0.1007
  Batch [16420/34966] - Loss: 0.1007
  Batch [16430/34966] - Loss: 0.1007
  Batch [16440/34966] - Loss: 0.1007
  Batch [16450/34966] - Loss: 0.1007
  Batch [16460/34966] - Loss: 0.1007
  Batch [16470/34966] - Loss: 0.1007
  Batch [16480/34966] - Loss: 0.1007
  Batch [16490/34966] - Loss: 0.1007
  Batch [16500/34966] - Loss: 0.1007
  Batch [16510/34966] - Loss: 0.1007
  Batch [16520/34966] - Loss: 0.1007
  Batch [16530/34966] - Loss: 0.1007
  Batch [16540/34966] - Loss: 0.1007
  Batch [16550/34966] - Loss: 0.1007
  Batch [16560/34966] - Loss: 0.1007
  Batch [16570/34966] - Loss: 0.1007
  Batch [16580/34966] - Loss: 0.1007
  Batch [16590/34966] - Loss: 0.1007
  Batch [16600/34966] - Loss: 0.1007
  Batch [16610/34966] - Loss: 0.1007
  Batch [16620/34966] - Loss: 0.1007
  Batch [16630/34966] - Loss: 0.1007
  Batch [16640/34966] - Loss: 0.1007
  Batch [16650/34966] - Loss: 0.1007
  Batch [16660/34966] - Loss: 0.1007
  Batch [16670/34966] - Loss: 0.1007
  Batch [16680/34966] - Loss: 0.1007
  Batch [16690/34966] - Loss: 0.1007
  Batch [16700/34966] - Loss: 0.1007
  Batch [16710/34966] - Loss: 0.1007
  Batch [16720/34966] - Loss: 0.1007
  Batch [16730/34966] - Loss: 0.1007
  Batch [16740/34966] - Loss: 0.1007
  Batch [16750/34966] - Loss: 0.1006
  Batch [16760/34966] - Loss: 0.1006
  Batch [16770/34966] - Loss: 0.1006
  Batch [16780/34966] - Loss: 0.1006
  Batch [16790/34966] - Loss: 0.1007
  Batch [16800/34966] - Loss: 0.1007
  Batch [16810/34966] - Loss: 0.1006
  Batch [16820/34966] - Loss: 0.1007
  Batch [16830/34966] - Loss: 0.1007
  Batch [16840/34966] - Loss: 0.1007
  Batch [16850/34966] - Loss: 0.1007
  Batch [16860/34966] - Loss: 0.1007
  Batch [16870/34966] - Loss: 0.1007
  Batch [16880/34966] - Loss: 0.1007
  Batch [16890/34966] - Loss: 0.1007
  Batch [16900/34966] - Loss: 0.1007
  Batch [16910/34966] - Loss: 0.1007
  Batch [16920/34966] - Loss: 0.1007
  Batch [16930/34966] - Loss: 0.1007
  Batch [16940/34966] - Loss: 0.1007
  Batch [16950/34966] - Loss: 0.1007
  Batch [16960/34966] - Loss: 0.1007
  Batch [16970/34966] - Loss: 0.1006
  Batch [16980/34966] - Loss: 0.1006
  Batch [16990/34966] - Loss: 0.1006
  Batch [17000/34966] - Loss: 0.1006
  Batch [17010/34966] - Loss: 0.1006
  Batch [17020/34966] - Loss: 0.1006
  Batch [17030/34966] - Loss: 0.1006
  Batch [17040/34966] - Loss: 0.1006
  Batch [17050/34966] - Loss: 0.1006
  Batch [17060/34966] - Loss: 0.1006
  Batch [17070/34966] - Loss: 0.1006
  Batch [17080/34966] - Loss: 0.1006
  Batch [17090/34966] - Loss: 0.1006
  Batch [17100/34966] - Loss: 0.1006
  Batch [17110/34966] - Loss: 0.1006
  Batch [17120/34966] - Loss: 0.1006
  Batch [17130/34966] - Loss: 0.1007
  Batch [17140/34966] - Loss: 0.1006
  Batch [17150/34966] - Loss: 0.1006
  Batch [17160/34966] - Loss: 0.1006
  Batch [17170/34966] - Loss: 0.1007
  Batch [17180/34966] - Loss: 0.1006
  Batch [17190/34966] - Loss: 0.1006
  Batch [17200/34966] - Loss: 0.1006
  Batch [17210/34966] - Loss: 0.1006
  Batch [17220/34966] - Loss: 0.1006
  Batch [17230/34966] - Loss: 0.1006
  Batch [17240/34966] - Loss: 0.1006
  Batch [17250/34966] - Loss: 0.1006
  Batch [17260/34966] - Loss: 0.1006
  Batch [17270/34966] - Loss: 0.1006
  Batch [17280/34966] - Loss: 0.1006
  Batch [17290/34966] - Loss: 0.1006
  Batch [17300/34966] - Loss: 0.1006
  Batch [17310/34966] - Loss: 0.1006
  Batch [17320/34966] - Loss: 0.1006
  Batch [17330/34966] - Loss: 0.1006
  Batch [17340/34966] - Loss: 0.1006
  Batch [17350/34966] - Loss: 0.1006
  Batch [17360/34966] - Loss: 0.1006
  Batch [17370/34966] - Loss: 0.1006
  Batch [17380/34966] - Loss: 0.1006
  Batch [17390/34966] - Loss: 0.1006
  Batch [17400/34966] - Loss: 0.1006
  Batch [17410/34966] - Loss: 0.1006
  Batch [17420/34966] - Loss: 0.1006
  Batch [17430/34966] - Loss: 0.1006
  Batch [17440/34966] - Loss: 0.1006
  Batch [17450/34966] - Loss: 0.1006
  Batch [17460/34966] - Loss: 0.1006
  Batch [17470/34966] - Loss: 0.1006
  Batch [17480/34966] - Loss: 0.1006
  Batch [17490/34966] - Loss: 0.1006
  Batch [17500/34966] - Loss: 0.1006
  Batch [17510/34966] - Loss: 0.1006
  Batch [17520/34966] - Loss: 0.1006
  Batch [17530/34966] - Loss: 0.1006
  Batch [17540/34966] - Loss: 0.1006
  Batch [17550/34966] - Loss: 0.1006
  Batch [17560/34966] - Loss: 0.1006
  Batch [17570/34966] - Loss: 0.1006
  Batch [17580/34966] - Loss: 0.1006
  Batch [17590/34966] - Loss: 0.1006
  Batch [17600/34966] - Loss: 0.1006
  Batch [17610/34966] - Loss: 0.1006
  Batch [17620/34966] - Loss: 0.1006
  Batch [17630/34966] - Loss: 0.1006
  Batch [17640/34966] - Loss: 0.1006
  Batch [17650/34966] - Loss: 0.1006
  Batch [17660/34966] - Loss: 0.1005
  Batch [17670/34966] - Loss: 0.1006
  Batch [17680/34966] - Loss: 0.1006
  Batch [17690/34966] - Loss: 0.1006
  Batch [17700/34966] - Loss: 0.1006
  Batch [17710/34966] - Loss: 0.1006
  Batch [17720/34966] - Loss: 0.1006
  Batch [17730/34966] - Loss: 0.1006
  Batch [17740/34966] - Loss: 0.1006
  Batch [17750/34966] - Loss: 0.1006
  Batch [17760/34966] - Loss: 0.1006
  Batch [17770/34966] - Loss: 0.1006
  Batch [17780/34966] - Loss: 0.1006
  Batch [17790/34966] - Loss: 0.1006
  Batch [17800/34966] - Loss: 0.1006
  Batch [17810/34966] - Loss: 0.1006
  Batch [17820/34966] - Loss: 0.1006
  Batch [17830/34966] - Loss: 0.1006
  Batch [17840/34966] - Loss: 0.1006
  Batch [17850/34966] - Loss: 0.1006
  Batch [17860/34966] - Loss: 0.1006
  Batch [17870/34966] - Loss: 0.1006
  Batch [17880/34966] - Loss: 0.1006
  Batch [17890/34966] - Loss: 0.1006
  Batch [17900/34966] - Loss: 0.1006
  Batch [17910/34966] - Loss: 0.1006
  Batch [17920/34966] - Loss: 0.1006
  Batch [17930/34966] - Loss: 0.1006
  Batch [17940/34966] - Loss: 0.1006
  Batch [17950/34966] - Loss: 0.1006
  Batch [17960/34966] - Loss: 0.1006
  Batch [17970/34966] - Loss: 0.1006
  Batch [17980/34966] - Loss: 0.1006
  Batch [17990/34966] - Loss: 0.1006
  Batch [18000/34966] - Loss: 0.1006
  Batch [18010/34966] - Loss: 0.1006
  Batch [18020/34966] - Loss: 0.1006
  Batch [18030/34966] - Loss: 0.1006
  Batch [18040/34966] - Loss: 0.1006
  Batch [18050/34966] - Loss: 0.1006
  Batch [18060/34966] - Loss: 0.1006
  Batch [18070/34966] - Loss: 0.1005
  Batch [18080/34966] - Loss: 0.1005
  Batch [18090/34966] - Loss: 0.1005
  Batch [18100/34966] - Loss: 0.1006
  Batch [18110/34966] - Loss: 0.1006
  Batch [18120/34966] - Loss: 0.1006
  Batch [18130/34966] - Loss: 0.1006
  Batch [18140/34966] - Loss: 0.1006
  Batch [18150/34966] - Loss: 0.1006
  Batch [18160/34966] - Loss: 0.1006
  Batch [18170/34966] - Loss: 0.1005
  Batch [18180/34966] - Loss: 0.1005
  Batch [18190/34966] - Loss: 0.1005
  Batch [18200/34966] - Loss: 0.1005
  Batch [18210/34966] - Loss: 0.1005
  Batch [18220/34966] - Loss: 0.1005
  Batch [18230/34966] - Loss: 0.1005
  Batch [18240/34966] - Loss: 0.1005
  Batch [18250/34966] - Loss: 0.1005
  Batch [18260/34966] - Loss: 0.1005
  Batch [18270/34966] - Loss: 0.1005
  Batch [18280/34966] - Loss: 0.1005
  Batch [18290/34966] - Loss: 0.1005
  Batch [18300/34966] - Loss: 0.1005
  Batch [18310/34966] - Loss: 0.1005
  Batch [18320/34966] - Loss: 0.1005
  Batch [18330/34966] - Loss: 0.1005
  Batch [18340/34966] - Loss: 0.1005
  Batch [18350/34966] - Loss: 0.1005
  Batch [18360/34966] - Loss: 0.1005
  Batch [18370/34966] - Loss: 0.1005
  Batch [18380/34966] - Loss: 0.1004
  Batch [18390/34966] - Loss: 0.1005
  Batch [18400/34966] - Loss: 0.1004
  Batch [18410/34966] - Loss: 0.1005
  Batch [18420/34966] - Loss: 0.1004
  Batch [18430/34966] - Loss: 0.1005
  Batch [18440/34966] - Loss: 0.1005
  Batch [18450/34966] - Loss: 0.1005
  Batch [18460/34966] - Loss: 0.1005
  Batch [18470/34966] - Loss: 0.1004
  Batch [18480/34966] - Loss: 0.1004
  Batch [18490/34966] - Loss: 0.1004
  Batch [18500/34966] - Loss: 0.1005
  Batch [18510/34966] - Loss: 0.1005
  Batch [18520/34966] - Loss: 0.1005
  Batch [18530/34966] - Loss: 0.1005
  Batch [18540/34966] - Loss: 0.1004
  Batch [18550/34966] - Loss: 0.1004
  Batch [18560/34966] - Loss: 0.1004
  Batch [18570/34966] - Loss: 0.1004
  Batch [18580/34966] - Loss: 0.1004
  Batch [18590/34966] - Loss: 0.1004
  Batch [18600/34966] - Loss: 0.1004
  Batch [18610/34966] - Loss: 0.1004
  Batch [18620/34966] - Loss: 0.1004
  Batch [18630/34966] - Loss: 0.1004
  Batch [18640/34966] - Loss: 0.1004
  Batch [18650/34966] - Loss: 0.1004
  Batch [18660/34966] - Loss: 0.1004
  Batch [18670/34966] - Loss: 0.1004
  Batch [18680/34966] - Loss: 0.1004
  Batch [18690/34966] - Loss: 0.1004
  Batch [18700/34966] - Loss: 0.1004
  Batch [18710/34966] - Loss: 0.1004
  Batch [18720/34966] - Loss: 0.1004
  Batch [18730/34966] - Loss: 0.1005
  Batch [18740/34966] - Loss: 0.1005
  Batch [18750/34966] - Loss: 0.1005
  Batch [18760/34966] - Loss: 0.1005
  Batch [18770/34966] - Loss: 0.1005
  Batch [18780/34966] - Loss: 0.1005
  Batch [18790/34966] - Loss: 0.1005
  Batch [18800/34966] - Loss: 0.1005
  Batch [18810/34966] - Loss: 0.1005
  Batch [18820/34966] - Loss: 0.1004
  Batch [18830/34966] - Loss: 0.1004
  Batch [18840/34966] - Loss: 0.1005
  Batch [18850/34966] - Loss: 0.1005
  Batch [18860/34966] - Loss: 0.1005
  Batch [18870/34966] - Loss: 0.1005
  Batch [18880/34966] - Loss: 0.1005
  Batch [18890/34966] - Loss: 0.1004
  Batch [18900/34966] - Loss: 0.1004
  Batch [18910/34966] - Loss: 0.1004
  Batch [18920/34966] - Loss: 0.1004
  Batch [18930/34966] - Loss: 0.1004
  Batch [18940/34966] - Loss: 0.1004
  Batch [18950/34966] - Loss: 0.1004
  Batch [18960/34966] - Loss: 0.1004
  Batch [18970/34966] - Loss: 0.1005
  Batch [18980/34966] - Loss: 0.1005
  Batch [18990/34966] - Loss: 0.1004
  Batch [19000/34966] - Loss: 0.1005
  Batch [19010/34966] - Loss: 0.1004
  Batch [19020/34966] - Loss: 0.1004
  Batch [19030/34966] - Loss: 0.1004
  Batch [19040/34966] - Loss: 0.1004
  Batch [19050/34966] - Loss: 0.1004
  Batch [19060/34966] - Loss: 0.1004
  Batch [19070/34966] - Loss: 0.1004
  Batch [19080/34966] - Loss: 0.1004
  Batch [19090/34966] - Loss: 0.1004
  Batch [19100/34966] - Loss: 0.1004
  Batch [19110/34966] - Loss: 0.1004
  Batch [19120/34966] - Loss: 0.1004
  Batch [19130/34966] - Loss: 0.1004
  Batch [19140/34966] - Loss: 0.1004
  Batch [19150/34966] - Loss: 0.1004
  Batch [19160/34966] - Loss: 0.1004
  Batch [19170/34966] - Loss: 0.1004
  Batch [19180/34966] - Loss: 0.1004
  Batch [19190/34966] - Loss: 0.1004
  Batch [19200/34966] - Loss: 0.1004
  Batch [19210/34966] - Loss: 0.1004
  Batch [19220/34966] - Loss: 0.1004
  Batch [19230/34966] - Loss: 0.1004
  Batch [19240/34966] - Loss: 0.1004
  Batch [19250/34966] - Loss: 0.1004
  Batch [19260/34966] - Loss: 0.1004
  Batch [19270/34966] - Loss: 0.1004
  Batch [19280/34966] - Loss: 0.1004
  Batch [19290/34966] - Loss: 0.1004
  Batch [19300/34966] - Loss: 0.1004
  Batch [19310/34966] - Loss: 0.1004
  Batch [19320/34966] - Loss: 0.1004
  Batch [19330/34966] - Loss: 0.1004
  Batch [19340/34966] - Loss: 0.1004
  Batch [19350/34966] - Loss: 0.1004
  Batch [19360/34966] - Loss: 0.1004
  Batch [19370/34966] - Loss: 0.1004
  Batch [19380/34966] - Loss: 0.1004
  Batch [19390/34966] - Loss: 0.1004
  Batch [19400/34966] - Loss: 0.1004
  Batch [19410/34966] - Loss: 0.1004
  Batch [19420/34966] - Loss: 0.1004
  Batch [19430/34966] - Loss: 0.1004
  Batch [19440/34966] - Loss: 0.1004
  Batch [19450/34966] - Loss: 0.1004
  Batch [19460/34966] - Loss: 0.1004
  Batch [19470/34966] - Loss: 0.1004
  Batch [19480/34966] - Loss: 0.1004
  Batch [19490/34966] - Loss: 0.1004
  Batch [19500/34966] - Loss: 0.1004
  Batch [19510/34966] - Loss: 0.1004
  Batch [19520/34966] - Loss: 0.1004
  Batch [19530/34966] - Loss: 0.1004
  Batch [19540/34966] - Loss: 0.1004
  Batch [19550/34966] - Loss: 0.1004
  Batch [19560/34966] - Loss: 0.1004
  Batch [19570/34966] - Loss: 0.1004
  Batch [19580/34966] - Loss: 0.1005
  Batch [19590/34966] - Loss: 0.1005
  Batch [19600/34966] - Loss: 0.1005
  Batch [19610/34966] - Loss: 0.1005
  Batch [19620/34966] - Loss: 0.1005
  Batch [19630/34966] - Loss: 0.1005
  Batch [19640/34966] - Loss: 0.1005
  Batch [19650/34966] - Loss: 0.1005
  Batch [19660/34966] - Loss: 0.1005
  Batch [19670/34966] - Loss: 0.1005
  Batch [19680/34966] - Loss: 0.1005
  Batch [19690/34966] - Loss: 0.1005
  Batch [19700/34966] - Loss: 0.1005
  Batch [19710/34966] - Loss: 0.1005
  Batch [19720/34966] - Loss: 0.1005
  Batch [19730/34966] - Loss: 0.1005
  Batch [19740/34966] - Loss: 0.1005
  Batch [19750/34966] - Loss: 0.1005
  Batch [19760/34966] - Loss: 0.1005
  Batch [19770/34966] - Loss: 0.1005
  Batch [19780/34966] - Loss: 0.1005
  Batch [19790/34966] - Loss: 0.1005
  Batch [19800/34966] - Loss: 0.1005
  Batch [19810/34966] - Loss: 0.1005
  Batch [19820/34966] - Loss: 0.1005
  Batch [19830/34966] - Loss: 0.1005
  Batch [19840/34966] - Loss: 0.1005
  Batch [19850/34966] - Loss: 0.1005
  Batch [19860/34966] - Loss: 0.1005
  Batch [19870/34966] - Loss: 0.1005
  Batch [19880/34966] - Loss: 0.1005
  Batch [19890/34966] - Loss: 0.1005
  Batch [19900/34966] - Loss: 0.1005
  Batch [19910/34966] - Loss: 0.1005
  Batch [19920/34966] - Loss: 0.1005
  Batch [19930/34966] - Loss: 0.1005
  Batch [19940/34966] - Loss: 0.1005
  Batch [19950/34966] - Loss: 0.1005
  Batch [19960/34966] - Loss: 0.1005
  Batch [19970/34966] - Loss: 0.1005
  Batch [19980/34966] - Loss: 0.1005
  Batch [19990/34966] - Loss: 0.1005
  Batch [20000/34966] - Loss: 0.1005
  Batch [20010/34966] - Loss: 0.1005
  Batch [20020/34966] - Loss: 0.1005
  Batch [20030/34966] - Loss: 0.1005
  Batch [20040/34966] - Loss: 0.1005
  Batch [20050/34966] - Loss: 0.1005
  Batch [20060/34966] - Loss: 0.1005
  Batch [20070/34966] - Loss: 0.1005
  Batch [20080/34966] - Loss: 0.1005
  Batch [20090/34966] - Loss: 0.1005
  Batch [20100/34966] - Loss: 0.1005
  Batch [20110/34966] - Loss: 0.1005
  Batch [20120/34966] - Loss: 0.1005
  Batch [20130/34966] - Loss: 0.1005
  Batch [20140/34966] - Loss: 0.1005
  Batch [20150/34966] - Loss: 0.1005
  Batch [20160/34966] - Loss: 0.1005
  Batch [20170/34966] - Loss: 0.1005
  Batch [20180/34966] - Loss: 0.1005
  Batch [20190/34966] - Loss: 0.1005
  Batch [20200/34966] - Loss: 0.1005
  Batch [20210/34966] - Loss: 0.1005
  Batch [20220/34966] - Loss: 0.1005
  Batch [20230/34966] - Loss: 0.1005
  Batch [20240/34966] - Loss: 0.1005
  Batch [20250/34966] - Loss: 0.1005
  Batch [20260/34966] - Loss: 0.1004
  Batch [20270/34966] - Loss: 0.1004
  Batch [20280/34966] - Loss: 0.1004
  Batch [20290/34966] - Loss: 0.1004
  Batch [20300/34966] - Loss: 0.1004
  Batch [20310/34966] - Loss: 0.1004
  Batch [20320/34966] - Loss: 0.1004
  Batch [20330/34966] - Loss: 0.1004
  Batch [20340/34966] - Loss: 0.1004
  Batch [20350/34966] - Loss: 0.1004
  Batch [20360/34966] - Loss: 0.1004
  Batch [20370/34966] - Loss: 0.1004
  Batch [20380/34966] - Loss: 0.1004
  Batch [20390/34966] - Loss: 0.1004
  Batch [20400/34966] - Loss: 0.1004
  Batch [20410/34966] - Loss: 0.1004
  Batch [20420/34966] - Loss: 0.1004
  Batch [20430/34966] - Loss: 0.1004
  Batch [20440/34966] - Loss: 0.1004
  Batch [20450/34966] - Loss: 0.1004
  Batch [20460/34966] - Loss: 0.1004
  Batch [20470/34966] - Loss: 0.1004
  Batch [20480/34966] - Loss: 0.1004
  Batch [20490/34966] - Loss: 0.1004
  Batch [20500/34966] - Loss: 0.1004
  Batch [20510/34966] - Loss: 0.1004
  Batch [20520/34966] - Loss: 0.1004
  Batch [20530/34966] - Loss: 0.1004
  Batch [20540/34966] - Loss: 0.1004
  Batch [20550/34966] - Loss: 0.1004
  Batch [20560/34966] - Loss: 0.1004
  Batch [20570/34966] - Loss: 0.1004
  Batch [20580/34966] - Loss: 0.1004
  Batch [20590/34966] - Loss: 0.1004
  Batch [20600/34966] - Loss: 0.1004
  Batch [20610/34966] - Loss: 0.1004
  Batch [20620/34966] - Loss: 0.1004
  Batch [20630/34966] - Loss: 0.1004
  Batch [20640/34966] - Loss: 0.1004
  Batch [20650/34966] - Loss: 0.1004
  Batch [20660/34966] - Loss: 0.1004
  Batch [20670/34966] - Loss: 0.1004
  Batch [20680/34966] - Loss: 0.1004
  Batch [20690/34966] - Loss: 0.1004
  Batch [20700/34966] - Loss: 0.1004
  Batch [20710/34966] - Loss: 0.1004
  Batch [20720/34966] - Loss: 0.1004
  Batch [20730/34966] - Loss: 0.1003
  Batch [20740/34966] - Loss: 0.1004
  Batch [20750/34966] - Loss: 0.1004
  Batch [20760/34966] - Loss: 0.1004
  Batch [20770/34966] - Loss: 0.1004
  Batch [20780/34966] - Loss: 0.1004
  Batch [20790/34966] - Loss: 0.1004
  Batch [20800/34966] - Loss: 0.1004
  Batch [20810/34966] - Loss: 0.1004
  Batch [20820/34966] - Loss: 0.1004
  Batch [20830/34966] - Loss: 0.1003
  Batch [20840/34966] - Loss: 0.1004
  Batch [20850/34966] - Loss: 0.1004
  Batch [20860/34966] - Loss: 0.1004
  Batch [20870/34966] - Loss: 0.1003
  Batch [20880/34966] - Loss: 0.1004
  Batch [20890/34966] - Loss: 0.1004
  Batch [20900/34966] - Loss: 0.1004
  Batch [20910/34966] - Loss: 0.1004
  Batch [20920/34966] - Loss: 0.1004
  Batch [20930/34966] - Loss: 0.1004
  Batch [20940/34966] - Loss: 0.1004
  Batch [20950/34966] - Loss: 0.1004
  Batch [20960/34966] - Loss: 0.1004
  Batch [20970/34966] - Loss: 0.1004
  Batch [20980/34966] - Loss: 0.1004
  Batch [20990/34966] - Loss: 0.1004
  Batch [21000/34966] - Loss: 0.1004
  Batch [21010/34966] - Loss: 0.1004
  Batch [21020/34966] - Loss: 0.1005
  Batch [21030/34966] - Loss: 0.1005
  Batch [21040/34966] - Loss: 0.1004
  Batch [21050/34966] - Loss: 0.1005
  Batch [21060/34966] - Loss: 0.1004
  Batch [21070/34966] - Loss: 0.1004
  Batch [21080/34966] - Loss: 0.1004
  Batch [21090/34966] - Loss: 0.1004
  Batch [21100/34966] - Loss: 0.1005
  Batch [21110/34966] - Loss: 0.1004
  Batch [21120/34966] - Loss: 0.1004
  Batch [21130/34966] - Loss: 0.1005
  Batch [21140/34966] - Loss: 0.1005
  Batch [21150/34966] - Loss: 0.1005
  Batch [21160/34966] - Loss: 0.1005
  Batch [21170/34966] - Loss: 0.1005
  Batch [21180/34966] - Loss: 0.1005
  Batch [21190/34966] - Loss: 0.1005
  Batch [21200/34966] - Loss: 0.1005
  Batch [21210/34966] - Loss: 0.1004
  Batch [21220/34966] - Loss: 0.1004
  Batch [21230/34966] - Loss: 0.1004
  Batch [21240/34966] - Loss: 0.1004
  Batch [21250/34966] - Loss: 0.1004
  Batch [21260/34966] - Loss: 0.1004
  Batch [21270/34966] - Loss: 0.1004
  Batch [21280/34966] - Loss: 0.1004
  Batch [21290/34966] - Loss: 0.1004
  Batch [21300/34966] - Loss: 0.1004
  Batch [21310/34966] - Loss: 0.1004
  Batch [21320/34966] - Loss: 0.1004
  Batch [21330/34966] - Loss: 0.1004
  Batch [21340/34966] - Loss: 0.1004
  Batch [21350/34966] - Loss: 0.1004
  Batch [21360/34966] - Loss: 0.1004
  Batch [21370/34966] - Loss: 0.1004
  Batch [21380/34966] - Loss: 0.1004
  Batch [21390/34966] - Loss: 0.1004
  Batch [21400/34966] - Loss: 0.1004
  Batch [21410/34966] - Loss: 0.1004
  Batch [21420/34966] - Loss: 0.1004
  Batch [21430/34966] - Loss: 0.1004
  Batch [21440/34966] - Loss: 0.1004
  Batch [21450/34966] - Loss: 0.1004
  Batch [21460/34966] - Loss: 0.1004
  Batch [21470/34966] - Loss: 0.1004
  Batch [21480/34966] - Loss: 0.1004
  Batch [21490/34966] - Loss: 0.1004
  Batch [21500/34966] - Loss: 0.1004
  Batch [21510/34966] - Loss: 0.1004
  Batch [21520/34966] - Loss: 0.1004
  Batch [21530/34966] - Loss: 0.1004
  Batch [21540/34966] - Loss: 0.1004
  Batch [21550/34966] - Loss: 0.1004
  Batch [21560/34966] - Loss: 0.1004
  Batch [21570/34966] - Loss: 0.1004
  Batch [21580/34966] - Loss: 0.1004
  Batch [21590/34966] - Loss: 0.1004
  Batch [21600/34966] - Loss: 0.1004
  Batch [21610/34966] - Loss: 0.1004
  Batch [21620/34966] - Loss: 0.1004
  Batch [21630/34966] - Loss: 0.1004
  Batch [21640/34966] - Loss: 0.1004
  Batch [21650/34966] - Loss: 0.1004
  Batch [21660/34966] - Loss: 0.1004
  Batch [21670/34966] - Loss: 0.1004
  Batch [21680/34966] - Loss: 0.1004
  Batch [21690/34966] - Loss: 0.1004
  Batch [21700/34966] - Loss: 0.1004
  Batch [21710/34966] - Loss: 0.1004
  Batch [21720/34966] - Loss: 0.1004
  Batch [21730/34966] - Loss: 0.1004
  Batch [21740/34966] - Loss: 0.1004
  Batch [21750/34966] - Loss: 0.1004
  Batch [21760/34966] - Loss: 0.1004
  Batch [21770/34966] - Loss: 0.1005
  Batch [21780/34966] - Loss: 0.1005
  Batch [21790/34966] - Loss: 0.1005
  Batch [21800/34966] - Loss: 0.1005
  Batch [21810/34966] - Loss: 0.1005
  Batch [21820/34966] - Loss: 0.1005
  Batch [21830/34966] - Loss: 0.1004
  Batch [21840/34966] - Loss: 0.1004
  Batch [21850/34966] - Loss: 0.1004
  Batch [21860/34966] - Loss: 0.1004
  Batch [21870/34966] - Loss: 0.1004
  Batch [21880/34966] - Loss: 0.1004
  Batch [21890/34966] - Loss: 0.1004
  Batch [21900/34966] - Loss: 0.1004
  Batch [21910/34966] - Loss: 0.1004
  Batch [21920/34966] - Loss: 0.1004
  Batch [21930/34966] - Loss: 0.1004
  Batch [21940/34966] - Loss: 0.1004
  Batch [21950/34966] - Loss: 0.1004
  Batch [21960/34966] - Loss: 0.1004
  Batch [21970/34966] - Loss: 0.1004
  Batch [21980/34966] - Loss: 0.1004
  Batch [21990/34966] - Loss: 0.1004
  Batch [22000/34966] - Loss: 0.1004
  Batch [22010/34966] - Loss: 0.1004
  Batch [22020/34966] - Loss: 0.1004
  Batch [22030/34966] - Loss: 0.1004
  Batch [22040/34966] - Loss: 0.1004
  Batch [22050/34966] - Loss: 0.1004
  Batch [22060/34966] - Loss: 0.1004
  Batch [22070/34966] - Loss: 0.1004
  Batch [22080/34966] - Loss: 0.1004
  Batch [22090/34966] - Loss: 0.1004
  Batch [22100/34966] - Loss: 0.1004
  Batch [22110/34966] - Loss: 0.1004
  Batch [22120/34966] - Loss: 0.1004
  Batch [22130/34966] - Loss: 0.1003
  Batch [22140/34966] - Loss: 0.1003
  Batch [22150/34966] - Loss: 0.1004
  Batch [22160/34966] - Loss: 0.1004
  Batch [22170/34966] - Loss: 0.1004
  Batch [22180/34966] - Loss: 0.1004
  Batch [22190/34966] - Loss: 0.1004
  Batch [22200/34966] - Loss: 0.1004
  Batch [22210/34966] - Loss: 0.1004
  Batch [22220/34966] - Loss: 0.1004
  Batch [22230/34966] - Loss: 0.1004
  Batch [22240/34966] - Loss: 0.1004
  Batch [22250/34966] - Loss: 0.1004
  Batch [22260/34966] - Loss: 0.1004
  Batch [22270/34966] - Loss: 0.1004
  Batch [22280/34966] - Loss: 0.1004
  Batch [22290/34966] - Loss: 0.1004
  Batch [22300/34966] - Loss: 0.1004
  Batch [22310/34966] - Loss: 0.1004
  Batch [22320/34966] - Loss: 0.1004
  Batch [22330/34966] - Loss: 0.1004
  Batch [22340/34966] - Loss: 0.1004
  Batch [22350/34966] - Loss: 0.1004
  Batch [22360/34966] - Loss: 0.1004
  Batch [22370/34966] - Loss: 0.1004
  Batch [22380/34966] - Loss: 0.1004
  Batch [22390/34966] - Loss: 0.1004
  Batch [22400/34966] - Loss: 0.1004
  Batch [22410/34966] - Loss: 0.1004
  Batch [22420/34966] - Loss: 0.1004
  Batch [22430/34966] - Loss: 0.1004
  Batch [22440/34966] - Loss: 0.1004
  Batch [22450/34966] - Loss: 0.1004
  Batch [22460/34966] - Loss: 0.1004
  Batch [22470/34966] - Loss: 0.1004
  Batch [22480/34966] - Loss: 0.1004
  Batch [22490/34966] - Loss: 0.1004
  Batch [22500/34966] - Loss: 0.1004
  Batch [22510/34966] - Loss: 0.1004
  Batch [22520/34966] - Loss: 0.1004
  Batch [22530/34966] - Loss: 0.1004
  Batch [22540/34966] - Loss: 0.1004
  Batch [22550/34966] - Loss: 0.1004
  Batch [22560/34966] - Loss: 0.1004
  Batch [22570/34966] - Loss: 0.1004
  Batch [22580/34966] - Loss: 0.1004
  Batch [22590/34966] - Loss: 0.1004
  Batch [22600/34966] - Loss: 0.1004
  Batch [22610/34966] - Loss: 0.1004
  Batch [22620/34966] - Loss: 0.1004
  Batch [22630/34966] - Loss: 0.1004
  Batch [22640/34966] - Loss: 0.1004
  Batch [22650/34966] - Loss: 0.1004
  Batch [22660/34966] - Loss: 0.1004
  Batch [22670/34966] - Loss: 0.1004
  Batch [22680/34966] - Loss: 0.1004
  Batch [22690/34966] - Loss: 0.1004
  Batch [22700/34966] - Loss: 0.1003
  Batch [22710/34966] - Loss: 0.1003
  Batch [22720/34966] - Loss: 0.1003
  Batch [22730/34966] - Loss: 0.1003
  Batch [22740/34966] - Loss: 0.1003
  Batch [22750/34966] - Loss: 0.1003
  Batch [22760/34966] - Loss: 0.1003
  Batch [22770/34966] - Loss: 0.1003
  Batch [22780/34966] - Loss: 0.1003
  Batch [22790/34966] - Loss: 0.1003
  Batch [22800/34966] - Loss: 0.1003
  Batch [22810/34966] - Loss: 0.1003
  Batch [22820/34966] - Loss: 0.1003
  Batch [22830/34966] - Loss: 0.1003
  Batch [22840/34966] - Loss: 0.1003
  Batch [22850/34966] - Loss: 0.1003
  Batch [22860/34966] - Loss: 0.1004
  Batch [22870/34966] - Loss: 0.1003
  Batch [22880/34966] - Loss: 0.1003
  Batch [22890/34966] - Loss: 0.1003
  Batch [22900/34966] - Loss: 0.1003
  Batch [22910/34966] - Loss: 0.1003
  Batch [22920/34966] - Loss: 0.1003
  Batch [22930/34966] - Loss: 0.1004
  Batch [22940/34966] - Loss: 0.1004
  Batch [22950/34966] - Loss: 0.1004
  Batch [22960/34966] - Loss: 0.1003
  Batch [22970/34966] - Loss: 0.1003
  Batch [22980/34966] - Loss: 0.1003
  Batch [22990/34966] - Loss: 0.1004
  Batch [23000/34966] - Loss: 0.1004
  Batch [23010/34966] - Loss: 0.1004
  Batch [23020/34966] - Loss: 0.1004
  Batch [23030/34966] - Loss: 0.1004
  Batch [23040/34966] - Loss: 0.1004
  Batch [23050/34966] - Loss: 0.1003
  Batch [23060/34966] - Loss: 0.1004
  Batch [23070/34966] - Loss: 0.1004
  Batch [23080/34966] - Loss: 0.1003
  Batch [23090/34966] - Loss: 0.1003
  Batch [23100/34966] - Loss: 0.1003
  Batch [23110/34966] - Loss: 0.1004
  Batch [23120/34966] - Loss: 0.1004
  Batch [23130/34966] - Loss: 0.1004
  Batch [23140/34966] - Loss: 0.1004
  Batch [23150/34966] - Loss: 0.1004
  Batch [23160/34966] - Loss: 0.1004
  Batch [23170/34966] - Loss: 0.1004
  Batch [23180/34966] - Loss: 0.1004
  Batch [23190/34966] - Loss: 0.1004
  Batch [23200/34966] - Loss: 0.1004
  Batch [23210/34966] - Loss: 0.1004
  Batch [23220/34966] - Loss: 0.1004
  Batch [23230/34966] - Loss: 0.1004
  Batch [23240/34966] - Loss: 0.1004
  Batch [23250/34966] - Loss: 0.1004
  Batch [23260/34966] - Loss: 0.1004
  Batch [23270/34966] - Loss: 0.1004
  Batch [23280/34966] - Loss: 0.1004
  Batch [23290/34966] - Loss: 0.1004
  Batch [23300/34966] - Loss: 0.1004
  Batch [23310/34966] - Loss: 0.1004
  Batch [23320/34966] - Loss: 0.1004
  Batch [23330/34966] - Loss: 0.1004
  Batch [23340/34966] - Loss: 0.1004
  Batch [23350/34966] - Loss: 0.1004
  Batch [23360/34966] - Loss: 0.1004
  Batch [23370/34966] - Loss: 0.1004
  Batch [23380/34966] - Loss: 0.1004
  Batch [23390/34966] - Loss: 0.1004
  Batch [23400/34966] - Loss: 0.1004
  Batch [23410/34966] - Loss: 0.1004
  Batch [23420/34966] - Loss: 0.1004
  Batch [23430/34966] - Loss: 0.1004
  Batch [23440/34966] - Loss: 0.1004
  Batch [23450/34966] - Loss: 0.1004
  Batch [23460/34966] - Loss: 0.1004
  Batch [23470/34966] - Loss: 0.1004
  Batch [23480/34966] - Loss: 0.1004
  Batch [23490/34966] - Loss: 0.1004
  Batch [23500/34966] - Loss: 0.1004
  Batch [23510/34966] - Loss: 0.1004
  Batch [23520/34966] - Loss: 0.1004
  Batch [23530/34966] - Loss: 0.1004
  Batch [23540/34966] - Loss: 0.1004
  Batch [23550/34966] - Loss: 0.1004
  Batch [23560/34966] - Loss: 0.1004
  Batch [23570/34966] - Loss: 0.1004
  Batch [23580/34966] - Loss: 0.1004
  Batch [23590/34966] - Loss: 0.1004
  Batch [23600/34966] - Loss: 0.1004
  Batch [23610/34966] - Loss: 0.1004
  Batch [23620/34966] - Loss: 0.1004
  Batch [23630/34966] - Loss: 0.1004
  Batch [23640/34966] - Loss: 0.1004
  Batch [23650/34966] - Loss: 0.1004
  Batch [23660/34966] - Loss: 0.1004
  Batch [23670/34966] - Loss: 0.1004
  Batch [23680/34966] - Loss: 0.1004
  Batch [23690/34966] - Loss: 0.1004
  Batch [23700/34966] - Loss: 0.1004
  Batch [23710/34966] - Loss: 0.1004
  Batch [23720/34966] - Loss: 0.1004
  Batch [23730/34966] - Loss: 0.1004
  Batch [23740/34966] - Loss: 0.1004
  Batch [23750/34966] - Loss: 0.1004
  Batch [23760/34966] - Loss: 0.1004
  Batch [23770/34966] - Loss: 0.1004
  Batch [23780/34966] - Loss: 0.1004
  Batch [23790/34966] - Loss: 0.1004
  Batch [23800/34966] - Loss: 0.1004
  Batch [23810/34966] - Loss: 0.1004
  Batch [23820/34966] - Loss: 0.1004
  Batch [23830/34966] - Loss: 0.1004
  Batch [23840/34966] - Loss: 0.1004
  Batch [23850/34966] - Loss: 0.1004
  Batch [23860/34966] - Loss: 0.1004
  Batch [23870/34966] - Loss: 0.1004
  Batch [23880/34966] - Loss: 0.1004
  Batch [23890/34966] - Loss: 0.1005
  Batch [23900/34966] - Loss: 0.1005
  Batch [23910/34966] - Loss: 0.1005
  Batch [23920/34966] - Loss: 0.1005
  Batch [23930/34966] - Loss: 0.1005
  Batch [23940/34966] - Loss: 0.1005
  Batch [23950/34966] - Loss: 0.1005
  Batch [23960/34966] - Loss: 0.1005
  Batch [23970/34966] - Loss: 0.1005
  Batch [23980/34966] - Loss: 0.1005
  Batch [23990/34966] - Loss: 0.1005
  Batch [24000/34966] - Loss: 0.1004
  Batch [24010/34966] - Loss: 0.1004
  Batch [24020/34966] - Loss: 0.1004
  Batch [24030/34966] - Loss: 0.1004
  Batch [24040/34966] - Loss: 0.1004
  Batch [24050/34966] - Loss: 0.1004
  Batch [24060/34966] - Loss: 0.1004
  Batch [24070/34966] - Loss: 0.1004
  Batch [24080/34966] - Loss: 0.1005
  Batch [24090/34966] - Loss: 0.1004
  Batch [24100/34966] - Loss: 0.1004
  Batch [24110/34966] - Loss: 0.1004
  Batch [24120/34966] - Loss: 0.1004
  Batch [24130/34966] - Loss: 0.1004
  Batch [24140/34966] - Loss: 0.1005
  Batch [24150/34966] - Loss: 0.1005
  Batch [24160/34966] - Loss: 0.1004
  Batch [24170/34966] - Loss: 0.1004
  Batch [24180/34966] - Loss: 0.1004
  Batch [24190/34966] - Loss: 0.1004
  Batch [24200/34966] - Loss: 0.1004
  Batch [24210/34966] - Loss: 0.1004
  Batch [24220/34966] - Loss: 0.1004
  Batch [24230/34966] - Loss: 0.1005
  Batch [24240/34966] - Loss: 0.1004
  Batch [24250/34966] - Loss: 0.1004
  Batch [24260/34966] - Loss: 0.1005
  Batch [24270/34966] - Loss: 0.1004
  Batch [24280/34966] - Loss: 0.1005
  Batch [24290/34966] - Loss: 0.1005
  Batch [24300/34966] - Loss: 0.1005
  Batch [24310/34966] - Loss: 0.1005
  Batch [24320/34966] - Loss: 0.1005
  Batch [24330/34966] - Loss: 0.1004
  Batch [24340/34966] - Loss: 0.1004
  Batch [24350/34966] - Loss: 0.1004
  Batch [24360/34966] - Loss: 0.1004
  Batch [24370/34966] - Loss: 0.1004
  Batch [24380/34966] - Loss: 0.1004
  Batch [24390/34966] - Loss: 0.1004
  Batch [24400/34966] - Loss: 0.1004
  Batch [24410/34966] - Loss: 0.1004
  Batch [24420/34966] - Loss: 0.1004
  Batch [24430/34966] - Loss: 0.1004
  Batch [24440/34966] - Loss: 0.1004
  Batch [24450/34966] - Loss: 0.1004
  Batch [24460/34966] - Loss: 0.1004
  Batch [24470/34966] - Loss: 0.1004
  Batch [24480/34966] - Loss: 0.1004
  Batch [24490/34966] - Loss: 0.1004
  Batch [24500/34966] - Loss: 0.1004
  Batch [24510/34966] - Loss: 0.1004
  Batch [24520/34966] - Loss: 0.1004
  Batch [24530/34966] - Loss: 0.1004
  Batch [24540/34966] - Loss: 0.1004
  Batch [24550/34966] - Loss: 0.1004
  Batch [24560/34966] - Loss: 0.1004
  Batch [24570/34966] - Loss: 0.1004
  Batch [24580/34966] - Loss: 0.1004
  Batch [24590/34966] - Loss: 0.1004
  Batch [24600/34966] - Loss: 0.1004
  Batch [24610/34966] - Loss: 0.1004
  Batch [24620/34966] - Loss: 0.1004
  Batch [24630/34966] - Loss: 0.1004
  Batch [24640/34966] - Loss: 0.1003
  Batch [24650/34966] - Loss: 0.1003
  Batch [24660/34966] - Loss: 0.1003
  Batch [24670/34966] - Loss: 0.1003
  Batch [24680/34966] - Loss: 0.1004
  Batch [24690/34966] - Loss: 0.1004
  Batch [24700/34966] - Loss: 0.1003
  Batch [24710/34966] - Loss: 0.1003
  Batch [24720/34966] - Loss: 0.1003
  Batch [24730/34966] - Loss: 0.1003
  Batch [24740/34966] - Loss: 0.1003
  Batch [24750/34966] - Loss: 0.1003
  Batch [24760/34966] - Loss: 0.1003
  Batch [24770/34966] - Loss: 0.1003
  Batch [24780/34966] - Loss: 0.1003
  Batch [24790/34966] - Loss: 0.1003
  Batch [24800/34966] - Loss: 0.1003
  Batch [24810/34966] - Loss: 0.1003
  Batch [24820/34966] - Loss: 0.1003
  Batch [24830/34966] - Loss: 0.1003
  Batch [24840/34966] - Loss: 0.1003
  Batch [24850/34966] - Loss: 0.1003
  Batch [24860/34966] - Loss: 0.1003
  Batch [24870/34966] - Loss: 0.1003
  Batch [24880/34966] - Loss: 0.1003
  Batch [24890/34966] - Loss: 0.1003
  Batch [24900/34966] - Loss: 0.1003
  Batch [24910/34966] - Loss: 0.1003
  Batch [24920/34966] - Loss: 0.1003
  Batch [24930/34966] - Loss: 0.1003
  Batch [24940/34966] - Loss: 0.1003
  Batch [24950/34966] - Loss: 0.1003
  Batch [24960/34966] - Loss: 0.1003
  Batch [24970/34966] - Loss: 0.1003
  Batch [24980/34966] - Loss: 0.1003
  Batch [24990/34966] - Loss: 0.1003
  Batch [25000/34966] - Loss: 0.1003
  Batch [25010/34966] - Loss: 0.1003
  Batch [25020/34966] - Loss: 0.1003
  Batch [25030/34966] - Loss: 0.1003
  Batch [25040/34966] - Loss: 0.1003
  Batch [25050/34966] - Loss: 0.1003
  Batch [25060/34966] - Loss: 0.1003
  Batch [25070/34966] - Loss: 0.1003
  Batch [25080/34966] - Loss: 0.1003
  Batch [25090/34966] - Loss: 0.1003
  Batch [25100/34966] - Loss: 0.1004
  Batch [25110/34966] - Loss: 0.1003
  Batch [25120/34966] - Loss: 0.1004
  Batch [25130/34966] - Loss: 0.1004
  Batch [25140/34966] - Loss: 0.1004
  Batch [25150/34966] - Loss: 0.1003
  Batch [25160/34966] - Loss: 0.1004
  Batch [25170/34966] - Loss: 0.1004
  Batch [25180/34966] - Loss: 0.1003
  Batch [25190/34966] - Loss: 0.1004
  Batch [25200/34966] - Loss: 0.1003
  Batch [25210/34966] - Loss: 0.1004
  Batch [25220/34966] - Loss: 0.1004
  Batch [25230/34966] - Loss: 0.1004
  Batch [25240/34966] - Loss: 0.1003
  Batch [25250/34966] - Loss: 0.1003
  Batch [25260/34966] - Loss: 0.1003
  Batch [25270/34966] - Loss: 0.1004
  Batch [25280/34966] - Loss: 0.1003
  Batch [25290/34966] - Loss: 0.1003
  Batch [25300/34966] - Loss: 0.1003
  Batch [25310/34966] - Loss: 0.1003
  Batch [25320/34966] - Loss: 0.1003
  Batch [25330/34966] - Loss: 0.1003
  Batch [25340/34966] - Loss: 0.1003
  Batch [25350/34966] - Loss: 0.1003
  Batch [25360/34966] - Loss: 0.1003
  Batch [25370/34966] - Loss: 0.1003
  Batch [25380/34966] - Loss: 0.1003
  Batch [25390/34966] - Loss: 0.1003
  Batch [25400/34966] - Loss: 0.1003
  Batch [25410/34966] - Loss: 0.1003
  Batch [25420/34966] - Loss: 0.1003
  Batch [25430/34966] - Loss: 0.1003
  Batch [25440/34966] - Loss: 0.1003
  Batch [25450/34966] - Loss: 0.1003
  Batch [25460/34966] - Loss: 0.1003
  Batch [25470/34966] - Loss: 0.1003
  Batch [25480/34966] - Loss: 0.1003
  Batch [25490/34966] - Loss: 0.1003
  Batch [25500/34966] - Loss: 0.1003
  Batch [25510/34966] - Loss: 0.1003
  Batch [25520/34966] - Loss: 0.1003
  Batch [25530/34966] - Loss: 0.1003
  Batch [25540/34966] - Loss: 0.1003
  Batch [25550/34966] - Loss: 0.1003
  Batch [25560/34966] - Loss: 0.1003
  Batch [25570/34966] - Loss: 0.1003
  Batch [25580/34966] - Loss: 0.1003
  Batch [25590/34966] - Loss: 0.1003
  Batch [25600/34966] - Loss: 0.1003
  Batch [25610/34966] - Loss: 0.1003
  Batch [25620/34966] - Loss: 0.1004
  Batch [25630/34966] - Loss: 0.1004
  Batch [25640/34966] - Loss: 0.1003
  Batch [25650/34966] - Loss: 0.1003
  Batch [25660/34966] - Loss: 0.1003
  Batch [25670/34966] - Loss: 0.1003
  Batch [25680/34966] - Loss: 0.1003
  Batch [25690/34966] - Loss: 0.1003
  Batch [25700/34966] - Loss: 0.1003
  Batch [25710/34966] - Loss: 0.1003
  Batch [25720/34966] - Loss: 0.1003
  Batch [25730/34966] - Loss: 0.1003
  Batch [25740/34966] - Loss: 0.1003
  Batch [25750/34966] - Loss: 0.1003
  Batch [25760/34966] - Loss: 0.1003
  Batch [25770/34966] - Loss: 0.1003
  Batch [25780/34966] - Loss: 0.1003
  Batch [25790/34966] - Loss: 0.1003
  Batch [25800/34966] - Loss: 0.1003
  Batch [25810/34966] - Loss: 0.1003
  Batch [25820/34966] - Loss: 0.1003
  Batch [25830/34966] - Loss: 0.1004
  Batch [25840/34966] - Loss: 0.1004
  Batch [25850/34966] - Loss: 0.1004
  Batch [25860/34966] - Loss: 0.1004
  Batch [25870/34966] - Loss: 0.1004
  Batch [25880/34966] - Loss: 0.1004
  Batch [25890/34966] - Loss: 0.1004
  Batch [25900/34966] - Loss: 0.1004
  Batch [25910/34966] - Loss: 0.1004
  Batch [25920/34966] - Loss: 0.1004
  Batch [25930/34966] - Loss: 0.1004
  Batch [25940/34966] - Loss: 0.1004
  Batch [25950/34966] - Loss: 0.1004
  Batch [25960/34966] - Loss: 0.1004
  Batch [25970/34966] - Loss: 0.1004
  Batch [25980/34966] - Loss: 0.1004
  Batch [25990/34966] - Loss: 0.1004
  Batch [26000/34966] - Loss: 0.1004
  Batch [26010/34966] - Loss: 0.1003
  Batch [26020/34966] - Loss: 0.1004
  Batch [26030/34966] - Loss: 0.1004
  Batch [26040/34966] - Loss: 0.1004
  Batch [26050/34966] - Loss: 0.1004
  Batch [26060/34966] - Loss: 0.1004
  Batch [26070/34966] - Loss: 0.1004
  Batch [26080/34966] - Loss: 0.1004
  Batch [26090/34966] - Loss: 0.1004
  Batch [26100/34966] - Loss: 0.1004
  Batch [26110/34966] - Loss: 0.1004
  Batch [26120/34966] - Loss: 0.1004
  Batch [26130/34966] - Loss: 0.1004
  Batch [26140/34966] - Loss: 0.1004
  Batch [26150/34966] - Loss: 0.1005
  Batch [26160/34966] - Loss: 0.1004
  Batch [26170/34966] - Loss: 0.1005
  Batch [26180/34966] - Loss: 0.1005
  Batch [26190/34966] - Loss: 0.1004
  Batch [26200/34966] - Loss: 0.1004
  Batch [26210/34966] - Loss: 0.1004
  Batch [26220/34966] - Loss: 0.1004
  Batch [26230/34966] - Loss: 0.1004
  Batch [26240/34966] - Loss: 0.1004
  Batch [26250/34966] - Loss: 0.1004
  Batch [26260/34966] - Loss: 0.1004
  Batch [26270/34966] - Loss: 0.1004
  Batch [26280/34966] - Loss: 0.1004
  Batch [26290/34966] - Loss: 0.1004
  Batch [26300/34966] - Loss: 0.1004
  Batch [26310/34966] - Loss: 0.1004
  Batch [26320/34966] - Loss: 0.1004
  Batch [26330/34966] - Loss: 0.1004
  Batch [26340/34966] - Loss: 0.1004
  Batch [26350/34966] - Loss: 0.1004
  Batch [26360/34966] - Loss: 0.1004
  Batch [26370/34966] - Loss: 0.1004
  Batch [26380/34966] - Loss: 0.1004
  Batch [26390/34966] - Loss: 0.1004
  Batch [26400/34966] - Loss: 0.1004
  Batch [26410/34966] - Loss: 0.1004
  Batch [26420/34966] - Loss: 0.1004
  Batch [26430/34966] - Loss: 0.1004
  Batch [26440/34966] - Loss: 0.1004
  Batch [26450/34966] - Loss: 0.1004
  Batch [26460/34966] - Loss: 0.1004
  Batch [26470/34966] - Loss: 0.1004
  Batch [26480/34966] - Loss: 0.1004
  Batch [26490/34966] - Loss: 0.1004
  Batch [26500/34966] - Loss: 0.1004
  Batch [26510/34966] - Loss: 0.1004
  Batch [26520/34966] - Loss: 0.1004
  Batch [26530/34966] - Loss: 0.1004
  Batch [26540/34966] - Loss: 0.1004
  Batch [26550/34966] - Loss: 0.1004
  Batch [26560/34966] - Loss: 0.1004
  Batch [26570/34966] - Loss: 0.1004
  Batch [26580/34966] - Loss: 0.1004
  Batch [26590/34966] - Loss: 0.1004
  Batch [26600/34966] - Loss: 0.1004
  Batch [26610/34966] - Loss: 0.1004
  Batch [26620/34966] - Loss: 0.1004
  Batch [26630/34966] - Loss: 0.1004
  Batch [26640/34966] - Loss: 0.1004
  Batch [26650/34966] - Loss: 0.1004
  Batch [26660/34966] - Loss: 0.1004
  Batch [26670/34966] - Loss: 0.1004
  Batch [26680/34966] - Loss: 0.1004
  Batch [26690/34966] - Loss: 0.1004
  Batch [26700/34966] - Loss: 0.1004
  Batch [26710/34966] - Loss: 0.1004
  Batch [26720/34966] - Loss: 0.1004
  Batch [26730/34966] - Loss: 0.1004
  Batch [26740/34966] - Loss: 0.1004
  Batch [26750/34966] - Loss: 0.1004
  Batch [26760/34966] - Loss: 0.1004
  Batch [26770/34966] - Loss: 0.1004
  Batch [26780/34966] - Loss: 0.1004
  Batch [26790/34966] - Loss: 0.1005
  Batch [26800/34966] - Loss: 0.1005
  Batch [26810/34966] - Loss: 0.1005
  Batch [26820/34966] - Loss: 0.1005
  Batch [26830/34966] - Loss: 0.1005
  Batch [26840/34966] - Loss: 0.1005
  Batch [26850/34966] - Loss: 0.1005
  Batch [26860/34966] - Loss: 0.1005
  Batch [26870/34966] - Loss: 0.1005
  Batch [26880/34966] - Loss: 0.1005
  Batch [26890/34966] - Loss: 0.1005
  Batch [26900/34966] - Loss: 0.1005
  Batch [26910/34966] - Loss: 0.1005
  Batch [26920/34966] - Loss: 0.1005
  Batch [26930/34966] - Loss: 0.1005
  Batch [26940/34966] - Loss: 0.1005
  Batch [26950/34966] - Loss: 0.1005
  Batch [26960/34966] - Loss: 0.1005
  Batch [26970/34966] - Loss: 0.1005
  Batch [26980/34966] - Loss: 0.1005
  Batch [26990/34966] - Loss: 0.1005
  Batch [27000/34966] - Loss: 0.1005
  Batch [27010/34966] - Loss: 0.1005
  Batch [27020/34966] - Loss: 0.1005
  Batch [27030/34966] - Loss: 0.1005
  Batch [27040/34966] - Loss: 0.1004
  Batch [27050/34966] - Loss: 0.1004
  Batch [27060/34966] - Loss: 0.1005
  Batch [27070/34966] - Loss: 0.1005
  Batch [27080/34966] - Loss: 0.1005
  Batch [27090/34966] - Loss: 0.1004
  Batch [27100/34966] - Loss: 0.1005
  Batch [27110/34966] - Loss: 0.1004
  Batch [27120/34966] - Loss: 0.1004
  Batch [27130/34966] - Loss: 0.1004
  Batch [27140/34966] - Loss: 0.1004
  Batch [27150/34966] - Loss: 0.1004
  Batch [27160/34966] - Loss: 0.1004
  Batch [27170/34966] - Loss: 0.1004
  Batch [27180/34966] - Loss: 0.1004
  Batch [27190/34966] - Loss: 0.1004
  Batch [27200/34966] - Loss: 0.1004
  Batch [27210/34966] - Loss: 0.1004
  Batch [27220/34966] - Loss: 0.1004
  Batch [27230/34966] - Loss: 0.1004
  Batch [27240/34966] - Loss: 0.1004
  Batch [27250/34966] - Loss: 0.1004
  Batch [27260/34966] - Loss: 0.1004
  Batch [27270/34966] - Loss: 0.1004
  Batch [27280/34966] - Loss: 0.1004
  Batch [27290/34966] - Loss: 0.1004
  Batch [27300/34966] - Loss: 0.1004
  Batch [27310/34966] - Loss: 0.1004
  Batch [27320/34966] - Loss: 0.1004
  Batch [27330/34966] - Loss: 0.1004
  Batch [27340/34966] - Loss: 0.1004
  Batch [27350/34966] - Loss: 0.1004
  Batch [27360/34966] - Loss: 0.1004
  Batch [27370/34966] - Loss: 0.1004
  Batch [27380/34966] - Loss: 0.1004
  Batch [27390/34966] - Loss: 0.1004
  Batch [27400/34966] - Loss: 0.1004
  Batch [27410/34966] - Loss: 0.1004
  Batch [27420/34966] - Loss: 0.1004
  Batch [27430/34966] - Loss: 0.1004
  Batch [27440/34966] - Loss: 0.1004
  Batch [27450/34966] - Loss: 0.1004
  Batch [27460/34966] - Loss: 0.1004
  Batch [27470/34966] - Loss: 0.1004
  Batch [27480/34966] - Loss: 0.1004
  Batch [27490/34966] - Loss: 0.1004
  Batch [27500/34966] - Loss: 0.1004
  Batch [27510/34966] - Loss: 0.1004
  Batch [27520/34966] - Loss: 0.1004
  Batch [27530/34966] - Loss: 0.1004
  Batch [27540/34966] - Loss: 0.1004
  Batch [27550/34966] - Loss: 0.1004
  Batch [27560/34966] - Loss: 0.1004
  Batch [27570/34966] - Loss: 0.1004
  Batch [27580/34966] - Loss: 0.1004
  Batch [27590/34966] - Loss: 0.1004
  Batch [27600/34966] - Loss: 0.1004
  Batch [27610/34966] - Loss: 0.1004
  Batch [27620/34966] - Loss: 0.1004
  Batch [27630/34966] - Loss: 0.1004
  Batch [27640/34966] - Loss: 0.1004
  Batch [27650/34966] - Loss: 0.1004
  Batch [27660/34966] - Loss: 0.1004
  Batch [27670/34966] - Loss: 0.1004
  Batch [27680/34966] - Loss: 0.1004
  Batch [27690/34966] - Loss: 0.1004
  Batch [27700/34966] - Loss: 0.1004
  Batch [27710/34966] - Loss: 0.1004
  Batch [27720/34966] - Loss: 0.1004
  Batch [27730/34966] - Loss: 0.1004
  Batch [27740/34966] - Loss: 0.1004
  Batch [27750/34966] - Loss: 0.1004
  Batch [27760/34966] - Loss: 0.1004
  Batch [27770/34966] - Loss: 0.1004
  Batch [27780/34966] - Loss: 0.1004
  Batch [27790/34966] - Loss: 0.1004
  Batch [27800/34966] - Loss: 0.1004
  Batch [27810/34966] - Loss: 0.1004
  Batch [27820/34966] - Loss: 0.1004
  Batch [27830/34966] - Loss: 0.1004
  Batch [27840/34966] - Loss: 0.1004
  Batch [27850/34966] - Loss: 0.1004
  Batch [27860/34966] - Loss: 0.1004
  Batch [27870/34966] - Loss: 0.1004
  Batch [27880/34966] - Loss: 0.1004
  Batch [27890/34966] - Loss: 0.1004
  Batch [27900/34966] - Loss: 0.1004
  Batch [27910/34966] - Loss: 0.1004
  Batch [27920/34966] - Loss: 0.1004
  Batch [27930/34966] - Loss: 0.1004
  Batch [27940/34966] - Loss: 0.1004
  Batch [27950/34966] - Loss: 0.1004
  Batch [27960/34966] - Loss: 0.1004
  Batch [27970/34966] - Loss: 0.1004
  Batch [27980/34966] - Loss: 0.1004
  Batch [27990/34966] - Loss: 0.1004
  Batch [28000/34966] - Loss: 0.1004
  Batch [28010/34966] - Loss: 0.1004
  Batch [28020/34966] - Loss: 0.1004
  Batch [28030/34966] - Loss: 0.1004
  Batch [28040/34966] - Loss: 0.1004
  Batch [28050/34966] - Loss: 0.1004
  Batch [28060/34966] - Loss: 0.1004
  Batch [28070/34966] - Loss: 0.1004
  Batch [28080/34966] - Loss: 0.1004
  Batch [28090/34966] - Loss: 0.1004
  Batch [28100/34966] - Loss: 0.1004
  Batch [28110/34966] - Loss: 0.1004
  Batch [28120/34966] - Loss: 0.1004
  Batch [28130/34966] - Loss: 0.1004
  Batch [28140/34966] - Loss: 0.1004
  Batch [28150/34966] - Loss: 0.1004
  Batch [28160/34966] - Loss: 0.1004
  Batch [28170/34966] - Loss: 0.1004
  Batch [28180/34966] - Loss: 0.1004
  Batch [28190/34966] - Loss: 0.1004
  Batch [28200/34966] - Loss: 0.1004
  Batch [28210/34966] - Loss: 0.1004
  Batch [28220/34966] - Loss: 0.1004
  Batch [28230/34966] - Loss: 0.1004
  Batch [28240/34966] - Loss: 0.1004
  Batch [28250/34966] - Loss: 0.1004
  Batch [28260/34966] - Loss: 0.1004
  Batch [28270/34966] - Loss: 0.1004
  Batch [28280/34966] - Loss: 0.1004
  Batch [28290/34966] - Loss: 0.1004
  Batch [28300/34966] - Loss: 0.1004
  Batch [28310/34966] - Loss: 0.1004
  Batch [28320/34966] - Loss: 0.1004
  Batch [28330/34966] - Loss: 0.1004
  Batch [28340/34966] - Loss: 0.1004
  Batch [28350/34966] - Loss: 0.1005
  Batch [28360/34966] - Loss: 0.1004
  Batch [28370/34966] - Loss: 0.1004
  Batch [28380/34966] - Loss: 0.1004
  Batch [28390/34966] - Loss: 0.1004
  Batch [28400/34966] - Loss: 0.1004
  Batch [28410/34966] - Loss: 0.1004
  Batch [28420/34966] - Loss: 0.1004
  Batch [28430/34966] - Loss: 0.1004
  Batch [28440/34966] - Loss: 0.1004
  Batch [28450/34966] - Loss: 0.1004
  Batch [28460/34966] - Loss: 0.1004
  Batch [28470/34966] - Loss: 0.1004
  Batch [28480/34966] - Loss: 0.1004
  Batch [28490/34966] - Loss: 0.1004
  Batch [28500/34966] - Loss: 0.1004
  Batch [28510/34966] - Loss: 0.1004
  Batch [28520/34966] - Loss: 0.1004
  Batch [28530/34966] - Loss: 0.1004
  Batch [28540/34966] - Loss: 0.1004
  Batch [28550/34966] - Loss: 0.1004
  Batch [28560/34966] - Loss: 0.1004
  Batch [28570/34966] - Loss: 0.1004
  Batch [28580/34966] - Loss: 0.1004
  Batch [28590/34966] - Loss: 0.1004
  Batch [28600/34966] - Loss: 0.1004
  Batch [28610/34966] - Loss: 0.1004
  Batch [28620/34966] - Loss: 0.1004
  Batch [28630/34966] - Loss: 0.1004
  Batch [28640/34966] - Loss: 0.1004
  Batch [28650/34966] - Loss: 0.1004
  Batch [28660/34966] - Loss: 0.1004
  Batch [28670/34966] - Loss: 0.1004
  Batch [28680/34966] - Loss: 0.1004
  Batch [28690/34966] - Loss: 0.1004
  Batch [28700/34966] - Loss: 0.1004
  Batch [28710/34966] - Loss: 0.1004
  Batch [28720/34966] - Loss: 0.1004
  Batch [28730/34966] - Loss: 0.1004
  Batch [28740/34966] - Loss: 0.1004
  Batch [28750/34966] - Loss: 0.1004
  Batch [28760/34966] - Loss: 0.1004
  Batch [28770/34966] - Loss: 0.1004
  Batch [28780/34966] - Loss: 0.1004
  Batch [28790/34966] - Loss: 0.1004
  Batch [28800/34966] - Loss: 0.1004
  Batch [28810/34966] - Loss: 0.1004
  Batch [28820/34966] - Loss: 0.1004
  Batch [28830/34966] - Loss: 0.1004
  Batch [28840/34966] - Loss: 0.1004
  Batch [28850/34966] - Loss: 0.1004
  Batch [28860/34966] - Loss: 0.1004
  Batch [28870/34966] - Loss: 0.1004
  Batch [28880/34966] - Loss: 0.1004
  Batch [28890/34966] - Loss: 0.1004
  Batch [28900/34966] - Loss: 0.1004
  Batch [28910/34966] - Loss: 0.1004
  Batch [28920/34966] - Loss: 0.1004
  Batch [28930/34966] - Loss: 0.1004
  Batch [28940/34966] - Loss: 0.1004
  Batch [28950/34966] - Loss: 0.1004
  Batch [28960/34966] - Loss: 0.1004
  Batch [28970/34966] - Loss: 0.1004
  Batch [28980/34966] - Loss: 0.1004
  Batch [28990/34966] - Loss: 0.1004
  Batch [29000/34966] - Loss: 0.1004
  Batch [29010/34966] - Loss: 0.1004
  Batch [29020/34966] - Loss: 0.1003
  Batch [29030/34966] - Loss: 0.1003
  Batch [29040/34966] - Loss: 0.1003
  Batch [29050/34966] - Loss: 0.1003
  Batch [29060/34966] - Loss: 0.1003
  Batch [29070/34966] - Loss: 0.1003
  Batch [29080/34966] - Loss: 0.1003
  Batch [29090/34966] - Loss: 0.1003
  Batch [29100/34966] - Loss: 0.1004
  Batch [29110/34966] - Loss: 0.1003
  Batch [29120/34966] - Loss: 0.1004
  Batch [29130/34966] - Loss: 0.1004
  Batch [29140/34966] - Loss: 0.1004
  Batch [29150/34966] - Loss: 0.1003
  Batch [29160/34966] - Loss: 0.1004
  Batch [29170/34966] - Loss: 0.1004
  Batch [29180/34966] - Loss: 0.1004
  Batch [29190/34966] - Loss: 0.1004
  Batch [29200/34966] - Loss: 0.1004
  Batch [29210/34966] - Loss: 0.1004
  Batch [29220/34966] - Loss: 0.1004
  Batch [29230/34966] - Loss: 0.1004
  Batch [29240/34966] - Loss: 0.1004
  Batch [29250/34966] - Loss: 0.1004
  Batch [29260/34966] - Loss: 0.1004
  Batch [29270/34966] - Loss: 0.1004
  Batch [29280/34966] - Loss: 0.1003
  Batch [29290/34966] - Loss: 0.1004
  Batch [29300/34966] - Loss: 0.1004
  Batch [29310/34966] - Loss: 0.1004
  Batch [29320/34966] - Loss: 0.1004
  Batch [29330/34966] - Loss: 0.1004
  Batch [29340/34966] - Loss: 0.1004
  Batch [29350/34966] - Loss: 0.1004
  Batch [29360/34966] - Loss: 0.1004
  Batch [29370/34966] - Loss: 0.1004
  Batch [29380/34966] - Loss: 0.1004
  Batch [29390/34966] - Loss: 0.1004
  Batch [29400/34966] - Loss: 0.1004
  Batch [29410/34966] - Loss: 0.1003
  Batch [29420/34966] - Loss: 0.1003
  Batch [29430/34966] - Loss: 0.1003
  Batch [29440/34966] - Loss: 0.1003
  Batch [29450/34966] - Loss: 0.1003
  Batch [29460/34966] - Loss: 0.1003
  Batch [29470/34966] - Loss: 0.1003
  Batch [29480/34966] - Loss: 0.1003
  Batch [29490/34966] - Loss: 0.1003
  Batch [29500/34966] - Loss: 0.1003
  Batch [29510/34966] - Loss: 0.1003
  Batch [29520/34966] - Loss: 0.1003
  Batch [29530/34966] - Loss: 0.1003
  Batch [29540/34966] - Loss: 0.1003
  Batch [29550/34966] - Loss: 0.1003
  Batch [29560/34966] - Loss: 0.1003
  Batch [29570/34966] - Loss: 0.1003
  Batch [29580/34966] - Loss: 0.1003
  Batch [29590/34966] - Loss: 0.1003
  Batch [29600/34966] - Loss: 0.1003
  Batch [29610/34966] - Loss: 0.1003
  Batch [29620/34966] - Loss: 0.1003
  Batch [29630/34966] - Loss: 0.1003
  Batch [29640/34966] - Loss: 0.1003
  Batch [29650/34966] - Loss: 0.1003
  Batch [29660/34966] - Loss: 0.1003
  Batch [29670/34966] - Loss: 0.1003
  Batch [29680/34966] - Loss: 0.1003
  Batch [29690/34966] - Loss: 0.1004
  Batch [29700/34966] - Loss: 0.1004
  Batch [29710/34966] - Loss: 0.1003
  Batch [29720/34966] - Loss: 0.1003
  Batch [29730/34966] - Loss: 0.1004
  Batch [29740/34966] - Loss: 0.1004
  Batch [29750/34966] - Loss: 0.1004
  Batch [29760/34966] - Loss: 0.1004
  Batch [29770/34966] - Loss: 0.1003
  Batch [29780/34966] - Loss: 0.1003
  Batch [29790/34966] - Loss: 0.1003
  Batch [29800/34966] - Loss: 0.1003
  Batch [29810/34966] - Loss: 0.1003
  Batch [29820/34966] - Loss: 0.1003
  Batch [29830/34966] - Loss: 0.1003
  Batch [29840/34966] - Loss: 0.1003
  Batch [29850/34966] - Loss: 0.1003
  Batch [29860/34966] - Loss: 0.1003
  Batch [29870/34966] - Loss: 0.1003
  Batch [29880/34966] - Loss: 0.1003
  Batch [29890/34966] - Loss: 0.1003
  Batch [29900/34966] - Loss: 0.1003
  Batch [29910/34966] - Loss: 0.1003
  Batch [29920/34966] - Loss: 0.1003
  Batch [29930/34966] - Loss: 0.1003
  Batch [29940/34966] - Loss: 0.1003
  Batch [29950/34966] - Loss: 0.1003
  Batch [29960/34966] - Loss: 0.1003
  Batch [29970/34966] - Loss: 0.1003
  Batch [29980/34966] - Loss: 0.1003
  Batch [29990/34966] - Loss: 0.1003
  Batch [30000/34966] - Loss: 0.1003
  Batch [30010/34966] - Loss: 0.1003
  Batch [30020/34966] - Loss: 0.1003
  Batch [30030/34966] - Loss: 0.1003
  Batch [30040/34966] - Loss: 0.1003
  Batch [30050/34966] - Loss: 0.1003
  Batch [30060/34966] - Loss: 0.1003
  Batch [30070/34966] - Loss: 0.1003
  Batch [30080/34966] - Loss: 0.1003
  Batch [30090/34966] - Loss: 0.1003
  Batch [30100/34966] - Loss: 0.1003
  Batch [30110/34966] - Loss: 0.1003
  Batch [30120/34966] - Loss: 0.1003
  Batch [30130/34966] - Loss: 0.1003
  Batch [30140/34966] - Loss: 0.1003
  Batch [30150/34966] - Loss: 0.1003
  Batch [30160/34966] - Loss: 0.1003
  Batch [30170/34966] - Loss: 0.1003
  Batch [30180/34966] - Loss: 0.1003
  Batch [30190/34966] - Loss: 0.1003
  Batch [30200/34966] - Loss: 0.1003
  Batch [30210/34966] - Loss: 0.1003
  Batch [30220/34966] - Loss: 0.1003
  Batch [30230/34966] - Loss: 0.1002
  Batch [30240/34966] - Loss: 0.1002
  Batch [30250/34966] - Loss: 0.1002
  Batch [30260/34966] - Loss: 0.1002
  Batch [30270/34966] - Loss: 0.1002
  Batch [30280/34966] - Loss: 0.1002
  Batch [30290/34966] - Loss: 0.1002
  Batch [30300/34966] - Loss: 0.1002
  Batch [30310/34966] - Loss: 0.1002
  Batch [30320/34966] - Loss: 0.1002
  Batch [30330/34966] - Loss: 0.1002
  Batch [30340/34966] - Loss: 0.1002
  Batch [30350/34966] - Loss: 0.1002
  Batch [30360/34966] - Loss: 0.1002
  Batch [30370/34966] - Loss: 0.1002
  Batch [30380/34966] - Loss: 0.1002
  Batch [30390/34966] - Loss: 0.1002
  Batch [30400/34966] - Loss: 0.1002
  Batch [30410/34966] - Loss: 0.1002
  Batch [30420/34966] - Loss: 0.1002
  Batch [30430/34966] - Loss: 0.1002
  Batch [30440/34966] - Loss: 0.1002
  Batch [30450/34966] - Loss: 0.1002
  Batch [30460/34966] - Loss: 0.1002
  Batch [30470/34966] - Loss: 0.1002
  Batch [30480/34966] - Loss: 0.1002
  Batch [30490/34966] - Loss: 0.1002
  Batch [30500/34966] - Loss: 0.1002
  Batch [30510/34966] - Loss: 0.1002
  Batch [30520/34966] - Loss: 0.1002
  Batch [30530/34966] - Loss: 0.1002
  Batch [30540/34966] - Loss: 0.1002
  Batch [30550/34966] - Loss: 0.1002
  Batch [30560/34966] - Loss: 0.1002
  Batch [30570/34966] - Loss: 0.1002
  Batch [30580/34966] - Loss: 0.1002
  Batch [30590/34966] - Loss: 0.1002
  Batch [30600/34966] - Loss: 0.1002
  Batch [30610/34966] - Loss: 0.1002
  Batch [30620/34966] - Loss: 0.1002
  Batch [30630/34966] - Loss: 0.1002
  Batch [30640/34966] - Loss: 0.1002
  Batch [30650/34966] - Loss: 0.1002
  Batch [30660/34966] - Loss: 0.1002
  Batch [30670/34966] - Loss: 0.1002
  Batch [30680/34966] - Loss: 0.1002
  Batch [30690/34966] - Loss: 0.1002
  Batch [30700/34966] - Loss: 0.1002
  Batch [30710/34966] - Loss: 0.1002
  Batch [30720/34966] - Loss: 0.1002
  Batch [30730/34966] - Loss: 0.1002
  Batch [30740/34966] - Loss: 0.1002
  Batch [30750/34966] - Loss: 0.1002
  Batch [30760/34966] - Loss: 0.1002
  Batch [30770/34966] - Loss: 0.1002
  Batch [30780/34966] - Loss: 0.1002
  Batch [30790/34966] - Loss: 0.1002
  Batch [30800/34966] - Loss: 0.1002
  Batch [30810/34966] - Loss: 0.1002
  Batch [30820/34966] - Loss: 0.1002
  Batch [30830/34966] - Loss: 0.1002
  Batch [30840/34966] - Loss: 0.1002
  Batch [30850/34966] - Loss: 0.1002
  Batch [30860/34966] - Loss: 0.1002
  Batch [30870/34966] - Loss: 0.1002
  Batch [30880/34966] - Loss: 0.1002
  Batch [30890/34966] - Loss: 0.1002
  Batch [30900/34966] - Loss: 0.1002
  Batch [30910/34966] - Loss: 0.1002
  Batch [30920/34966] - Loss: 0.1002
  Batch [30930/34966] - Loss: 0.1002
  Batch [30940/34966] - Loss: 0.1002
  Batch [30950/34966] - Loss: 0.1002
  Batch [30960/34966] - Loss: 0.1002
  Batch [30970/34966] - Loss: 0.1002
  Batch [30980/34966] - Loss: 0.1002
  Batch [30990/34966] - Loss: 0.1002
  Batch [31000/34966] - Loss: 0.1002
  Batch [31010/34966] - Loss: 0.1002
  Batch [31020/34966] - Loss: 0.1002
  Batch [31030/34966] - Loss: 0.1002
  Batch [31040/34966] - Loss: 0.1002
  Batch [31050/34966] - Loss: 0.1002
  Batch [31060/34966] - Loss: 0.1002
  Batch [31070/34966] - Loss: 0.1002
  Batch [31080/34966] - Loss: 0.1002
  Batch [31090/34966] - Loss: 0.1002
  Batch [31100/34966] - Loss: 0.1002
  Batch [31110/34966] - Loss: 0.1002
  Batch [31120/34966] - Loss: 0.1001
  Batch [31130/34966] - Loss: 0.1002
  Batch [31140/34966] - Loss: 0.1002
  Batch [31150/34966] - Loss: 0.1001
  Batch [31160/34966] - Loss: 0.1002
  Batch [31170/34966] - Loss: 0.1002
  Batch [31180/34966] - Loss: 0.1001
  Batch [31190/34966] - Loss: 0.1002
  Batch [31200/34966] - Loss: 0.1002
  Batch [31210/34966] - Loss: 0.1001
  Batch [31220/34966] - Loss: 0.1002
  Batch [31230/34966] - Loss: 0.1002
  Batch [31240/34966] - Loss: 0.1002
  Batch [31250/34966] - Loss: 0.1001
  Batch [31260/34966] - Loss: 0.1001
  Batch [31270/34966] - Loss: 0.1001
  Batch [31280/34966] - Loss: 0.1001
  Batch [31290/34966] - Loss: 0.1001
  Batch [31300/34966] - Loss: 0.1001
  Batch [31310/34966] - Loss: 0.1002
  Batch [31320/34966] - Loss: 0.1002
  Batch [31330/34966] - Loss: 0.1002
  Batch [31340/34966] - Loss: 0.1002
  Batch [31350/34966] - Loss: 0.1002
  Batch [31360/34966] - Loss: 0.1002
  Batch [31370/34966] - Loss: 0.1002
  Batch [31380/34966] - Loss: 0.1002
  Batch [31390/34966] - Loss: 0.1002
  Batch [31400/34966] - Loss: 0.1002
  Batch [31410/34966] - Loss: 0.1002
  Batch [31420/34966] - Loss: 0.1002
  Batch [31430/34966] - Loss: 0.1002
  Batch [31440/34966] - Loss: 0.1002
  Batch [31450/34966] - Loss: 0.1002
  Batch [31460/34966] - Loss: 0.1002
  Batch [31470/34966] - Loss: 0.1002
  Batch [31480/34966] - Loss: 0.1002
  Batch [31490/34966] - Loss: 0.1002
  Batch [31500/34966] - Loss: 0.1002
  Batch [31510/34966] - Loss: 0.1002
  Batch [31520/34966] - Loss: 0.1001
  Batch [31530/34966] - Loss: 0.1001
  Batch [31540/34966] - Loss: 0.1001
  Batch [31550/34966] - Loss: 0.1001
  Batch [31560/34966] - Loss: 0.1001
  Batch [31570/34966] - Loss: 0.1001
  Batch [31580/34966] - Loss: 0.1001
  Batch [31590/34966] - Loss: 0.1001
  Batch [31600/34966] - Loss: 0.1001
  Batch [31610/34966] - Loss: 0.1001
  Batch [31620/34966] - Loss: 0.1001
  Batch [31630/34966] - Loss: 0.1001
  Batch [31640/34966] - Loss: 0.1001
  Batch [31650/34966] - Loss: 0.1001
  Batch [31660/34966] - Loss: 0.1001
  Batch [31670/34966] - Loss: 0.1001
  Batch [31680/34966] - Loss: 0.1001
  Batch [31690/34966] - Loss: 0.1002
  Batch [31700/34966] - Loss: 0.1001
  Batch [31710/34966] - Loss: 0.1001
  Batch [31720/34966] - Loss: 0.1001
  Batch [31730/34966] - Loss: 0.1002
  Batch [31740/34966] - Loss: 0.1002
  Batch [31750/34966] - Loss: 0.1002
  Batch [31760/34966] - Loss: 0.1002
  Batch [31770/34966] - Loss: 0.1002
  Batch [31780/34966] - Loss: 0.1002
  Batch [31790/34966] - Loss: 0.1002
  Batch [31800/34966] - Loss: 0.1002
  Batch [31810/34966] - Loss: 0.1002
  Batch [31820/34966] - Loss: 0.1002
  Batch [31830/34966] - Loss: 0.1002
  Batch [31840/34966] - Loss: 0.1002
  Batch [31850/34966] - Loss: 0.1002
  Batch [31860/34966] - Loss: 0.1002
  Batch [31870/34966] - Loss: 0.1002
  Batch [31880/34966] - Loss: 0.1002
  Batch [31890/34966] - Loss: 0.1002
  Batch [31900/34966] - Loss: 0.1002
  Batch [31910/34966] - Loss: 0.1002
  Batch [31920/34966] - Loss: 0.1001
  Batch [31930/34966] - Loss: 0.1001
  Batch [31940/34966] - Loss: 0.1001
  Batch [31950/34966] - Loss: 0.1001
  Batch [31960/34966] - Loss: 0.1002
  Batch [31970/34966] - Loss: 0.1002
  Batch [31980/34966] - Loss: 0.1002
  Batch [31990/34966] - Loss: 0.1002
  Batch [32000/34966] - Loss: 0.1002
  Batch [32010/34966] - Loss: 0.1002
  Batch [32020/34966] - Loss: 0.1002
  Batch [32030/34966] - Loss: 0.1002
  Batch [32040/34966] - Loss: 0.1002
  Batch [32050/34966] - Loss: 0.1002
  Batch [32060/34966] - Loss: 0.1002
  Batch [32070/34966] - Loss: 0.1002
  Batch [32080/34966] - Loss: 0.1002
  Batch [32090/34966] - Loss: 0.1002
  Batch [32100/34966] - Loss: 0.1002
  Batch [32110/34966] - Loss: 0.1002
  Batch [32120/34966] - Loss: 0.1002
  Batch [32130/34966] - Loss: 0.1002
  Batch [32140/34966] - Loss: 0.1002
  Batch [32150/34966] - Loss: 0.1002
  Batch [32160/34966] - Loss: 0.1002
  Batch [32170/34966] - Loss: 0.1002
  Batch [32180/34966] - Loss: 0.1002
  Batch [32190/34966] - Loss: 0.1002
  Batch [32200/34966] - Loss: 0.1002
  Batch [32210/34966] - Loss: 0.1002
  Batch [32220/34966] - Loss: 0.1002
  Batch [32230/34966] - Loss: 0.1002
  Batch [32240/34966] - Loss: 0.1002
  Batch [32250/34966] - Loss: 0.1002
  Batch [32260/34966] - Loss: 0.1002
  Batch [32270/34966] - Loss: 0.1002
  Batch [32280/34966] - Loss: 0.1002
  Batch [32290/34966] - Loss: 0.1002
  Batch [32300/34966] - Loss: 0.1002
  Batch [32310/34966] - Loss: 0.1002
  Batch [32320/34966] - Loss: 0.1002
  Batch [32330/34966] - Loss: 0.1002
  Batch [32340/34966] - Loss: 0.1002
  Batch [32350/34966] - Loss: 0.1002
  Batch [32360/34966] - Loss: 0.1002
  Batch [32370/34966] - Loss: 0.1002
  Batch [32380/34966] - Loss: 0.1002
  Batch [32390/34966] - Loss: 0.1002
  Batch [32400/34966] - Loss: 0.1001
  Batch [32410/34966] - Loss: 0.1001
  Batch [32420/34966] - Loss: 0.1001
  Batch [32430/34966] - Loss: 0.1001
  Batch [32440/34966] - Loss: 0.1001
  Batch [32450/34966] - Loss: 0.1002
  Batch [32460/34966] - Loss: 0.1001
  Batch [32470/34966] - Loss: 0.1001
  Batch [32480/34966] - Loss: 0.1001
  Batch [32490/34966] - Loss: 0.1001
  Batch [32500/34966] - Loss: 0.1001
  Batch [32510/34966] - Loss: 0.1001
  Batch [32520/34966] - Loss: 0.1001
  Batch [32530/34966] - Loss: 0.1001
  Batch [32540/34966] - Loss: 0.1001
  Batch [32550/34966] - Loss: 0.1001
  Batch [32560/34966] - Loss: 0.1001
  Batch [32570/34966] - Loss: 0.1001
  Batch [32580/34966] - Loss: 0.1001
  Batch [32590/34966] - Loss: 0.1001
  Batch [32600/34966] - Loss: 0.1001
  Batch [32610/34966] - Loss: 0.1001
  Batch [32620/34966] - Loss: 0.1001
  Batch [32630/34966] - Loss: 0.1001
  Batch [32640/34966] - Loss: 0.1001
  Batch [32650/34966] - Loss: 0.1001
  Batch [32660/34966] - Loss: 0.1001
  Batch [32670/34966] - Loss: 0.1001
  Batch [32680/34966] - Loss: 0.1001
  Batch [32690/34966] - Loss: 0.1001
  Batch [32700/34966] - Loss: 0.1001
  Batch [32710/34966] - Loss: 0.1001
  Batch [32720/34966] - Loss: 0.1001
  Batch [32730/34966] - Loss: 0.1001
  Batch [32740/34966] - Loss: 0.1001
  Batch [32750/34966] - Loss: 0.1001
  Batch [32760/34966] - Loss: 0.1001
  Batch [32770/34966] - Loss: 0.1001
  Batch [32780/34966] - Loss: 0.1001
  Batch [32790/34966] - Loss: 0.1001
  Batch [32800/34966] - Loss: 0.1001
  Batch [32810/34966] - Loss: 0.1001
  Batch [32820/34966] - Loss: 0.1001
  Batch [32830/34966] - Loss: 0.1001
  Batch [32840/34966] - Loss: 0.1001
  Batch [32850/34966] - Loss: 0.1001
  Batch [32860/34966] - Loss: 0.1001
  Batch [32870/34966] - Loss: 0.1001
  Batch [32880/34966] - Loss: 0.1001
  Batch [32890/34966] - Loss: 0.1001
  Batch [32900/34966] - Loss: 0.1001
  Batch [32910/34966] - Loss: 0.1001
  Batch [32920/34966] - Loss: 0.1001
  Batch [32930/34966] - Loss: 0.1001
  Batch [32940/34966] - Loss: 0.1001
  Batch [32950/34966] - Loss: 0.1001
  Batch [32960/34966] - Loss: 0.1001
  Batch [32970/34966] - Loss: 0.1001
  Batch [32980/34966] - Loss: 0.1001
  Batch [32990/34966] - Loss: 0.1001
  Batch [33000/34966] - Loss: 0.1001
  Batch [33010/34966] - Loss: 0.1001
  Batch [33020/34966] - Loss: 0.1001
  Batch [33030/34966] - Loss: 0.1001
  Batch [33040/34966] - Loss: 0.1001
  Batch [33050/34966] - Loss: 0.1001
  Batch [33060/34966] - Loss: 0.1001
  Batch [33070/34966] - Loss: 0.1001
  Batch [33080/34966] - Loss: 0.1001
  Batch [33090/34966] - Loss: 0.1001
  Batch [33100/34966] - Loss: 0.1001
  Batch [33110/34966] - Loss: 0.1001
  Batch [33120/34966] - Loss: 0.1001
  Batch [33130/34966] - Loss: 0.1001
  Batch [33140/34966] - Loss: 0.1001
  Batch [33150/34966] - Loss: 0.1001
  Batch [33160/34966] - Loss: 0.1001
  Batch [33170/34966] - Loss: 0.1001
  Batch [33180/34966] - Loss: 0.1001
  Batch [33190/34966] - Loss: 0.1001
  Batch [33200/34966] - Loss: 0.1001
  Batch [33210/34966] - Loss: 0.1001
  Batch [33220/34966] - Loss: 0.1001
  Batch [33230/34966] - Loss: 0.1001
  Batch [33240/34966] - Loss: 0.1001
  Batch [33250/34966] - Loss: 0.1001
  Batch [33260/34966] - Loss: 0.1001
  Batch [33270/34966] - Loss: 0.1001
  Batch [33280/34966] - Loss: 0.1001
  Batch [33290/34966] - Loss: 0.1001
  Batch [33300/34966] - Loss: 0.1001
  Batch [33310/34966] - Loss: 0.1001
  Batch [33320/34966] - Loss: 0.1001
  Batch [33330/34966] - Loss: 0.1001
  Batch [33340/34966] - Loss: 0.1001
  Batch [33350/34966] - Loss: 0.1001
  Batch [33360/34966] - Loss: 0.1001
  Batch [33370/34966] - Loss: 0.1001
  Batch [33380/34966] - Loss: 0.1001
  Batch [33390/34966] - Loss: 0.1001
  Batch [33400/34966] - Loss: 0.1001
  Batch [33410/34966] - Loss: 0.1001
  Batch [33420/34966] - Loss: 0.1001
  Batch [33430/34966] - Loss: 0.1001
  Batch [33440/34966] - Loss: 0.1001
  Batch [33450/34966] - Loss: 0.1001
  Batch [33460/34966] - Loss: 0.1001
  Batch [33470/34966] - Loss: 0.1002
  Batch [33480/34966] - Loss: 0.1002
  Batch [33490/34966] - Loss: 0.1002
  Batch [33500/34966] - Loss: 0.1001
  Batch [33510/34966] - Loss: 0.1001
  Batch [33520/34966] - Loss: 0.1001
  Batch [33530/34966] - Loss: 0.1001
  Batch [33540/34966] - Loss: 0.1001
  Batch [33550/34966] - Loss: 0.1001
  Batch [33560/34966] - Loss: 0.1001
  Batch [33570/34966] - Loss: 0.1001
  Batch [33580/34966] - Loss: 0.1001
  Batch [33590/34966] - Loss: 0.1001
  Batch [33600/34966] - Loss: 0.1001
  Batch [33610/34966] - Loss: 0.1001
  Batch [33620/34966] - Loss: 0.1001
  Batch [33630/34966] - Loss: 0.1001
  Batch [33640/34966] - Loss: 0.1001
  Batch [33650/34966] - Loss: 0.1001
  Batch [33660/34966] - Loss: 0.1001
  Batch [33670/34966] - Loss: 0.1001
  Batch [33680/34966] - Loss: 0.1001
  Batch [33690/34966] - Loss: 0.1001
  Batch [33700/34966] - Loss: 0.1001
  Batch [33710/34966] - Loss: 0.1001
  Batch [33720/34966] - Loss: 0.1001
  Batch [33730/34966] - Loss: 0.1001
  Batch [33740/34966] - Loss: 0.1001
  Batch [33750/34966] - Loss: 0.1001
  Batch [33760/34966] - Loss: 0.1001
  Batch [33770/34966] - Loss: 0.1001
  Batch [33780/34966] - Loss: 0.1001
  Batch [33790/34966] - Loss: 0.1001
  Batch [33800/34966] - Loss: 0.1001
  Batch [33810/34966] - Loss: 0.1001
  Batch [33820/34966] - Loss: 0.1001
  Batch [33830/34966] - Loss: 0.1001
  Batch [33840/34966] - Loss: 0.1001
  Batch [33850/34966] - Loss: 0.1001
  Batch [33860/34966] - Loss: 0.1001
  Batch [33870/34966] - Loss: 0.1001
  Batch [33880/34966] - Loss: 0.1001
  Batch [33890/34966] - Loss: 0.1001
  Batch [33900/34966] - Loss: 0.1001
  Batch [33910/34966] - Loss: 0.1001
  Batch [33920/34966] - Loss: 0.1001
  Batch [33930/34966] - Loss: 0.1001
  Batch [33940/34966] - Loss: 0.1001
  Batch [33950/34966] - Loss: 0.1001
  Batch [33960/34966] - Loss: 0.1001
  Batch [33970/34966] - Loss: 0.1001
  Batch [33980/34966] - Loss: 0.1001
  Batch [33990/34966] - Loss: 0.1001
  Batch [34000/34966] - Loss: 0.1001
  Batch [34010/34966] - Loss: 0.1001
  Batch [34020/34966] - Loss: 0.1001
  Batch [34030/34966] - Loss: 0.1001
  Batch [34040/34966] - Loss: 0.1001
  Batch [34050/34966] - Loss: 0.1001
  Batch [34060/34966] - Loss: 0.1001
  Batch [34070/34966] - Loss: 0.1001
  Batch [34080/34966] - Loss: 0.1001
  Batch [34090/34966] - Loss: 0.1002
  Batch [34100/34966] - Loss: 0.1002
  Batch [34110/34966] - Loss: 0.1001
  Batch [34120/34966] - Loss: 0.1001
  Batch [34130/34966] - Loss: 0.1001
  Batch [34140/34966] - Loss: 0.1001
  Batch [34150/34966] - Loss: 0.1001
  Batch [34160/34966] - Loss: 0.1001
  Batch [34170/34966] - Loss: 0.1001
  Batch [34180/34966] - Loss: 0.1001
  Batch [34190/34966] - Loss: 0.1001
  Batch [34200/34966] - Loss: 0.1001
  Batch [34210/34966] - Loss: 0.1001
  Batch [34220/34966] - Loss: 0.1001
  Batch [34230/34966] - Loss: 0.1001
  Batch [34240/34966] - Loss: 0.1001
  Batch [34250/34966] - Loss: 0.1001
  Batch [34260/34966] - Loss: 0.1001
  Batch [34270/34966] - Loss: 0.1001
  Batch [34280/34966] - Loss: 0.1001
  Batch [34290/34966] - Loss: 0.1001
  Batch [34300/34966] - Loss: 0.1001
  Batch [34310/34966] - Loss: 0.1001
  Batch [34320/34966] - Loss: 0.1001
  Batch [34330/34966] - Loss: 0.1001
  Batch [34340/34966] - Loss: 0.1001
  Batch [34350/34966] - Loss: 0.1001
  Batch [34360/34966] - Loss: 0.1001
  Batch [34370/34966] - Loss: 0.1001
  Batch [34380/34966] - Loss: 0.1001
  Batch [34390/34966] - Loss: 0.1001
  Batch [34400/34966] - Loss: 0.1001
  Batch [34410/34966] - Loss: 0.1001
  Batch [34420/34966] - Loss: 0.1001
  Batch [34430/34966] - Loss: 0.1001
  Batch [34440/34966] - Loss: 0.1001
  Batch [34450/34966] - Loss: 0.1001
  Batch [34460/34966] - Loss: 0.1001
  Batch [34470/34966] - Loss: 0.1001
  Batch [34480/34966] - Loss: 0.1001
  Batch [34490/34966] - Loss: 0.1001
  Batch [34500/34966] - Loss: 0.1001
  Batch [34510/34966] - Loss: 0.1001
  Batch [34520/34966] - Loss: 0.1001
  Batch [34530/34966] - Loss: 0.1001
  Batch [34540/34966] - Loss: 0.1001
  Batch [34550/34966] - Loss: 0.1001
  Batch [34560/34966] - Loss: 0.1001
  Batch [34570/34966] - Loss: 0.1001
  Batch [34580/34966] - Loss: 0.1001
  Batch [34590/34966] - Loss: 0.1001
  Batch [34600/34966] - Loss: 0.1001
  Batch [34610/34966] - Loss: 0.1001
  Batch [34620/34966] - Loss: 0.1001
  Batch [34630/34966] - Loss: 0.1001
  Batch [34640/34966] - Loss: 0.1001
  Batch [34650/34966] - Loss: 0.1001
  Batch [34660/34966] - Loss: 0.1001
  Batch [34670/34966] - Loss: 0.1001
  Batch [34680/34966] - Loss: 0.1001
  Batch [34690/34966] - Loss: 0.1001
  Batch [34700/34966] - Loss: 0.1001
  Batch [34710/34966] - Loss: 0.1001
  Batch [34720/34966] - Loss: 0.1001
  Batch [34730/34966] - Loss: 0.1001
  Batch [34740/34966] - Loss: 0.1001
  Batch [34750/34966] - Loss: 0.1001
  Batch [34760/34966] - Loss: 0.1001
  Batch [34770/34966] - Loss: 0.1001
  Batch [34780/34966] - Loss: 0.1001
  Batch [34790/34966] - Loss: 0.1001
  Batch [34800/34966] - Loss: 0.1001
  Batch [34810/34966] - Loss: 0.1001
  Batch [34820/34966] - Loss: 0.1001
  Batch [34830/34966] - Loss: 0.1001
  Batch [34840/34966] - Loss: 0.1001
  Batch [34850/34966] - Loss: 0.1001
  Batch [34860/34966] - Loss: 0.1001
  Batch [34870/34966] - Loss: 0.1001
  Batch [34880/34966] - Loss: 0.1001
  Batch [34890/34966] - Loss: 0.1001
  Batch [34900/34966] - Loss: 0.1001
  Batch [34910/34966] - Loss: 0.1001
  Batch [34920/34966] - Loss: 0.1001
  Batch [34930/34966] - Loss: 0.1001
  Batch [34940/34966] - Loss: 0.1001
  Batch [34950/34966] - Loss: 0.1001
  Batch [34960/34966] - Loss: 0.1001

Epoch 1 Results:
  Train Loss: 0.1001
  Val Loss: 0.1575
  Val Accuracy: 0.9559 (95.59%)
  Val Recall: 0.8726 (87.26%)
  Val Precision: 0.9221 (92.21%)

──────────────────────────────────────────────────────────────────────
Epoch 2/5
──────────────────────────────────────────────────────────────────────
  Batch [10/34966] - Loss: 0.1248
  Batch [20/34966] - Loss: 0.0956
  Batch [30/34966] - Loss: 0.1110
  Batch [40/34966] - Loss: 0.1059
  Batch [50/34966] - Loss: 0.0997
  Batch [60/34966] - Loss: 0.0984
  Batch [70/34966] - Loss: 0.0963
  Batch [80/34966] - Loss: 0.0960
  Batch [90/34966] - Loss: 0.0981
  Batch [100/34966] - Loss: 0.0958
  Batch [110/34966] - Loss: 0.0937
  Batch [120/34966] - Loss: 0.0937
  Batch [130/34966] - Loss: 0.0925
  Batch [140/34966] - Loss: 0.0937
  Batch [150/34966] - Loss: 0.0943
  Batch [160/34966] - Loss: 0.0938
  Batch [170/34966] - Loss: 0.0935
  Batch [180/34966] - Loss: 0.0931
  Batch [190/34966] - Loss: 0.0971
  Batch [200/34966] - Loss: 0.0984
  Batch [210/34966] - Loss: 0.0978
  Batch [220/34966] - Loss: 0.0981
  Batch [230/34966] - Loss: 0.0977
  Batch [240/34966] - Loss: 0.0985
  Batch [250/34966] - Loss: 0.0984
  Batch [260/34966] - Loss: 0.0978
  Batch [270/34966] - Loss: 0.0970
  Batch [280/34966] - Loss: 0.0958
  Batch [290/34966] - Loss: 0.0970
  Batch [300/34966] - Loss: 0.0964
  Batch [310/34966] - Loss: 0.0966
  Batch [320/34966] - Loss: 0.0967
  Batch [330/34966] - Loss: 0.0958
  Batch [340/34966] - Loss: 0.0956
  Batch [350/34966] - Loss: 0.0977
  Batch [360/34966] - Loss: 0.0977
  Batch [370/34966] - Loss: 0.0987
  Batch [380/34966] - Loss: 0.0989
  Batch [390/34966] - Loss: 0.0994
  Batch [400/34966] - Loss: 0.0987
  Batch [410/34966] - Loss: 0.0984
  Batch [420/34966] - Loss: 0.0987
  Batch [430/34966] - Loss: 0.0989
  Batch [440/34966] - Loss: 0.0991
  Batch [450/34966] - Loss: 0.0992
  Batch [460/34966] - Loss: 0.0996
  Batch [470/34966] - Loss: 0.0990
  Batch [480/34966] - Loss: 0.0993
  Batch [490/34966] - Loss: 0.0996
  Batch [500/34966] - Loss: 0.1000
  Batch [510/34966] - Loss: 0.1002
  Batch [520/34966] - Loss: 0.1001
  Batch [530/34966] - Loss: 0.1007
  Batch [540/34966] - Loss: 0.1007
  Batch [550/34966] - Loss: 0.1006
  Batch [560/34966] - Loss: 0.1005
  Batch [570/34966] - Loss: 0.1003
  Batch [580/34966] - Loss: 0.0998
  Batch [590/34966] - Loss: 0.1003
  Batch [600/34966] - Loss: 0.0997
  Batch [610/34966] - Loss: 0.0998
  Batch [620/34966] - Loss: 0.0994
  Batch [630/34966] - Loss: 0.0997
  Batch [640/34966] - Loss: 0.0994
  Batch [650/34966] - Loss: 0.0994
  Batch [660/34966] - Loss: 0.0995
  Batch [670/34966] - Loss: 0.0998
  Batch [680/34966] - Loss: 0.0998
  Batch [690/34966] - Loss: 0.1001
  Batch [700/34966] - Loss: 0.0999
  Batch [710/34966] - Loss: 0.1000
  Batch [720/34966] - Loss: 0.1007
  Batch [730/34966] - Loss: 0.1007
  Batch [740/34966] - Loss: 0.1008
  Batch [750/34966] - Loss: 0.1008
  Batch [760/34966] - Loss: 0.1005
  Batch [770/34966] - Loss: 0.1004
  Batch [780/34966] - Loss: 0.1007
  Batch [790/34966] - Loss: 0.1011
  Batch [800/34966] - Loss: 0.1008
  Batch [810/34966] - Loss: 0.1010
  Batch [820/34966] - Loss: 0.1009
  Batch [830/34966] - Loss: 0.1011
  Batch [840/34966] - Loss: 0.1011
  Batch [850/34966] - Loss: 0.1010
  Batch [860/34966] - Loss: 0.1011
  Batch [870/34966] - Loss: 0.1013
  Batch [880/34966] - Loss: 0.1014
  Batch [890/34966] - Loss: 0.1015
  Batch [900/34966] - Loss: 0.1015
  Batch [910/34966] - Loss: 0.1013
  Batch [920/34966] - Loss: 0.1014
  Batch [930/34966] - Loss: 0.1013
  Batch [940/34966] - Loss: 0.1014
  Batch [950/34966] - Loss: 0.1015
  Batch [960/34966] - Loss: 0.1013
  Batch [970/34966] - Loss: 0.1010
  Batch [980/34966] - Loss: 0.1014
  Batch [990/34966] - Loss: 0.1014
  Batch [1000/34966] - Loss: 0.1011
  Batch [1010/34966] - Loss: 0.1011
  Batch [1020/34966] - Loss: 0.1011
  Batch [1030/34966] - Loss: 0.1011
  Batch [1040/34966] - Loss: 0.1009
  Batch [1050/34966] - Loss: 0.1010
  Batch [1060/34966] - Loss: 0.1012
  Batch [1070/34966] - Loss: 0.1012
  Batch [1080/34966] - Loss: 0.1013
  Batch [1090/34966] - Loss: 0.1013
  Batch [1100/34966] - Loss: 0.1017
  Batch [1110/34966] - Loss: 0.1017
  Batch [1120/34966] - Loss: 0.1015
  Batch [1130/34966] - Loss: 0.1015
  Batch [1140/34966] - Loss: 0.1015
  Batch [1150/34966] - Loss: 0.1013
  Batch [1160/34966] - Loss: 0.1013
  Batch [1170/34966] - Loss: 0.1018
  Batch [1180/34966] - Loss: 0.1020
  Batch [1190/34966] - Loss: 0.1022
  Batch [1200/34966] - Loss: 0.1020
  Batch [1210/34966] - Loss: 0.1021
  Batch [1220/34966] - Loss: 0.1021
  Batch [1230/34966] - Loss: 0.1020
  Batch [1240/34966] - Loss: 0.1021
  Batch [1250/34966] - Loss: 0.1020
  Batch [1260/34966] - Loss: 0.1023
  Batch [1270/34966] - Loss: 0.1022
  Batch [1280/34966] - Loss: 0.1023
  Batch [1290/34966] - Loss: 0.1023
  Batch [1300/34966] - Loss: 0.1027
  Batch [1310/34966] - Loss: 0.1026
  Batch [1320/34966] - Loss: 0.1025
  Batch [1330/34966] - Loss: 0.1023
  Batch [1340/34966] - Loss: 0.1026
  Batch [1350/34966] - Loss: 0.1027
  Batch [1360/34966] - Loss: 0.1028
  Batch [1370/34966] - Loss: 0.1027
  Batch [1380/34966] - Loss: 0.1027
  Batch [1390/34966] - Loss: 0.1025
  Batch [1400/34966] - Loss: 0.1023
  Batch [1410/34966] - Loss: 0.1025
  Batch [1420/34966] - Loss: 0.1026
  Batch [1430/34966] - Loss: 0.1025
  Batch [1440/34966] - Loss: 0.1025
  Batch [1450/34966] - Loss: 0.1025
  Batch [1460/34966] - Loss: 0.1024
  Batch [1470/34966] - Loss: 0.1024
  Batch [1480/34966] - Loss: 0.1027
  Batch [1490/34966] - Loss: 0.1030
  Batch [1500/34966] - Loss: 0.1029
  Batch [1510/34966] - Loss: 0.1027
  Batch [1520/34966] - Loss: 0.1026
  Batch [1530/34966] - Loss: 0.1027
  Batch [1540/34966] - Loss: 0.1029
  Batch [1550/34966] - Loss: 0.1028
  Batch [1560/34966] - Loss: 0.1025
  Batch [1570/34966] - Loss: 0.1026
  Batch [1580/34966] - Loss: 0.1025
  Batch [1590/34966] - Loss: 0.1026
  Batch [1600/34966] - Loss: 0.1026
  Batch [1610/34966] - Loss: 0.1025
  Batch [1620/34966] - Loss: 0.1024
  Batch [1630/34966] - Loss: 0.1023
  Batch [1640/34966] - Loss: 0.1023
  Batch [1650/34966] - Loss: 0.1027
  Batch [1660/34966] - Loss: 0.1024
  Batch [1670/34966] - Loss: 0.1024
  Batch [1680/34966] - Loss: 0.1022
  Batch [1690/34966] - Loss: 0.1022
  Batch [1700/34966] - Loss: 0.1024
  Batch [1710/34966] - Loss: 0.1024
  Batch [1720/34966] - Loss: 0.1023
  Batch [1730/34966] - Loss: 0.1022
  Batch [1740/34966] - Loss: 0.1022
  Batch [1750/34966] - Loss: 0.1025
  Batch [1760/34966] - Loss: 0.1025
  Batch [1770/34966] - Loss: 0.1023
  Batch [1780/34966] - Loss: 0.1023
  Batch [1790/34966] - Loss: 0.1022
  Batch [1800/34966] - Loss: 0.1022
  Batch [1810/34966] - Loss: 0.1021
  Batch [1820/34966] - Loss: 0.1020
  Batch [1830/34966] - Loss: 0.1020
  Batch [1840/34966] - Loss: 0.1020
  Batch [1850/34966] - Loss: 0.1022
  Batch [1860/34966] - Loss: 0.1022
  Batch [1870/34966] - Loss: 0.1020
  Batch [1880/34966] - Loss: 0.1019
  Batch [1890/34966] - Loss: 0.1020
  Batch [1900/34966] - Loss: 0.1019
  Batch [1910/34966] - Loss: 0.1018
  Batch [1920/34966] - Loss: 0.1019
  Batch [1930/34966] - Loss: 0.1019
  Batch [1940/34966] - Loss: 0.1018
  Batch [1950/34966] - Loss: 0.1018
  Batch [1960/34966] - Loss: 0.1019
  Batch [1970/34966] - Loss: 0.1018
  Batch [1980/34966] - Loss: 0.1017
  Batch [1990/34966] - Loss: 0.1015
  Batch [2000/34966] - Loss: 0.1015
  Batch [2010/34966] - Loss: 0.1015
  Batch [2020/34966] - Loss: 0.1014
  Batch [2030/34966] - Loss: 0.1014
  Batch [2040/34966] - Loss: 0.1015
  Batch [2050/34966] - Loss: 0.1015
  Batch [2060/34966] - Loss: 0.1013
  Batch [2070/34966] - Loss: 0.1012
  Batch [2080/34966] - Loss: 0.1012
  Batch [2090/34966] - Loss: 0.1010
  Batch [2100/34966] - Loss: 0.1010
  Batch [2110/34966] - Loss: 0.1009
  Batch [2120/34966] - Loss: 0.1009
  Batch [2130/34966] - Loss: 0.1009
  Batch [2140/34966] - Loss: 0.1008
  Batch [2150/34966] - Loss: 0.1008
  Batch [2160/34966] - Loss: 0.1008
  Batch [2170/34966] - Loss: 0.1008
  Batch [2180/34966] - Loss: 0.1007
  Batch [2190/34966] - Loss: 0.1006
  Batch [2200/34966] - Loss: 0.1007
  Batch [2210/34966] - Loss: 0.1007
  Batch [2220/34966] - Loss: 0.1007
  Batch [2230/34966] - Loss: 0.1007
  Batch [2240/34966] - Loss: 0.1007
  Batch [2250/34966] - Loss: 0.1009
  Batch [2260/34966] - Loss: 0.1008
  Batch [2270/34966] - Loss: 0.1008
  Batch [2280/34966] - Loss: 0.1006
  Batch [2290/34966] - Loss: 0.1005
  Batch [2300/34966] - Loss: 0.1006
  Batch [2310/34966] - Loss: 0.1005
  Batch [2320/34966] - Loss: 0.1005
  Batch [2330/34966] - Loss: 0.1007
  Batch [2340/34966] - Loss: 0.1006
  Batch [2350/34966] - Loss: 0.1006
  Batch [2360/34966] - Loss: 0.1005
  Batch [2370/34966] - Loss: 0.1006
  Batch [2380/34966] - Loss: 0.1006
  Batch [2390/34966] - Loss: 0.1005
  Batch [2400/34966] - Loss: 0.1005
  Batch [2410/34966] - Loss: 0.1005
  Batch [2420/34966] - Loss: 0.1005
  Batch [2430/34966] - Loss: 0.1004
  Batch [2440/34966] - Loss: 0.1004
  Batch [2450/34966] - Loss: 0.1002
  Batch [2460/34966] - Loss: 0.1003
  Batch [2470/34966] - Loss: 0.1002
  Batch [2480/34966] - Loss: 0.1002
  Batch [2490/34966] - Loss: 0.1003
  Batch [2500/34966] - Loss: 0.1003
  Batch [2510/34966] - Loss: 0.1003
  Batch [2520/34966] - Loss: 0.1004
  Batch [2530/34966] - Loss: 0.1004
  Batch [2540/34966] - Loss: 0.1003
  Batch [2550/34966] - Loss: 0.1002
  Batch [2560/34966] - Loss: 0.1003
  Batch [2570/34966] - Loss: 0.1003
  Batch [2580/34966] - Loss: 0.1003
  Batch [2590/34966] - Loss: 0.1004
  Batch [2600/34966] - Loss: 0.1003
  Batch [2610/34966] - Loss: 0.1003
  Batch [2620/34966] - Loss: 0.1004
  Batch [2630/34966] - Loss: 0.1003
  Batch [2640/34966] - Loss: 0.1003
  Batch [2650/34966] - Loss: 0.1003
  Batch [2660/34966] - Loss: 0.1002
  Batch [2670/34966] - Loss: 0.1003
  Batch [2680/34966] - Loss: 0.1003
  Batch [2690/34966] - Loss: 0.1004
  Batch [2700/34966] - Loss: 0.1004
  Batch [2710/34966] - Loss: 0.1004
  Batch [2720/34966] - Loss: 0.1003
  Batch [2730/34966] - Loss: 0.1003
  Batch [2740/34966] - Loss: 0.1003
  Batch [2750/34966] - Loss: 0.1005
  Batch [2760/34966] - Loss: 0.1005
  Batch [2770/34966] - Loss: 0.1004
  Batch [2780/34966] - Loss: 0.1004
  Batch [2790/34966] - Loss: 0.1004
  Batch [2800/34966] - Loss: 0.1005
  Batch [2810/34966] - Loss: 0.1004
  Batch [2820/34966] - Loss: 0.1004
  Batch [2830/34966] - Loss: 0.1004
  Batch [2840/34966] - Loss: 0.1004
  Batch [2850/34966] - Loss: 0.1004
  Batch [2860/34966] - Loss: 0.1004
  Batch [2870/34966] - Loss: 0.1005
  Batch [2880/34966] - Loss: 0.1005
  Batch [2890/34966] - Loss: 0.1005
  Batch [2900/34966] - Loss: 0.1006
  Batch [2910/34966] - Loss: 0.1005
  Batch [2920/34966] - Loss: 0.1004
  Batch [2930/34966] - Loss: 0.1003
  Batch [2940/34966] - Loss: 0.1003
  Batch [2950/34966] - Loss: 0.1003
  Batch [2960/34966] - Loss: 0.1002
  Batch [2970/34966] - Loss: 0.1002
  Batch [2980/34966] - Loss: 0.1001
  Batch [2990/34966] - Loss: 0.1000
  Batch [3000/34966] - Loss: 0.1000
  Batch [3010/34966] - Loss: 0.1001
  Batch [3020/34966] - Loss: 0.1002
  Batch [3030/34966] - Loss: 0.1002
  Batch [3040/34966] - Loss: 0.1002
  Batch [3050/34966] - Loss: 0.1001
  Batch [3060/34966] - Loss: 0.1002
  Batch [3070/34966] - Loss: 0.1002
  Batch [3080/34966] - Loss: 0.1002
  Batch [3090/34966] - Loss: 0.1003
  Batch [3100/34966] - Loss: 0.1003
  Batch [3110/34966] - Loss: 0.1002
  Batch [3120/34966] - Loss: 0.1001
  Batch [3130/34966] - Loss: 0.1001
  Batch [3140/34966] - Loss: 0.1000
  Batch [3150/34966] - Loss: 0.1000
  Batch [3160/34966] - Loss: 0.0999
  Batch [3170/34966] - Loss: 0.1001
  Batch [3180/34966] - Loss: 0.1001
  Batch [3190/34966] - Loss: 0.1000
  Batch [3200/34966] - Loss: 0.1000
  Batch [3210/34966] - Loss: 0.0999
  Batch [3220/34966] - Loss: 0.1000
  Batch [3230/34966] - Loss: 0.0999
  Batch [3240/34966] - Loss: 0.0999
  Batch [3250/34966] - Loss: 0.0999
  Batch [3260/34966] - Loss: 0.0999
  Batch [3270/34966] - Loss: 0.0998
  Batch [3280/34966] - Loss: 0.0998
  Batch [3290/34966] - Loss: 0.0998
  Batch [3300/34966] - Loss: 0.0998
  Batch [3310/34966] - Loss: 0.0998
  Batch [3320/34966] - Loss: 0.0997
  Batch [3330/34966] - Loss: 0.0996
  Batch [3340/34966] - Loss: 0.0997
  Batch [3350/34966] - Loss: 0.0996
  Batch [3360/34966] - Loss: 0.0995
  Batch [3370/34966] - Loss: 0.0994
  Batch [3380/34966] - Loss: 0.0994
  Batch [3390/34966] - Loss: 0.0995
  Batch [3400/34966] - Loss: 0.0995
  Batch [3410/34966] - Loss: 0.0995
  Batch [3420/34966] - Loss: 0.0995
  Batch [3430/34966] - Loss: 0.0995
  Batch [3440/34966] - Loss: 0.0997
  Batch [3450/34966] - Loss: 0.0997
  Batch [3460/34966] - Loss: 0.0996
  Batch [3470/34966] - Loss: 0.0996
  Batch [3480/34966] - Loss: 0.0996
  Batch [3490/34966] - Loss: 0.0996
  Batch [3500/34966] - Loss: 0.0995
  Batch [3510/34966] - Loss: 0.0995
  Batch [3520/34966] - Loss: 0.0996
  Batch [3530/34966] - Loss: 0.0996
  Batch [3540/34966] - Loss: 0.0995
  Batch [3550/34966] - Loss: 0.0995
  Batch [3560/34966] - Loss: 0.0995
  Batch [3570/34966] - Loss: 0.0996
  Batch [3580/34966] - Loss: 0.0996
  Batch [3590/34966] - Loss: 0.0996
  Batch [3600/34966] - Loss: 0.0996
  Batch [3610/34966] - Loss: 0.0996
  Batch [3620/34966] - Loss: 0.0996
  Batch [3630/34966] - Loss: 0.0996
  Batch [3640/34966] - Loss: 0.0997
  Batch [3650/34966] - Loss: 0.0998
  Batch [3660/34966] - Loss: 0.0998
  Batch [3670/34966] - Loss: 0.0997
  Batch [3680/34966] - Loss: 0.0997
  Batch [3690/34966] - Loss: 0.0996
  Batch [3700/34966] - Loss: 0.0996
  Batch [3710/34966] - Loss: 0.0996
  Batch [3720/34966] - Loss: 0.0995
  Batch [3730/34966] - Loss: 0.0995
  Batch [3740/34966] - Loss: 0.0995
  Batch [3750/34966] - Loss: 0.0996
  Batch [3760/34966] - Loss: 0.0997
  Batch [3770/34966] - Loss: 0.0996
  Batch [3780/34966] - Loss: 0.0996
  Batch [3790/34966] - Loss: 0.0997
  Batch [3800/34966] - Loss: 0.0996
  Batch [3810/34966] - Loss: 0.0997
  Batch [3820/34966] - Loss: 0.0997
  Batch [3830/34966] - Loss: 0.0997
  Batch [3840/34966] - Loss: 0.0998
  Batch [3850/34966] - Loss: 0.0998
  Batch [3860/34966] - Loss: 0.0998
  Batch [3870/34966] - Loss: 0.0998
  Batch [3880/34966] - Loss: 0.0997
  Batch [3890/34966] - Loss: 0.0997
  Batch [3900/34966] - Loss: 0.0998
  Batch [3910/34966] - Loss: 0.0997
  Batch [3920/34966] - Loss: 0.0997
  Batch [3930/34966] - Loss: 0.0997
  Batch [3940/34966] - Loss: 0.0997
  Batch [3950/34966] - Loss: 0.0997
  Batch [3960/34966] - Loss: 0.0997
  Batch [3970/34966] - Loss: 0.0998
  Batch [3980/34966] - Loss: 0.0998
  Batch [3990/34966] - Loss: 0.0998
  Batch [4000/34966] - Loss: 0.0998
  Batch [4010/34966] - Loss: 0.0998
  Batch [4020/34966] - Loss: 0.0998
  Batch [4030/34966] - Loss: 0.0998
  Batch [4040/34966] - Loss: 0.0999
  Batch [4050/34966] - Loss: 0.0998
  Batch [4060/34966] - Loss: 0.0999
  Batch [4070/34966] - Loss: 0.1000
  Batch [4080/34966] - Loss: 0.1000
  Batch [4090/34966] - Loss: 0.1000
  Batch [4100/34966] - Loss: 0.1000
  Batch [4110/34966] - Loss: 0.1000
  Batch [4120/34966] - Loss: 0.1000
  Batch [4130/34966] - Loss: 0.1000
  Batch [4140/34966] - Loss: 0.1000
  Batch [4150/34966] - Loss: 0.1001
  Batch [4160/34966] - Loss: 0.1000
  Batch [4170/34966] - Loss: 0.0999
  Batch [4180/34966] - Loss: 0.1000
  Batch [4190/34966] - Loss: 0.0999
  Batch [4200/34966] - Loss: 0.0999
  Batch [4210/34966] - Loss: 0.0998
  Batch [4220/34966] - Loss: 0.0998
  Batch [4230/34966] - Loss: 0.0999
  Batch [4240/34966] - Loss: 0.1000
  Batch [4250/34966] - Loss: 0.1000
  Batch [4260/34966] - Loss: 0.1001
  Batch [4270/34966] - Loss: 0.1001
  Batch [4280/34966] - Loss: 0.1000
  Batch [4290/34966] - Loss: 0.1001
  Batch [4300/34966] - Loss: 0.1001
  Batch [4310/34966] - Loss: 0.1001
  Batch [4320/34966] - Loss: 0.1001
  Batch [4330/34966] - Loss: 0.1001
  Batch [4340/34966] - Loss: 0.1001
  Batch [4350/34966] - Loss: 0.1001
  Batch [4360/34966] - Loss: 0.1001
  Batch [4370/34966] - Loss: 0.1002
  Batch [4380/34966] - Loss: 0.1002
  Batch [4390/34966] - Loss: 0.1001
  Batch [4400/34966] - Loss: 0.1001
  Batch [4410/34966] - Loss: 0.1001
  Batch [4420/34966] - Loss: 0.1001
  Batch [4430/34966] - Loss: 0.1001
  Batch [4440/34966] - Loss: 0.1002
  Batch [4450/34966] - Loss: 0.1003
  Batch [4460/34966] - Loss: 0.1003
  Batch [4470/34966] - Loss: 0.1003
  Batch [4480/34966] - Loss: 0.1003
  Batch [4490/34966] - Loss: 0.1002
  Batch [4500/34966] - Loss: 0.1002
  Batch [4510/34966] - Loss: 0.1001
  Batch [4520/34966] - Loss: 0.1002
  Batch [4530/34966] - Loss: 0.1003
  Batch [4540/34966] - Loss: 0.1002
  Batch [4550/34966] - Loss: 0.1002
  Batch [4560/34966] - Loss: 0.1002
  Batch [4570/34966] - Loss: 0.1002
  Batch [4580/34966] - Loss: 0.1002
  Batch [4590/34966] - Loss: 0.1002
  Batch [4600/34966] - Loss: 0.1003
  Batch [4610/34966] - Loss: 0.1003
  Batch [4620/34966] - Loss: 0.1002
  Batch [4630/34966] - Loss: 0.1002
  Batch [4640/34966] - Loss: 0.1002
  Batch [4650/34966] - Loss: 0.1002
  Batch [4660/34966] - Loss: 0.1002
  Batch [4670/34966] - Loss: 0.1001
  Batch [4680/34966] - Loss: 0.1001
  Batch [4690/34966] - Loss: 0.1001
  Batch [4700/34966] - Loss: 0.1002
  Batch [4710/34966] - Loss: 0.1001
  Batch [4720/34966] - Loss: 0.1001
  Batch [4730/34966] - Loss: 0.1001
  Batch [4740/34966] - Loss: 0.1001
  Batch [4750/34966] - Loss: 0.1000
  Batch [4760/34966] - Loss: 0.1000
  Batch [4770/34966] - Loss: 0.1001
  Batch [4780/34966] - Loss: 0.1001
  Batch [4790/34966] - Loss: 0.1002
  Batch [4800/34966] - Loss: 0.1002
  Batch [4810/34966] - Loss: 0.1002
  Batch [4820/34966] - Loss: 0.1002
  Batch [4830/34966] - Loss: 0.1002
  Batch [4840/34966] - Loss: 0.1002
  Batch [4850/34966] - Loss: 0.1002
  Batch [4860/34966] - Loss: 0.1002
  Batch [4870/34966] - Loss: 0.1002
  Batch [4880/34966] - Loss: 0.1002
  Batch [4890/34966] - Loss: 0.1002
  Batch [4900/34966] - Loss: 0.1002
  Batch [4910/34966] - Loss: 0.1002
  Batch [4920/34966] - Loss: 0.1002
  Batch [4930/34966] - Loss: 0.1002
  Batch [4940/34966] - Loss: 0.1001
  Batch [4950/34966] - Loss: 0.1002
  Batch [4960/34966] - Loss: 0.1002
  Batch [4970/34966] - Loss: 0.1002
  Batch [4980/34966] - Loss: 0.1001
  Batch [4990/34966] - Loss: 0.1001
  Batch [5000/34966] - Loss: 0.1001
  Batch [5010/34966] - Loss: 0.1001
  Batch [5020/34966] - Loss: 0.1000
  Batch [5030/34966] - Loss: 0.1000
  Batch [5040/34966] - Loss: 0.1000
  Batch [5050/34966] - Loss: 0.1000
  Batch [5060/34966] - Loss: 0.1000
  Batch [5070/34966] - Loss: 0.0999
  Batch [5080/34966] - Loss: 0.1000
  Batch [5090/34966] - Loss: 0.1001
  Batch [5100/34966] - Loss: 0.1000
  Batch [5110/34966] - Loss: 0.1000
  Batch [5120/34966] - Loss: 0.1000
  Batch [5130/34966] - Loss: 0.1000
  Batch [5140/34966] - Loss: 0.1000
  Batch [5150/34966] - Loss: 0.1000
  Batch [5160/34966] - Loss: 0.0999
  Batch [5170/34966] - Loss: 0.0999
  Batch [5180/34966] - Loss: 0.0998
  Batch [5190/34966] - Loss: 0.0998
  Batch [5200/34966] - Loss: 0.0998
  Batch [5210/34966] - Loss: 0.0997
  Batch [5220/34966] - Loss: 0.0997
  Batch [5230/34966] - Loss: 0.0997
  Batch [5240/34966] - Loss: 0.0997
  Batch [5250/34966] - Loss: 0.0998
  Batch [5260/34966] - Loss: 0.0997
  Batch [5270/34966] - Loss: 0.0998
  Batch [5280/34966] - Loss: 0.0998
  Batch [5290/34966] - Loss: 0.0997
  Batch [5300/34966] - Loss: 0.0997
  Batch [5310/34966] - Loss: 0.0997
  Batch [5320/34966] - Loss: 0.0997
  Batch [5330/34966] - Loss: 0.0998
  Batch [5340/34966] - Loss: 0.0999
  Batch [5350/34966] - Loss: 0.0999
  Batch [5360/34966] - Loss: 0.0999
  Batch [5370/34966] - Loss: 0.1000
  Batch [5380/34966] - Loss: 0.0999
  Batch [5390/34966] - Loss: 0.0999
  Batch [5400/34966] - Loss: 0.0999
  Batch [5410/34966] - Loss: 0.1000
  Batch [5420/34966] - Loss: 0.1000
  Batch [5430/34966] - Loss: 0.1001
  Batch [5440/34966] - Loss: 0.1001
  Batch [5450/34966] - Loss: 0.1001
  Batch [5460/34966] - Loss: 0.1001
  Batch [5470/34966] - Loss: 0.1001
  Batch [5480/34966] - Loss: 0.1001
  Batch [5490/34966] - Loss: 0.1001
  Batch [5500/34966] - Loss: 0.1001
  Batch [5510/34966] - Loss: 0.1001
  Batch [5520/34966] - Loss: 0.1001
  Batch [5530/34966] - Loss: 0.1001
  Batch [5540/34966] - Loss: 0.1000
  Batch [5550/34966] - Loss: 0.1000
  Batch [5560/34966] - Loss: 0.1000
  Batch [5570/34966] - Loss: 0.1000
  Batch [5580/34966] - Loss: 0.1001
  Batch [5590/34966] - Loss: 0.1000
  Batch [5600/34966] - Loss: 0.1000
  Batch [5610/34966] - Loss: 0.1000
  Batch [5620/34966] - Loss: 0.0999
  Batch [5630/34966] - Loss: 0.0999
  Batch [5640/34966] - Loss: 0.0998
  Batch [5650/34966] - Loss: 0.0998
  Batch [5660/34966] - Loss: 0.0999
  Batch [5670/34966] - Loss: 0.0999
  Batch [5680/34966] - Loss: 0.0999
  Batch [5690/34966] - Loss: 0.0998
  Batch [5700/34966] - Loss: 0.0998
  Batch [5710/34966] - Loss: 0.0998
  Batch [5720/34966] - Loss: 0.0999
  Batch [5730/34966] - Loss: 0.0999
  Batch [5740/34966] - Loss: 0.0999
  Batch [5750/34966] - Loss: 0.0999
  Batch [5760/34966] - Loss: 0.0999
  Batch [5770/34966] - Loss: 0.0999
  Batch [5780/34966] - Loss: 0.0999
  Batch [5790/34966] - Loss: 0.1000
  Batch [5800/34966] - Loss: 0.0999
  Batch [5810/34966] - Loss: 0.0999
  Batch [5820/34966] - Loss: 0.1000
  Batch [5830/34966] - Loss: 0.1000
  Batch [5840/34966] - Loss: 0.0999
  Batch [5850/34966] - Loss: 0.0999
  Batch [5860/34966] - Loss: 0.0998
  Batch [5870/34966] - Loss: 0.0998
  Batch [5880/34966] - Loss: 0.0998
  Batch [5890/34966] - Loss: 0.0999
  Batch [5900/34966] - Loss: 0.0998
  Batch [5910/34966] - Loss: 0.0998
  Batch [5920/34966] - Loss: 0.0998
  Batch [5930/34966] - Loss: 0.0998
  Batch [5940/34966] - Loss: 0.0998
  Batch [5950/34966] - Loss: 0.0998
  Batch [5960/34966] - Loss: 0.0998
  Batch [5970/34966] - Loss: 0.0997
  Batch [5980/34966] - Loss: 0.0997
  Batch [5990/34966] - Loss: 0.0997
  Batch [6000/34966] - Loss: 0.0997
  Batch [6010/34966] - Loss: 0.0997
  Batch [6020/34966] - Loss: 0.0997
  Batch [6030/34966] - Loss: 0.0997
  Batch [6040/34966] - Loss: 0.0997
  Batch [6050/34966] - Loss: 0.0997
  Batch [6060/34966] - Loss: 0.0997
  Batch [6070/34966] - Loss: 0.0997
  Batch [6080/34966] - Loss: 0.0996
  Batch [6090/34966] - Loss: 0.0997
  Batch [6100/34966] - Loss: 0.0997
  Batch [6110/34966] - Loss: 0.0996
  Batch [6120/34966] - Loss: 0.0997
  Batch [6130/34966] - Loss: 0.0997
  Batch [6140/34966] - Loss: 0.0997
  Batch [6150/34966] - Loss: 0.0998
  Batch [6160/34966] - Loss: 0.0998
  Batch [6170/34966] - Loss: 0.0997
  Batch [6180/34966] - Loss: 0.0997
  Batch [6190/34966] - Loss: 0.0997
  Batch [6200/34966] - Loss: 0.0997
  Batch [6210/34966] - Loss: 0.0997
  Batch [6220/34966] - Loss: 0.0997
  Batch [6230/34966] - Loss: 0.0996
  Batch [6240/34966] - Loss: 0.0997
  Batch [6250/34966] - Loss: 0.0997
  Batch [6260/34966] - Loss: 0.0996
  Batch [6270/34966] - Loss: 0.0997
  Batch [6280/34966] - Loss: 0.0997
  Batch [6290/34966] - Loss: 0.0997
  Batch [6300/34966] - Loss: 0.0997
  Batch [6310/34966] - Loss: 0.0997
  Batch [6320/34966] - Loss: 0.0996
  Batch [6330/34966] - Loss: 0.0996
  Batch [6340/34966] - Loss: 0.0996
  Batch [6350/34966] - Loss: 0.0996
  Batch [6360/34966] - Loss: 0.0996
  Batch [6370/34966] - Loss: 0.0997
  Batch [6380/34966] - Loss: 0.0997
  Batch [6390/34966] - Loss: 0.0997
  Batch [6400/34966] - Loss: 0.0996
  Batch [6410/34966] - Loss: 0.0996
  Batch [6420/34966] - Loss: 0.0997
  Batch [6430/34966] - Loss: 0.0997
  Batch [6440/34966] - Loss: 0.0997
  Batch [6450/34966] - Loss: 0.0997
  Batch [6460/34966] - Loss: 0.0996
  Batch [6470/34966] - Loss: 0.0996
  Batch [6480/34966] - Loss: 0.0996
  Batch [6490/34966] - Loss: 0.0995
  Batch [6500/34966] - Loss: 0.0996
  Batch [6510/34966] - Loss: 0.0996
  Batch [6520/34966] - Loss: 0.0997
  Batch [6530/34966] - Loss: 0.0997
  Batch [6540/34966] - Loss: 0.0997
  Batch [6550/34966] - Loss: 0.0997
  Batch [6560/34966] - Loss: 0.0997
  Batch [6570/34966] - Loss: 0.0997
  Batch [6580/34966] - Loss: 0.0997
  Batch [6590/34966] - Loss: 0.0997
  Batch [6600/34966] - Loss: 0.0996
  Batch [6610/34966] - Loss: 0.0997
  Batch [6620/34966] - Loss: 0.0997
  Batch [6630/34966] - Loss: 0.0997
  Batch [6640/34966] - Loss: 0.0997
  Batch [6650/34966] - Loss: 0.0997
  Batch [6660/34966] - Loss: 0.0997
  Batch [6670/34966] - Loss: 0.0997
  Batch [6680/34966] - Loss: 0.0997
  Batch [6690/34966] - Loss: 0.0997
  Batch [6700/34966] - Loss: 0.0996
  Batch [6710/34966] - Loss: 0.0996
  Batch [6720/34966] - Loss: 0.0996
  Batch [6730/34966] - Loss: 0.0997
  Batch [6740/34966] - Loss: 0.0997
  Batch [6750/34966] - Loss: 0.0997
  Batch [6760/34966] - Loss: 0.0997
  Batch [6770/34966] - Loss: 0.0998
  Batch [6780/34966] - Loss: 0.0997
  Batch [6790/34966] - Loss: 0.0997
  Batch [6800/34966] - Loss: 0.0997
  Batch [6810/34966] - Loss: 0.0997
  Batch [6820/34966] - Loss: 0.0997
  Batch [6830/34966] - Loss: 0.0997
  Batch [6840/34966] - Loss: 0.0997
  Batch [6850/34966] - Loss: 0.0996
  Batch [6860/34966] - Loss: 0.0997
  Batch [6870/34966] - Loss: 0.0997
  Batch [6880/34966] - Loss: 0.0997
  Batch [6890/34966] - Loss: 0.0997
  Batch [6900/34966] - Loss: 0.0997
  Batch [6910/34966] - Loss: 0.0997
  Batch [6920/34966] - Loss: 0.0997
  Batch [6930/34966] - Loss: 0.0997
  Batch [6940/34966] - Loss: 0.0997
  Batch [6950/34966] - Loss: 0.0997
  Batch [6960/34966] - Loss: 0.0997
  Batch [6970/34966] - Loss: 0.0997
  Batch [6980/34966] - Loss: 0.0996
  Batch [6990/34966] - Loss: 0.0996
  Batch [7000/34966] - Loss: 0.0996
  Batch [7010/34966] - Loss: 0.0996
  Batch [7020/34966] - Loss: 0.0996
  Batch [7030/34966] - Loss: 0.0996
  Batch [7040/34966] - Loss: 0.0996
  Batch [7050/34966] - Loss: 0.0996
  Batch [7060/34966] - Loss: 0.0996
  Batch [7070/34966] - Loss: 0.0997
  Batch [7080/34966] - Loss: 0.0997
  Batch [7090/34966] - Loss: 0.0997
  Batch [7100/34966] - Loss: 0.0996
  Batch [7110/34966] - Loss: 0.0996
  Batch [7120/34966] - Loss: 0.0996
  Batch [7130/34966] - Loss: 0.0996
  Batch [7140/34966] - Loss: 0.0997
  Batch [7150/34966] - Loss: 0.0997
  Batch [7160/34966] - Loss: 0.0997
  Batch [7170/34966] - Loss: 0.0997
  Batch [7180/34966] - Loss: 0.0997
  Batch [7190/34966] - Loss: 0.0997
  Batch [7200/34966] - Loss: 0.0997
  Batch [7210/34966] - Loss: 0.0997
  Batch [7220/34966] - Loss: 0.0997
  Batch [7230/34966] - Loss: 0.0997
  Batch [7240/34966] - Loss: 0.0997
  Batch [7250/34966] - Loss: 0.0996
  Batch [7260/34966] - Loss: 0.0996
  Batch [7270/34966] - Loss: 0.0996
  Batch [7280/34966] - Loss: 0.0996
  Batch [7290/34966] - Loss: 0.0996
  Batch [7300/34966] - Loss: 0.0996
  Batch [7310/34966] - Loss: 0.0995
  Batch [7320/34966] - Loss: 0.0996
  Batch [7330/34966] - Loss: 0.0996
  Batch [7340/34966] - Loss: 0.0996
  Batch [7350/34966] - Loss: 0.0997
  Batch [7360/34966] - Loss: 0.0997
  Batch [7370/34966] - Loss: 0.0997
  Batch [7380/34966] - Loss: 0.0997
  Batch [7390/34966] - Loss: 0.0996
  Batch [7400/34966] - Loss: 0.0997
  Batch [7410/34966] - Loss: 0.0997
  Batch [7420/34966] - Loss: 0.0997
  Batch [7430/34966] - Loss: 0.0996
  Batch [7440/34966] - Loss: 0.0996
  Batch [7450/34966] - Loss: 0.0996
  Batch [7460/34966] - Loss: 0.0996
  Batch [7470/34966] - Loss: 0.0996
  Batch [7480/34966] - Loss: 0.0996
  Batch [7490/34966] - Loss: 0.0996
  Batch [7500/34966] - Loss: 0.0997
  Batch [7510/34966] - Loss: 0.0997
  Batch [7520/34966] - Loss: 0.0997
  Batch [7530/34966] - Loss: 0.0996
  Batch [7540/34966] - Loss: 0.0996
  Batch [7550/34966] - Loss: 0.0996
  Batch [7560/34966] - Loss: 0.0996
  Batch [7570/34966] - Loss: 0.0996
  Batch [7580/34966] - Loss: 0.0996
  Batch [7590/34966] - Loss: 0.0996
  Batch [7600/34966] - Loss: 0.0997
  Batch [7610/34966] - Loss: 0.0997
  Batch [7620/34966] - Loss: 0.0997
  Batch [7630/34966] - Loss: 0.0997
  Batch [7640/34966] - Loss: 0.0997
  Batch [7650/34966] - Loss: 0.0997
  Batch [7660/34966] - Loss: 0.0997
  Batch [7670/34966] - Loss: 0.0997
  Batch [7680/34966] - Loss: 0.0997
  Batch [7690/34966] - Loss: 0.0997
  Batch [7700/34966] - Loss: 0.0997
  Batch [7710/34966] - Loss: 0.0997
  Batch [7720/34966] - Loss: 0.0997
  Batch [7730/34966] - Loss: 0.0997
  Batch [7740/34966] - Loss: 0.0997
  Batch [7750/34966] - Loss: 0.0997
  Batch [7760/34966] - Loss: 0.0997
  Batch [7770/34966] - Loss: 0.0997
  Batch [7780/34966] - Loss: 0.0997
  Batch [7790/34966] - Loss: 0.0997
  Batch [7800/34966] - Loss: 0.0996
  Batch [7810/34966] - Loss: 0.0996
  Batch [7820/34966] - Loss: 0.0996
  Batch [7830/34966] - Loss: 0.0996
  Batch [7840/34966] - Loss: 0.0996
  Batch [7850/34966] - Loss: 0.0996
  Batch [7860/34966] - Loss: 0.0996
  Batch [7870/34966] - Loss: 0.0996
  Batch [7880/34966] - Loss: 0.0996
  Batch [7890/34966] - Loss: 0.0996
  Batch [7900/34966] - Loss: 0.0996
  Batch [7910/34966] - Loss: 0.0996
  Batch [7920/34966] - Loss: 0.0996
  Batch [7930/34966] - Loss: 0.0996
  Batch [7940/34966] - Loss: 0.0996
  Batch [7950/34966] - Loss: 0.0996
  Batch [7960/34966] - Loss: 0.0996
  Batch [7970/34966] - Loss: 0.0996
  Batch [7980/34966] - Loss: 0.0996
  Batch [7990/34966] - Loss: 0.0996
  Batch [8000/34966] - Loss: 0.0996
  Batch [8010/34966] - Loss: 0.0996
  Batch [8020/34966] - Loss: 0.0995
  Batch [8030/34966] - Loss: 0.0996
  Batch [8040/34966] - Loss: 0.0996
  Batch [8050/34966] - Loss: 0.0996
  Batch [8060/34966] - Loss: 0.0996
  Batch [8070/34966] - Loss: 0.0996
  Batch [8080/34966] - Loss: 0.0996
  Batch [8090/34966] - Loss: 0.0996
  Batch [8100/34966] - Loss: 0.0995
  Batch [8110/34966] - Loss: 0.0995
  Batch [8120/34966] - Loss: 0.0995
  Batch [8130/34966] - Loss: 0.0995
  Batch [8140/34966] - Loss: 0.0995
  Batch [8150/34966] - Loss: 0.0995
  Batch [8160/34966] - Loss: 0.0995
  Batch [8170/34966] - Loss: 0.0995
  Batch [8180/34966] - Loss: 0.0995
  Batch [8190/34966] - Loss: 0.0995
  Batch [8200/34966] - Loss: 0.0995
  Batch [8210/34966] - Loss: 0.0995
  Batch [8220/34966] - Loss: 0.0995
  Batch [8230/34966] - Loss: 0.0995
  Batch [8240/34966] - Loss: 0.0995
  Batch [8250/34966] - Loss: 0.0995
  Batch [8260/34966] - Loss: 0.0996
  Batch [8270/34966] - Loss: 0.0996
  Batch [8280/34966] - Loss: 0.0996
  Batch [8290/34966] - Loss: 0.0996
  Batch [8300/34966] - Loss: 0.0996
  Batch [8310/34966] - Loss: 0.0995
  Batch [8320/34966] - Loss: 0.0995
  Batch [8330/34966] - Loss: 0.0995
  Batch [8340/34966] - Loss: 0.0995
  Batch [8350/34966] - Loss: 0.0995
  Batch [8360/34966] - Loss: 0.0995
  Batch [8370/34966] - Loss: 0.0995
  Batch [8380/34966] - Loss: 0.0995
  Batch [8390/34966] - Loss: 0.0995
  Batch [8400/34966] - Loss: 0.0994
  Batch [8410/34966] - Loss: 0.0994
  Batch [8420/34966] - Loss: 0.0994
  Batch [8430/34966] - Loss: 0.0994
  Batch [8440/34966] - Loss: 0.0995
  Batch [8450/34966] - Loss: 0.0994
  Batch [8460/34966] - Loss: 0.0995
  Batch [8470/34966] - Loss: 0.0995
  Batch [8480/34966] - Loss: 0.0995
  Batch [8490/34966] - Loss: 0.0994
  Batch [8500/34966] - Loss: 0.0994
  Batch [8510/34966] - Loss: 0.0994
  Batch [8520/34966] - Loss: 0.0995
  Batch [8530/34966] - Loss: 0.0995
  Batch [8540/34966] - Loss: 0.0995
  Batch [8550/34966] - Loss: 0.0994
  Batch [8560/34966] - Loss: 0.0994
  Batch [8570/34966] - Loss: 0.0995
  Batch [8580/34966] - Loss: 0.0995
  Batch [8590/34966] - Loss: 0.0995
  Batch [8600/34966] - Loss: 0.0995
  Batch [8610/34966] - Loss: 0.0995
  Batch [8620/34966] - Loss: 0.0995
  Batch [8630/34966] - Loss: 0.0995
  Batch [8640/34966] - Loss: 0.0994
  Batch [8650/34966] - Loss: 0.0994
  Batch [8660/34966] - Loss: 0.0994
  Batch [8670/34966] - Loss: 0.0994
  Batch [8680/34966] - Loss: 0.0995
  Batch [8690/34966] - Loss: 0.0995
  Batch [8700/34966] - Loss: 0.0995
  Batch [8710/34966] - Loss: 0.0995
  Batch [8720/34966] - Loss: 0.0995
  Batch [8730/34966] - Loss: 0.0995
  Batch [8740/34966] - Loss: 0.0995
  Batch [8750/34966] - Loss: 0.0995
  Batch [8760/34966] - Loss: 0.0995
  Batch [8770/34966] - Loss: 0.0995
  Batch [8780/34966] - Loss: 0.0995
  Batch [8790/34966] - Loss: 0.0995
  Batch [8800/34966] - Loss: 0.0995
  Batch [8810/34966] - Loss: 0.0995
  Batch [8820/34966] - Loss: 0.0995
  Batch [8830/34966] - Loss: 0.0995
  Batch [8840/34966] - Loss: 0.0996
  Batch [8850/34966] - Loss: 0.0996
  Batch [8860/34966] - Loss: 0.0996
  Batch [8870/34966] - Loss: 0.0996
  Batch [8880/34966] - Loss: 0.0995
  Batch [8890/34966] - Loss: 0.0995
  Batch [8900/34966] - Loss: 0.0995
  Batch [8910/34966] - Loss: 0.0995
  Batch [8920/34966] - Loss: 0.0995
  Batch [8930/34966] - Loss: 0.0995
  Batch [8940/34966] - Loss: 0.0995
  Batch [8950/34966] - Loss: 0.0995
  Batch [8960/34966] - Loss: 0.0995
  Batch [8970/34966] - Loss: 0.0996
  Batch [8980/34966] - Loss: 0.0995
  Batch [8990/34966] - Loss: 0.0996
  Batch [9000/34966] - Loss: 0.0996
  Batch [9010/34966] - Loss: 0.0996
  Batch [9020/34966] - Loss: 0.0996
  Batch [9030/34966] - Loss: 0.0996
  Batch [9040/34966] - Loss: 0.0995
  Batch [9050/34966] - Loss: 0.0996
  Batch [9060/34966] - Loss: 0.0996
  Batch [9070/34966] - Loss: 0.0996
  Batch [9080/34966] - Loss: 0.0996
  Batch [9090/34966] - Loss: 0.0996
  Batch [9100/34966] - Loss: 0.0996
  Batch [9110/34966] - Loss: 0.0996
  Batch [9120/34966] - Loss: 0.0996
  Batch [9130/34966] - Loss: 0.0997
  Batch [9140/34966] - Loss: 0.0997
  Batch [9150/34966] - Loss: 0.0996
  Batch [9160/34966] - Loss: 0.0996
  Batch [9170/34966] - Loss: 0.0996
  Batch [9180/34966] - Loss: 0.0996
  Batch [9190/34966] - Loss: 0.0996
  Batch [9200/34966] - Loss: 0.0996
  Batch [9210/34966] - Loss: 0.0996
  Batch [9220/34966] - Loss: 0.0996
  Batch [9230/34966] - Loss: 0.0996
  Batch [9240/34966] - Loss: 0.0996
  Batch [9250/34966] - Loss: 0.0996
  Batch [9260/34966] - Loss: 0.0997
  Batch [9270/34966] - Loss: 0.0997
  Batch [9280/34966] - Loss: 0.0997
  Batch [9290/34966] - Loss: 0.0997
  Batch [9300/34966] - Loss: 0.0997
  Batch [9310/34966] - Loss: 0.0997
  Batch [9320/34966] - Loss: 0.0997
  Batch [9330/34966] - Loss: 0.0997
  Batch [9340/34966] - Loss: 0.0997
  Batch [9350/34966] - Loss: 0.0997
  Batch [9360/34966] - Loss: 0.0997
  Batch [9370/34966] - Loss: 0.0997
  Batch [9380/34966] - Loss: 0.0997
  Batch [9390/34966] - Loss: 0.0997
  Batch [9400/34966] - Loss: 0.0998
  Batch [9410/34966] - Loss: 0.0997
  Batch [9420/34966] - Loss: 0.0997
  Batch [9430/34966] - Loss: 0.0997
  Batch [9440/34966] - Loss: 0.0997
  Batch [9450/34966] - Loss: 0.0997
  Batch [9460/34966] - Loss: 0.0997
  Batch [9470/34966] - Loss: 0.0997
  Batch [9480/34966] - Loss: 0.0997
  Batch [9490/34966] - Loss: 0.0997
  Batch [9500/34966] - Loss: 0.0997
  Batch [9510/34966] - Loss: 0.0997
  Batch [9520/34966] - Loss: 0.0997
  Batch [9530/34966] - Loss: 0.0997
  Batch [9540/34966] - Loss: 0.0997
  Batch [9550/34966] - Loss: 0.0997
  Batch [9560/34966] - Loss: 0.0997
  Batch [9570/34966] - Loss: 0.0997
  Batch [9580/34966] - Loss: 0.0997
  Batch [9590/34966] - Loss: 0.0997
  Batch [9600/34966] - Loss: 0.0997
  Batch [9610/34966] - Loss: 0.0996
  Batch [9620/34966] - Loss: 0.0996
  Batch [9630/34966] - Loss: 0.0996
  Batch [9640/34966] - Loss: 0.0996
  Batch [9650/34966] - Loss: 0.0996
  Batch [9660/34966] - Loss: 0.0996
  Batch [9670/34966] - Loss: 0.0997
  Batch [9680/34966] - Loss: 0.0996
  Batch [9690/34966] - Loss: 0.0996
  Batch [9700/34966] - Loss: 0.0996
  Batch [9710/34966] - Loss: 0.0996
  Batch [9720/34966] - Loss: 0.0996
  Batch [9730/34966] - Loss: 0.0996
  Batch [9740/34966] - Loss: 0.0996
  Batch [9750/34966] - Loss: 0.0996
  Batch [9760/34966] - Loss: 0.0996
  Batch [9770/34966] - Loss: 0.0996
  Batch [9780/34966] - Loss: 0.0996
  Batch [9790/34966] - Loss: 0.0996
  Batch [9800/34966] - Loss: 0.0996
  Batch [9810/34966] - Loss: 0.0996
  Batch [9820/34966] - Loss: 0.0996
  Batch [9830/34966] - Loss: 0.0996
  Batch [9840/34966] - Loss: 0.0996
  Batch [9850/34966] - Loss: 0.0996
  Batch [9860/34966] - Loss: 0.0996
  Batch [9870/34966] - Loss: 0.0995
  Batch [9880/34966] - Loss: 0.0995
  Batch [9890/34966] - Loss: 0.0995
  Batch [9900/34966] - Loss: 0.0995
  Batch [9910/34966] - Loss: 0.0995
  Batch [9920/34966] - Loss: 0.0995
  Batch [9930/34966] - Loss: 0.0995
  Batch [9940/34966] - Loss: 0.0995
  Batch [9950/34966] - Loss: 0.0995
  Batch [9960/34966] - Loss: 0.0995
  Batch [9970/34966] - Loss: 0.0995
  Batch [9980/34966] - Loss: 0.0995
  Batch [9990/34966] - Loss: 0.0995
  Batch [10000/34966] - Loss: 0.0995
  Batch [10010/34966] - Loss: 0.0995
  Batch [10020/34966] - Loss: 0.0995
  Batch [10030/34966] - Loss: 0.0995
  Batch [10040/34966] - Loss: 0.0995
  Batch [10050/34966] - Loss: 0.0995
  Batch [10060/34966] - Loss: 0.0995
  Batch [10070/34966] - Loss: 0.0995
  Batch [10080/34966] - Loss: 0.0995
  Batch [10090/34966] - Loss: 0.0995
  Batch [10100/34966] - Loss: 0.0995
  Batch [10110/34966] - Loss: 0.0996
  Batch [10120/34966] - Loss: 0.0996
  Batch [10130/34966] - Loss: 0.0996
  Batch [10140/34966] - Loss: 0.0995
  Batch [10150/34966] - Loss: 0.0995
  Batch [10160/34966] - Loss: 0.0995
  Batch [10170/34966] - Loss: 0.0996
  Batch [10180/34966] - Loss: 0.0996
  Batch [10190/34966] - Loss: 0.0996
  Batch [10200/34966] - Loss: 0.0996
  Batch [10210/34966] - Loss: 0.0996
  Batch [10220/34966] - Loss: 0.0996
  Batch [10230/34966] - Loss: 0.0996
  Batch [10240/34966] - Loss: 0.0996
  Batch [10250/34966] - Loss: 0.0996
  Batch [10260/34966] - Loss: 0.0996
  Batch [10270/34966] - Loss: 0.0996
  Batch [10280/34966] - Loss: 0.0996
  Batch [10290/34966] - Loss: 0.0996
  Batch [10300/34966] - Loss: 0.0996
  Batch [10310/34966] - Loss: 0.0996
  Batch [10320/34966] - Loss: 0.0996
  Batch [10330/34966] - Loss: 0.0995
  Batch [10340/34966] - Loss: 0.0995
  Batch [10350/34966] - Loss: 0.0995
  Batch [10360/34966] - Loss: 0.0995
  Batch [10370/34966] - Loss: 0.0995
  Batch [10380/34966] - Loss: 0.0994
  Batch [10390/34966] - Loss: 0.0995
  Batch [10400/34966] - Loss: 0.0995
  Batch [10410/34966] - Loss: 0.0995
  Batch [10420/34966] - Loss: 0.0995
  Batch [10430/34966] - Loss: 0.0995
  Batch [10440/34966] - Loss: 0.0995
  Batch [10450/34966] - Loss: 0.0995
  Batch [10460/34966] - Loss: 0.0995
  Batch [10470/34966] - Loss: 0.0995
  Batch [10480/34966] - Loss: 0.0995
  Batch [10490/34966] - Loss: 0.0995
  Batch [10500/34966] - Loss: 0.0995
  Batch [10510/34966] - Loss: 0.0996
  Batch [10520/34966] - Loss: 0.0996
  Batch [10530/34966] - Loss: 0.0996
  Batch [10540/34966] - Loss: 0.0996
  Batch [10550/34966] - Loss: 0.0996
  Batch [10560/34966] - Loss: 0.0996
  Batch [10570/34966] - Loss: 0.0996
  Batch [10580/34966] - Loss: 0.0996
  Batch [10590/34966] - Loss: 0.0995
  Batch [10600/34966] - Loss: 0.0995
  Batch [10610/34966] - Loss: 0.0995
  Batch [10620/34966] - Loss: 0.0995
  Batch [10630/34966] - Loss: 0.0995
  Batch [10640/34966] - Loss: 0.0995
  Batch [10650/34966] - Loss: 0.0995
  Batch [10660/34966] - Loss: 0.0995
  Batch [10670/34966] - Loss: 0.0995
  Batch [10680/34966] - Loss: 0.0995
  Batch [10690/34966] - Loss: 0.0995
  Batch [10700/34966] - Loss: 0.0995
  Batch [10710/34966] - Loss: 0.0995
  Batch [10720/34966] - Loss: 0.0995
  Batch [10730/34966] - Loss: 0.0995
  Batch [10740/34966] - Loss: 0.0995
  Batch [10750/34966] - Loss: 0.0995
  Batch [10760/34966] - Loss: 0.0995
  Batch [10770/34966] - Loss: 0.0995
  Batch [10780/34966] - Loss: 0.0994
  Batch [10790/34966] - Loss: 0.0994
  Batch [10800/34966] - Loss: 0.0994
  Batch [10810/34966] - Loss: 0.0994
  Batch [10820/34966] - Loss: 0.0994
  Batch [10830/34966] - Loss: 0.0994
  Batch [10840/34966] - Loss: 0.0994
  Batch [10850/34966] - Loss: 0.0994
  Batch [10860/34966] - Loss: 0.0994
  Batch [10870/34966] - Loss: 0.0994
  Batch [10880/34966] - Loss: 0.0994
  Batch [10890/34966] - Loss: 0.0994
  Batch [10900/34966] - Loss: 0.0993
  Batch [10910/34966] - Loss: 0.0993
  Batch [10920/34966] - Loss: 0.0993
  Batch [10930/34966] - Loss: 0.0993
  Batch [10940/34966] - Loss: 0.0993
  Batch [10950/34966] - Loss: 0.0993
  Batch [10960/34966] - Loss: 0.0993
  Batch [10970/34966] - Loss: 0.0993
  Batch [10980/34966] - Loss: 0.0993
  Batch [10990/34966] - Loss: 0.0993
  Batch [11000/34966] - Loss: 0.0993
  Batch [11010/34966] - Loss: 0.0993
  Batch [11020/34966] - Loss: 0.0993
  Batch [11030/34966] - Loss: 0.0993
  Batch [11040/34966] - Loss: 0.0993
  Batch [11050/34966] - Loss: 0.0993
  Batch [11060/34966] - Loss: 0.0993
  Batch [11070/34966] - Loss: 0.0993
  Batch [11080/34966] - Loss: 0.0993
  Batch [11090/34966] - Loss: 0.0993
  Batch [11100/34966] - Loss: 0.0993
  Batch [11110/34966] - Loss: 0.0993
  Batch [11120/34966] - Loss: 0.0993
  Batch [11130/34966] - Loss: 0.0993
  Batch [11140/34966] - Loss: 0.0993
  Batch [11150/34966] - Loss: 0.0993
  Batch [11160/34966] - Loss: 0.0993
  Batch [11170/34966] - Loss: 0.0993
  Batch [11180/34966] - Loss: 0.0992
  Batch [11190/34966] - Loss: 0.0993
  Batch [11200/34966] - Loss: 0.0993
  Batch [11210/34966] - Loss: 0.0992
  Batch [11220/34966] - Loss: 0.0992
  Batch [11230/34966] - Loss: 0.0992
  Batch [11240/34966] - Loss: 0.0992
  Batch [11250/34966] - Loss: 0.0992
  Batch [11260/34966] - Loss: 0.0993
  Batch [11270/34966] - Loss: 0.0992
  Batch [11280/34966] - Loss: 0.0992
  Batch [11290/34966] - Loss: 0.0992
  Batch [11300/34966] - Loss: 0.0992
  Batch [11310/34966] - Loss: 0.0992
  Batch [11320/34966] - Loss: 0.0992
  Batch [11330/34966] - Loss: 0.0992
  Batch [11340/34966] - Loss: 0.0992
  Batch [11350/34966] - Loss: 0.0993
  Batch [11360/34966] - Loss: 0.0992
  Batch [11370/34966] - Loss: 0.0992
  Batch [11380/34966] - Loss: 0.0992
  Batch [11390/34966] - Loss: 0.0992
  Batch [11400/34966] - Loss: 0.0992
  Batch [11410/34966] - Loss: 0.0992
  Batch [11420/34966] - Loss: 0.0993
  Batch [11430/34966] - Loss: 0.0993
  Batch [11440/34966] - Loss: 0.0993
  Batch [11450/34966] - Loss: 0.0993
  Batch [11460/34966] - Loss: 0.0993
  Batch [11470/34966] - Loss: 0.0992
  Batch [11480/34966] - Loss: 0.0992
  Batch [11490/34966] - Loss: 0.0993
  Batch [11500/34966] - Loss: 0.0993
  Batch [11510/34966] - Loss: 0.0992
  Batch [11520/34966] - Loss: 0.0993
  Batch [11530/34966] - Loss: 0.0993
  Batch [11540/34966] - Loss: 0.0993
  Batch [11550/34966] - Loss: 0.0993
  Batch [11560/34966] - Loss: 0.0992
  Batch [11570/34966] - Loss: 0.0993
  Batch [11580/34966] - Loss: 0.0992
  Batch [11590/34966] - Loss: 0.0993
  Batch [11600/34966] - Loss: 0.0993
  Batch [11610/34966] - Loss: 0.0993
  Batch [11620/34966] - Loss: 0.0993
  Batch [11630/34966] - Loss: 0.0993
  Batch [11640/34966] - Loss: 0.0993
  Batch [11650/34966] - Loss: 0.0994
  Batch [11660/34966] - Loss: 0.0994
  Batch [11670/34966] - Loss: 0.0993
  Batch [11680/34966] - Loss: 0.0993
  Batch [11690/34966] - Loss: 0.0993
  Batch [11700/34966] - Loss: 0.0993
  Batch [11710/34966] - Loss: 0.0993
  Batch [11720/34966] - Loss: 0.0993
  Batch [11730/34966] - Loss: 0.0993
  Batch [11740/34966] - Loss: 0.0993
  Batch [11750/34966] - Loss: 0.0993
  Batch [11760/34966] - Loss: 0.0993
  Batch [11770/34966] - Loss: 0.0993
  Batch [11780/34966] - Loss: 0.0993
  Batch [11790/34966] - Loss: 0.0993
  Batch [11800/34966] - Loss: 0.0993
  Batch [11810/34966] - Loss: 0.0994
  Batch [11820/34966] - Loss: 0.0994
  Batch [11830/34966] - Loss: 0.0994
  Batch [11840/34966] - Loss: 0.0994
  Batch [11850/34966] - Loss: 0.0994
  Batch [11860/34966] - Loss: 0.0995
  Batch [11870/34966] - Loss: 0.0995
  Batch [11880/34966] - Loss: 0.0994
  Batch [11890/34966] - Loss: 0.0994
  Batch [11900/34966] - Loss: 0.0995
  Batch [11910/34966] - Loss: 0.0995
  Batch [11920/34966] - Loss: 0.0995
  Batch [11930/34966] - Loss: 0.0995
  Batch [11940/34966] - Loss: 0.0995
  Batch [11950/34966] - Loss: 0.0994
  Batch [11960/34966] - Loss: 0.0995
  Batch [11970/34966] - Loss: 0.0994
  Batch [11980/34966] - Loss: 0.0995
  Batch [11990/34966] - Loss: 0.0995
  Batch [12000/34966] - Loss: 0.0995
  Batch [12010/34966] - Loss: 0.0995
  Batch [12020/34966] - Loss: 0.0995
  Batch [12030/34966] - Loss: 0.0995
  Batch [12040/34966] - Loss: 0.0995
  Batch [12050/34966] - Loss: 0.0995
  Batch [12060/34966] - Loss: 0.0995
  Batch [12070/34966] - Loss: 0.0995
  Batch [12080/34966] - Loss: 0.0995
  Batch [12090/34966] - Loss: 0.0995
  Batch [12100/34966] - Loss: 0.0995
  Batch [12110/34966] - Loss: 0.0995
  Batch [12120/34966] - Loss: 0.0995
  Batch [12130/34966] - Loss: 0.0995
  Batch [12140/34966] - Loss: 0.0995
  Batch [12150/34966] - Loss: 0.0995
  Batch [12160/34966] - Loss: 0.0995
  Batch [12170/34966] - Loss: 0.0995
  Batch [12180/34966] - Loss: 0.0995
  Batch [12190/34966] - Loss: 0.0995
  Batch [12200/34966] - Loss: 0.0996
  Batch [12210/34966] - Loss: 0.0996
  Batch [12220/34966] - Loss: 0.0995
  Batch [12230/34966] - Loss: 0.0996
  Batch [12240/34966] - Loss: 0.0996
  Batch [12250/34966] - Loss: 0.0996
  Batch [12260/34966] - Loss: 0.0996
  Batch [12270/34966] - Loss: 0.0996
  Batch [12280/34966] - Loss: 0.0996
  Batch [12290/34966] - Loss: 0.0996
  Batch [12300/34966] - Loss: 0.0996
  Batch [12310/34966] - Loss: 0.0996
  Batch [12320/34966] - Loss: 0.0996
  Batch [12330/34966] - Loss: 0.0996
  Batch [12340/34966] - Loss: 0.0996
  Batch [12350/34966] - Loss: 0.0996
  Batch [12360/34966] - Loss: 0.0995
  Batch [12370/34966] - Loss: 0.0995
  Batch [12380/34966] - Loss: 0.0995
  Batch [12390/34966] - Loss: 0.0995
  Batch [12400/34966] - Loss: 0.0995
  Batch [12410/34966] - Loss: 0.0996
  Batch [12420/34966] - Loss: 0.0996
  Batch [12430/34966] - Loss: 0.0996
  Batch [12440/34966] - Loss: 0.0995
  Batch [12450/34966] - Loss: 0.0996
  Batch [12460/34966] - Loss: 0.0995
  Batch [12470/34966] - Loss: 0.0995
  Batch [12480/34966] - Loss: 0.0996
  Batch [12490/34966] - Loss: 0.0996
  Batch [12500/34966] - Loss: 0.0996
  Batch [12510/34966] - Loss: 0.0996
  Batch [12520/34966] - Loss: 0.0996
  Batch [12530/34966] - Loss: 0.0996
  Batch [12540/34966] - Loss: 0.0996
  Batch [12550/34966] - Loss: 0.0996
  Batch [12560/34966] - Loss: 0.0996
  Batch [12570/34966] - Loss: 0.0996
  Batch [12580/34966] - Loss: 0.0996
  Batch [12590/34966] - Loss: 0.0995
  Batch [12600/34966] - Loss: 0.0995
  Batch [12610/34966] - Loss: 0.0996
  Batch [12620/34966] - Loss: 0.0996
  Batch [12630/34966] - Loss: 0.0995
  Batch [12640/34966] - Loss: 0.0995
  Batch [12650/34966] - Loss: 0.0995
  Batch [12660/34966] - Loss: 0.0995
  Batch [12670/34966] - Loss: 0.0995
  Batch [12680/34966] - Loss: 0.0996
  Batch [12690/34966] - Loss: 0.0996
  Batch [12700/34966] - Loss: 0.0996
  Batch [12710/34966] - Loss: 0.0996
  Batch [12720/34966] - Loss: 0.0996
  Batch [12730/34966] - Loss: 0.0996
  Batch [12740/34966] - Loss: 0.0996
  Batch [12750/34966] - Loss: 0.0996
  Batch [12760/34966] - Loss: 0.0996
  Batch [12770/34966] - Loss: 0.0996
  Batch [12780/34966] - Loss: 0.0996
  Batch [12790/34966] - Loss: 0.0996
  Batch [12800/34966] - Loss: 0.0996
  Batch [12810/34966] - Loss: 0.0996
  Batch [12820/34966] - Loss: 0.0996
  Batch [12830/34966] - Loss: 0.0996
  Batch [12840/34966] - Loss: 0.0996
  Batch [12850/34966] - Loss: 0.0996
  Batch [12860/34966] - Loss: 0.0996
  Batch [12870/34966] - Loss: 0.0996
  Batch [12880/34966] - Loss: 0.0996
  Batch [12890/34966] - Loss: 0.0996
  Batch [12900/34966] - Loss: 0.0996
  Batch [12910/34966] - Loss: 0.0996
  Batch [12920/34966] - Loss: 0.0996
  Batch [12930/34966] - Loss: 0.0996
  Batch [12940/34966] - Loss: 0.0996
  Batch [12950/34966] - Loss: 0.0996
  Batch [12960/34966] - Loss: 0.0996
  Batch [12970/34966] - Loss: 0.0996
  Batch [12980/34966] - Loss: 0.0996
  Batch [12990/34966] - Loss: 0.0996
  Batch [13000/34966] - Loss: 0.0996
  Batch [13010/34966] - Loss: 0.0996
  Batch [13020/34966] - Loss: 0.0996
  Batch [13030/34966] - Loss: 0.0996
  Batch [13040/34966] - Loss: 0.0996
  Batch [13050/34966] - Loss: 0.0996
  Batch [13060/34966] - Loss: 0.0996
  Batch [13070/34966] - Loss: 0.0996
  Batch [13080/34966] - Loss: 0.0996
  Batch [13090/34966] - Loss: 0.0996
  Batch [13100/34966] - Loss: 0.0996
  Batch [13110/34966] - Loss: 0.0997
  Batch [13120/34966] - Loss: 0.0996
  Batch [13130/34966] - Loss: 0.0997
  Batch [13140/34966] - Loss: 0.0997
  Batch [13150/34966] - Loss: 0.0997
  Batch [13160/34966] - Loss: 0.0997
  Batch [13170/34966] - Loss: 0.0997
  Batch [13180/34966] - Loss: 0.0996
  Batch [13190/34966] - Loss: 0.0996
  Batch [13200/34966] - Loss: 0.0996
  Batch [13210/34966] - Loss: 0.0996
  Batch [13220/34966] - Loss: 0.0996
  Batch [13230/34966] - Loss: 0.0996
  Batch [13240/34966] - Loss: 0.0996
  Batch [13250/34966] - Loss: 0.0996
  Batch [13260/34966] - Loss: 0.0996
  Batch [13270/34966] - Loss: 0.0996
  Batch [13280/34966] - Loss: 0.0996
  Batch [13290/34966] - Loss: 0.0996
  Batch [13300/34966] - Loss: 0.0996
  Batch [13310/34966] - Loss: 0.0996
  Batch [13320/34966] - Loss: 0.0996
  Batch [13330/34966] - Loss: 0.0996
  Batch [13340/34966] - Loss: 0.0996
  Batch [13350/34966] - Loss: 0.0996
  Batch [13360/34966] - Loss: 0.0996
  Batch [13370/34966] - Loss: 0.0996
  Batch [13380/34966] - Loss: 0.0996
  Batch [13390/34966] - Loss: 0.0996
  Batch [13400/34966] - Loss: 0.0995
  Batch [13410/34966] - Loss: 0.0996
  Batch [13420/34966] - Loss: 0.0996
  Batch [13430/34966] - Loss: 0.0996
  Batch [13440/34966] - Loss: 0.0996
  Batch [13450/34966] - Loss: 0.0996
  Batch [13460/34966] - Loss: 0.0996
  Batch [13470/34966] - Loss: 0.0996
  Batch [13480/34966] - Loss: 0.0996
  Batch [13490/34966] - Loss: 0.0996
  Batch [13500/34966] - Loss: 0.0996
  Batch [13510/34966] - Loss: 0.0996
  Batch [13520/34966] - Loss: 0.0996
  Batch [13530/34966] - Loss: 0.0995
  Batch [13540/34966] - Loss: 0.0995
  Batch [13550/34966] - Loss: 0.0995
  Batch [13560/34966] - Loss: 0.0995
  Batch [13570/34966] - Loss: 0.0995
  Batch [13580/34966] - Loss: 0.0995
  Batch [13590/34966] - Loss: 0.0995
  Batch [13600/34966] - Loss: 0.0995
  Batch [13610/34966] - Loss: 0.0995
  Batch [13620/34966] - Loss: 0.0995
  Batch [13630/34966] - Loss: 0.0994
  Batch [13640/34966] - Loss: 0.0994
  Batch [13650/34966] - Loss: 0.0994
  Batch [13660/34966] - Loss: 0.0995
  Batch [13670/34966] - Loss: 0.0995
  Batch [13680/34966] - Loss: 0.0995
  Batch [13690/34966] - Loss: 0.0995
  Batch [13700/34966] - Loss: 0.0995
  Batch [13710/34966] - Loss: 0.0995
  Batch [13720/34966] - Loss: 0.0995
  Batch [13730/34966] - Loss: 0.0995
  Batch [13740/34966] - Loss: 0.0995
  Batch [13750/34966] - Loss: 0.0995
  Batch [13760/34966] - Loss: 0.0995
  Batch [13770/34966] - Loss: 0.0995
  Batch [13780/34966] - Loss: 0.0995
  Batch [13790/34966] - Loss: 0.0995
  Batch [13800/34966] - Loss: 0.0995
  Batch [13810/34966] - Loss: 0.0995
  Batch [13820/34966] - Loss: 0.0995
  Batch [13830/34966] - Loss: 0.0995
  Batch [13840/34966] - Loss: 0.0995
  Batch [13850/34966] - Loss: 0.0995
  Batch [13860/34966] - Loss: 0.0995
  Batch [13870/34966] - Loss: 0.0995
  Batch [13880/34966] - Loss: 0.0995
  Batch [13890/34966] - Loss: 0.0995
  Batch [13900/34966] - Loss: 0.0995
  Batch [13910/34966] - Loss: 0.0995
  Batch [13920/34966] - Loss: 0.0995
  Batch [13930/34966] - Loss: 0.0995
  Batch [13940/34966] - Loss: 0.0995
  Batch [13950/34966] - Loss: 0.0995
  Batch [13960/34966] - Loss: 0.0995
  Batch [13970/34966] - Loss: 0.0995
  Batch [13980/34966] - Loss: 0.0995
  Batch [13990/34966] - Loss: 0.0995
  Batch [14000/34966] - Loss: 0.0995
  Batch [14010/34966] - Loss: 0.0995
  Batch [14020/34966] - Loss: 0.0995
  Batch [14030/34966] - Loss: 0.0995
  Batch [14040/34966] - Loss: 0.0995
  Batch [14050/34966] - Loss: 0.0995
  Batch [14060/34966] - Loss: 0.0996
  Batch [14070/34966] - Loss: 0.0996
  Batch [14080/34966] - Loss: 0.0995
  Batch [14090/34966] - Loss: 0.0996
  Batch [14100/34966] - Loss: 0.0996
  Batch [14110/34966] - Loss: 0.0996
  Batch [14120/34966] - Loss: 0.0996
  Batch [14130/34966] - Loss: 0.0996
  Batch [14140/34966] - Loss: 0.0996
  Batch [14150/34966] - Loss: 0.0996
  Batch [14160/34966] - Loss: 0.0996
  Batch [14170/34966] - Loss: 0.0996
  Batch [14180/34966] - Loss: 0.0995
  Batch [14190/34966] - Loss: 0.0995
  Batch [14200/34966] - Loss: 0.0995
  Batch [14210/34966] - Loss: 0.0995
  Batch [14220/34966] - Loss: 0.0995
  Batch [14230/34966] - Loss: 0.0995
  Batch [14240/34966] - Loss: 0.0995
  Batch [14250/34966] - Loss: 0.0995
  Batch [14260/34966] - Loss: 0.0995
  Batch [14270/34966] - Loss: 0.0995
  Batch [14280/34966] - Loss: 0.0995
  Batch [14290/34966] - Loss: 0.0995
  Batch [14300/34966] - Loss: 0.0995
  Batch [14310/34966] - Loss: 0.0995
  Batch [14320/34966] - Loss: 0.0995
  Batch [14330/34966] - Loss: 0.0995
  Batch [14340/34966] - Loss: 0.0995
  Batch [14350/34966] - Loss: 0.0994
  Batch [14360/34966] - Loss: 0.0995
  Batch [14370/34966] - Loss: 0.0995
  Batch [14380/34966] - Loss: 0.0995
  Batch [14390/34966] - Loss: 0.0995
  Batch [14400/34966] - Loss: 0.0995
  Batch [14410/34966] - Loss: 0.0995
  Batch [14420/34966] - Loss: 0.0995
  Batch [14430/34966] - Loss: 0.0995
  Batch [14440/34966] - Loss: 0.0995
  Batch [14450/34966] - Loss: 0.0995
  Batch [14460/34966] - Loss: 0.0995
  Batch [14470/34966] - Loss: 0.0995
  Batch [14480/34966] - Loss: 0.0995
  Batch [14490/34966] - Loss: 0.0995
  Batch [14500/34966] - Loss: 0.0995
  Batch [14510/34966] - Loss: 0.0995
  Batch [14520/34966] - Loss: 0.0995
  Batch [14530/34966] - Loss: 0.0995
  Batch [14540/34966] - Loss: 0.0995
  Batch [14550/34966] - Loss: 0.0995
  Batch [14560/34966] - Loss: 0.0995
  Batch [14570/34966] - Loss: 0.0995
  Batch [14580/34966] - Loss: 0.0995
  Batch [14590/34966] - Loss: 0.0995
  Batch [14600/34966] - Loss: 0.0995
  Batch [14610/34966] - Loss: 0.0995
  Batch [14620/34966] - Loss: 0.0995
  Batch [14630/34966] - Loss: 0.0995
  Batch [14640/34966] - Loss: 0.0995
  Batch [14650/34966] - Loss: 0.0995
  Batch [14660/34966] - Loss: 0.0995
  Batch [14670/34966] - Loss: 0.0995
  Batch [14680/34966] - Loss: 0.0995
  Batch [14690/34966] - Loss: 0.0995
  Batch [14700/34966] - Loss: 0.0995
  Batch [14710/34966] - Loss: 0.0995
  Batch [14720/34966] - Loss: 0.0995
  Batch [14730/34966] - Loss: 0.0995
  Batch [14740/34966] - Loss: 0.0995
  Batch [14750/34966] - Loss: 0.0995
  Batch [14760/34966] - Loss: 0.0995
  Batch [14770/34966] - Loss: 0.0995
  Batch [14780/34966] - Loss: 0.0995
  Batch [14790/34966] - Loss: 0.0995
  Batch [14800/34966] - Loss: 0.0995
  Batch [14810/34966] - Loss: 0.0995
  Batch [14820/34966] - Loss: 0.0994
  Batch [14830/34966] - Loss: 0.0994
  Batch [14840/34966] - Loss: 0.0994
  Batch [14850/34966] - Loss: 0.0995
  Batch [14860/34966] - Loss: 0.0995
  Batch [14870/34966] - Loss: 0.0994
  Batch [14880/34966] - Loss: 0.0994
  Batch [14890/34966] - Loss: 0.0994
  Batch [14900/34966] - Loss: 0.0994
  Batch [14910/34966] - Loss: 0.0994
  Batch [14920/34966] - Loss: 0.0994
  Batch [14930/34966] - Loss: 0.0994
  Batch [14940/34966] - Loss: 0.0994
  Batch [14950/34966] - Loss: 0.0994
  Batch [14960/34966] - Loss: 0.0995
  Batch [14970/34966] - Loss: 0.0995
  Batch [14980/34966] - Loss: 0.0995
  Batch [14990/34966] - Loss: 0.0995
  Batch [15000/34966] - Loss: 0.0995
  Batch [15010/34966] - Loss: 0.0995
  Batch [15020/34966] - Loss: 0.0995
  Batch [15030/34966] - Loss: 0.0995
  Batch [15040/34966] - Loss: 0.0995
  Batch [15050/34966] - Loss: 0.0995
  Batch [15060/34966] - Loss: 0.0995
  Batch [15070/34966] - Loss: 0.0995
  Batch [15080/34966] - Loss: 0.0995
  Batch [15090/34966] - Loss: 0.0995
  Batch [15100/34966] - Loss: 0.0995
  Batch [15110/34966] - Loss: 0.0995
  Batch [15120/34966] - Loss: 0.0995
  Batch [15130/34966] - Loss: 0.0995
  Batch [15140/34966] - Loss: 0.0995
  Batch [15150/34966] - Loss: 0.0995
  Batch [15160/34966] - Loss: 0.0996
  Batch [15170/34966] - Loss: 0.0996
  Batch [15180/34966] - Loss: 0.0996
  Batch [15190/34966] - Loss: 0.0996
  Batch [15200/34966] - Loss: 0.0996
  Batch [15210/34966] - Loss: 0.0996
  Batch [15220/34966] - Loss: 0.0996
  Batch [15230/34966] - Loss: 0.0996
  Batch [15240/34966] - Loss: 0.0996
  Batch [15250/34966] - Loss: 0.0996
  Batch [15260/34966] - Loss: 0.0996
  Batch [15270/34966] - Loss: 0.0996
  Batch [15280/34966] - Loss: 0.0996
  Batch [15290/34966] - Loss: 0.0996
  Batch [15300/34966] - Loss: 0.0996
  Batch [15310/34966] - Loss: 0.0996
  Batch [15320/34966] - Loss: 0.0996
  Batch [15330/34966] - Loss: 0.0996
  Batch [15340/34966] - Loss: 0.0996
  Batch [15350/34966] - Loss: 0.0996
  Batch [15360/34966] - Loss: 0.0996
  Batch [15370/34966] - Loss: 0.0996
  Batch [15380/34966] - Loss: 0.0996
  Batch [15390/34966] - Loss: 0.0996
  Batch [15400/34966] - Loss: 0.0996
  Batch [15410/34966] - Loss: 0.0997
  Batch [15420/34966] - Loss: 0.0997
  Batch [15430/34966] - Loss: 0.0997
  Batch [15440/34966] - Loss: 0.0997
  Batch [15450/34966] - Loss: 0.0997
  Batch [15460/34966] - Loss: 0.0996
  Batch [15470/34966] - Loss: 0.0996
  Batch [15480/34966] - Loss: 0.0996
  Batch [15490/34966] - Loss: 0.0996
  Batch [15500/34966] - Loss: 0.0996
  Batch [15510/34966] - Loss: 0.0996
  Batch [15520/34966] - Loss: 0.0996
  Batch [15530/34966] - Loss: 0.0996
  Batch [15540/34966] - Loss: 0.0996
  Batch [15550/34966] - Loss: 0.0996
  Batch [15560/34966] - Loss: 0.0996
  Batch [15570/34966] - Loss: 0.0996
  Batch [15580/34966] - Loss: 0.0996
  Batch [15590/34966] - Loss: 0.0996
  Batch [15600/34966] - Loss: 0.0996
  Batch [15610/34966] - Loss: 0.0996
  Batch [15620/34966] - Loss: 0.0996
  Batch [15630/34966] - Loss: 0.0996
  Batch [15640/34966] - Loss: 0.0995
  Batch [15650/34966] - Loss: 0.0995
  Batch [15660/34966] - Loss: 0.0995
  Batch [15670/34966] - Loss: 0.0995
  Batch [15680/34966] - Loss: 0.0995
  Batch [15690/34966] - Loss: 0.0995
  Batch [15700/34966] - Loss: 0.0995
  Batch [15710/34966] - Loss: 0.0995
  Batch [15720/34966] - Loss: 0.0995
  Batch [15730/34966] - Loss: 0.0995
  Batch [15740/34966] - Loss: 0.0995
  Batch [15750/34966] - Loss: 0.0995
  Batch [15760/34966] - Loss: 0.0996
  Batch [15770/34966] - Loss: 0.0996
  Batch [15780/34966] - Loss: 0.0995
  Batch [15790/34966] - Loss: 0.0995
  Batch [15800/34966] - Loss: 0.0995
  Batch [15810/34966] - Loss: 0.0995
  Batch [15820/34966] - Loss: 0.0995
  Batch [15830/34966] - Loss: 0.0995
  Batch [15840/34966] - Loss: 0.0995
  Batch [15850/34966] - Loss: 0.0996
  Batch [15860/34966] - Loss: 0.0996
  Batch [15870/34966] - Loss: 0.0996
  Batch [15880/34966] - Loss: 0.0996
  Batch [15890/34966] - Loss: 0.0996
  Batch [15900/34966] - Loss: 0.0996
  Batch [15910/34966] - Loss: 0.0996
  Batch [15920/34966] - Loss: 0.0996
  Batch [15930/34966] - Loss: 0.0996
  Batch [15940/34966] - Loss: 0.0996
  Batch [15950/34966] - Loss: 0.0996
  Batch [15960/34966] - Loss: 0.0996
  Batch [15970/34966] - Loss: 0.0996
  Batch [15980/34966] - Loss: 0.0996
  Batch [15990/34966] - Loss: 0.0996
  Batch [16000/34966] - Loss: 0.0996
  Batch [16010/34966] - Loss: 0.0996
  Batch [16020/34966] - Loss: 0.0996
  Batch [16030/34966] - Loss: 0.0996
  Batch [16040/34966] - Loss: 0.0996
  Batch [16050/34966] - Loss: 0.0996
  Batch [16060/34966] - Loss: 0.0996
  Batch [16070/34966] - Loss: 0.0996
  Batch [16080/34966] - Loss: 0.0996
  Batch [16090/34966] - Loss: 0.0996
  Batch [16100/34966] - Loss: 0.0996
  Batch [16110/34966] - Loss: 0.0996
  Batch [16120/34966] - Loss: 0.0996
  Batch [16130/34966] - Loss: 0.0996
  Batch [16140/34966] - Loss: 0.0996
  Batch [16150/34966] - Loss: 0.0996
  Batch [16160/34966] - Loss: 0.0996
  Batch [16170/34966] - Loss: 0.0996
  Batch [16180/34966] - Loss: 0.0996
  Batch [16190/34966] - Loss: 0.0996
  Batch [16200/34966] - Loss: 0.0996
  Batch [16210/34966] - Loss: 0.0996
  Batch [16220/34966] - Loss: 0.0996
  Batch [16230/34966] - Loss: 0.0996
  Batch [16240/34966] - Loss: 0.0996
  Batch [16250/34966] - Loss: 0.0996
  Batch [16260/34966] - Loss: 0.0996
  Batch [16270/34966] - Loss: 0.0995
  Batch [16280/34966] - Loss: 0.0995
  Batch [16290/34966] - Loss: 0.0995
  Batch [16300/34966] - Loss: 0.0995
  Batch [16310/34966] - Loss: 0.0995
  Batch [16320/34966] - Loss: 0.0995
  Batch [16330/34966] - Loss: 0.0995
  Batch [16340/34966] - Loss: 0.0995
  Batch [16350/34966] - Loss: 0.0994
  Batch [16360/34966] - Loss: 0.0994
  Batch [16370/34966] - Loss: 0.0994
  Batch [16380/34966] - Loss: 0.0994
  Batch [16390/34966] - Loss: 0.0994
  Batch [16400/34966] - Loss: 0.0994
  Batch [16410/34966] - Loss: 0.0994
  Batch [16420/34966] - Loss: 0.0994
  Batch [16430/34966] - Loss: 0.0994
  Batch [16440/34966] - Loss: 0.0995
  Batch [16450/34966] - Loss: 0.0994
  Batch [16460/34966] - Loss: 0.0994
  Batch [16470/34966] - Loss: 0.0994
  Batch [16480/34966] - Loss: 0.0994
  Batch [16490/34966] - Loss: 0.0994
  Batch [16500/34966] - Loss: 0.0994
  Batch [16510/34966] - Loss: 0.0994
  Batch [16520/34966] - Loss: 0.0995
  Batch [16530/34966] - Loss: 0.0995
  Batch [16540/34966] - Loss: 0.0995
  Batch [16550/34966] - Loss: 0.0995
  Batch [16560/34966] - Loss: 0.0995
  Batch [16570/34966] - Loss: 0.0995
  Batch [16580/34966] - Loss: 0.0994
  Batch [16590/34966] - Loss: 0.0995
  Batch [16600/34966] - Loss: 0.0995
  Batch [16610/34966] - Loss: 0.0995
  Batch [16620/34966] - Loss: 0.0995
  Batch [16630/34966] - Loss: 0.0995
  Batch [16640/34966] - Loss: 0.0995
  Batch [16650/34966] - Loss: 0.0995
  Batch [16660/34966] - Loss: 0.0995
  Batch [16670/34966] - Loss: 0.0995
  Batch [16680/34966] - Loss: 0.0995
  Batch [16690/34966] - Loss: 0.0995
  Batch [16700/34966] - Loss: 0.0995
  Batch [16710/34966] - Loss: 0.0995
  Batch [16720/34966] - Loss: 0.0995
  Batch [16730/34966] - Loss: 0.0995
  Batch [16740/34966] - Loss: 0.0995
  Batch [16750/34966] - Loss: 0.0995
  Batch [16760/34966] - Loss: 0.0995
  Batch [16770/34966] - Loss: 0.0995
  Batch [16780/34966] - Loss: 0.0995
  Batch [16790/34966] - Loss: 0.0995
  Batch [16800/34966] - Loss: 0.0995
  Batch [16810/34966] - Loss: 0.0995
  Batch [16820/34966] - Loss: 0.0995
  Batch [16830/34966] - Loss: 0.0995
  Batch [16840/34966] - Loss: 0.0995
  Batch [16850/34966] - Loss: 0.0995
  Batch [16860/34966] - Loss: 0.0995
  Batch [16870/34966] - Loss: 0.0995
  Batch [16880/34966] - Loss: 0.0995
  Batch [16890/34966] - Loss: 0.0995
  Batch [16900/34966] - Loss: 0.0995
  Batch [16910/34966] - Loss: 0.0995
  Batch [16920/34966] - Loss: 0.0995
  Batch [16930/34966] - Loss: 0.0995
  Batch [16940/34966] - Loss: 0.0995
  Batch [16950/34966] - Loss: 0.0996
  Batch [16960/34966] - Loss: 0.0995
  Batch [16970/34966] - Loss: 0.0995
  Batch [16980/34966] - Loss: 0.0995
  Batch [16990/34966] - Loss: 0.0996
  Batch [17000/34966] - Loss: 0.0996
  Batch [17010/34966] - Loss: 0.0996
  Batch [17020/34966] - Loss: 0.0996
  Batch [17030/34966] - Loss: 0.0996
  Batch [17040/34966] - Loss: 0.0996
  Batch [17050/34966] - Loss: 0.0995
  Batch [17060/34966] - Loss: 0.0995
  Batch [17070/34966] - Loss: 0.0995
  Batch [17080/34966] - Loss: 0.0995
  Batch [17090/34966] - Loss: 0.0996
  Batch [17100/34966] - Loss: 0.0995
  Batch [17110/34966] - Loss: 0.0995
  Batch [17120/34966] - Loss: 0.0996
  Batch [17130/34966] - Loss: 0.0995
  Batch [17140/34966] - Loss: 0.0995
  Batch [17150/34966] - Loss: 0.0995
  Batch [17160/34966] - Loss: 0.0995
  Batch [17170/34966] - Loss: 0.0995
  Batch [17180/34966] - Loss: 0.0995
  Batch [17190/34966] - Loss: 0.0995
  Batch [17200/34966] - Loss: 0.0995
  Batch [17210/34966] - Loss: 0.0995
  Batch [17220/34966] - Loss: 0.0996
  Batch [17230/34966] - Loss: 0.0995
  Batch [17240/34966] - Loss: 0.0995
  Batch [17250/34966] - Loss: 0.0995
  Batch [17260/34966] - Loss: 0.0996
  Batch [17270/34966] - Loss: 0.0996
  Batch [17280/34966] - Loss: 0.0995
  Batch [17290/34966] - Loss: 0.0995
  Batch [17300/34966] - Loss: 0.0995
  Batch [17310/34966] - Loss: 0.0995
  Batch [17320/34966] - Loss: 0.0995
  Batch [17330/34966] - Loss: 0.0995
  Batch [17340/34966] - Loss: 0.0995
  Batch [17350/34966] - Loss: 0.0995
  Batch [17360/34966] - Loss: 0.0995
  Batch [17370/34966] - Loss: 0.0995
  Batch [17380/34966] - Loss: 0.0995
  Batch [17390/34966] - Loss: 0.0995
  Batch [17400/34966] - Loss: 0.0995
  Batch [17410/34966] - Loss: 0.0995
  Batch [17420/34966] - Loss: 0.0995
  Batch [17430/34966] - Loss: 0.0995
  Batch [17440/34966] - Loss: 0.0995
  Batch [17450/34966] - Loss: 0.0995
  Batch [17460/34966] - Loss: 0.0996
  Batch [17470/34966] - Loss: 0.0996
  Batch [17480/34966] - Loss: 0.0996
  Batch [17490/34966] - Loss: 0.0995
  Batch [17500/34966] - Loss: 0.0995
  Batch [17510/34966] - Loss: 0.0995
  Batch [17520/34966] - Loss: 0.0996
  Batch [17530/34966] - Loss: 0.0995
  Batch [17540/34966] - Loss: 0.0996
  Batch [17550/34966] - Loss: 0.0996
  Batch [17560/34966] - Loss: 0.0995
  Batch [17570/34966] - Loss: 0.0996
  Batch [17580/34966] - Loss: 0.0996
  Batch [17590/34966] - Loss: 0.0996
  Batch [17600/34966] - Loss: 0.0996
  Batch [17610/34966] - Loss: 0.0996
  Batch [17620/34966] - Loss: 0.0996
  Batch [17630/34966] - Loss: 0.0996
  Batch [17640/34966] - Loss: 0.0996
  Batch [17650/34966] - Loss: 0.0996
  Batch [17660/34966] - Loss: 0.0996
  Batch [17670/34966] - Loss: 0.0996
  Batch [17680/34966] - Loss: 0.0996
  Batch [17690/34966] - Loss: 0.0996
  Batch [17700/34966] - Loss: 0.0995
  Batch [17710/34966] - Loss: 0.0995
  Batch [17720/34966] - Loss: 0.0995
  Batch [17730/34966] - Loss: 0.0995
  Batch [17740/34966] - Loss: 0.0995
  Batch [17750/34966] - Loss: 0.0995
  Batch [17760/34966] - Loss: 0.0995
  Batch [17770/34966] - Loss: 0.0996
  Batch [17780/34966] - Loss: 0.0995
  Batch [17790/34966] - Loss: 0.0996
  Batch [17800/34966] - Loss: 0.0996
  Batch [17810/34966] - Loss: 0.0996
  Batch [17820/34966] - Loss: 0.0996
  Batch [17830/34966] - Loss: 0.0995
  Batch [17840/34966] - Loss: 0.0995
  Batch [17850/34966] - Loss: 0.0995
  Batch [17860/34966] - Loss: 0.0995
  Batch [17870/34966] - Loss: 0.0995
  Batch [17880/34966] - Loss: 0.0995
  Batch [17890/34966] - Loss: 0.0995
  Batch [17900/34966] - Loss: 0.0995
  Batch [17910/34966] - Loss: 0.0995
  Batch [17920/34966] - Loss: 0.0995
  Batch [17930/34966] - Loss: 0.0995
  Batch [17940/34966] - Loss: 0.0995
  Batch [17950/34966] - Loss: 0.0995
  Batch [17960/34966] - Loss: 0.0995
  Batch [17970/34966] - Loss: 0.0995
  Batch [17980/34966] - Loss: 0.0995
  Batch [17990/34966] - Loss: 0.0996
  Batch [18000/34966] - Loss: 0.0996
  Batch [18010/34966] - Loss: 0.0996
  Batch [18020/34966] - Loss: 0.0996
  Batch [18030/34966] - Loss: 0.0996
  Batch [18040/34966] - Loss: 0.0996
  Batch [18050/34966] - Loss: 0.0996
  Batch [18060/34966] - Loss: 0.0995
  Batch [18070/34966] - Loss: 0.0995
  Batch [18080/34966] - Loss: 0.0995
  Batch [18090/34966] - Loss: 0.0995
  Batch [18100/34966] - Loss: 0.0995
  Batch [18110/34966] - Loss: 0.0995
  Batch [18120/34966] - Loss: 0.0995
  Batch [18130/34966] - Loss: 0.0995
  Batch [18140/34966] - Loss: 0.0995
  Batch [18150/34966] - Loss: 0.0995
  Batch [18160/34966] - Loss: 0.0995
  Batch [18170/34966] - Loss: 0.0995
  Batch [18180/34966] - Loss: 0.0995
  Batch [18190/34966] - Loss: 0.0995
  Batch [18200/34966] - Loss: 0.0995
  Batch [18210/34966] - Loss: 0.0995
  Batch [18220/34966] - Loss: 0.0995
  Batch [18230/34966] - Loss: 0.0995
  Batch [18240/34966] - Loss: 0.0995
  Batch [18250/34966] - Loss: 0.0995
  Batch [18260/34966] - Loss: 0.0995
  Batch [18270/34966] - Loss: 0.0995
  Batch [18280/34966] - Loss: 0.0995
  Batch [18290/34966] - Loss: 0.0995
  Batch [18300/34966] - Loss: 0.0995
  Batch [18310/34966] - Loss: 0.0995
  Batch [18320/34966] - Loss: 0.0995
  Batch [18330/34966] - Loss: 0.0995
  Batch [18340/34966] - Loss: 0.0995
  Batch [18350/34966] - Loss: 0.0995
  Batch [18360/34966] - Loss: 0.0995
  Batch [18370/34966] - Loss: 0.0995
  Batch [18380/34966] - Loss: 0.0995
  Batch [18390/34966] - Loss: 0.0995
  Batch [18400/34966] - Loss: 0.0995
  Batch [18410/34966] - Loss: 0.0995
  Batch [18420/34966] - Loss: 0.0995
  Batch [18430/34966] - Loss: 0.0995
  Batch [18440/34966] - Loss: 0.0995
  Batch [18450/34966] - Loss: 0.0995
  Batch [18460/34966] - Loss: 0.0995
  Batch [18470/34966] - Loss: 0.0995
  Batch [18480/34966] - Loss: 0.0995
  Batch [18490/34966] - Loss: 0.0995
  Batch [18500/34966] - Loss: 0.0995
  Batch [18510/34966] - Loss: 0.0995
  Batch [18520/34966] - Loss: 0.0995
  Batch [18530/34966] - Loss: 0.0995
  Batch [18540/34966] - Loss: 0.0995
  Batch [18550/34966] - Loss: 0.0995
  Batch [18560/34966] - Loss: 0.0995
  Batch [18570/34966] - Loss: 0.0995
  Batch [18580/34966] - Loss: 0.0994
  Batch [18590/34966] - Loss: 0.0994
  Batch [18600/34966] - Loss: 0.0995
  Batch [18610/34966] - Loss: 0.0994
  Batch [18620/34966] - Loss: 0.0995
  Batch [18630/34966] - Loss: 0.0995
  Batch [18640/34966] - Loss: 0.0994
  Batch [18650/34966] - Loss: 0.0995
  Batch [18660/34966] - Loss: 0.0995
  Batch [18670/34966] - Loss: 0.0995
  Batch [18680/34966] - Loss: 0.0995
  Batch [18690/34966] - Loss: 0.0995
  Batch [18700/34966] - Loss: 0.0995
  Batch [18710/34966] - Loss: 0.0995
  Batch [18720/34966] - Loss: 0.0995
  Batch [18730/34966] - Loss: 0.0995
  Batch [18740/34966] - Loss: 0.0995
  Batch [18750/34966] - Loss: 0.0995
  Batch [18760/34966] - Loss: 0.0995
  Batch [18770/34966] - Loss: 0.0995
  Batch [18780/34966] - Loss: 0.0995
  Batch [18790/34966] - Loss: 0.0995
  Batch [18800/34966] - Loss: 0.0994
  Batch [18810/34966] - Loss: 0.0994
  Batch [18820/34966] - Loss: 0.0994
  Batch [18830/34966] - Loss: 0.0994
  Batch [18840/34966] - Loss: 0.0994
  Batch [18850/34966] - Loss: 0.0994
  Batch [18860/34966] - Loss: 0.0994
  Batch [18870/34966] - Loss: 0.0994
  Batch [18880/34966] - Loss: 0.0994
  Batch [18890/34966] - Loss: 0.0994
  Batch [18900/34966] - Loss: 0.0994
  Batch [18910/34966] - Loss: 0.0994
  Batch [18920/34966] - Loss: 0.0994
  Batch [18930/34966] - Loss: 0.0994
  Batch [18940/34966] - Loss: 0.0994
  Batch [18950/34966] - Loss: 0.0994
  Batch [18960/34966] - Loss: 0.0994
  Batch [18970/34966] - Loss: 0.0994
  Batch [18980/34966] - Loss: 0.0995
  Batch [18990/34966] - Loss: 0.0995
  Batch [19000/34966] - Loss: 0.0995
  Batch [19010/34966] - Loss: 0.0995
  Batch [19020/34966] - Loss: 0.0994
  Batch [19030/34966] - Loss: 0.0995
  Batch [19040/34966] - Loss: 0.0995
  Batch [19050/34966] - Loss: 0.0995
  Batch [19060/34966] - Loss: 0.0994
  Batch [19070/34966] - Loss: 0.0994
  Batch [19080/34966] - Loss: 0.0994
  Batch [19090/34966] - Loss: 0.0995
  Batch [19100/34966] - Loss: 0.0995
  Batch [19110/34966] - Loss: 0.0995
  Batch [19120/34966] - Loss: 0.0995
  Batch [19130/34966] - Loss: 0.0995
  Batch [19140/34966] - Loss: 0.0995
  Batch [19150/34966] - Loss: 0.0995
  Batch [19160/34966] - Loss: 0.0995
  Batch [19170/34966] - Loss: 0.0995
  Batch [19180/34966] - Loss: 0.0995
  Batch [19190/34966] - Loss: 0.0995
  Batch [19200/34966] - Loss: 0.0995
  Batch [19210/34966] - Loss: 0.0995
  Batch [19220/34966] - Loss: 0.0995
  Batch [19230/34966] - Loss: 0.0995
  Batch [19240/34966] - Loss: 0.0995
  Batch [19250/34966] - Loss: 0.0995
  Batch [19260/34966] - Loss: 0.0995
  Batch [19270/34966] - Loss: 0.0995
  Batch [19280/34966] - Loss: 0.0995
  Batch [19290/34966] - Loss: 0.0995
  Batch [19300/34966] - Loss: 0.0995
  Batch [19310/34966] - Loss: 0.0995
  Batch [19320/34966] - Loss: 0.0995
  Batch [19330/34966] - Loss: 0.0995
  Batch [19340/34966] - Loss: 0.0996
  Batch [19350/34966] - Loss: 0.0996
  Batch [19360/34966] - Loss: 0.0996
  Batch [19370/34966] - Loss: 0.0996
  Batch [19380/34966] - Loss: 0.0996
  Batch [19390/34966] - Loss: 0.0996
  Batch [19400/34966] - Loss: 0.0996
  Batch [19410/34966] - Loss: 0.0996
  Batch [19420/34966] - Loss: 0.0996
  Batch [19430/34966] - Loss: 0.0996
  Batch [19440/34966] - Loss: 0.0996
  Batch [19450/34966] - Loss: 0.0996
  Batch [19460/34966] - Loss: 0.0996
  Batch [19470/34966] - Loss: 0.0996
  Batch [19480/34966] - Loss: 0.0996
  Batch [19490/34966] - Loss: 0.0996
  Batch [19500/34966] - Loss: 0.0996
  Batch [19510/34966] - Loss: 0.0996
  Batch [19520/34966] - Loss: 0.0996
  Batch [19530/34966] - Loss: 0.0996
  Batch [19540/34966] - Loss: 0.0996
  Batch [19550/34966] - Loss: 0.0996
  Batch [19560/34966] - Loss: 0.0996
  Batch [19570/34966] - Loss: 0.0996
  Batch [19580/34966] - Loss: 0.0996
  Batch [19590/34966] - Loss: 0.0996
  Batch [19600/34966] - Loss: 0.0996
  Batch [19610/34966] - Loss: 0.0996
  Batch [19620/34966] - Loss: 0.0996
  Batch [19630/34966] - Loss: 0.0996
  Batch [19640/34966] - Loss: 0.0996
  Batch [19650/34966] - Loss: 0.0996
  Batch [19660/34966] - Loss: 0.0996
  Batch [19670/34966] - Loss: 0.0996
  Batch [19680/34966] - Loss: 0.0996
  Batch [19690/34966] - Loss: 0.0996
  Batch [19700/34966] - Loss: 0.0996
  Batch [19710/34966] - Loss: 0.0996
  Batch [19720/34966] - Loss: 0.0996
  Batch [19730/34966] - Loss: 0.0996
  Batch [19740/34966] - Loss: 0.0996
  Batch [19750/34966] - Loss: 0.0996
  Batch [19760/34966] - Loss: 0.0996
  Batch [19770/34966] - Loss: 0.0996
  Batch [19780/34966] - Loss: 0.0996
  Batch [19790/34966] - Loss: 0.0996
  Batch [19800/34966] - Loss: 0.0996
  Batch [19810/34966] - Loss: 0.0996
  Batch [19820/34966] - Loss: 0.0996
  Batch [19830/34966] - Loss: 0.0996
  Batch [19840/34966] - Loss: 0.0996
  Batch [19850/34966] - Loss: 0.0996
  Batch [19860/34966] - Loss: 0.0997
  Batch [19870/34966] - Loss: 0.0997
  Batch [19880/34966] - Loss: 0.0997
  Batch [19890/34966] - Loss: 0.0997
  Batch [19900/34966] - Loss: 0.0997
  Batch [19910/34966] - Loss: 0.0997
  Batch [19920/34966] - Loss: 0.0997
  Batch [19930/34966] - Loss: 0.0997
  Batch [19940/34966] - Loss: 0.0997
  Batch [19950/34966] - Loss: 0.0997
  Batch [19960/34966] - Loss: 0.0997
  Batch [19970/34966] - Loss: 0.0997
  Batch [19980/34966] - Loss: 0.0997
  Batch [19990/34966] - Loss: 0.0997
  Batch [20000/34966] - Loss: 0.0997
  Batch [20010/34966] - Loss: 0.0997
  Batch [20020/34966] - Loss: 0.0997
  Batch [20030/34966] - Loss: 0.0997
  Batch [20040/34966] - Loss: 0.0997
  Batch [20050/34966] - Loss: 0.0997
  Batch [20060/34966] - Loss: 0.0997
  Batch [20070/34966] - Loss: 0.0997
  Batch [20080/34966] - Loss: 0.0997
  Batch [20090/34966] - Loss: 0.0998
  Batch [20100/34966] - Loss: 0.0997
  Batch [20110/34966] - Loss: 0.0998
  Batch [20120/34966] - Loss: 0.0997
  Batch [20130/34966] - Loss: 0.0997
  Batch [20140/34966] - Loss: 0.0998
  Batch [20150/34966] - Loss: 0.0997
  Batch [20160/34966] - Loss: 0.0997
  Batch [20170/34966] - Loss: 0.0997
  Batch [20180/34966] - Loss: 0.0997
  Batch [20190/34966] - Loss: 0.0997
  Batch [20200/34966] - Loss: 0.0997
  Batch [20210/34966] - Loss: 0.0997
  Batch [20220/34966] - Loss: 0.0997
  Batch [20230/34966] - Loss: 0.0997
  Batch [20240/34966] - Loss: 0.0997
  Batch [20250/34966] - Loss: 0.0997
  Batch [20260/34966] - Loss: 0.0998
  Batch [20270/34966] - Loss: 0.0998
  Batch [20280/34966] - Loss: 0.0998
  Batch [20290/34966] - Loss: 0.0998
  Batch [20300/34966] - Loss: 0.0998
  Batch [20310/34966] - Loss: 0.0998
  Batch [20320/34966] - Loss: 0.0998
  Batch [20330/34966] - Loss: 0.0998
  Batch [20340/34966] - Loss: 0.0998
  Batch [20350/34966] - Loss: 0.0998
  Batch [20360/34966] - Loss: 0.0998
  Batch [20370/34966] - Loss: 0.0998
  Batch [20380/34966] - Loss: 0.0998
  Batch [20390/34966] - Loss: 0.0998
  Batch [20400/34966] - Loss: 0.0998
  Batch [20410/34966] - Loss: 0.0998
  Batch [20420/34966] - Loss: 0.0998
  Batch [20430/34966] - Loss: 0.0998
  Batch [20440/34966] - Loss: 0.0998
  Batch [20450/34966] - Loss: 0.0998
  Batch [20460/34966] - Loss: 0.0998
  Batch [20470/34966] - Loss: 0.0998
  Batch [20480/34966] - Loss: 0.0998
  Batch [20490/34966] - Loss: 0.0998
  Batch [20500/34966] - Loss: 0.0997
  Batch [20510/34966] - Loss: 0.0997
  Batch [20520/34966] - Loss: 0.0997
  Batch [20530/34966] - Loss: 0.0997
  Batch [20540/34966] - Loss: 0.0997
  Batch [20550/34966] - Loss: 0.0997
  Batch [20560/34966] - Loss: 0.0997
  Batch [20570/34966] - Loss: 0.0997
  Batch [20580/34966] - Loss: 0.0997
  Batch [20590/34966] - Loss: 0.0997
  Batch [20600/34966] - Loss: 0.0997
  Batch [20610/34966] - Loss: 0.0997
  Batch [20620/34966] - Loss: 0.0998
  Batch [20630/34966] - Loss: 0.0997
  Batch [20640/34966] - Loss: 0.0998
  Batch [20650/34966] - Loss: 0.0998
  Batch [20660/34966] - Loss: 0.0997
  Batch [20670/34966] - Loss: 0.0997
  Batch [20680/34966] - Loss: 0.0997
  Batch [20690/34966] - Loss: 0.0997
  Batch [20700/34966] - Loss: 0.0997
  Batch [20710/34966] - Loss: 0.0997
  Batch [20720/34966] - Loss: 0.0998
  Batch [20730/34966] - Loss: 0.0997
  Batch [20740/34966] - Loss: 0.0997
  Batch [20750/34966] - Loss: 0.0997
  Batch [20760/34966] - Loss: 0.0997
  Batch [20770/34966] - Loss: 0.0997
  Batch [20780/34966] - Loss: 0.0997
  Batch [20790/34966] - Loss: 0.0997
  Batch [20800/34966] - Loss: 0.0997
  Batch [20810/34966] - Loss: 0.0997
  Batch [20820/34966] - Loss: 0.0997
  Batch [20830/34966] - Loss: 0.0997
  Batch [20840/34966] - Loss: 0.0997
  Batch [20850/34966] - Loss: 0.0997
  Batch [20860/34966] - Loss: 0.0997
  Batch [20870/34966] - Loss: 0.0997
  Batch [20880/34966] - Loss: 0.0997
  Batch [20890/34966] - Loss: 0.0997
  Batch [20900/34966] - Loss: 0.0997
  Batch [20910/34966] - Loss: 0.0997
  Batch [20920/34966] - Loss: 0.0997
  Batch [20930/34966] - Loss: 0.0997
  Batch [20940/34966] - Loss: 0.0997
  Batch [20950/34966] - Loss: 0.0997
  Batch [20960/34966] - Loss: 0.0997
  Batch [20970/34966] - Loss: 0.0997
  Batch [20980/34966] - Loss: 0.0997
  Batch [20990/34966] - Loss: 0.0997
  Batch [21000/34966] - Loss: 0.0996
  Batch [21010/34966] - Loss: 0.0996
  Batch [21020/34966] - Loss: 0.0996
  Batch [21030/34966] - Loss: 0.0997
  Batch [21040/34966] - Loss: 0.0997
  Batch [21050/34966] - Loss: 0.0996
  Batch [21060/34966] - Loss: 0.0996
  Batch [21070/34966] - Loss: 0.0997
  Batch [21080/34966] - Loss: 0.0996
  Batch [21090/34966] - Loss: 0.0996
  Batch [21100/34966] - Loss: 0.0997
  Batch [21110/34966] - Loss: 0.0997
  Batch [21120/34966] - Loss: 0.0997
  Batch [21130/34966] - Loss: 0.0997
  Batch [21140/34966] - Loss: 0.0997
  Batch [21150/34966] - Loss: 0.0996
  Batch [21160/34966] - Loss: 0.0996
  Batch [21170/34966] - Loss: 0.0997
  Batch [21180/34966] - Loss: 0.0997
  Batch [21190/34966] - Loss: 0.0996
  Batch [21200/34966] - Loss: 0.0997
  Batch [21210/34966] - Loss: 0.0997
  Batch [21220/34966] - Loss: 0.0997
  Batch [21230/34966] - Loss: 0.0997
  Batch [21240/34966] - Loss: 0.0997
  Batch [21250/34966] - Loss: 0.0997
  Batch [21260/34966] - Loss: 0.0997
  Batch [21270/34966] - Loss: 0.0997
  Batch [21280/34966] - Loss: 0.0997
  Batch [21290/34966] - Loss: 0.0997
  Batch [21300/34966] - Loss: 0.0997
  Batch [21310/34966] - Loss: 0.0996
  Batch [21320/34966] - Loss: 0.0997
  Batch [21330/34966] - Loss: 0.0997
  Batch [21340/34966] - Loss: 0.0997
  Batch [21350/34966] - Loss: 0.0997
  Batch [21360/34966] - Loss: 0.0997
  Batch [21370/34966] - Loss: 0.0997
  Batch [21380/34966] - Loss: 0.0997
  Batch [21390/34966] - Loss: 0.0997
  Batch [21400/34966] - Loss: 0.0997
  Batch [21410/34966] - Loss: 0.0997
  Batch [21420/34966] - Loss: 0.0997
  Batch [21430/34966] - Loss: 0.0997
  Batch [21440/34966] - Loss: 0.0997
  Batch [21450/34966] - Loss: 0.0997
  Batch [21460/34966] - Loss: 0.0997
  Batch [21470/34966] - Loss: 0.0997
  Batch [21480/34966] - Loss: 0.0997
  Batch [21490/34966] - Loss: 0.0997
  Batch [21500/34966] - Loss: 0.0997
  Batch [21510/34966] - Loss: 0.0997
  Batch [21520/34966] - Loss: 0.0997
  Batch [21530/34966] - Loss: 0.0997
  Batch [21540/34966] - Loss: 0.0997
  Batch [21550/34966] - Loss: 0.0997
  Batch [21560/34966] - Loss: 0.0997
  Batch [21570/34966] - Loss: 0.0997
  Batch [21580/34966] - Loss: 0.0997
  Batch [21590/34966] - Loss: 0.0997
  Batch [21600/34966] - Loss: 0.0997
  Batch [21610/34966] - Loss: 0.0997
  Batch [21620/34966] - Loss: 0.0997
  Batch [21630/34966] - Loss: 0.0998
  Batch [21640/34966] - Loss: 0.0998
  Batch [21650/34966] - Loss: 0.0998
  Batch [21660/34966] - Loss: 0.0998
  Batch [21670/34966] - Loss: 0.0998
  Batch [21680/34966] - Loss: 0.0998
  Batch [21690/34966] - Loss: 0.0998
  Batch [21700/34966] - Loss: 0.0998
  Batch [21710/34966] - Loss: 0.0998
  Batch [21720/34966] - Loss: 0.0998
  Batch [21730/34966] - Loss: 0.0998
  Batch [21740/34966] - Loss: 0.0998
  Batch [21750/34966] - Loss: 0.0998
  Batch [21760/34966] - Loss: 0.0998
  Batch [21770/34966] - Loss: 0.0998
  Batch [21780/34966] - Loss: 0.0998
  Batch [21790/34966] - Loss: 0.0998
  Batch [21800/34966] - Loss: 0.0997
  Batch [21810/34966] - Loss: 0.0997
  Batch [21820/34966] - Loss: 0.0997
  Batch [21830/34966] - Loss: 0.0998
  Batch [21840/34966] - Loss: 0.0998
  Batch [21850/34966] - Loss: 0.0998
  Batch [21860/34966] - Loss: 0.0998
  Batch [21870/34966] - Loss: 0.0997
  Batch [21880/34966] - Loss: 0.0998
  Batch [21890/34966] - Loss: 0.0998
  Batch [21900/34966] - Loss: 0.0998
  Batch [21910/34966] - Loss: 0.0997
  Batch [21920/34966] - Loss: 0.0997
  Batch [21930/34966] - Loss: 0.0997
  Batch [21940/34966] - Loss: 0.0997
  Batch [21950/34966] - Loss: 0.0997
  Batch [21960/34966] - Loss: 0.0997
  Batch [21970/34966] - Loss: 0.0997
  Batch [21980/34966] - Loss: 0.0997
  Batch [21990/34966] - Loss: 0.0997
  Batch [22000/34966] - Loss: 0.0997
  Batch [22010/34966] - Loss: 0.0997
  Batch [22020/34966] - Loss: 0.0997
  Batch [22030/34966] - Loss: 0.0997
  Batch [22040/34966] - Loss: 0.0997
  Batch [22050/34966] - Loss: 0.0997
  Batch [22060/34966] - Loss: 0.0997
  Batch [22070/34966] - Loss: 0.0997
  Batch [22080/34966] - Loss: 0.0997
  Batch [22090/34966] - Loss: 0.0997
  Batch [22100/34966] - Loss: 0.0997
  Batch [22110/34966] - Loss: 0.0997
  Batch [22120/34966] - Loss: 0.0997
  Batch [22130/34966] - Loss: 0.0997
  Batch [22140/34966] - Loss: 0.0997
  Batch [22150/34966] - Loss: 0.0997
  Batch [22160/34966] - Loss: 0.0996
  Batch [22170/34966] - Loss: 0.0996
  Batch [22180/34966] - Loss: 0.0996
  Batch [22190/34966] - Loss: 0.0996
  Batch [22200/34966] - Loss: 0.0996
  Batch [22210/34966] - Loss: 0.0996
  Batch [22220/34966] - Loss: 0.0996
  Batch [22230/34966] - Loss: 0.0996
  Batch [22240/34966] - Loss: 0.0996
  Batch [22250/34966] - Loss: 0.0996
  Batch [22260/34966] - Loss: 0.0996
  Batch [22270/34966] - Loss: 0.0996
  Batch [22280/34966] - Loss: 0.0996
  Batch [22290/34966] - Loss: 0.0996
  Batch [22300/34966] - Loss: 0.0996
  Batch [22310/34966] - Loss: 0.0996
  Batch [22320/34966] - Loss: 0.0996
  Batch [22330/34966] - Loss: 0.0996
  Batch [22340/34966] - Loss: 0.0996
  Batch [22350/34966] - Loss: 0.0996
  Batch [22360/34966] - Loss: 0.0996
  Batch [22370/34966] - Loss: 0.0996
  Batch [22380/34966] - Loss: 0.0996
  Batch [22390/34966] - Loss: 0.0996
  Batch [22400/34966] - Loss: 0.0996
  Batch [22410/34966] - Loss: 0.0996
  Batch [22420/34966] - Loss: 0.0996
  Batch [22430/34966] - Loss: 0.0996
  Batch [22440/34966] - Loss: 0.0996
  Batch [22450/34966] - Loss: 0.0996
  Batch [22460/34966] - Loss: 0.0996
  Batch [22470/34966] - Loss: 0.0996
  Batch [22480/34966] - Loss: 0.0996
  Batch [22490/34966] - Loss: 0.0996
  Batch [22500/34966] - Loss: 0.0996
  Batch [22510/34966] - Loss: 0.0996
  Batch [22520/34966] - Loss: 0.0996
  Batch [22530/34966] - Loss: 0.0996
  Batch [22540/34966] - Loss: 0.0996
  Batch [22550/34966] - Loss: 0.0996
  Batch [22560/34966] - Loss: 0.0996
  Batch [22570/34966] - Loss: 0.0996
  Batch [22580/34966] - Loss: 0.0996
  Batch [22590/34966] - Loss: 0.0996
  Batch [22600/34966] - Loss: 0.0996
  Batch [22610/34966] - Loss: 0.0996
  Batch [22620/34966] - Loss: 0.0996
  Batch [22630/34966] - Loss: 0.0996
  Batch [22640/34966] - Loss: 0.0996
  Batch [22650/34966] - Loss: 0.0996
  Batch [22660/34966] - Loss: 0.0996
  Batch [22670/34966] - Loss: 0.0996
  Batch [22680/34966] - Loss: 0.0996
  Batch [22690/34966] - Loss: 0.0996
  Batch [22700/34966] - Loss: 0.0996
  Batch [22710/34966] - Loss: 0.0996
  Batch [22720/34966] - Loss: 0.0996
  Batch [22730/34966] - Loss: 0.0996
  Batch [22740/34966] - Loss: 0.0996
  Batch [22750/34966] - Loss: 0.0996
  Batch [22760/34966] - Loss: 0.0996
  Batch [22770/34966] - Loss: 0.0996
  Batch [22780/34966] - Loss: 0.0996
  Batch [22790/34966] - Loss: 0.0996
  Batch [22800/34966] - Loss: 0.0996
  Batch [22810/34966] - Loss: 0.0996
  Batch [22820/34966] - Loss: 0.0996
  Batch [22830/34966] - Loss: 0.0996
  Batch [22840/34966] - Loss: 0.0996
  Batch [22850/34966] - Loss: 0.0996
  Batch [22860/34966] - Loss: 0.0996
  Batch [22870/34966] - Loss: 0.0996
  Batch [22880/34966] - Loss: 0.0996
  Batch [22890/34966] - Loss: 0.0996
  Batch [22900/34966] - Loss: 0.0996
  Batch [22910/34966] - Loss: 0.0997
  Batch [22920/34966] - Loss: 0.0996
  Batch [22930/34966] - Loss: 0.0996
  Batch [22940/34966] - Loss: 0.0996
  Batch [22950/34966] - Loss: 0.0996
  Batch [22960/34966] - Loss: 0.0996
  Batch [22970/34966] - Loss: 0.0997
  Batch [22980/34966] - Loss: 0.0997
  Batch [22990/34966] - Loss: 0.0997
  Batch [23000/34966] - Loss: 0.0997
  Batch [23010/34966] - Loss: 0.0997
  Batch [23020/34966] - Loss: 0.0997
  Batch [23030/34966] - Loss: 0.0997
  Batch [23040/34966] - Loss: 0.0997
  Batch [23050/34966] - Loss: 0.0997
  Batch [23060/34966] - Loss: 0.0997
  Batch [23070/34966] - Loss: 0.0997
  Batch [23080/34966] - Loss: 0.0997
  Batch [23090/34966] - Loss: 0.0997
  Batch [23100/34966] - Loss: 0.0997
  Batch [23110/34966] - Loss: 0.0997
  Batch [23120/34966] - Loss: 0.0997
  Batch [23130/34966] - Loss: 0.0997
  Batch [23140/34966] - Loss: 0.0997
  Batch [23150/34966] - Loss: 0.0997
  Batch [23160/34966] - Loss: 0.0997
  Batch [23170/34966] - Loss: 0.0997
  Batch [23180/34966] - Loss: 0.0997
  Batch [23190/34966] - Loss: 0.0997
  Batch [23200/34966] - Loss: 0.0997
  Batch [23210/34966] - Loss: 0.0997
  Batch [23220/34966] - Loss: 0.0997
  Batch [23230/34966] - Loss: 0.0997
  Batch [23240/34966] - Loss: 0.0997
  Batch [23250/34966] - Loss: 0.0997
  Batch [23260/34966] - Loss: 0.0997
  Batch [23270/34966] - Loss: 0.0997
  Batch [23280/34966] - Loss: 0.0997
  Batch [23290/34966] - Loss: 0.0997
  Batch [23300/34966] - Loss: 0.0997
  Batch [23310/34966] - Loss: 0.0997
  Batch [23320/34966] - Loss: 0.0997
  Batch [23330/34966] - Loss: 0.0997
  Batch [23340/34966] - Loss: 0.0997
  Batch [23350/34966] - Loss: 0.0997
  Batch [23360/34966] - Loss: 0.0997
  Batch [23370/34966] - Loss: 0.0997
  Batch [23380/34966] - Loss: 0.0997
  Batch [23390/34966] - Loss: 0.0997
  Batch [23400/34966] - Loss: 0.0997
  Batch [23410/34966] - Loss: 0.0997
  Batch [23420/34966] - Loss: 0.0997
  Batch [23430/34966] - Loss: 0.0997
  Batch [23440/34966] - Loss: 0.0997
  Batch [23450/34966] - Loss: 0.0997
  Batch [23460/34966] - Loss: 0.0997
  Batch [23470/34966] - Loss: 0.0997
  Batch [23480/34966] - Loss: 0.0997
  Batch [23490/34966] - Loss: 0.0997
  Batch [23500/34966] - Loss: 0.0997
  Batch [23510/34966] - Loss: 0.0997
  Batch [23520/34966] - Loss: 0.0997
  Batch [23530/34966] - Loss: 0.0997
  Batch [23540/34966] - Loss: 0.0997
  Batch [23550/34966] - Loss: 0.0997
  Batch [23560/34966] - Loss: 0.0997
  Batch [23570/34966] - Loss: 0.0997
  Batch [23580/34966] - Loss: 0.0997
  Batch [23590/34966] - Loss: 0.0997
  Batch [23600/34966] - Loss: 0.0997
  Batch [23610/34966] - Loss: 0.0997
  Batch [23620/34966] - Loss: 0.0997
  Batch [23630/34966] - Loss: 0.0997
  Batch [23640/34966] - Loss: 0.0997
  Batch [23650/34966] - Loss: 0.0997
  Batch [23660/34966] - Loss: 0.0997
  Batch [23670/34966] - Loss: 0.0997
  Batch [23680/34966] - Loss: 0.0997
  Batch [23690/34966] - Loss: 0.0997
  Batch [23700/34966] - Loss: 0.0997
  Batch [23710/34966] - Loss: 0.0997
  Batch [23720/34966] - Loss: 0.0997
  Batch [23730/34966] - Loss: 0.0997
  Batch [23740/34966] - Loss: 0.0997
  Batch [23750/34966] - Loss: 0.0997
  Batch [23760/34966] - Loss: 0.0997
  Batch [23770/34966] - Loss: 0.0997
  Batch [23780/34966] - Loss: 0.0997
  Batch [23790/34966] - Loss: 0.0997
  Batch [23800/34966] - Loss: 0.0997
  Batch [23810/34966] - Loss: 0.0997
  Batch [23820/34966] - Loss: 0.0997
  Batch [23830/34966] - Loss: 0.0997
  Batch [23840/34966] - Loss: 0.0997
  Batch [23850/34966] - Loss: 0.0997
  Batch [23860/34966] - Loss: 0.0997
  Batch [23870/34966] - Loss: 0.0997
  Batch [23880/34966] - Loss: 0.0997
  Batch [23890/34966] - Loss: 0.0997
  Batch [23900/34966] - Loss: 0.0997
  Batch [23910/34966] - Loss: 0.0997
  Batch [23920/34966] - Loss: 0.0997
  Batch [23930/34966] - Loss: 0.0997
  Batch [23940/34966] - Loss: 0.0997
  Batch [23950/34966] - Loss: 0.0997
  Batch [23960/34966] - Loss: 0.0997
  Batch [23970/34966] - Loss: 0.0998
  Batch [23980/34966] - Loss: 0.0998
  Batch [23990/34966] - Loss: 0.0998
  Batch [24000/34966] - Loss: 0.0998
  Batch [24010/34966] - Loss: 0.0998
  Batch [24020/34966] - Loss: 0.0998
  Batch [24030/34966] - Loss: 0.0997
  Batch [24040/34966] - Loss: 0.0997
  Batch [24050/34966] - Loss: 0.0997
  Batch [24060/34966] - Loss: 0.0997
  Batch [24070/34966] - Loss: 0.0997
  Batch [24080/34966] - Loss: 0.0997
  Batch [24090/34966] - Loss: 0.0997
  Batch [24100/34966] - Loss: 0.0997
  Batch [24110/34966] - Loss: 0.0997
  Batch [24120/34966] - Loss: 0.0997
  Batch [24130/34966] - Loss: 0.0997
  Batch [24140/34966] - Loss: 0.0998
  Batch [24150/34966] - Loss: 0.0998
  Batch [24160/34966] - Loss: 0.0998
  Batch [24170/34966] - Loss: 0.0998
  Batch [24180/34966] - Loss: 0.0997
  Batch [24190/34966] - Loss: 0.0997
  Batch [24200/34966] - Loss: 0.0997
  Batch [24210/34966] - Loss: 0.0997
  Batch [24220/34966] - Loss: 0.0997
  Batch [24230/34966] - Loss: 0.0997
  Batch [24240/34966] - Loss: 0.0997
  Batch [24250/34966] - Loss: 0.0997
  Batch [24260/34966] - Loss: 0.0997
  Batch [24270/34966] - Loss: 0.0998
  Batch [24280/34966] - Loss: 0.0998
  Batch [24290/34966] - Loss: 0.0998
  Batch [24300/34966] - Loss: 0.0998
  Batch [24310/34966] - Loss: 0.0998
  Batch [24320/34966] - Loss: 0.0997
  Batch [24330/34966] - Loss: 0.0997
  Batch [24340/34966] - Loss: 0.0997
  Batch [24350/34966] - Loss: 0.0997
  Batch [24360/34966] - Loss: 0.0997
  Batch [24370/34966] - Loss: 0.0997
  Batch [24380/34966] - Loss: 0.0998
  Batch [24390/34966] - Loss: 0.0997
  Batch [24400/34966] - Loss: 0.0997
  Batch [24410/34966] - Loss: 0.0997
  Batch [24420/34966] - Loss: 0.0997
  Batch [24430/34966] - Loss: 0.0998
  Batch [24440/34966] - Loss: 0.0998
  Batch [24450/34966] - Loss: 0.0998
  Batch [24460/34966] - Loss: 0.0997
  Batch [24470/34966] - Loss: 0.0997
  Batch [24480/34966] - Loss: 0.0997
  Batch [24490/34966] - Loss: 0.0997
  Batch [24500/34966] - Loss: 0.0997
  Batch [24510/34966] - Loss: 0.0997
  Batch [24520/34966] - Loss: 0.0997
  Batch [24530/34966] - Loss: 0.0997
  Batch [24540/34966] - Loss: 0.0997
  Batch [24550/34966] - Loss: 0.0997
  Batch [24560/34966] - Loss: 0.0997
  Batch [24570/34966] - Loss: 0.0997
  Batch [24580/34966] - Loss: 0.0997
  Batch [24590/34966] - Loss: 0.0997
  Batch [24600/34966] - Loss: 0.0997
  Batch [24610/34966] - Loss: 0.0998
  Batch [24620/34966] - Loss: 0.0998
  Batch [24630/34966] - Loss: 0.0998
  Batch [24640/34966] - Loss: 0.0998
  Batch [24650/34966] - Loss: 0.0998
  Batch [24660/34966] - Loss: 0.0998
  Batch [24670/34966] - Loss: 0.0998
  Batch [24680/34966] - Loss: 0.0998
  Batch [24690/34966] - Loss: 0.0998
  Batch [24700/34966] - Loss: 0.0998
  Batch [24710/34966] - Loss: 0.0998
  Batch [24720/34966] - Loss: 0.0998
  Batch [24730/34966] - Loss: 0.0998
  Batch [24740/34966] - Loss: 0.0998
  Batch [24750/34966] - Loss: 0.0998
  Batch [24760/34966] - Loss: 0.0998
  Batch [24770/34966] - Loss: 0.0998
  Batch [24780/34966] - Loss: 0.0998
  Batch [24790/34966] - Loss: 0.0998
  Batch [24800/34966] - Loss: 0.0998
  Batch [24810/34966] - Loss: 0.0998
  Batch [24820/34966] - Loss: 0.0998
  Batch [24830/34966] - Loss: 0.0998
  Batch [24840/34966] - Loss: 0.0998
  Batch [24850/34966] - Loss: 0.0998
  Batch [24860/34966] - Loss: 0.0998
  Batch [24870/34966] - Loss: 0.0998
  Batch [24880/34966] - Loss: 0.0998
  Batch [24890/34966] - Loss: 0.0998
  Batch [24900/34966] - Loss: 0.0998
  Batch [24910/34966] - Loss: 0.0998
  Batch [24920/34966] - Loss: 0.0998
  Batch [24930/34966] - Loss: 0.0998
  Batch [24940/34966] - Loss: 0.0998
  Batch [24950/34966] - Loss: 0.0998
  Batch [24960/34966] - Loss: 0.0998
  Batch [24970/34966] - Loss: 0.0998
  Batch [24980/34966] - Loss: 0.0998
  Batch [24990/34966] - Loss: 0.0998
  Batch [25000/34966] - Loss: 0.0998
  Batch [25010/34966] - Loss: 0.0998
  Batch [25020/34966] - Loss: 0.0998
  Batch [25030/34966] - Loss: 0.0998
  Batch [25040/34966] - Loss: 0.0998
  Batch [25050/34966] - Loss: 0.0998
  Batch [25060/34966] - Loss: 0.0998
  Batch [25070/34966] - Loss: 0.0998
  Batch [25080/34966] - Loss: 0.0998
  Batch [25090/34966] - Loss: 0.0998
  Batch [25100/34966] - Loss: 0.0998
  Batch [25110/34966] - Loss: 0.0998
  Batch [25120/34966] - Loss: 0.0998
  Batch [25130/34966] - Loss: 0.0998
  Batch [25140/34966] - Loss: 0.0998
  Batch [25150/34966] - Loss: 0.0998
  Batch [25160/34966] - Loss: 0.0998
  Batch [25170/34966] - Loss: 0.0998
  Batch [25180/34966] - Loss: 0.0998
  Batch [25190/34966] - Loss: 0.0998
  Batch [25200/34966] - Loss: 0.0998
  Batch [25210/34966] - Loss: 0.0998
  Batch [25220/34966] - Loss: 0.0998
  Batch [25230/34966] - Loss: 0.0998
  Batch [25240/34966] - Loss: 0.0998
  Batch [25250/34966] - Loss: 0.0998
  Batch [25260/34966] - Loss: 0.0997
  Batch [25270/34966] - Loss: 0.0997
  Batch [25280/34966] - Loss: 0.0997
  Batch [25290/34966] - Loss: 0.0997
  Batch [25300/34966] - Loss: 0.0997
  Batch [25310/34966] - Loss: 0.0998
  Batch [25320/34966] - Loss: 0.0998
  Batch [25330/34966] - Loss: 0.0998
  Batch [25340/34966] - Loss: 0.0997
  Batch [25350/34966] - Loss: 0.0997
  Batch [25360/34966] - Loss: 0.0997
  Batch [25370/34966] - Loss: 0.0998
  Batch [25380/34966] - Loss: 0.0997
  Batch [25390/34966] - Loss: 0.0997
  Batch [25400/34966] - Loss: 0.0997
  Batch [25410/34966] - Loss: 0.0997
  Batch [25420/34966] - Loss: 0.0997
  Batch [25430/34966] - Loss: 0.0997
  Batch [25440/34966] - Loss: 0.0997
  Batch [25450/34966] - Loss: 0.0998
  Batch [25460/34966] - Loss: 0.0998
  Batch [25470/34966] - Loss: 0.0998
  Batch [25480/34966] - Loss: 0.0998
  Batch [25490/34966] - Loss: 0.0998
  Batch [25500/34966] - Loss: 0.0998
  Batch [25510/34966] - Loss: 0.0998
  Batch [25520/34966] - Loss: 0.0998
  Batch [25530/34966] - Loss: 0.0998
  Batch [25540/34966] - Loss: 0.0998
  Batch [25550/34966] - Loss: 0.0998
  Batch [25560/34966] - Loss: 0.0998
  Batch [25570/34966] - Loss: 0.0998
  Batch [25580/34966] - Loss: 0.0998
  Batch [25590/34966] - Loss: 0.0998
  Batch [25600/34966] - Loss: 0.0998
  Batch [25610/34966] - Loss: 0.0997
  Batch [25620/34966] - Loss: 0.0997
  Batch [25630/34966] - Loss: 0.0997
  Batch [25640/34966] - Loss: 0.0997
  Batch [25650/34966] - Loss: 0.0997
  Batch [25660/34966] - Loss: 0.0997
  Batch [25670/34966] - Loss: 0.0997
  Batch [25680/34966] - Loss: 0.0997
  Batch [25690/34966] - Loss: 0.0997
  Batch [25700/34966] - Loss: 0.0997
  Batch [25710/34966] - Loss: 0.0997
  Batch [25720/34966] - Loss: 0.0997
  Batch [25730/34966] - Loss: 0.0998
  Batch [25740/34966] - Loss: 0.0998
  Batch [25750/34966] - Loss: 0.0998
  Batch [25760/34966] - Loss: 0.0997
  Batch [25770/34966] - Loss: 0.0997
  Batch [25780/34966] - Loss: 0.0997
  Batch [25790/34966] - Loss: 0.0997
  Batch [25800/34966] - Loss: 0.0997
  Batch [25810/34966] - Loss: 0.0997
  Batch [25820/34966] - Loss: 0.0997
  Batch [25830/34966] - Loss: 0.0998
  Batch [25840/34966] - Loss: 0.0998
  Batch [25850/34966] - Loss: 0.0998
  Batch [25860/34966] - Loss: 0.0998
  Batch [25870/34966] - Loss: 0.0998
  Batch [25880/34966] - Loss: 0.0998
  Batch [25890/34966] - Loss: 0.0998
  Batch [25900/34966] - Loss: 0.0997
  Batch [25910/34966] - Loss: 0.0998
  Batch [25920/34966] - Loss: 0.0998
  Batch [25930/34966] - Loss: 0.0997
  Batch [25940/34966] - Loss: 0.0997
  Batch [25950/34966] - Loss: 0.0997
  Batch [25960/34966] - Loss: 0.0997
  Batch [25970/34966] - Loss: 0.0997
  Batch [25980/34966] - Loss: 0.0997
  Batch [25990/34966] - Loss: 0.0997
  Batch [26000/34966] - Loss: 0.0997
  Batch [26010/34966] - Loss: 0.0997
  Batch [26020/34966] - Loss: 0.0997
  Batch [26030/34966] - Loss: 0.0997
  Batch [26040/34966] - Loss: 0.0997
  Batch [26050/34966] - Loss: 0.0997
  Batch [26060/34966] - Loss: 0.0997
  Batch [26070/34966] - Loss: 0.0997
  Batch [26080/34966] - Loss: 0.0997
  Batch [26090/34966] - Loss: 0.0997
  Batch [26100/34966] - Loss: 0.0997
  Batch [26110/34966] - Loss: 0.0997
  Batch [26120/34966] - Loss: 0.0997
  Batch [26130/34966] - Loss: 0.0997
  Batch [26140/34966] - Loss: 0.0997
  Batch [26150/34966] - Loss: 0.0997
  Batch [26160/34966] - Loss: 0.0997
  Batch [26170/34966] - Loss: 0.0997
  Batch [26180/34966] - Loss: 0.0997
  Batch [26190/34966] - Loss: 0.0997
  Batch [26200/34966] - Loss: 0.0997
  Batch [26210/34966] - Loss: 0.0997
  Batch [26220/34966] - Loss: 0.0997
  Batch [26230/34966] - Loss: 0.0997
  Batch [26240/34966] - Loss: 0.0997
  Batch [26250/34966] - Loss: 0.0997
  Batch [26260/34966] - Loss: 0.0997
  Batch [26270/34966] - Loss: 0.0997
  Batch [26280/34966] - Loss: 0.0997
  Batch [26290/34966] - Loss: 0.0997
  Batch [26300/34966] - Loss: 0.0997
  Batch [26310/34966] - Loss: 0.0997
  Batch [26320/34966] - Loss: 0.0997
  Batch [26330/34966] - Loss: 0.0997
  Batch [26340/34966] - Loss: 0.0997
  Batch [26350/34966] - Loss: 0.0997
  Batch [26360/34966] - Loss: 0.0997
  Batch [26370/34966] - Loss: 0.0997
  Batch [26380/34966] - Loss: 0.0997
  Batch [26390/34966] - Loss: 0.0997
  Batch [26400/34966] - Loss: 0.0997
  Batch [26410/34966] - Loss: 0.0997
  Batch [26420/34966] - Loss: 0.0997
  Batch [26430/34966] - Loss: 0.0997
  Batch [26440/34966] - Loss: 0.0997
  Batch [26450/34966] - Loss: 0.0997
  Batch [26460/34966] - Loss: 0.0997
  Batch [26470/34966] - Loss: 0.0997
  Batch [26480/34966] - Loss: 0.0997
  Batch [26490/34966] - Loss: 0.0997
  Batch [26500/34966] - Loss: 0.0997
  Batch [26510/34966] - Loss: 0.0997
  Batch [26520/34966] - Loss: 0.0997
  Batch [26530/34966] - Loss: 0.0997
  Batch [26540/34966] - Loss: 0.0997
  Batch [26550/34966] - Loss: 0.0997
  Batch [26560/34966] - Loss: 0.0997
  Batch [26570/34966] - Loss: 0.0997
  Batch [26580/34966] - Loss: 0.0997
  Batch [26590/34966] - Loss: 0.0996
  Batch [26600/34966] - Loss: 0.0997
  Batch [26610/34966] - Loss: 0.0997
  Batch [26620/34966] - Loss: 0.0996
  Batch [26630/34966] - Loss: 0.0996
  Batch [26640/34966] - Loss: 0.0996
  Batch [26650/34966] - Loss: 0.0996
  Batch [26660/34966] - Loss: 0.0996
  Batch [26670/34966] - Loss: 0.0997
  Batch [26680/34966] - Loss: 0.0997
  Batch [26690/34966] - Loss: 0.0997
  Batch [26700/34966] - Loss: 0.0997
  Batch [26710/34966] - Loss: 0.0997
  Batch [26720/34966] - Loss: 0.0997
  Batch [26730/34966] - Loss: 0.0997
  Batch [26740/34966] - Loss: 0.0997
  Batch [26750/34966] - Loss: 0.0997
  Batch [26760/34966] - Loss: 0.0997
  Batch [26770/34966] - Loss: 0.0997
  Batch [26780/34966] - Loss: 0.0997
  Batch [26790/34966] - Loss: 0.0997
  Batch [26800/34966] - Loss: 0.0997
  Batch [26810/34966] - Loss: 0.0997
  Batch [26820/34966] - Loss: 0.0997
  Batch [26830/34966] - Loss: 0.0997
  Batch [26840/34966] - Loss: 0.0997
  Batch [26850/34966] - Loss: 0.0997
  Batch [26860/34966] - Loss: 0.0996
  Batch [26870/34966] - Loss: 0.0997
  Batch [26880/34966] - Loss: 0.0996
  Batch [26890/34966] - Loss: 0.0996
  Batch [26900/34966] - Loss: 0.0996
  Batch [26910/34966] - Loss: 0.0997
  Batch [26920/34966] - Loss: 0.0997
  Batch [26930/34966] - Loss: 0.0997
  Batch [26940/34966] - Loss: 0.0997
  Batch [26950/34966] - Loss: 0.0997
  Batch [26960/34966] - Loss: 0.0997
  Batch [26970/34966] - Loss: 0.0997
  Batch [26980/34966] - Loss: 0.0997
  Batch [26990/34966] - Loss: 0.0996
  Batch [27000/34966] - Loss: 0.0996
  Batch [27010/34966] - Loss: 0.0996
  Batch [27020/34966] - Loss: 0.0996
  Batch [27030/34966] - Loss: 0.0996
  Batch [27040/34966] - Loss: 0.0996
  Batch [27050/34966] - Loss: 0.0996
  Batch [27060/34966] - Loss: 0.0996
  Batch [27070/34966] - Loss: 0.0996
  Batch [27080/34966] - Loss: 0.0996
  Batch [27090/34966] - Loss: 0.0996
  Batch [27100/34966] - Loss: 0.0996
  Batch [27110/34966] - Loss: 0.0996
  Batch [27120/34966] - Loss: 0.0996
  Batch [27130/34966] - Loss: 0.0996
  Batch [27140/34966] - Loss: 0.0996
  Batch [27150/34966] - Loss: 0.0997
  Batch [27160/34966] - Loss: 0.0997
  Batch [27170/34966] - Loss: 0.0997
  Batch [27180/34966] - Loss: 0.0997
  Batch [27190/34966] - Loss: 0.0997
  Batch [27200/34966] - Loss: 0.0997
  Batch [27210/34966] - Loss: 0.0997
  Batch [27220/34966] - Loss: 0.0997
  Batch [27230/34966] - Loss: 0.0997
  Batch [27240/34966] - Loss: 0.0997
  Batch [27250/34966] - Loss: 0.0997
  Batch [27260/34966] - Loss: 0.0997
  Batch [27270/34966] - Loss: 0.0997
  Batch [27280/34966] - Loss: 0.0997
  Batch [27290/34966] - Loss: 0.0997
  Batch [27300/34966] - Loss: 0.0997
  Batch [27310/34966] - Loss: 0.0997
  Batch [27320/34966] - Loss: 0.0997
  Batch [27330/34966] - Loss: 0.0997
  Batch [27340/34966] - Loss: 0.0997
  Batch [27350/34966] - Loss: 0.0997
  Batch [27360/34966] - Loss: 0.0997
  Batch [27370/34966] - Loss: 0.0997
  Batch [27380/34966] - Loss: 0.0997
  Batch [27390/34966] - Loss: 0.0997
  Batch [27400/34966] - Loss: 0.0997
  Batch [27410/34966] - Loss: 0.0997
  Batch [27420/34966] - Loss: 0.0997
  Batch [27430/34966] - Loss: 0.0997
  Batch [27440/34966] - Loss: 0.0997
  Batch [27450/34966] - Loss: 0.0997
  Batch [27460/34966] - Loss: 0.0997
  Batch [27470/34966] - Loss: 0.0997
  Batch [27480/34966] - Loss: 0.0997
  Batch [27490/34966] - Loss: 0.0997
  Batch [27500/34966] - Loss: 0.0997
  Batch [27510/34966] - Loss: 0.0997
  Batch [27520/34966] - Loss: 0.0997
  Batch [27530/34966] - Loss: 0.0997
  Batch [27540/34966] - Loss: 0.0997
  Batch [27550/34966] - Loss: 0.0997
  Batch [27560/34966] - Loss: 0.0997
  Batch [27570/34966] - Loss: 0.0997
  Batch [27580/34966] - Loss: 0.0997
  Batch [27590/34966] - Loss: 0.0997
  Batch [27600/34966] - Loss: 0.0997
  Batch [27610/34966] - Loss: 0.0997
  Batch [27620/34966] - Loss: 0.0997
  Batch [27630/34966] - Loss: 0.0997
  Batch [27640/34966] - Loss: 0.0997
  Batch [27650/34966] - Loss: 0.0997
  Batch [27660/34966] - Loss: 0.0997
  Batch [27670/34966] - Loss: 0.0997
  Batch [27680/34966] - Loss: 0.0997
  Batch [27690/34966] - Loss: 0.0997
  Batch [27700/34966] - Loss: 0.0997
  Batch [27710/34966] - Loss: 0.0996
  Batch [27720/34966] - Loss: 0.0996
  Batch [27730/34966] - Loss: 0.0996
  Batch [27740/34966] - Loss: 0.0996
  Batch [27750/34966] - Loss: 0.0996
  Batch [27760/34966] - Loss: 0.0996
  Batch [27770/34966] - Loss: 0.0996
  Batch [27780/34966] - Loss: 0.0996
  Batch [27790/34966] - Loss: 0.0996
  Batch [27800/34966] - Loss: 0.0996
  Batch [27810/34966] - Loss: 0.0996
  Batch [27820/34966] - Loss: 0.0996
  Batch [27830/34966] - Loss: 0.0996
  Batch [27840/34966] - Loss: 0.0996
  Batch [27850/34966] - Loss: 0.0996
  Batch [27860/34966] - Loss: 0.0996
  Batch [27870/34966] - Loss: 0.0996
  Batch [27880/34966] - Loss: 0.0996
  Batch [27890/34966] - Loss: 0.0996
  Batch [27900/34966] - Loss: 0.0996
  Batch [27910/34966] - Loss: 0.0996
  Batch [27920/34966] - Loss: 0.0996
  Batch [27930/34966] - Loss: 0.0996
  Batch [27940/34966] - Loss: 0.0996
  Batch [27950/34966] - Loss: 0.0996
  Batch [27960/34966] - Loss: 0.0996
  Batch [27970/34966] - Loss: 0.0996
  Batch [27980/34966] - Loss: 0.0996
  Batch [27990/34966] - Loss: 0.0996
  Batch [28000/34966] - Loss: 0.0996
  Batch [28010/34966] - Loss: 0.0996
  Batch [28020/34966] - Loss: 0.0996
  Batch [28030/34966] - Loss: 0.0996
  Batch [28040/34966] - Loss: 0.0996
  Batch [28050/34966] - Loss: 0.0996
  Batch [28060/34966] - Loss: 0.0996
  Batch [28070/34966] - Loss: 0.0996
  Batch [28080/34966] - Loss: 0.0996
  Batch [28090/34966] - Loss: 0.0996
  Batch [28100/34966] - Loss: 0.0996
  Batch [28110/34966] - Loss: 0.0996
  Batch [28120/34966] - Loss: 0.0996
  Batch [28130/34966] - Loss: 0.0996
  Batch [28140/34966] - Loss: 0.0996
  Batch [28150/34966] - Loss: 0.0996
  Batch [28160/34966] - Loss: 0.0996
  Batch [28170/34966] - Loss: 0.0996
  Batch [28180/34966] - Loss: 0.0996
  Batch [28190/34966] - Loss: 0.0996
  Batch [28200/34966] - Loss: 0.0996
  Batch [28210/34966] - Loss: 0.0996
  Batch [28220/34966] - Loss: 0.0996
  Batch [28230/34966] - Loss: 0.0996
  Batch [28240/34966] - Loss: 0.0996
  Batch [28250/34966] - Loss: 0.0996
  Batch [28260/34966] - Loss: 0.0996
  Batch [28270/34966] - Loss: 0.0996
  Batch [28280/34966] - Loss: 0.0996
  Batch [28290/34966] - Loss: 0.0996
  Batch [28300/34966] - Loss: 0.0995
  Batch [28310/34966] - Loss: 0.0996
  Batch [28320/34966] - Loss: 0.0996
  Batch [28330/34966] - Loss: 0.0996
  Batch [28340/34966] - Loss: 0.0996
  Batch [28350/34966] - Loss: 0.0996
  Batch [28360/34966] - Loss: 0.0995
  Batch [28370/34966] - Loss: 0.0996
  Batch [28380/34966] - Loss: 0.0996
  Batch [28390/34966] - Loss: 0.0996
  Batch [28400/34966] - Loss: 0.0996
  Batch [28410/34966] - Loss: 0.0996
  Batch [28420/34966] - Loss: 0.0996
  Batch [28430/34966] - Loss: 0.0996
  Batch [28440/34966] - Loss: 0.0996
  Batch [28450/34966] - Loss: 0.0996
  Batch [28460/34966] - Loss: 0.0996
  Batch [28470/34966] - Loss: 0.0996
  Batch [28480/34966] - Loss: 0.0996
  Batch [28490/34966] - Loss: 0.0996
  Batch [28500/34966] - Loss: 0.0996
  Batch [28510/34966] - Loss: 0.0996
  Batch [28520/34966] - Loss: 0.0996
  Batch [28530/34966] - Loss: 0.0996
  Batch [28540/34966] - Loss: 0.0996
  Batch [28550/34966] - Loss: 0.0996
  Batch [28560/34966] - Loss: 0.0996
  Batch [28570/34966] - Loss: 0.0996
  Batch [28580/34966] - Loss: 0.0995
  Batch [28590/34966] - Loss: 0.0996
  Batch [28600/34966] - Loss: 0.0996
  Batch [28610/34966] - Loss: 0.0996
  Batch [28620/34966] - Loss: 0.0996
  Batch [28630/34966] - Loss: 0.0996
  Batch [28640/34966] - Loss: 0.0996
  Batch [28650/34966] - Loss: 0.0996
  Batch [28660/34966] - Loss: 0.0996
  Batch [28670/34966] - Loss: 0.0996
  Batch [28680/34966] - Loss: 0.0995
  Batch [28690/34966] - Loss: 0.0995
  Batch [28700/34966] - Loss: 0.0995
  Batch [28710/34966] - Loss: 0.0995
  Batch [28720/34966] - Loss: 0.0995
  Batch [28730/34966] - Loss: 0.0995
  Batch [28740/34966] - Loss: 0.0995
  Batch [28750/34966] - Loss: 0.0995
  Batch [28760/34966] - Loss: 0.0995
  Batch [28770/34966] - Loss: 0.0995
  Batch [28780/34966] - Loss: 0.0995
  Batch [28790/34966] - Loss: 0.0995
  Batch [28800/34966] - Loss: 0.0995
  Batch [28810/34966] - Loss: 0.0995
  Batch [28820/34966] - Loss: 0.0995
  Batch [28830/34966] - Loss: 0.0995
  Batch [28840/34966] - Loss: 0.0995
  Batch [28850/34966] - Loss: 0.0995
  Batch [28860/34966] - Loss: 0.0995
  Batch [28870/34966] - Loss: 0.0995
  Batch [28880/34966] - Loss: 0.0995
  Batch [28890/34966] - Loss: 0.0995
  Batch [28900/34966] - Loss: 0.0995
  Batch [28910/34966] - Loss: 0.0995
  Batch [28920/34966] - Loss: 0.0995
  Batch [28930/34966] - Loss: 0.0995
  Batch [28940/34966] - Loss: 0.0995
  Batch [28950/34966] - Loss: 0.0995
  Batch [28960/34966] - Loss: 0.0995
  Batch [28970/34966] - Loss: 0.0995
  Batch [28980/34966] - Loss: 0.0995
  Batch [28990/34966] - Loss: 0.0995
  Batch [29000/34966] - Loss: 0.0995
  Batch [29010/34966] - Loss: 0.0995
  Batch [29020/34966] - Loss: 0.0995
  Batch [29030/34966] - Loss: 0.0995
  Batch [29040/34966] - Loss: 0.0995
  Batch [29050/34966] - Loss: 0.0995
  Batch [29060/34966] - Loss: 0.0995
  Batch [29070/34966] - Loss: 0.0995
  Batch [29080/34966] - Loss: 0.0995
  Batch [29090/34966] - Loss: 0.0995
  Batch [29100/34966] - Loss: 0.0995
  Batch [29110/34966] - Loss: 0.0995
  Batch [29120/34966] - Loss: 0.0995
  Batch [29130/34966] - Loss: 0.0995
  Batch [29140/34966] - Loss: 0.0995
  Batch [29150/34966] - Loss: 0.0995
  Batch [29160/34966] - Loss: 0.0995
  Batch [29170/34966] - Loss: 0.0995
  Batch [29180/34966] - Loss: 0.0995
  Batch [29190/34966] - Loss: 0.0995
  Batch [29200/34966] - Loss: 0.0995
  Batch [29210/34966] - Loss: 0.0995
  Batch [29220/34966] - Loss: 0.0995
  Batch [29230/34966] - Loss: 0.0995
  Batch [29240/34966] - Loss: 0.0995
  Batch [29250/34966] - Loss: 0.0995
  Batch [29260/34966] - Loss: 0.0995
  Batch [29270/34966] - Loss: 0.0995
  Batch [29280/34966] - Loss: 0.0995
  Batch [29290/34966] - Loss: 0.0995
  Batch [29300/34966] - Loss: 0.0995
  Batch [29310/34966] - Loss: 0.0995
  Batch [29320/34966] - Loss: 0.0995
  Batch [29330/34966] - Loss: 0.0995
  Batch [29340/34966] - Loss: 0.0995
  Batch [29350/34966] - Loss: 0.0995
  Batch [29360/34966] - Loss: 0.0995
  Batch [29370/34966] - Loss: 0.0995
  Batch [29380/34966] - Loss: 0.0995
  Batch [29390/34966] - Loss: 0.0995
  Batch [29400/34966] - Loss: 0.0995
  Batch [29410/34966] - Loss: 0.0995
  Batch [29420/34966] - Loss: 0.0995
  Batch [29430/34966] - Loss: 0.0995
  Batch [29440/34966] - Loss: 0.0995
  Batch [29450/34966] - Loss: 0.0995
  Batch [29460/34966] - Loss: 0.0995
  Batch [29470/34966] - Loss: 0.0995
  Batch [29480/34966] - Loss: 0.0995
  Batch [29490/34966] - Loss: 0.0995
  Batch [29500/34966] - Loss: 0.0995
  Batch [29510/34966] - Loss: 0.0995
  Batch [29520/34966] - Loss: 0.0995
  Batch [29530/34966] - Loss: 0.0995
  Batch [29540/34966] - Loss: 0.0995
  Batch [29550/34966] - Loss: 0.0995
  Batch [29560/34966] - Loss: 0.0995
  Batch [29570/34966] - Loss: 0.0995
  Batch [29580/34966] - Loss: 0.0995
  Batch [29590/34966] - Loss: 0.0995
  Batch [29600/34966] - Loss: 0.0995
  Batch [29610/34966] - Loss: 0.0995
  Batch [29620/34966] - Loss: 0.0995
  Batch [29630/34966] - Loss: 0.0995
  Batch [29640/34966] - Loss: 0.0995
  Batch [29650/34966] - Loss: 0.0995
  Batch [29660/34966] - Loss: 0.0995
  Batch [29670/34966] - Loss: 0.0995
  Batch [29680/34966] - Loss: 0.0995
  Batch [29690/34966] - Loss: 0.0995
  Batch [29700/34966] - Loss: 0.0995
  Batch [29710/34966] - Loss: 0.0995
  Batch [29720/34966] - Loss: 0.0995
  Batch [29730/34966] - Loss: 0.0995
  Batch [29740/34966] - Loss: 0.0995
  Batch [29750/34966] - Loss: 0.0995
  Batch [29760/34966] - Loss: 0.0995
  Batch [29770/34966] - Loss: 0.0995
  Batch [29780/34966] - Loss: 0.0995
  Batch [29790/34966] - Loss: 0.0995
  Batch [29800/34966] - Loss: 0.0995
  Batch [29810/34966] - Loss: 0.0995
  Batch [29820/34966] - Loss: 0.0995
  Batch [29830/34966] - Loss: 0.0995
  Batch [29840/34966] - Loss: 0.0995
  Batch [29850/34966] - Loss: 0.0995
  Batch [29860/34966] - Loss: 0.0995
  Batch [29870/34966] - Loss: 0.0995
  Batch [29880/34966] - Loss: 0.0995
  Batch [29890/34966] - Loss: 0.0995
  Batch [29900/34966] - Loss: 0.0995
  Batch [29910/34966] - Loss: 0.0995
  Batch [29920/34966] - Loss: 0.0995
  Batch [29930/34966] - Loss: 0.0995
  Batch [29940/34966] - Loss: 0.0995
  Batch [29950/34966] - Loss: 0.0995
  Batch [29960/34966] - Loss: 0.0995
  Batch [29970/34966] - Loss: 0.0995
  Batch [29980/34966] - Loss: 0.0995
  Batch [29990/34966] - Loss: 0.0995
  Batch [30000/34966] - Loss: 0.0995
  Batch [30010/34966] - Loss: 0.0995
  Batch [30020/34966] - Loss: 0.0995
  Batch [30030/34966] - Loss: 0.0995
  Batch [30040/34966] - Loss: 0.0995
  Batch [30050/34966] - Loss: 0.0995
  Batch [30060/34966] - Loss: 0.0995
  Batch [30070/34966] - Loss: 0.0995
  Batch [30080/34966] - Loss: 0.0995
  Batch [30090/34966] - Loss: 0.0995
  Batch [30100/34966] - Loss: 0.0995
  Batch [30110/34966] - Loss: 0.0995
  Batch [30120/34966] - Loss: 0.0995
  Batch [30130/34966] - Loss: 0.0995
  Batch [30140/34966] - Loss: 0.0995
  Batch [30150/34966] - Loss: 0.0995
  Batch [30160/34966] - Loss: 0.0995
  Batch [30170/34966] - Loss: 0.0995
  Batch [30180/34966] - Loss: 0.0995
  Batch [30190/34966] - Loss: 0.0995
  Batch [30200/34966] - Loss: 0.0995
  Batch [30210/34966] - Loss: 0.0995
  Batch [30220/34966] - Loss: 0.0995
  Batch [30230/34966] - Loss: 0.0995
  Batch [30240/34966] - Loss: 0.0995
  Batch [30250/34966] - Loss: 0.0995
  Batch [30260/34966] - Loss: 0.0995
  Batch [30270/34966] - Loss: 0.0995
  Batch [30280/34966] - Loss: 0.0995
  Batch [30290/34966] - Loss: 0.0995
  Batch [30300/34966] - Loss: 0.0995
  Batch [30310/34966] - Loss: 0.0995
  Batch [30320/34966] - Loss: 0.0995
  Batch [30330/34966] - Loss: 0.0995
  Batch [30340/34966] - Loss: 0.0995
  Batch [30350/34966] - Loss: 0.0995
  Batch [30360/34966] - Loss: 0.0995
  Batch [30370/34966] - Loss: 0.0995
  Batch [30380/34966] - Loss: 0.0995
  Batch [30390/34966] - Loss: 0.0995
  Batch [30400/34966] - Loss: 0.0995
  Batch [30410/34966] - Loss: 0.0995
  Batch [30420/34966] - Loss: 0.0996
  Batch [30430/34966] - Loss: 0.0996
  Batch [30440/34966] - Loss: 0.0996
  Batch [30450/34966] - Loss: 0.0996
  Batch [30460/34966] - Loss: 0.0996
  Batch [30470/34966] - Loss: 0.0996
  Batch [30480/34966] - Loss: 0.0996
  Batch [30490/34966] - Loss: 0.0996
  Batch [30500/34966] - Loss: 0.0996
  Batch [30510/34966] - Loss: 0.0996
  Batch [30520/34966] - Loss: 0.0996
  Batch [30530/34966] - Loss: 0.0996
  Batch [30540/34966] - Loss: 0.0996
  Batch [30550/34966] - Loss: 0.0996
  Batch [30560/34966] - Loss: 0.0996
  Batch [30570/34966] - Loss: 0.0996
  Batch [30580/34966] - Loss: 0.0996
  Batch [30590/34966] - Loss: 0.0996
  Batch [30600/34966] - Loss: 0.0996
  Batch [30610/34966] - Loss: 0.0996
  Batch [30620/34966] - Loss: 0.0996
  Batch [30630/34966] - Loss: 0.0996
  Batch [30640/34966] - Loss: 0.0996
  Batch [30650/34966] - Loss: 0.0996
  Batch [30660/34966] - Loss: 0.0996
  Batch [30670/34966] - Loss: 0.0996
  Batch [30680/34966] - Loss: 0.0996
  Batch [30690/34966] - Loss: 0.0996
  Batch [30700/34966] - Loss: 0.0996
  Batch [30710/34966] - Loss: 0.0996
  Batch [30720/34966] - Loss: 0.0996
  Batch [30730/34966] - Loss: 0.0996
  Batch [30740/34966] - Loss: 0.0996
  Batch [30750/34966] - Loss: 0.0996
  Batch [30760/34966] - Loss: 0.0996
  Batch [30770/34966] - Loss: 0.0996
  Batch [30780/34966] - Loss: 0.0996
  Batch [30790/34966] - Loss: 0.0996
  Batch [30800/34966] - Loss: 0.0996
  Batch [30810/34966] - Loss: 0.0996
  Batch [30820/34966] - Loss: 0.0996
  Batch [30830/34966] - Loss: 0.0996
  Batch [30840/34966] - Loss: 0.0996
  Batch [30850/34966] - Loss: 0.0996
  Batch [30860/34966] - Loss: 0.0996
  Batch [30870/34966] - Loss: 0.0996
  Batch [30880/34966] - Loss: 0.0996
  Batch [30890/34966] - Loss: 0.0996
  Batch [30900/34966] - Loss: 0.0996
  Batch [30910/34966] - Loss: 0.0996
  Batch [30920/34966] - Loss: 0.0996
  Batch [30930/34966] - Loss: 0.0996
  Batch [30940/34966] - Loss: 0.0996
  Batch [30950/34966] - Loss: 0.0996
  Batch [30960/34966] - Loss: 0.0996
  Batch [30970/34966] - Loss: 0.0996
  Batch [30980/34966] - Loss: 0.0996
  Batch [30990/34966] - Loss: 0.0996
  Batch [31000/34966] - Loss: 0.0996
  Batch [31010/34966] - Loss: 0.0996
  Batch [31020/34966] - Loss: 0.0996
  Batch [31030/34966] - Loss: 0.0996
  Batch [31040/34966] - Loss: 0.0996
  Batch [31050/34966] - Loss: 0.0996
  Batch [31060/34966] - Loss: 0.0996
  Batch [31070/34966] - Loss: 0.0996
  Batch [31080/34966] - Loss: 0.0996
  Batch [31090/34966] - Loss: 0.0996
  Batch [31100/34966] - Loss: 0.0996
  Batch [31110/34966] - Loss: 0.0996
  Batch [31120/34966] - Loss: 0.0996
  Batch [31130/34966] - Loss: 0.0996
  Batch [31140/34966] - Loss: 0.0996
  Batch [31150/34966] - Loss: 0.0996
  Batch [31160/34966] - Loss: 0.0996
  Batch [31170/34966] - Loss: 0.0996
  Batch [31180/34966] - Loss: 0.0996
  Batch [31190/34966] - Loss: 0.0996
  Batch [31200/34966] - Loss: 0.0996
  Batch [31210/34966] - Loss: 0.0996
  Batch [31220/34966] - Loss: 0.0996
  Batch [31230/34966] - Loss: 0.0996
  Batch [31240/34966] - Loss: 0.0996
  Batch [31250/34966] - Loss: 0.0996
  Batch [31260/34966] - Loss: 0.0996
  Batch [31270/34966] - Loss: 0.0996
  Batch [31280/34966] - Loss: 0.0996
  Batch [31290/34966] - Loss: 0.0996
  Batch [31300/34966] - Loss: 0.0996
  Batch [31310/34966] - Loss: 0.0996
  Batch [31320/34966] - Loss: 0.0996
  Batch [31330/34966] - Loss: 0.0996
  Batch [31340/34966] - Loss: 0.0996
  Batch [31350/34966] - Loss: 0.0996
  Batch [31360/34966] - Loss: 0.0996
  Batch [31370/34966] - Loss: 0.0996
  Batch [31380/34966] - Loss: 0.0996
  Batch [31390/34966] - Loss: 0.0996
  Batch [31400/34966] - Loss: 0.0996
  Batch [31410/34966] - Loss: 0.0996
  Batch [31420/34966] - Loss: 0.0996
  Batch [31430/34966] - Loss: 0.0996
  Batch [31440/34966] - Loss: 0.0996
  Batch [31450/34966] - Loss: 0.0996
  Batch [31460/34966] - Loss: 0.0996
  Batch [31470/34966] - Loss: 0.0996
  Batch [31480/34966] - Loss: 0.0996
  Batch [31490/34966] - Loss: 0.0996
  Batch [31500/34966] - Loss: 0.0996
  Batch [31510/34966] - Loss: 0.0996
  Batch [31520/34966] - Loss: 0.0996
  Batch [31530/34966] - Loss: 0.0996
  Batch [31540/34966] - Loss: 0.0996
  Batch [31550/34966] - Loss: 0.0996
  Batch [31560/34966] - Loss: 0.0996
  Batch [31570/34966] - Loss: 0.0996
  Batch [31580/34966] - Loss: 0.0996
  Batch [31590/34966] - Loss: 0.0996
  Batch [31600/34966] - Loss: 0.0996
  Batch [31610/34966] - Loss: 0.0996
  Batch [31620/34966] - Loss: 0.0996
  Batch [31630/34966] - Loss: 0.0996
  Batch [31640/34966] - Loss: 0.0996
  Batch [31650/34966] - Loss: 0.0996
  Batch [31660/34966] - Loss: 0.0996
  Batch [31670/34966] - Loss: 0.0996
  Batch [31680/34966] - Loss: 0.0996
  Batch [31690/34966] - Loss: 0.0996
  Batch [31700/34966] - Loss: 0.0996
  Batch [31710/34966] - Loss: 0.0996
  Batch [31720/34966] - Loss: 0.0996
  Batch [31730/34966] - Loss: 0.0996
  Batch [31740/34966] - Loss: 0.0996
  Batch [31750/34966] - Loss: 0.0996
  Batch [31760/34966] - Loss: 0.0996
  Batch [31770/34966] - Loss: 0.0996
  Batch [31780/34966] - Loss: 0.0996
  Batch [31790/34966] - Loss: 0.0996
  Batch [31800/34966] - Loss: 0.0996
  Batch [31810/34966] - Loss: 0.0996
  Batch [31820/34966] - Loss: 0.0996
  Batch [31830/34966] - Loss: 0.0996
  Batch [31840/34966] - Loss: 0.0996
  Batch [31850/34966] - Loss: 0.0996
  Batch [31860/34966] - Loss: 0.0996
  Batch [31870/34966] - Loss: 0.0996
  Batch [31880/34966] - Loss: 0.0996
  Batch [31890/34966] - Loss: 0.0996
  Batch [31900/34966] - Loss: 0.0996
  Batch [31910/34966] - Loss: 0.0996
  Batch [31920/34966] - Loss: 0.0996
  Batch [31930/34966] - Loss: 0.0996
  Batch [31940/34966] - Loss: 0.0996
  Batch [31950/34966] - Loss: 0.0996
  Batch [31960/34966] - Loss: 0.0996
  Batch [31970/34966] - Loss: 0.0996
  Batch [31980/34966] - Loss: 0.0996
  Batch [31990/34966] - Loss: 0.0996
  Batch [32000/34966] - Loss: 0.0996
  Batch [32010/34966] - Loss: 0.0996
  Batch [32020/34966] - Loss: 0.0996
  Batch [32030/34966] - Loss: 0.0996
  Batch [32040/34966] - Loss: 0.0996
  Batch [32050/34966] - Loss: 0.0996
  Batch [32060/34966] - Loss: 0.0996
  Batch [32070/34966] - Loss: 0.0996
  Batch [32080/34966] - Loss: 0.0996
  Batch [32090/34966] - Loss: 0.0996
  Batch [32100/34966] - Loss: 0.0996
  Batch [32110/34966] - Loss: 0.0996
  Batch [32120/34966] - Loss: 0.0996
  Batch [32130/34966] - Loss: 0.0996
  Batch [32140/34966] - Loss: 0.0996
  Batch [32150/34966] - Loss: 0.0996
  Batch [32160/34966] - Loss: 0.0996
  Batch [32170/34966] - Loss: 0.0996
  Batch [32180/34966] - Loss: 0.0996
  Batch [32190/34966] - Loss: 0.0996
  Batch [32200/34966] - Loss: 0.0996
  Batch [32210/34966] - Loss: 0.0996
  Batch [32220/34966] - Loss: 0.0996
  Batch [32230/34966] - Loss: 0.0996
  Batch [32240/34966] - Loss: 0.0996
  Batch [32250/34966] - Loss: 0.0996
  Batch [32260/34966] - Loss: 0.0996
  Batch [32270/34966] - Loss: 0.0995
  Batch [32280/34966] - Loss: 0.0995
  Batch [32290/34966] - Loss: 0.0995
  Batch [32300/34966] - Loss: 0.0995
  Batch [32310/34966] - Loss: 0.0995
  Batch [32320/34966] - Loss: 0.0995
  Batch [32330/34966] - Loss: 0.0995
  Batch [32340/34966] - Loss: 0.0995
  Batch [32350/34966] - Loss: 0.0996
  Batch [32360/34966] - Loss: 0.0996
  Batch [32370/34966] - Loss: 0.0995
  Batch [32380/34966] - Loss: 0.0995
  Batch [32390/34966] - Loss: 0.0995
  Batch [32400/34966] - Loss: 0.0995
  Batch [32410/34966] - Loss: 0.0995
  Batch [32420/34966] - Loss: 0.0995
  Batch [32430/34966] - Loss: 0.0995
  Batch [32440/34966] - Loss: 0.0995
  Batch [32450/34966] - Loss: 0.0995
  Batch [32460/34966] - Loss: 0.0995
  Batch [32470/34966] - Loss: 0.0995
  Batch [32480/34966] - Loss: 0.0995
  Batch [32490/34966] - Loss: 0.0995
  Batch [32500/34966] - Loss: 0.0995
  Batch [32510/34966] - Loss: 0.0995
  Batch [32520/34966] - Loss: 0.0995
  Batch [32530/34966] - Loss: 0.0995
  Batch [32540/34966] - Loss: 0.0995
  Batch [32550/34966] - Loss: 0.0995
  Batch [32560/34966] - Loss: 0.0995
  Batch [32570/34966] - Loss: 0.0995
  Batch [32580/34966] - Loss: 0.0995
  Batch [32590/34966] - Loss: 0.0995
  Batch [32600/34966] - Loss: 0.0995
  Batch [32610/34966] - Loss: 0.0995
  Batch [32620/34966] - Loss: 0.0995
  Batch [32630/34966] - Loss: 0.0995
  Batch [32640/34966] - Loss: 0.0995
  Batch [32650/34966] - Loss: 0.0995
  Batch [32660/34966] - Loss: 0.0995
  Batch [32670/34966] - Loss: 0.0995
  Batch [32680/34966] - Loss: 0.0995
  Batch [32690/34966] - Loss: 0.0995
  Batch [32700/34966] - Loss: 0.0995
  Batch [32710/34966] - Loss: 0.0995
  Batch [32720/34966] - Loss: 0.0995
  Batch [32730/34966] - Loss: 0.0995
  Batch [32740/34966] - Loss: 0.0995
  Batch [32750/34966] - Loss: 0.0995
  Batch [32760/34966] - Loss: 0.0995
  Batch [32770/34966] - Loss: 0.0995
  Batch [32780/34966] - Loss: 0.0995
  Batch [32790/34966] - Loss: 0.0995
  Batch [32800/34966] - Loss: 0.0995
  Batch [32810/34966] - Loss: 0.0995
  Batch [32820/34966] - Loss: 0.0995
  Batch [32830/34966] - Loss: 0.0995
  Batch [32840/34966] - Loss: 0.0995
  Batch [32850/34966] - Loss: 0.0995
  Batch [32860/34966] - Loss: 0.0995
  Batch [32870/34966] - Loss: 0.0995
  Batch [32880/34966] - Loss: 0.0995
  Batch [32890/34966] - Loss: 0.0995
  Batch [32900/34966] - Loss: 0.0995
  Batch [32910/34966] - Loss: 0.0995
  Batch [32920/34966] - Loss: 0.0995
  Batch [32930/34966] - Loss: 0.0995
  Batch [32940/34966] - Loss: 0.0995
  Batch [32950/34966] - Loss: 0.0995
  Batch [32960/34966] - Loss: 0.0995
  Batch [32970/34966] - Loss: 0.0995
  Batch [32980/34966] - Loss: 0.0995
  Batch [32990/34966] - Loss: 0.0995
  Batch [33000/34966] - Loss: 0.0995
  Batch [33010/34966] - Loss: 0.0995
  Batch [33020/34966] - Loss: 0.0995
  Batch [33030/34966] - Loss: 0.0995
  Batch [33040/34966] - Loss: 0.0995
  Batch [33050/34966] - Loss: 0.0995
  Batch [33060/34966] - Loss: 0.0995
  Batch [33070/34966] - Loss: 0.0995
  Batch [33080/34966] - Loss: 0.0995
  Batch [33090/34966] - Loss: 0.0995
  Batch [33100/34966] - Loss: 0.0995
  Batch [33110/34966] - Loss: 0.0995
  Batch [33120/34966] - Loss: 0.0995
  Batch [33130/34966] - Loss: 0.0995
  Batch [33140/34966] - Loss: 0.0995
  Batch [33150/34966] - Loss: 0.0995
  Batch [33160/34966] - Loss: 0.0995
  Batch [33170/34966] - Loss: 0.0995
  Batch [33180/34966] - Loss: 0.0995
  Batch [33190/34966] - Loss: 0.0995
  Batch [33200/34966] - Loss: 0.0995
  Batch [33210/34966] - Loss: 0.0995
  Batch [33220/34966] - Loss: 0.0995
  Batch [33230/34966] - Loss: 0.0995
  Batch [33240/34966] - Loss: 0.0995
  Batch [33250/34966] - Loss: 0.0995
  Batch [33260/34966] - Loss: 0.0995
  Batch [33270/34966] - Loss: 0.0995
  Batch [33280/34966] - Loss: 0.0995
  Batch [33290/34966] - Loss: 0.0995
  Batch [33300/34966] - Loss: 0.0995
  Batch [33310/34966] - Loss: 0.0995
  Batch [33320/34966] - Loss: 0.0995
  Batch [33330/34966] - Loss: 0.0995
  Batch [33340/34966] - Loss: 0.0995
  Batch [33350/34966] - Loss: 0.0995
  Batch [33360/34966] - Loss: 0.0995
  Batch [33370/34966] - Loss: 0.0995
  Batch [33380/34966] - Loss: 0.0995
  Batch [33390/34966] - Loss: 0.0995
  Batch [33400/34966] - Loss: 0.0995
  Batch [33410/34966] - Loss: 0.0995
  Batch [33420/34966] - Loss: 0.0995
  Batch [33430/34966] - Loss: 0.0995
  Batch [33440/34966] - Loss: 0.0995
  Batch [33450/34966] - Loss: 0.0995
  Batch [33460/34966] - Loss: 0.0995
  Batch [33470/34966] - Loss: 0.0995
  Batch [33480/34966] - Loss: 0.0995
  Batch [33490/34966] - Loss: 0.0995
  Batch [33500/34966] - Loss: 0.0995
  Batch [33510/34966] - Loss: 0.0995
  Batch [33520/34966] - Loss: 0.0995
  Batch [33530/34966] - Loss: 0.0995
  Batch [33540/34966] - Loss: 0.0995
  Batch [33550/34966] - Loss: 0.0995
  Batch [33560/34966] - Loss: 0.0995
  Batch [33570/34966] - Loss: 0.0995
  Batch [33580/34966] - Loss: 0.0995
  Batch [33590/34966] - Loss: 0.0995
  Batch [33600/34966] - Loss: 0.0995
  Batch [33610/34966] - Loss: 0.0995
  Batch [33620/34966] - Loss: 0.0995
  Batch [33630/34966] - Loss: 0.0995
  Batch [33640/34966] - Loss: 0.0995
  Batch [33650/34966] - Loss: 0.0995
  Batch [33660/34966] - Loss: 0.0995
  Batch [33670/34966] - Loss: 0.0995
  Batch [33680/34966] - Loss: 0.0995
  Batch [33690/34966] - Loss: 0.0995
  Batch [33700/34966] - Loss: 0.0995
  Batch [33710/34966] - Loss: 0.0995
  Batch [33720/34966] - Loss: 0.0995
  Batch [33730/34966] - Loss: 0.0995
  Batch [33740/34966] - Loss: 0.0995
  Batch [33750/34966] - Loss: 0.0995
  Batch [33760/34966] - Loss: 0.0995
  Batch [33770/34966] - Loss: 0.0995
  Batch [33780/34966] - Loss: 0.0995
  Batch [33790/34966] - Loss: 0.0995
  Batch [33800/34966] - Loss: 0.0995
  Batch [33810/34966] - Loss: 0.0995
  Batch [33820/34966] - Loss: 0.0995
  Batch [33830/34966] - Loss: 0.0995
  Batch [33840/34966] - Loss: 0.0995
  Batch [33850/34966] - Loss: 0.0995
  Batch [33860/34966] - Loss: 0.0995
  Batch [33870/34966] - Loss: 0.0995
  Batch [33880/34966] - Loss: 0.0995
  Batch [33890/34966] - Loss: 0.0994
  Batch [33900/34966] - Loss: 0.0994
  Batch [33910/34966] - Loss: 0.0994
  Batch [33920/34966] - Loss: 0.0994
  Batch [33930/34966] - Loss: 0.0994
  Batch [33940/34966] - Loss: 0.0995
  Batch [33950/34966] - Loss: 0.0995
  Batch [33960/34966] - Loss: 0.0995
  Batch [33970/34966] - Loss: 0.0995
  Batch [33980/34966] - Loss: 0.0995
  Batch [33990/34966] - Loss: 0.0995
  Batch [34000/34966] - Loss: 0.0995
  Batch [34010/34966] - Loss: 0.0995
  Batch [34020/34966] - Loss: 0.0995
  Batch [34030/34966] - Loss: 0.0995
  Batch [34040/34966] - Loss: 0.0995
  Batch [34050/34966] - Loss: 0.0995
  Batch [34060/34966] - Loss: 0.0995
  Batch [34070/34966] - Loss: 0.0995
  Batch [34080/34966] - Loss: 0.0995
  Batch [34090/34966] - Loss: 0.0995
  Batch [34100/34966] - Loss: 0.0995
  Batch [34110/34966] - Loss: 0.0995
  Batch [34120/34966] - Loss: 0.0995
  Batch [34130/34966] - Loss: 0.0995
  Batch [34140/34966] - Loss: 0.0995
  Batch [34150/34966] - Loss: 0.0995
  Batch [34160/34966] - Loss: 0.0995
  Batch [34170/34966] - Loss: 0.0995
  Batch [34180/34966] - Loss: 0.0995
  Batch [34190/34966] - Loss: 0.0994
  Batch [34200/34966] - Loss: 0.0994
  Batch [34210/34966] - Loss: 0.0995
  Batch [34220/34966] - Loss: 0.0995
  Batch [34230/34966] - Loss: 0.0995
  Batch [34240/34966] - Loss: 0.0995
  Batch [34250/34966] - Loss: 0.0995
  Batch [34260/34966] - Loss: 0.0995
  Batch [34270/34966] - Loss: 0.0995
  Batch [34280/34966] - Loss: 0.0995
  Batch [34290/34966] - Loss: 0.0995
  Batch [34300/34966] - Loss: 0.0994
  Batch [34310/34966] - Loss: 0.0994
  Batch [34320/34966] - Loss: 0.0994
  Batch [34330/34966] - Loss: 0.0994
  Batch [34340/34966] - Loss: 0.0994
  Batch [34350/34966] - Loss: 0.0994
  Batch [34360/34966] - Loss: 0.0994
  Batch [34370/34966] - Loss: 0.0994
  Batch [34380/34966] - Loss: 0.0994
  Batch [34390/34966] - Loss: 0.0994
  Batch [34400/34966] - Loss: 0.0994
  Batch [34410/34966] - Loss: 0.0994
  Batch [34420/34966] - Loss: 0.0994
  Batch [34430/34966] - Loss: 0.0994
  Batch [34440/34966] - Loss: 0.0994
  Batch [34450/34966] - Loss: 0.0994
  Batch [34460/34966] - Loss: 0.0994
  Batch [34470/34966] - Loss: 0.0994
  Batch [34480/34966] - Loss: 0.0994
  Batch [34490/34966] - Loss: 0.0994
  Batch [34500/34966] - Loss: 0.0994
  Batch [34510/34966] - Loss: 0.0994
  Batch [34520/34966] - Loss: 0.0994
  Batch [34530/34966] - Loss: 0.0994
  Batch [34540/34966] - Loss: 0.0994
  Batch [34550/34966] - Loss: 0.0994
  Batch [34560/34966] - Loss: 0.0994
  Batch [34570/34966] - Loss: 0.0994
  Batch [34580/34966] - Loss: 0.0994
  Batch [34590/34966] - Loss: 0.0994
  Batch [34600/34966] - Loss: 0.0994
  Batch [34610/34966] - Loss: 0.0994
  Batch [34620/34966] - Loss: 0.0994
  Batch [34630/34966] - Loss: 0.0994
  Batch [34640/34966] - Loss: 0.0994
  Batch [34650/34966] - Loss: 0.0994
  Batch [34660/34966] - Loss: 0.0994
  Batch [34670/34966] - Loss: 0.0994
  Batch [34680/34966] - Loss: 0.0994
  Batch [34690/34966] - Loss: 0.0994
  Batch [34700/34966] - Loss: 0.0994
  Batch [34710/34966] - Loss: 0.0994
  Batch [34720/34966] - Loss: 0.0994
  Batch [34730/34966] - Loss: 0.0994
  Batch [34740/34966] - Loss: 0.0994
  Batch [34750/34966] - Loss: 0.0994
  Batch [34760/34966] - Loss: 0.0994
  Batch [34770/34966] - Loss: 0.0994
  Batch [34780/34966] - Loss: 0.0994
  Batch [34790/34966] - Loss: 0.0994
  Batch [34800/34966] - Loss: 0.0994
  Batch [34810/34966] - Loss: 0.0994
  Batch [34820/34966] - Loss: 0.0994
  Batch [34830/34966] - Loss: 0.0994
  Batch [34840/34966] - Loss: 0.0994
  Batch [34850/34966] - Loss: 0.0994
  Batch [34860/34966] - Loss: 0.0994
  Batch [34870/34966] - Loss: 0.0994
  Batch [34880/34966] - Loss: 0.0994
  Batch [34890/34966] - Loss: 0.0994
  Batch [34900/34966] - Loss: 0.0994
  Batch [34910/34966] - Loss: 0.0994
  Batch [34920/34966] - Loss: 0.0994
  Batch [34930/34966] - Loss: 0.0994
  Batch [34940/34966] - Loss: 0.0994
  Batch [34950/34966] - Loss: 0.0994
  Batch [34960/34966] - Loss: 0.0994

Epoch 2 Results:
  Train Loss: 0.0994
  Val Loss: 0.1570
  Val Accuracy: 0.9567 (95.67%)
  Val Recall: 0.8743 (87.43%)
  Val Precision: 0.9241 (92.41%)

──────────────────────────────────────────────────────────────────────
Epoch 3/5
──────────────────────────────────────────────────────────────────────
  Batch [10/34966] - Loss: 0.0893
  Batch [20/34966] - Loss: 0.0772
  Batch [30/34966] - Loss: 0.0823
  Batch [40/34966] - Loss: 0.0877
  Batch [50/34966] - Loss: 0.0860
  Batch [60/34966] - Loss: 0.0806
  Batch [70/34966] - Loss: 0.0825
  Batch [80/34966] - Loss: 0.0904
  Batch [90/34966] - Loss: 0.0903
  Batch [100/34966] - Loss: 0.0912
  Batch [110/34966] - Loss: 0.0913
  Batch [120/34966] - Loss: 0.0906
  Batch [130/34966] - Loss: 0.0910
  Batch [140/34966] - Loss: 0.0912
  Batch [150/34966] - Loss: 0.0897
  Batch [160/34966] - Loss: 0.0895
  Batch [170/34966] - Loss: 0.0910
  Batch [180/34966] - Loss: 0.0905
  Batch [190/34966] - Loss: 0.0909
  Batch [200/34966] - Loss: 0.0906
  Batch [210/34966] - Loss: 0.0901
  Batch [220/34966] - Loss: 0.0901
  Batch [230/34966] - Loss: 0.0902
  Batch [240/34966] - Loss: 0.0895
  Batch [250/34966] - Loss: 0.0918
  Batch [260/34966] - Loss: 0.0914
  Batch [270/34966] - Loss: 0.0923
  Batch [280/34966] - Loss: 0.0923
  Batch [290/34966] - Loss: 0.0925
  Batch [300/34966] - Loss: 0.0918
  Batch [310/34966] - Loss: 0.0923
  Batch [320/34966] - Loss: 0.0925
  Batch [330/34966] - Loss: 0.0930
  Batch [340/34966] - Loss: 0.0936
  Batch [350/34966] - Loss: 0.0940
  Batch [360/34966] - Loss: 0.0942
  Batch [370/34966] - Loss: 0.0941
  Batch [380/34966] - Loss: 0.0940
  Batch [390/34966] - Loss: 0.0938
  Batch [400/34966] - Loss: 0.0934
  Batch [410/34966] - Loss: 0.0942
  Batch [420/34966] - Loss: 0.0961
  Batch [430/34966] - Loss: 0.0961
  Batch [440/34966] - Loss: 0.0960
  Batch [450/34966] - Loss: 0.0960
  Batch [460/34966] - Loss: 0.0960
  Batch [470/34966] - Loss: 0.0959
  Batch [480/34966] - Loss: 0.0961
  Batch [490/34966] - Loss: 0.0960
  Batch [500/34966] - Loss: 0.0959
  Batch [510/34966] - Loss: 0.0964
  Batch [520/34966] - Loss: 0.0968
  Batch [530/34966] - Loss: 0.0969
  Batch [540/34966] - Loss: 0.0977
  Batch [550/34966] - Loss: 0.0975
  Batch [560/34966] - Loss: 0.0980
  Batch [570/34966] - Loss: 0.0982
  Batch [580/34966] - Loss: 0.0992
  Batch [590/34966] - Loss: 0.0989
  Batch [600/34966] - Loss: 0.0986
  Batch [610/34966] - Loss: 0.0987
  Batch [620/34966] - Loss: 0.0985
  Batch [630/34966] - Loss: 0.0985
  Batch [640/34966] - Loss: 0.0985
  Batch [650/34966] - Loss: 0.0984
  Batch [660/34966] - Loss: 0.0986
  Batch [670/34966] - Loss: 0.0986
  Batch [680/34966] - Loss: 0.0989
  Batch [690/34966] - Loss: 0.0991
  Batch [700/34966] - Loss: 0.0993
  Batch [710/34966] - Loss: 0.0990
  Batch [720/34966] - Loss: 0.0994
  Batch [730/34966] - Loss: 0.0988
  Batch [740/34966] - Loss: 0.0996
  Batch [750/34966] - Loss: 0.1002
  Batch [760/34966] - Loss: 0.1007
  Batch [770/34966] - Loss: 0.1008
  Batch [780/34966] - Loss: 0.1006
  Batch [790/34966] - Loss: 0.1010
  Batch [800/34966] - Loss: 0.1011
  Batch [810/34966] - Loss: 0.1011
  Batch [820/34966] - Loss: 0.1010
  Batch [830/34966] - Loss: 0.1010
  Batch [840/34966] - Loss: 0.1011
  Batch [850/34966] - Loss: 0.1008
  Batch [860/34966] - Loss: 0.1011
  Batch [870/34966] - Loss: 0.1009
  Batch [880/34966] - Loss: 0.1012
  Batch [890/34966] - Loss: 0.1013
  Batch [900/34966] - Loss: 0.1013
  Batch [910/34966] - Loss: 0.1013
  Batch [920/34966] - Loss: 0.1014
  Batch [930/34966] - Loss: 0.1014
  Batch [940/34966] - Loss: 0.1013
  Batch [950/34966] - Loss: 0.1012
  Batch [960/34966] - Loss: 0.1015
  Batch [970/34966] - Loss: 0.1012
  Batch [980/34966] - Loss: 0.1010
  Batch [990/34966] - Loss: 0.1013
  Batch [1000/34966] - Loss: 0.1012
  Batch [1010/34966] - Loss: 0.1009
  Batch [1020/34966] - Loss: 0.1009
  Batch [1030/34966] - Loss: 0.1008
  Batch [1040/34966] - Loss: 0.1010
  Batch [1050/34966] - Loss: 0.1016
  Batch [1060/34966] - Loss: 0.1013
  Batch [1070/34966] - Loss: 0.1014
  Batch [1080/34966] - Loss: 0.1013
  Batch [1090/34966] - Loss: 0.1013
  Batch [1100/34966] - Loss: 0.1013
  Batch [1110/34966] - Loss: 0.1010
  Batch [1120/34966] - Loss: 0.1008
  Batch [1130/34966] - Loss: 0.1010
  Batch [1140/34966] - Loss: 0.1009
  Batch [1150/34966] - Loss: 0.1010
  Batch [1160/34966] - Loss: 0.1006
  Batch [1170/34966] - Loss: 0.1007
  Batch [1180/34966] - Loss: 0.1005
  Batch [1190/34966] - Loss: 0.1006
  Batch [1200/34966] - Loss: 0.1006
  Batch [1210/34966] - Loss: 0.1007
  Batch [1220/34966] - Loss: 0.1005
  Batch [1230/34966] - Loss: 0.1004
  Batch [1240/34966] - Loss: 0.1005
  Batch [1250/34966] - Loss: 0.1009
  Batch [1260/34966] - Loss: 0.1007
  Batch [1270/34966] - Loss: 0.1008
  Batch [1280/34966] - Loss: 0.1006
  Batch [1290/34966] - Loss: 0.1006
  Batch [1300/34966] - Loss: 0.1004
  Batch [1310/34966] - Loss: 0.1004
  Batch [1320/34966] - Loss: 0.1004
  Batch [1330/34966] - Loss: 0.1002
  Batch [1340/34966] - Loss: 0.1002
  Batch [1350/34966] - Loss: 0.1003
  Batch [1360/34966] - Loss: 0.1002
  Batch [1370/34966] - Loss: 0.1003
  Batch [1380/34966] - Loss: 0.1004
  Batch [1390/34966] - Loss: 0.1006
  Batch [1400/34966] - Loss: 0.1008
  Batch [1410/34966] - Loss: 0.1008
  Batch [1420/34966] - Loss: 0.1009
  Batch [1430/34966] - Loss: 0.1007
  Batch [1440/34966] - Loss: 0.1008
  Batch [1450/34966] - Loss: 0.1009
  Batch [1460/34966] - Loss: 0.1008
  Batch [1470/34966] - Loss: 0.1008
  Batch [1480/34966] - Loss: 0.1008
  Batch [1490/34966] - Loss: 0.1010
  Batch [1500/34966] - Loss: 0.1010
  Batch [1510/34966] - Loss: 0.1008
  Batch [1520/34966] - Loss: 0.1007
  Batch [1530/34966] - Loss: 0.1007
  Batch [1540/34966] - Loss: 0.1004
  Batch [1550/34966] - Loss: 0.1005
  Batch [1560/34966] - Loss: 0.1006
  Batch [1570/34966] - Loss: 0.1006
  Batch [1580/34966] - Loss: 0.1006
  Batch [1590/34966] - Loss: 0.1007
  Batch [1600/34966] - Loss: 0.1007
  Batch [1610/34966] - Loss: 0.1008
  Batch [1620/34966] - Loss: 0.1009
  Batch [1630/34966] - Loss: 0.1008
  Batch [1640/34966] - Loss: 0.1008
  Batch [1650/34966] - Loss: 0.1009
  Batch [1660/34966] - Loss: 0.1009
  Batch [1670/34966] - Loss: 0.1008
  Batch [1680/34966] - Loss: 0.1008
  Batch [1690/34966] - Loss: 0.1007
  Batch [1700/34966] - Loss: 0.1009
  Batch [1710/34966] - Loss: 0.1009
  Batch [1720/34966] - Loss: 0.1009
  Batch [1730/34966] - Loss: 0.1007
  Batch [1740/34966] - Loss: 0.1010
  Batch [1750/34966] - Loss: 0.1010
  Batch [1760/34966] - Loss: 0.1008
  Batch [1770/34966] - Loss: 0.1008
  Batch [1780/34966] - Loss: 0.1008
  Batch [1790/34966] - Loss: 0.1009
  Batch [1800/34966] - Loss: 0.1008
  Batch [1810/34966] - Loss: 0.1007
  Batch [1820/34966] - Loss: 0.1005
  Batch [1830/34966] - Loss: 0.1007
  Batch [1840/34966] - Loss: 0.1008
  Batch [1850/34966] - Loss: 0.1006
  Batch [1860/34966] - Loss: 0.1005
  Batch [1870/34966] - Loss: 0.1005
  Batch [1880/34966] - Loss: 0.1003
  Batch [1890/34966] - Loss: 0.1003
  Batch [1900/34966] - Loss: 0.1002
  Batch [1910/34966] - Loss: 0.1002
  Batch [1920/34966] - Loss: 0.1002
  Batch [1930/34966] - Loss: 0.1004
  Batch [1940/34966] - Loss: 0.1004
  Batch [1950/34966] - Loss: 0.1003
  Batch [1960/34966] - Loss: 0.1002
  Batch [1970/34966] - Loss: 0.1002
  Batch [1980/34966] - Loss: 0.1001
  Batch [1990/34966] - Loss: 0.1001
  Batch [2000/34966] - Loss: 0.0999
  Batch [2010/34966] - Loss: 0.0999
  Batch [2020/34966] - Loss: 0.0999
  Batch [2030/34966] - Loss: 0.0999
  Batch [2040/34966] - Loss: 0.1000
  Batch [2050/34966] - Loss: 0.1001
  Batch [2060/34966] - Loss: 0.1002
  Batch [2070/34966] - Loss: 0.1000
  Batch [2080/34966] - Loss: 0.1001
  Batch [2090/34966] - Loss: 0.1001
  Batch [2100/34966] - Loss: 0.1000
  Batch [2110/34966] - Loss: 0.0998
  Batch [2120/34966] - Loss: 0.0998
  Batch [2130/34966] - Loss: 0.0999
  Batch [2140/34966] - Loss: 0.0999
  Batch [2150/34966] - Loss: 0.0998
  Batch [2160/34966] - Loss: 0.0997
  Batch [2170/34966] - Loss: 0.0997
  Batch [2180/34966] - Loss: 0.0998
  Batch [2190/34966] - Loss: 0.0998
  Batch [2200/34966] - Loss: 0.1000
  Batch [2210/34966] - Loss: 0.1000
  Batch [2220/34966] - Loss: 0.0999
  Batch [2230/34966] - Loss: 0.0998
  Batch [2240/34966] - Loss: 0.0997
  Batch [2250/34966] - Loss: 0.0997
  Batch [2260/34966] - Loss: 0.0998
  Batch [2270/34966] - Loss: 0.0998
  Batch [2280/34966] - Loss: 0.0997
  Batch [2290/34966] - Loss: 0.0997
  Batch [2300/34966] - Loss: 0.0998
  Batch [2310/34966] - Loss: 0.0997
  Batch [2320/34966] - Loss: 0.0997
  Batch [2330/34966] - Loss: 0.0997
  Batch [2340/34966] - Loss: 0.0996
  Batch [2350/34966] - Loss: 0.0996
  Batch [2360/34966] - Loss: 0.0996
  Batch [2370/34966] - Loss: 0.0996
  Batch [2380/34966] - Loss: 0.0996
  Batch [2390/34966] - Loss: 0.0996
  Batch [2400/34966] - Loss: 0.0997
  Batch [2410/34966] - Loss: 0.0997
  Batch [2420/34966] - Loss: 0.0998
  Batch [2430/34966] - Loss: 0.0999
  Batch [2440/34966] - Loss: 0.0998
  Batch [2450/34966] - Loss: 0.0997
  Batch [2460/34966] - Loss: 0.0998
  Batch [2470/34966] - Loss: 0.0999
  Batch [2480/34966] - Loss: 0.0999
  Batch [2490/34966] - Loss: 0.0999
  Batch [2500/34966] - Loss: 0.0999
  Batch [2510/34966] - Loss: 0.0999
  Batch [2520/34966] - Loss: 0.0999
  Batch [2530/34966] - Loss: 0.1000
  Batch [2540/34966] - Loss: 0.1001
  Batch [2550/34966] - Loss: 0.1001
  Batch [2560/34966] - Loss: 0.1000
  Batch [2570/34966] - Loss: 0.1000
  Batch [2580/34966] - Loss: 0.1002
  Batch [2590/34966] - Loss: 0.1004
  Batch [2600/34966] - Loss: 0.1004
  Batch [2610/34966] - Loss: 0.1004
  Batch [2620/34966] - Loss: 0.1003
  Batch [2630/34966] - Loss: 0.1002
  Batch [2640/34966] - Loss: 0.1001
  Batch [2650/34966] - Loss: 0.1002
  Batch [2660/34966] - Loss: 0.1002
  Batch [2670/34966] - Loss: 0.1001
  Batch [2680/34966] - Loss: 0.1003
  Batch [2690/34966] - Loss: 0.1004
  Batch [2700/34966] - Loss: 0.1003
  Batch [2710/34966] - Loss: 0.1005
  Batch [2720/34966] - Loss: 0.1003
  Batch [2730/34966] - Loss: 0.1003
  Batch [2740/34966] - Loss: 0.1003
  Batch [2750/34966] - Loss: 0.1003
  Batch [2760/34966] - Loss: 0.1004
  Batch [2770/34966] - Loss: 0.1005
  Batch [2780/34966] - Loss: 0.1004
  Batch [2790/34966] - Loss: 0.1003
  Batch [2800/34966] - Loss: 0.1003
  Batch [2810/34966] - Loss: 0.1002
  Batch [2820/34966] - Loss: 0.1003
  Batch [2830/34966] - Loss: 0.1003
  Batch [2840/34966] - Loss: 0.1003
  Batch [2850/34966] - Loss: 0.1003
  Batch [2860/34966] - Loss: 0.1003
  Batch [2870/34966] - Loss: 0.1003
  Batch [2880/34966] - Loss: 0.1002
  Batch [2890/34966] - Loss: 0.1002
  Batch [2900/34966] - Loss: 0.1002
  Batch [2910/34966] - Loss: 0.1004
  Batch [2920/34966] - Loss: 0.1004
  Batch [2930/34966] - Loss: 0.1003
  Batch [2940/34966] - Loss: 0.1004
  Batch [2950/34966] - Loss: 0.1003
  Batch [2960/34966] - Loss: 0.1003
  Batch [2970/34966] - Loss: 0.1002
  Batch [2980/34966] - Loss: 0.1002
  Batch [2990/34966] - Loss: 0.1003
  Batch [3000/34966] - Loss: 0.1002
  Batch [3010/34966] - Loss: 0.1002
  Batch [3020/34966] - Loss: 0.1002
  Batch [3030/34966] - Loss: 0.1001
  Batch [3040/34966] - Loss: 0.1002
  Batch [3050/34966] - Loss: 0.1002
  Batch [3060/34966] - Loss: 0.1002
  Batch [3070/34966] - Loss: 0.1003
  Batch [3080/34966] - Loss: 0.1003
  Batch [3090/34966] - Loss: 0.1004
  Batch [3100/34966] - Loss: 0.1004
  Batch [3110/34966] - Loss: 0.1004
  Batch [3120/34966] - Loss: 0.1004
  Batch [3130/34966] - Loss: 0.1004
  Batch [3140/34966] - Loss: 0.1004
  Batch [3150/34966] - Loss: 0.1005
  Batch [3160/34966] - Loss: 0.1005
  Batch [3170/34966] - Loss: 0.1006
  Batch [3180/34966] - Loss: 0.1006
  Batch [3190/34966] - Loss: 0.1007
  Batch [3200/34966] - Loss: 0.1007
  Batch [3210/34966] - Loss: 0.1007
  Batch [3220/34966] - Loss: 0.1007
  Batch [3230/34966] - Loss: 0.1006
  Batch [3240/34966] - Loss: 0.1007
  Batch [3250/34966] - Loss: 0.1006
  Batch [3260/34966] - Loss: 0.1005
  Batch [3270/34966] - Loss: 0.1005
  Batch [3280/34966] - Loss: 0.1006
  Batch [3290/34966] - Loss: 0.1005
  Batch [3300/34966] - Loss: 0.1005
  Batch [3310/34966] - Loss: 0.1006
  Batch [3320/34966] - Loss: 0.1006
  Batch [3330/34966] - Loss: 0.1006
  Batch [3340/34966] - Loss: 0.1007
  Batch [3350/34966] - Loss: 0.1006
  Batch [3360/34966] - Loss: 0.1006
  Batch [3370/34966] - Loss: 0.1007
  Batch [3380/34966] - Loss: 0.1006
  Batch [3390/34966] - Loss: 0.1007
  Batch [3400/34966] - Loss: 0.1007
  Batch [3410/34966] - Loss: 0.1007
  Batch [3420/34966] - Loss: 0.1007
  Batch [3430/34966] - Loss: 0.1007
  Batch [3440/34966] - Loss: 0.1007
  Batch [3450/34966] - Loss: 0.1007
  Batch [3460/34966] - Loss: 0.1007
  Batch [3470/34966] - Loss: 0.1007
  Batch [3480/34966] - Loss: 0.1006
  Batch [3490/34966] - Loss: 0.1006
  Batch [3500/34966] - Loss: 0.1006
  Batch [3510/34966] - Loss: 0.1005
  Batch [3520/34966] - Loss: 0.1004
  Batch [3530/34966] - Loss: 0.1004
  Batch [3540/34966] - Loss: 0.1004
  Batch [3550/34966] - Loss: 0.1004
  Batch [3560/34966] - Loss: 0.1003
  Batch [3570/34966] - Loss: 0.1002
  Batch [3580/34966] - Loss: 0.1002
  Batch [3590/34966] - Loss: 0.1003
  Batch [3600/34966] - Loss: 0.1002
  Batch [3610/34966] - Loss: 0.1003
  Batch [3620/34966] - Loss: 0.1003
  Batch [3630/34966] - Loss: 0.1003
  Batch [3640/34966] - Loss: 0.1003
  Batch [3650/34966] - Loss: 0.1003
  Batch [3660/34966] - Loss: 0.1003
  Batch [3670/34966] - Loss: 0.1003
  Batch [3680/34966] - Loss: 0.1003
  Batch [3690/34966] - Loss: 0.1004
  Batch [3700/34966] - Loss: 0.1004
  Batch [3710/34966] - Loss: 0.1004
  Batch [3720/34966] - Loss: 0.1003
  Batch [3730/34966] - Loss: 0.1002
  Batch [3740/34966] - Loss: 0.1002
  Batch [3750/34966] - Loss: 0.1001
  Batch [3760/34966] - Loss: 0.1001
  Batch [3770/34966] - Loss: 0.1001
  Batch [3780/34966] - Loss: 0.1002
  Batch [3790/34966] - Loss: 0.1002
  Batch [3800/34966] - Loss: 0.1003
  Batch [3810/34966] - Loss: 0.1004
  Batch [3820/34966] - Loss: 0.1004
  Batch [3830/34966] - Loss: 0.1004
  Batch [3840/34966] - Loss: 0.1004
  Batch [3850/34966] - Loss: 0.1004
  Batch [3860/34966] - Loss: 0.1004
  Batch [3870/34966] - Loss: 0.1003
  Batch [3880/34966] - Loss: 0.1003
  Batch [3890/34966] - Loss: 0.1003
  Batch [3900/34966] - Loss: 0.1004
  Batch [3910/34966] - Loss: 0.1004
  Batch [3920/34966] - Loss: 0.1005
  Batch [3930/34966] - Loss: 0.1005
  Batch [3940/34966] - Loss: 0.1005
  Batch [3950/34966] - Loss: 0.1006
  Batch [3960/34966] - Loss: 0.1006
  Batch [3970/34966] - Loss: 0.1005
  Batch [3980/34966] - Loss: 0.1006
  Batch [3990/34966] - Loss: 0.1006
  Batch [4000/34966] - Loss: 0.1005
  Batch [4010/34966] - Loss: 0.1005
  Batch [4020/34966] - Loss: 0.1005
  Batch [4030/34966] - Loss: 0.1006
  Batch [4040/34966] - Loss: 0.1005
  Batch [4050/34966] - Loss: 0.1005
  Batch [4060/34966] - Loss: 0.1005
  Batch [4070/34966] - Loss: 0.1005
  Batch [4080/34966] - Loss: 0.1004
  Batch [4090/34966] - Loss: 0.1005
  Batch [4100/34966] - Loss: 0.1004
  Batch [4110/34966] - Loss: 0.1005
  Batch [4120/34966] - Loss: 0.1005
  Batch [4130/34966] - Loss: 0.1005
  Batch [4140/34966] - Loss: 0.1005
  Batch [4150/34966] - Loss: 0.1006
  Batch [4160/34966] - Loss: 0.1006
  Batch [4170/34966] - Loss: 0.1006
  Batch [4180/34966] - Loss: 0.1006
  Batch [4190/34966] - Loss: 0.1006
  Batch [4200/34966] - Loss: 0.1005
  Batch [4210/34966] - Loss: 0.1006
  Batch [4220/34966] - Loss: 0.1005
  Batch [4230/34966] - Loss: 0.1005
  Batch [4240/34966] - Loss: 0.1005
  Batch [4250/34966] - Loss: 0.1005
  Batch [4260/34966] - Loss: 0.1005
  Batch [4270/34966] - Loss: 0.1005
  Batch [4280/34966] - Loss: 0.1005
  Batch [4290/34966] - Loss: 0.1005
  Batch [4300/34966] - Loss: 0.1005
  Batch [4310/34966] - Loss: 0.1005
  Batch [4320/34966] - Loss: 0.1005
  Batch [4330/34966] - Loss: 0.1004
  Batch [4340/34966] - Loss: 0.1004
  Batch [4350/34966] - Loss: 0.1005
  Batch [4360/34966] - Loss: 0.1005
  Batch [4370/34966] - Loss: 0.1005
  Batch [4380/34966] - Loss: 0.1005
  Batch [4390/34966] - Loss: 0.1005
  Batch [4400/34966] - Loss: 0.1005
  Batch [4410/34966] - Loss: 0.1005
  Batch [4420/34966] - Loss: 0.1005
  Batch [4430/34966] - Loss: 0.1005
  Batch [4440/34966] - Loss: 0.1006
  Batch [4450/34966] - Loss: 0.1006
  Batch [4460/34966] - Loss: 0.1006
  Batch [4470/34966] - Loss: 0.1006
  Batch [4480/34966] - Loss: 0.1006
  Batch [4490/34966] - Loss: 0.1005
  Batch [4500/34966] - Loss: 0.1005
  Batch [4510/34966] - Loss: 0.1005
  Batch [4520/34966] - Loss: 0.1005
  Batch [4530/34966] - Loss: 0.1005
  Batch [4540/34966] - Loss: 0.1005
  Batch [4550/34966] - Loss: 0.1005
  Batch [4560/34966] - Loss: 0.1005
  Batch [4570/34966] - Loss: 0.1004
  Batch [4580/34966] - Loss: 0.1004
  Batch [4590/34966] - Loss: 0.1004
  Batch [4600/34966] - Loss: 0.1003
  Batch [4610/34966] - Loss: 0.1003
  Batch [4620/34966] - Loss: 0.1003
  Batch [4630/34966] - Loss: 0.1002
  Batch [4640/34966] - Loss: 0.1002
  Batch [4650/34966] - Loss: 0.1002
  Batch [4660/34966] - Loss: 0.1003
  Batch [4670/34966] - Loss: 0.1003
  Batch [4680/34966] - Loss: 0.1003
  Batch [4690/34966] - Loss: 0.1002
  Batch [4700/34966] - Loss: 0.1002
  Batch [4710/34966] - Loss: 0.1003
  Batch [4720/34966] - Loss: 0.1003
  Batch [4730/34966] - Loss: 0.1002
  Batch [4740/34966] - Loss: 0.1002
  Batch [4750/34966] - Loss: 0.1002
  Batch [4760/34966] - Loss: 0.1002
  Batch [4770/34966] - Loss: 0.1002
  Batch [4780/34966] - Loss: 0.1002
  Batch [4790/34966] - Loss: 0.1002
  Batch [4800/34966] - Loss: 0.1002
  Batch [4810/34966] - Loss: 0.1001
  Batch [4820/34966] - Loss: 0.1001
  Batch [4830/34966] - Loss: 0.1001
  Batch [4840/34966] - Loss: 0.1001
  Batch [4850/34966] - Loss: 0.1001
  Batch [4860/34966] - Loss: 0.1001
  Batch [4870/34966] - Loss: 0.1001
  Batch [4880/34966] - Loss: 0.1000
  Batch [4890/34966] - Loss: 0.1000
  Batch [4900/34966] - Loss: 0.1000
  Batch [4910/34966] - Loss: 0.1000
  Batch [4920/34966] - Loss: 0.1000
  Batch [4930/34966] - Loss: 0.1000
  Batch [4940/34966] - Loss: 0.1001
  Batch [4950/34966] - Loss: 0.1000
  Batch [4960/34966] - Loss: 0.1000
  Batch [4970/34966] - Loss: 0.1000
  Batch [4980/34966] - Loss: 0.1000
  Batch [4990/34966] - Loss: 0.1001
  Batch [5000/34966] - Loss: 0.1000
  Batch [5010/34966] - Loss: 0.1000
  Batch [5020/34966] - Loss: 0.0999
  Batch [5030/34966] - Loss: 0.0999
  Batch [5040/34966] - Loss: 0.0999
  Batch [5050/34966] - Loss: 0.0998
  Batch [5060/34966] - Loss: 0.0998
  Batch [5070/34966] - Loss: 0.0998
  Batch [5080/34966] - Loss: 0.0998
  Batch [5090/34966] - Loss: 0.0998
  Batch [5100/34966] - Loss: 0.0998
  Batch [5110/34966] - Loss: 0.0998
  Batch [5120/34966] - Loss: 0.0998
  Batch [5130/34966] - Loss: 0.0998
  Batch [5140/34966] - Loss: 0.0998
  Batch [5150/34966] - Loss: 0.0998
  Batch [5160/34966] - Loss: 0.0997
  Batch [5170/34966] - Loss: 0.0997
  Batch [5180/34966] - Loss: 0.0996
  Batch [5190/34966] - Loss: 0.0997
  Batch [5200/34966] - Loss: 0.0997
  Batch [5210/34966] - Loss: 0.0996
  Batch [5220/34966] - Loss: 0.0996
  Batch [5230/34966] - Loss: 0.0996
  Batch [5240/34966] - Loss: 0.0997
  Batch [5250/34966] - Loss: 0.0997
  Batch [5260/34966] - Loss: 0.0996
  Batch [5270/34966] - Loss: 0.0996
  Batch [5280/34966] - Loss: 0.0996
  Batch [5290/34966] - Loss: 0.0996
  Batch [5300/34966] - Loss: 0.0995
  Batch [5310/34966] - Loss: 0.0995
  Batch [5320/34966] - Loss: 0.0995
  Batch [5330/34966] - Loss: 0.0996
  Batch [5340/34966] - Loss: 0.0996
  Batch [5350/34966] - Loss: 0.0995
  Batch [5360/34966] - Loss: 0.0996
  Batch [5370/34966] - Loss: 0.0996
  Batch [5380/34966] - Loss: 0.0996
  Batch [5390/34966] - Loss: 0.0996
  Batch [5400/34966] - Loss: 0.0996
  Batch [5410/34966] - Loss: 0.0996
  Batch [5420/34966] - Loss: 0.0995
  Batch [5430/34966] - Loss: 0.0996
  Batch [5440/34966] - Loss: 0.0996
  Batch [5450/34966] - Loss: 0.0996
  Batch [5460/34966] - Loss: 0.0997
  Batch [5470/34966] - Loss: 0.0997
  Batch [5480/34966] - Loss: 0.0997
  Batch [5490/34966] - Loss: 0.0998
  Batch [5500/34966] - Loss: 0.0998
  Batch [5510/34966] - Loss: 0.0997
  Batch [5520/34966] - Loss: 0.0998
  Batch [5530/34966] - Loss: 0.0997
  Batch [5540/34966] - Loss: 0.0997
  Batch [5550/34966] - Loss: 0.0997
  Batch [5560/34966] - Loss: 0.0997
  Batch [5570/34966] - Loss: 0.0997
  Batch [5580/34966] - Loss: 0.0996
  Batch [5590/34966] - Loss: 0.0997
  Batch [5600/34966] - Loss: 0.0997
  Batch [5610/34966] - Loss: 0.0997
  Batch [5620/34966] - Loss: 0.0996
  Batch [5630/34966] - Loss: 0.0997
  Batch [5640/34966] - Loss: 0.0996
  Batch [5650/34966] - Loss: 0.0996
  Batch [5660/34966] - Loss: 0.0996
  Batch [5670/34966] - Loss: 0.0996
  Batch [5680/34966] - Loss: 0.0996
  Batch [5690/34966] - Loss: 0.0997
  Batch [5700/34966] - Loss: 0.0997
  Batch [5710/34966] - Loss: 0.0997
  Batch [5720/34966] - Loss: 0.0997
  Batch [5730/34966] - Loss: 0.0997
  Batch [5740/34966] - Loss: 0.0997
  Batch [5750/34966] - Loss: 0.0997
  Batch [5760/34966] - Loss: 0.0996
  Batch [5770/34966] - Loss: 0.0997
  Batch [5780/34966] - Loss: 0.0997
  Batch [5790/34966] - Loss: 0.0997
  Batch [5800/34966] - Loss: 0.0996
  Batch [5810/34966] - Loss: 0.0997
  Batch [5820/34966] - Loss: 0.0997
  Batch [5830/34966] - Loss: 0.0996
  Batch [5840/34966] - Loss: 0.0996
  Batch [5850/34966] - Loss: 0.0997
  Batch [5860/34966] - Loss: 0.0997
  Batch [5870/34966] - Loss: 0.0996
  Batch [5880/34966] - Loss: 0.0997
  Batch [5890/34966] - Loss: 0.0996
  Batch [5900/34966] - Loss: 0.0996
  Batch [5910/34966] - Loss: 0.0996
  Batch [5920/34966] - Loss: 0.0996
  Batch [5930/34966] - Loss: 0.0996
  Batch [5940/34966] - Loss: 0.0996
  Batch [5950/34966] - Loss: 0.0996
  Batch [5960/34966] - Loss: 0.0997
  Batch [5970/34966] - Loss: 0.0997
  Batch [5980/34966] - Loss: 0.0998
  Batch [5990/34966] - Loss: 0.0997
  Batch [6000/34966] - Loss: 0.0997
  Batch [6010/34966] - Loss: 0.0997
  Batch [6020/34966] - Loss: 0.0997
  Batch [6030/34966] - Loss: 0.0997
  Batch [6040/34966] - Loss: 0.0997
  Batch [6050/34966] - Loss: 0.0997
  Batch [6060/34966] - Loss: 0.0997
  Batch [6070/34966] - Loss: 0.0997
  Batch [6080/34966] - Loss: 0.0997
  Batch [6090/34966] - Loss: 0.0997
  Batch [6100/34966] - Loss: 0.0997
  Batch [6110/34966] - Loss: 0.0997
  Batch [6120/34966] - Loss: 0.0997
  Batch [6130/34966] - Loss: 0.0998
  Batch [6140/34966] - Loss: 0.0997
  Batch [6150/34966] - Loss: 0.0997
  Batch [6160/34966] - Loss: 0.0997
  Batch [6170/34966] - Loss: 0.0997
  Batch [6180/34966] - Loss: 0.0997
  Batch [6190/34966] - Loss: 0.0997
  Batch [6200/34966] - Loss: 0.0997
  Batch [6210/34966] - Loss: 0.0997
  Batch [6220/34966] - Loss: 0.0997
  Batch [6230/34966] - Loss: 0.0996
  Batch [6240/34966] - Loss: 0.0996
  Batch [6250/34966] - Loss: 0.0996
  Batch [6260/34966] - Loss: 0.0996
  Batch [6270/34966] - Loss: 0.0996
  Batch [6280/34966] - Loss: 0.0996
  Batch [6290/34966] - Loss: 0.0996
  Batch [6300/34966] - Loss: 0.0996
  Batch [6310/34966] - Loss: 0.0996
  Batch [6320/34966] - Loss: 0.0997
  Batch [6330/34966] - Loss: 0.0997
  Batch [6340/34966] - Loss: 0.0997
  Batch [6350/34966] - Loss: 0.0996
  Batch [6360/34966] - Loss: 0.0996
  Batch [6370/34966] - Loss: 0.0996
  Batch [6380/34966] - Loss: 0.0996
  Batch [6390/34966] - Loss: 0.0996
  Batch [6400/34966] - Loss: 0.0996
  Batch [6410/34966] - Loss: 0.0995
  Batch [6420/34966] - Loss: 0.0996
  Batch [6430/34966] - Loss: 0.0996
  Batch [6440/34966] - Loss: 0.0996
  Batch [6450/34966] - Loss: 0.0996
  Batch [6460/34966] - Loss: 0.0996
  Batch [6470/34966] - Loss: 0.0996
  Batch [6480/34966] - Loss: 0.0995
  Batch [6490/34966] - Loss: 0.0995
  Batch [6500/34966] - Loss: 0.0995
  Batch [6510/34966] - Loss: 0.0995
  Batch [6520/34966] - Loss: 0.0995
  Batch [6530/34966] - Loss: 0.0995
  Batch [6540/34966] - Loss: 0.0995
  Batch [6550/34966] - Loss: 0.0996
  Batch [6560/34966] - Loss: 0.0996
  Batch [6570/34966] - Loss: 0.0996
  Batch [6580/34966] - Loss: 0.0996
  Batch [6590/34966] - Loss: 0.0996
  Batch [6600/34966] - Loss: 0.0996
  Batch [6610/34966] - Loss: 0.0996
  Batch [6620/34966] - Loss: 0.0996
  Batch [6630/34966] - Loss: 0.0995
  Batch [6640/34966] - Loss: 0.0996
  Batch [6650/34966] - Loss: 0.0996
  Batch [6660/34966] - Loss: 0.0996
  Batch [6670/34966] - Loss: 0.0996
  Batch [6680/34966] - Loss: 0.0996
  Batch [6690/34966] - Loss: 0.0996
  Batch [6700/34966] - Loss: 0.0995
  Batch [6710/34966] - Loss: 0.0996
  Batch [6720/34966] - Loss: 0.0996
  Batch [6730/34966] - Loss: 0.0996
  Batch [6740/34966] - Loss: 0.0995
  Batch [6750/34966] - Loss: 0.0996
  Batch [6760/34966] - Loss: 0.0997
  Batch [6770/34966] - Loss: 0.0997
  Batch [6780/34966] - Loss: 0.0996
  Batch [6790/34966] - Loss: 0.0996
  Batch [6800/34966] - Loss: 0.0996
  Batch [6810/34966] - Loss: 0.0996
  Batch [6820/34966] - Loss: 0.0996
  Batch [6830/34966] - Loss: 0.0996
  Batch [6840/34966] - Loss: 0.0996
  Batch [6850/34966] - Loss: 0.0996
  Batch [6860/34966] - Loss: 0.0997
  Batch [6870/34966] - Loss: 0.0997
  Batch [6880/34966] - Loss: 0.0997
  Batch [6890/34966] - Loss: 0.0997
  Batch [6900/34966] - Loss: 0.0997
  Batch [6910/34966] - Loss: 0.0998
  Batch [6920/34966] - Loss: 0.0997
  Batch [6930/34966] - Loss: 0.0997
  Batch [6940/34966] - Loss: 0.0998
  Batch [6950/34966] - Loss: 0.0998
  Batch [6960/34966] - Loss: 0.0998
  Batch [6970/34966] - Loss: 0.0998
  Batch [6980/34966] - Loss: 0.0998
  Batch [6990/34966] - Loss: 0.0997
  Batch [7000/34966] - Loss: 0.0997
  Batch [7010/34966] - Loss: 0.0997
  Batch [7020/34966] - Loss: 0.0997
  Batch [7030/34966] - Loss: 0.0997
  Batch [7040/34966] - Loss: 0.0997
  Batch [7050/34966] - Loss: 0.0997
  Batch [7060/34966] - Loss: 0.0997
  Batch [7070/34966] - Loss: 0.0997
  Batch [7080/34966] - Loss: 0.0997
  Batch [7090/34966] - Loss: 0.0997
  Batch [7100/34966] - Loss: 0.0997
  Batch [7110/34966] - Loss: 0.0997
  Batch [7120/34966] - Loss: 0.0997
  Batch [7130/34966] - Loss: 0.0997
  Batch [7140/34966] - Loss: 0.0997
  Batch [7150/34966] - Loss: 0.0997
  Batch [7160/34966] - Loss: 0.0997
  Batch [7170/34966] - Loss: 0.0998
  Batch [7180/34966] - Loss: 0.0997
  Batch [7190/34966] - Loss: 0.0998
  Batch [7200/34966] - Loss: 0.0997
  Batch [7210/34966] - Loss: 0.0997
  Batch [7220/34966] - Loss: 0.0997
  Batch [7230/34966] - Loss: 0.0997
  Batch [7240/34966] - Loss: 0.0997
  Batch [7250/34966] - Loss: 0.0997
  Batch [7260/34966] - Loss: 0.0997
  Batch [7270/34966] - Loss: 0.0997
  Batch [7280/34966] - Loss: 0.0996
  Batch [7290/34966] - Loss: 0.0997
  Batch [7300/34966] - Loss: 0.0997
  Batch [7310/34966] - Loss: 0.0996
  Batch [7320/34966] - Loss: 0.0996
  Batch [7330/34966] - Loss: 0.0996
  Batch [7340/34966] - Loss: 0.0996
  Batch [7350/34966] - Loss: 0.0996
  Batch [7360/34966] - Loss: 0.0996
  Batch [7370/34966] - Loss: 0.0996
  Batch [7380/34966] - Loss: 0.0996
  Batch [7390/34966] - Loss: 0.0996
  Batch [7400/34966] - Loss: 0.0996
  Batch [7410/34966] - Loss: 0.0996
  Batch [7420/34966] - Loss: 0.0995
  Batch [7430/34966] - Loss: 0.0995
  Batch [7440/34966] - Loss: 0.0995
  Batch [7450/34966] - Loss: 0.0995
  Batch [7460/34966] - Loss: 0.0995
  Batch [7470/34966] - Loss: 0.0995
  Batch [7480/34966] - Loss: 0.0995
  Batch [7490/34966] - Loss: 0.0995
  Batch [7500/34966] - Loss: 0.0995
  Batch [7510/34966] - Loss: 0.0994
  Batch [7520/34966] - Loss: 0.0994
  Batch [7530/34966] - Loss: 0.0994
  Batch [7540/34966] - Loss: 0.0995
  Batch [7550/34966] - Loss: 0.0995
  Batch [7560/34966] - Loss: 0.0995
  Batch [7570/34966] - Loss: 0.0995
  Batch [7580/34966] - Loss: 0.0994
  Batch [7590/34966] - Loss: 0.0994
  Batch [7600/34966] - Loss: 0.0994
  Batch [7610/34966] - Loss: 0.0995
  Batch [7620/34966] - Loss: 0.0994
  Batch [7630/34966] - Loss: 0.0994
  Batch [7640/34966] - Loss: 0.0994
  Batch [7650/34966] - Loss: 0.0994
  Batch [7660/34966] - Loss: 0.0994
  Batch [7670/34966] - Loss: 0.0994
  Batch [7680/34966] - Loss: 0.0995
  Batch [7690/34966] - Loss: 0.0995
  Batch [7700/34966] - Loss: 0.0995
  Batch [7710/34966] - Loss: 0.0994
  Batch [7720/34966] - Loss: 0.0994
  Batch [7730/34966] - Loss: 0.0994
  Batch [7740/34966] - Loss: 0.0994
  Batch [7750/34966] - Loss: 0.0994
  Batch [7760/34966] - Loss: 0.0994
  Batch [7770/34966] - Loss: 0.0994
  Batch [7780/34966] - Loss: 0.0994
  Batch [7790/34966] - Loss: 0.0994
  Batch [7800/34966] - Loss: 0.0993
  Batch [7810/34966] - Loss: 0.0994
  Batch [7820/34966] - Loss: 0.0994
  Batch [7830/34966] - Loss: 0.0994
  Batch [7840/34966] - Loss: 0.0995
  Batch [7850/34966] - Loss: 0.0995
  Batch [7860/34966] - Loss: 0.0995
  Batch [7870/34966] - Loss: 0.0995
  Batch [7880/34966] - Loss: 0.0995
  Batch [7890/34966] - Loss: 0.0995
  Batch [7900/34966] - Loss: 0.0995
  Batch [7910/34966] - Loss: 0.0995
  Batch [7920/34966] - Loss: 0.0995
  Batch [7930/34966] - Loss: 0.0994
  Batch [7940/34966] - Loss: 0.0994
  Batch [7950/34966] - Loss: 0.0994
  Batch [7960/34966] - Loss: 0.0994
  Batch [7970/34966] - Loss: 0.0994
  Batch [7980/34966] - Loss: 0.0994
  Batch [7990/34966] - Loss: 0.0994
  Batch [8000/34966] - Loss: 0.0994
  Batch [8010/34966] - Loss: 0.0994
  Batch [8020/34966] - Loss: 0.0993
  Batch [8030/34966] - Loss: 0.0993
  Batch [8040/34966] - Loss: 0.0993
  Batch [8050/34966] - Loss: 0.0993
  Batch [8060/34966] - Loss: 0.0993
  Batch [8070/34966] - Loss: 0.0994
  Batch [8080/34966] - Loss: 0.0993
  Batch [8090/34966] - Loss: 0.0994
  Batch [8100/34966] - Loss: 0.0993
  Batch [8110/34966] - Loss: 0.0993
  Batch [8120/34966] - Loss: 0.0993
  Batch [8130/34966] - Loss: 0.0993
  Batch [8140/34966] - Loss: 0.0993
  Batch [8150/34966] - Loss: 0.0993
  Batch [8160/34966] - Loss: 0.0994
  Batch [8170/34966] - Loss: 0.0994
  Batch [8180/34966] - Loss: 0.0994
  Batch [8190/34966] - Loss: 0.0994
  Batch [8200/34966] - Loss: 0.0994
  Batch [8210/34966] - Loss: 0.0994
  Batch [8220/34966] - Loss: 0.0994
  Batch [8230/34966] - Loss: 0.0994
  Batch [8240/34966] - Loss: 0.0994
  Batch [8250/34966] - Loss: 0.0994
  Batch [8260/34966] - Loss: 0.0994
  Batch [8270/34966] - Loss: 0.0994
  Batch [8280/34966] - Loss: 0.0994
  Batch [8290/34966] - Loss: 0.0993
  Batch [8300/34966] - Loss: 0.0994
  Batch [8310/34966] - Loss: 0.0994
  Batch [8320/34966] - Loss: 0.0994
  Batch [8330/34966] - Loss: 0.0994
  Batch [8340/34966] - Loss: 0.0994
  Batch [8350/34966] - Loss: 0.0994
  Batch [8360/34966] - Loss: 0.0993
  Batch [8370/34966] - Loss: 0.0993
  Batch [8380/34966] - Loss: 0.0993
  Batch [8390/34966] - Loss: 0.0993
  Batch [8400/34966] - Loss: 0.0993
  Batch [8410/34966] - Loss: 0.0993
  Batch [8420/34966] - Loss: 0.0992
  Batch [8430/34966] - Loss: 0.0993
  Batch [8440/34966] - Loss: 0.0993
  Batch [8450/34966] - Loss: 0.0993
  Batch [8460/34966] - Loss: 0.0993
  Batch [8470/34966] - Loss: 0.0993
  Batch [8480/34966] - Loss: 0.0993
  Batch [8490/34966] - Loss: 0.0993
  Batch [8500/34966] - Loss: 0.0993
  Batch [8510/34966] - Loss: 0.0992
  Batch [8520/34966] - Loss: 0.0992
  Batch [8530/34966] - Loss: 0.0992
  Batch [8540/34966] - Loss: 0.0992
  Batch [8550/34966] - Loss: 0.0992
  Batch [8560/34966] - Loss: 0.0991
  Batch [8570/34966] - Loss: 0.0991
  Batch [8580/34966] - Loss: 0.0992
  Batch [8590/34966] - Loss: 0.0992
  Batch [8600/34966] - Loss: 0.0992
  Batch [8610/34966] - Loss: 0.0992
  Batch [8620/34966] - Loss: 0.0992
  Batch [8630/34966] - Loss: 0.0993
  Batch [8640/34966] - Loss: 0.0993
  Batch [8650/34966] - Loss: 0.0993
  Batch [8660/34966] - Loss: 0.0993
  Batch [8670/34966] - Loss: 0.0993
  Batch [8680/34966] - Loss: 0.0993
  Batch [8690/34966] - Loss: 0.0993
  Batch [8700/34966] - Loss: 0.0992
  Batch [8710/34966] - Loss: 0.0992
  Batch [8720/34966] - Loss: 0.0992
  Batch [8730/34966] - Loss: 0.0992
  Batch [8740/34966] - Loss: 0.0992
  Batch [8750/34966] - Loss: 0.0992
  Batch [8760/34966] - Loss: 0.0991
  Batch [8770/34966] - Loss: 0.0991
  Batch [8780/34966] - Loss: 0.0991
  Batch [8790/34966] - Loss: 0.0991
  Batch [8800/34966] - Loss: 0.0991
  Batch [8810/34966] - Loss: 0.0991
  Batch [8820/34966] - Loss: 0.0991
  Batch [8830/34966] - Loss: 0.0991
  Batch [8840/34966] - Loss: 0.0991
  Batch [8850/34966] - Loss: 0.0990
  Batch [8860/34966] - Loss: 0.0990
  Batch [8870/34966] - Loss: 0.0990
  Batch [8880/34966] - Loss: 0.0990
  Batch [8890/34966] - Loss: 0.0990
  Batch [8900/34966] - Loss: 0.0989
  Batch [8910/34966] - Loss: 0.0990
  Batch [8920/34966] - Loss: 0.0990
  Batch [8930/34966] - Loss: 0.0989
  Batch [8940/34966] - Loss: 0.0989
  Batch [8950/34966] - Loss: 0.0989
  Batch [8960/34966] - Loss: 0.0989
  Batch [8970/34966] - Loss: 0.0989
  Batch [8980/34966] - Loss: 0.0989
  Batch [8990/34966] - Loss: 0.0989
  Batch [9000/34966] - Loss: 0.0989
  Batch [9010/34966] - Loss: 0.0989
  Batch [9020/34966] - Loss: 0.0989
  Batch [9030/34966] - Loss: 0.0989
  Batch [9040/34966] - Loss: 0.0989
  Batch [9050/34966] - Loss: 0.0989
  Batch [9060/34966] - Loss: 0.0989
  Batch [9070/34966] - Loss: 0.0989
  Batch [9080/34966] - Loss: 0.0989
  Batch [9090/34966] - Loss: 0.0989
  Batch [9100/34966] - Loss: 0.0989
  Batch [9110/34966] - Loss: 0.0989
  Batch [9120/34966] - Loss: 0.0989
  Batch [9130/34966] - Loss: 0.0988
  Batch [9140/34966] - Loss: 0.0988
  Batch [9150/34966] - Loss: 0.0988
  Batch [9160/34966] - Loss: 0.0988
  Batch [9170/34966] - Loss: 0.0989
  Batch [9180/34966] - Loss: 0.0989
  Batch [9190/34966] - Loss: 0.0989
  Batch [9200/34966] - Loss: 0.0989
  Batch [9210/34966] - Loss: 0.0989
  Batch [9220/34966] - Loss: 0.0989
  Batch [9230/34966] - Loss: 0.0988
  Batch [9240/34966] - Loss: 0.0988
  Batch [9250/34966] - Loss: 0.0988
  Batch [9260/34966] - Loss: 0.0988
  Batch [9270/34966] - Loss: 0.0988
  Batch [9280/34966] - Loss: 0.0988
  Batch [9290/34966] - Loss: 0.0989
  Batch [9300/34966] - Loss: 0.0988
  Batch [9310/34966] - Loss: 0.0988
  Batch [9320/34966] - Loss: 0.0989
  Batch [9330/34966] - Loss: 0.0988
  Batch [9340/34966] - Loss: 0.0988
  Batch [9350/34966] - Loss: 0.0988
  Batch [9360/34966] - Loss: 0.0988
  Batch [9370/34966] - Loss: 0.0988
  Batch [9380/34966] - Loss: 0.0988
  Batch [9390/34966] - Loss: 0.0988
  Batch [9400/34966] - Loss: 0.0988
  Batch [9410/34966] - Loss: 0.0988
  Batch [9420/34966] - Loss: 0.0988
  Batch [9430/34966] - Loss: 0.0988
  Batch [9440/34966] - Loss: 0.0988
  Batch [9450/34966] - Loss: 0.0988
  Batch [9460/34966] - Loss: 0.0988
  Batch [9470/34966] - Loss: 0.0988
  Batch [9480/34966] - Loss: 0.0989
  Batch [9490/34966] - Loss: 0.0988
  Batch [9500/34966] - Loss: 0.0988
  Batch [9510/34966] - Loss: 0.0988
  Batch [9520/34966] - Loss: 0.0988
  Batch [9530/34966] - Loss: 0.0988
  Batch [9540/34966] - Loss: 0.0988
  Batch [9550/34966] - Loss: 0.0988
  Batch [9560/34966] - Loss: 0.0988
  Batch [9570/34966] - Loss: 0.0988
  Batch [9580/34966] - Loss: 0.0988
  Batch [9590/34966] - Loss: 0.0987
  Batch [9600/34966] - Loss: 0.0987
  Batch [9610/34966] - Loss: 0.0987
  Batch [9620/34966] - Loss: 0.0987
  Batch [9630/34966] - Loss: 0.0987
  Batch [9640/34966] - Loss: 0.0987
  Batch [9650/34966] - Loss: 0.0988
  Batch [9660/34966] - Loss: 0.0988
  Batch [9670/34966] - Loss: 0.0988
  Batch [9680/34966] - Loss: 0.0988
  Batch [9690/34966] - Loss: 0.0989
  Batch [9700/34966] - Loss: 0.0989
  Batch [9710/34966] - Loss: 0.0989
  Batch [9720/34966] - Loss: 0.0989
  Batch [9730/34966] - Loss: 0.0989
  Batch [9740/34966] - Loss: 0.0989
  Batch [9750/34966] - Loss: 0.0989
  Batch [9760/34966] - Loss: 0.0989
  Batch [9770/34966] - Loss: 0.0990
  Batch [9780/34966] - Loss: 0.0990
  Batch [9790/34966] - Loss: 0.0990
  Batch [9800/34966] - Loss: 0.0989
  Batch [9810/34966] - Loss: 0.0989
  Batch [9820/34966] - Loss: 0.0989
  Batch [9830/34966] - Loss: 0.0989
  Batch [9840/34966] - Loss: 0.0989
  Batch [9850/34966] - Loss: 0.0988
  Batch [9860/34966] - Loss: 0.0989
  Batch [9870/34966] - Loss: 0.0988
  Batch [9880/34966] - Loss: 0.0988
  Batch [9890/34966] - Loss: 0.0988
  Batch [9900/34966] - Loss: 0.0988
  Batch [9910/34966] - Loss: 0.0988
  Batch [9920/34966] - Loss: 0.0988
  Batch [9930/34966] - Loss: 0.0988
  Batch [9940/34966] - Loss: 0.0988
  Batch [9950/34966] - Loss: 0.0988
  Batch [9960/34966] - Loss: 0.0988
  Batch [9970/34966] - Loss: 0.0988
  Batch [9980/34966] - Loss: 0.0988
  Batch [9990/34966] - Loss: 0.0988
  Batch [10000/34966] - Loss: 0.0988
  Batch [10010/34966] - Loss: 0.0988
  Batch [10020/34966] - Loss: 0.0988
  Batch [10030/34966] - Loss: 0.0988
  Batch [10040/34966] - Loss: 0.0988
  Batch [10050/34966] - Loss: 0.0988
  Batch [10060/34966] - Loss: 0.0988
  Batch [10070/34966] - Loss: 0.0988
  Batch [10080/34966] - Loss: 0.0988
  Batch [10090/34966] - Loss: 0.0988
  Batch [10100/34966] - Loss: 0.0988
  Batch [10110/34966] - Loss: 0.0988
  Batch [10120/34966] - Loss: 0.0988
  Batch [10130/34966] - Loss: 0.0987
  Batch [10140/34966] - Loss: 0.0987
  Batch [10150/34966] - Loss: 0.0987
  Batch [10160/34966] - Loss: 0.0987
  Batch [10170/34966] - Loss: 0.0987
  Batch [10180/34966] - Loss: 0.0988
  Batch [10190/34966] - Loss: 0.0988
  Batch [10200/34966] - Loss: 0.0988
  Batch [10210/34966] - Loss: 0.0987
  Batch [10220/34966] - Loss: 0.0987
  Batch [10230/34966] - Loss: 0.0987
  Batch [10240/34966] - Loss: 0.0987
  Batch [10250/34966] - Loss: 0.0987
  Batch [10260/34966] - Loss: 0.0988
  Batch [10270/34966] - Loss: 0.0988
  Batch [10280/34966] - Loss: 0.0987
  Batch [10290/34966] - Loss: 0.0987
  Batch [10300/34966] - Loss: 0.0987
  Batch [10310/34966] - Loss: 0.0987
  Batch [10320/34966] - Loss: 0.0987
  Batch [10330/34966] - Loss: 0.0987
  Batch [10340/34966] - Loss: 0.0987
  Batch [10350/34966] - Loss: 0.0987
  Batch [10360/34966] - Loss: 0.0987
  Batch [10370/34966] - Loss: 0.0987
  Batch [10380/34966] - Loss: 0.0987
  Batch [10390/34966] - Loss: 0.0987
  Batch [10400/34966] - Loss: 0.0987
  Batch [10410/34966] - Loss: 0.0987
  Batch [10420/34966] - Loss: 0.0987
  Batch [10430/34966] - Loss: 0.0986
  Batch [10440/34966] - Loss: 0.0986
  Batch [10450/34966] - Loss: 0.0986
  Batch [10460/34966] - Loss: 0.0986
  Batch [10470/34966] - Loss: 0.0987
  Batch [10480/34966] - Loss: 0.0986
  Batch [10490/34966] - Loss: 0.0986
  Batch [10500/34966] - Loss: 0.0986
  Batch [10510/34966] - Loss: 0.0986
  Batch [10520/34966] - Loss: 0.0986
  Batch [10530/34966] - Loss: 0.0986
  Batch [10540/34966] - Loss: 0.0986
  Batch [10550/34966] - Loss: 0.0986
  Batch [10560/34966] - Loss: 0.0986
  Batch [10570/34966] - Loss: 0.0986
  Batch [10580/34966] - Loss: 0.0986
  Batch [10590/34966] - Loss: 0.0986
  Batch [10600/34966] - Loss: 0.0986
  Batch [10610/34966] - Loss: 0.0986
  Batch [10620/34966] - Loss: 0.0986
  Batch [10630/34966] - Loss: 0.0985
  Batch [10640/34966] - Loss: 0.0986
  Batch [10650/34966] - Loss: 0.0986
  Batch [10660/34966] - Loss: 0.0985
  Batch [10670/34966] - Loss: 0.0985
  Batch [10680/34966] - Loss: 0.0986
  Batch [10690/34966] - Loss: 0.0986
  Batch [10700/34966] - Loss: 0.0986
  Batch [10710/34966] - Loss: 0.0986
  Batch [10720/34966] - Loss: 0.0986
  Batch [10730/34966] - Loss: 0.0986
  Batch [10740/34966] - Loss: 0.0985
  Batch [10750/34966] - Loss: 0.0985
  Batch [10760/34966] - Loss: 0.0985
  Batch [10770/34966] - Loss: 0.0985
  Batch [10780/34966] - Loss: 0.0985
  Batch [10790/34966] - Loss: 0.0985
  Batch [10800/34966] - Loss: 0.0985
  Batch [10810/34966] - Loss: 0.0985
  Batch [10820/34966] - Loss: 0.0985
  Batch [10830/34966] - Loss: 0.0985
  Batch [10840/34966] - Loss: 0.0985
  Batch [10850/34966] - Loss: 0.0985
  Batch [10860/34966] - Loss: 0.0985
  Batch [10870/34966] - Loss: 0.0986
  Batch [10880/34966] - Loss: 0.0986
  Batch [10890/34966] - Loss: 0.0986
  Batch [10900/34966] - Loss: 0.0986
  Batch [10910/34966] - Loss: 0.0986
  Batch [10920/34966] - Loss: 0.0986
  Batch [10930/34966] - Loss: 0.0986
  Batch [10940/34966] - Loss: 0.0986
  Batch [10950/34966] - Loss: 0.0986
  Batch [10960/34966] - Loss: 0.0986
  Batch [10970/34966] - Loss: 0.0986
  Batch [10980/34966] - Loss: 0.0986
  Batch [10990/34966] - Loss: 0.0986
  Batch [11000/34966] - Loss: 0.0986
  Batch [11010/34966] - Loss: 0.0986
  Batch [11020/34966] - Loss: 0.0986
  Batch [11030/34966] - Loss: 0.0986
  Batch [11040/34966] - Loss: 0.0986
  Batch [11050/34966] - Loss: 0.0987
  Batch [11060/34966] - Loss: 0.0987
  Batch [11070/34966] - Loss: 0.0987
  Batch [11080/34966] - Loss: 0.0987
  Batch [11090/34966] - Loss: 0.0987
  Batch [11100/34966] - Loss: 0.0987
  Batch [11110/34966] - Loss: 0.0987
  Batch [11120/34966] - Loss: 0.0987
  Batch [11130/34966] - Loss: 0.0987
  Batch [11140/34966] - Loss: 0.0987
  Batch [11150/34966] - Loss: 0.0987
  Batch [11160/34966] - Loss: 0.0986
  Batch [11170/34966] - Loss: 0.0986
  Batch [11180/34966] - Loss: 0.0986
  Batch [11190/34966] - Loss: 0.0986
  Batch [11200/34966] - Loss: 0.0986
  Batch [11210/34966] - Loss: 0.0986
  Batch [11220/34966] - Loss: 0.0987
  Batch [11230/34966] - Loss: 0.0986
  Batch [11240/34966] - Loss: 0.0987
  Batch [11250/34966] - Loss: 0.0987
  Batch [11260/34966] - Loss: 0.0987
  Batch [11270/34966] - Loss: 0.0987
  Batch [11280/34966] - Loss: 0.0987
  Batch [11290/34966] - Loss: 0.0987
  Batch [11300/34966] - Loss: 0.0987
  Batch [11310/34966] - Loss: 0.0987
  Batch [11320/34966] - Loss: 0.0987
  Batch [11330/34966] - Loss: 0.0987
  Batch [11340/34966] - Loss: 0.0988
  Batch [11350/34966] - Loss: 0.0988
  Batch [11360/34966] - Loss: 0.0988
  Batch [11370/34966] - Loss: 0.0988
  Batch [11380/34966] - Loss: 0.0988
  Batch [11390/34966] - Loss: 0.0987
  Batch [11400/34966] - Loss: 0.0987
  Batch [11410/34966] - Loss: 0.0988
  Batch [11420/34966] - Loss: 0.0988
  Batch [11430/34966] - Loss: 0.0988
  Batch [11440/34966] - Loss: 0.0988
  Batch [11450/34966] - Loss: 0.0988
  Batch [11460/34966] - Loss: 0.0988
  Batch [11470/34966] - Loss: 0.0987
  Batch [11480/34966] - Loss: 0.0988
  Batch [11490/34966] - Loss: 0.0987
  Batch [11500/34966] - Loss: 0.0987
  Batch [11510/34966] - Loss: 0.0987
  Batch [11520/34966] - Loss: 0.0987
  Batch [11530/34966] - Loss: 0.0987
  Batch [11540/34966] - Loss: 0.0987
  Batch [11550/34966] - Loss: 0.0987
  Batch [11560/34966] - Loss: 0.0987
  Batch [11570/34966] - Loss: 0.0987
  Batch [11580/34966] - Loss: 0.0987
  Batch [11590/34966] - Loss: 0.0987
  Batch [11600/34966] - Loss: 0.0987
  Batch [11610/34966] - Loss: 0.0987
  Batch [11620/34966] - Loss: 0.0987
  Batch [11630/34966] - Loss: 0.0988
  Batch [11640/34966] - Loss: 0.0987
  Batch [11650/34966] - Loss: 0.0988
  Batch [11660/34966] - Loss: 0.0988
  Batch [11670/34966] - Loss: 0.0988
  Batch [11680/34966] - Loss: 0.0988
  Batch [11690/34966] - Loss: 0.0987
  Batch [11700/34966] - Loss: 0.0987
  Batch [11710/34966] - Loss: 0.0987
  Batch [11720/34966] - Loss: 0.0987
  Batch [11730/34966] - Loss: 0.0987
  Batch [11740/34966] - Loss: 0.0987
  Batch [11750/34966] - Loss: 0.0987
  Batch [11760/34966] - Loss: 0.0987
  Batch [11770/34966] - Loss: 0.0987
  Batch [11780/34966] - Loss: 0.0987
  Batch [11790/34966] - Loss: 0.0987
  Batch [11800/34966] - Loss: 0.0987
  Batch [11810/34966] - Loss: 0.0988
  Batch [11820/34966] - Loss: 0.0988
  Batch [11830/34966] - Loss: 0.0988
  Batch [11840/34966] - Loss: 0.0988
  Batch [11850/34966] - Loss: 0.0987
  Batch [11860/34966] - Loss: 0.0987
  Batch [11870/34966] - Loss: 0.0987
  Batch [11880/34966] - Loss: 0.0987
  Batch [11890/34966] - Loss: 0.0987
  Batch [11900/34966] - Loss: 0.0987
  Batch [11910/34966] - Loss: 0.0987
  Batch [11920/34966] - Loss: 0.0987
  Batch [11930/34966] - Loss: 0.0987
  Batch [11940/34966] - Loss: 0.0987
  Batch [11950/34966] - Loss: 0.0987
  Batch [11960/34966] - Loss: 0.0987
  Batch [11970/34966] - Loss: 0.0988
  Batch [11980/34966] - Loss: 0.0988
  Batch [11990/34966] - Loss: 0.0988
  Batch [12000/34966] - Loss: 0.0988
  Batch [12010/34966] - Loss: 0.0987
  Batch [12020/34966] - Loss: 0.0987
  Batch [12030/34966] - Loss: 0.0987
  Batch [12040/34966] - Loss: 0.0988
  Batch [12050/34966] - Loss: 0.0988
  Batch [12060/34966] - Loss: 0.0987
  Batch [12070/34966] - Loss: 0.0988
  Batch [12080/34966] - Loss: 0.0987
  Batch [12090/34966] - Loss: 0.0987
  Batch [12100/34966] - Loss: 0.0987
  Batch [12110/34966] - Loss: 0.0987
  Batch [12120/34966] - Loss: 0.0987
  Batch [12130/34966] - Loss: 0.0987
  Batch [12140/34966] - Loss: 0.0987
  Batch [12150/34966] - Loss: 0.0987
  Batch [12160/34966] - Loss: 0.0987
  Batch [12170/34966] - Loss: 0.0987
  Batch [12180/34966] - Loss: 0.0987
  Batch [12190/34966] - Loss: 0.0987
  Batch [12200/34966] - Loss: 0.0987
  Batch [12210/34966] - Loss: 0.0987
  Batch [12220/34966] - Loss: 0.0988
  Batch [12230/34966] - Loss: 0.0987
  Batch [12240/34966] - Loss: 0.0987
  Batch [12250/34966] - Loss: 0.0987
  Batch [12260/34966] - Loss: 0.0987
  Batch [12270/34966] - Loss: 0.0987
  Batch [12280/34966] - Loss: 0.0987
  Batch [12290/34966] - Loss: 0.0987
  Batch [12300/34966] - Loss: 0.0987
  Batch [12310/34966] - Loss: 0.0986
  Batch [12320/34966] - Loss: 0.0987
  Batch [12330/34966] - Loss: 0.0986
  Batch [12340/34966] - Loss: 0.0986
  Batch [12350/34966] - Loss: 0.0986
  Batch [12360/34966] - Loss: 0.0986
  Batch [12370/34966] - Loss: 0.0986
  Batch [12380/34966] - Loss: 0.0986
  Batch [12390/34966] - Loss: 0.0986
  Batch [12400/34966] - Loss: 0.0986
  Batch [12410/34966] - Loss: 0.0986
  Batch [12420/34966] - Loss: 0.0986
  Batch [12430/34966] - Loss: 0.0986
  Batch [12440/34966] - Loss: 0.0986
  Batch [12450/34966] - Loss: 0.0986
  Batch [12460/34966] - Loss: 0.0986
  Batch [12470/34966] - Loss: 0.0986
  Batch [12480/34966] - Loss: 0.0986
  Batch [12490/34966] - Loss: 0.0985
  Batch [12500/34966] - Loss: 0.0985
  Batch [12510/34966] - Loss: 0.0985
  Batch [12520/34966] - Loss: 0.0985
  Batch [12530/34966] - Loss: 0.0985
  Batch [12540/34966] - Loss: 0.0985
  Batch [12550/34966] - Loss: 0.0985
  Batch [12560/34966] - Loss: 0.0985
  Batch [12570/34966] - Loss: 0.0985
  Batch [12580/34966] - Loss: 0.0985
  Batch [12590/34966] - Loss: 0.0985
  Batch [12600/34966] - Loss: 0.0985
  Batch [12610/34966] - Loss: 0.0985
  Batch [12620/34966] - Loss: 0.0985
  Batch [12630/34966] - Loss: 0.0985
  Batch [12640/34966] - Loss: 0.0985
  Batch [12650/34966] - Loss: 0.0984
  Batch [12660/34966] - Loss: 0.0985
  Batch [12670/34966] - Loss: 0.0984
  Batch [12680/34966] - Loss: 0.0984
  Batch [12690/34966] - Loss: 0.0984
  Batch [12700/34966] - Loss: 0.0984
  Batch [12710/34966] - Loss: 0.0984
  Batch [12720/34966] - Loss: 0.0984
  Batch [12730/34966] - Loss: 0.0985
  Batch [12740/34966] - Loss: 0.0985
  Batch [12750/34966] - Loss: 0.0985
  Batch [12760/34966] - Loss: 0.0985
  Batch [12770/34966] - Loss: 0.0985
  Batch [12780/34966] - Loss: 0.0985
  Batch [12790/34966] - Loss: 0.0985
  Batch [12800/34966] - Loss: 0.0985
  Batch [12810/34966] - Loss: 0.0985
  Batch [12820/34966] - Loss: 0.0985
  Batch [12830/34966] - Loss: 0.0985
  Batch [12840/34966] - Loss: 0.0985
  Batch [12850/34966] - Loss: 0.0985
  Batch [12860/34966] - Loss: 0.0985
  Batch [12870/34966] - Loss: 0.0986
  Batch [12880/34966] - Loss: 0.0986
  Batch [12890/34966] - Loss: 0.0986
  Batch [12900/34966] - Loss: 0.0986
  Batch [12910/34966] - Loss: 0.0985
  Batch [12920/34966] - Loss: 0.0986
  Batch [12930/34966] - Loss: 0.0985
  Batch [12940/34966] - Loss: 0.0986
  Batch [12950/34966] - Loss: 0.0986
  Batch [12960/34966] - Loss: 0.0986
  Batch [12970/34966] - Loss: 0.0986
  Batch [12980/34966] - Loss: 0.0986
  Batch [12990/34966] - Loss: 0.0985
  Batch [13000/34966] - Loss: 0.0986
  Batch [13010/34966] - Loss: 0.0986
  Batch [13020/34966] - Loss: 0.0985
  Batch [13030/34966] - Loss: 0.0985
  Batch [13040/34966] - Loss: 0.0985
  Batch [13050/34966] - Loss: 0.0985
  Batch [13060/34966] - Loss: 0.0985
  Batch [13070/34966] - Loss: 0.0985
  Batch [13080/34966] - Loss: 0.0985
  Batch [13090/34966] - Loss: 0.0985
  Batch [13100/34966] - Loss: 0.0985
  Batch [13110/34966] - Loss: 0.0985
  Batch [13120/34966] - Loss: 0.0985
  Batch [13130/34966] - Loss: 0.0985
  Batch [13140/34966] - Loss: 0.0984
  Batch [13150/34966] - Loss: 0.0984
  Batch [13160/34966] - Loss: 0.0984
  Batch [13170/34966] - Loss: 0.0984
  Batch [13180/34966] - Loss: 0.0984
  Batch [13190/34966] - Loss: 0.0984
  Batch [13200/34966] - Loss: 0.0985
  Batch [13210/34966] - Loss: 0.0985
  Batch [13220/34966] - Loss: 0.0985
  Batch [13230/34966] - Loss: 0.0985
  Batch [13240/34966] - Loss: 0.0985
  Batch [13250/34966] - Loss: 0.0985
  Batch [13260/34966] - Loss: 0.0985
  Batch [13270/34966] - Loss: 0.0985
  Batch [13280/34966] - Loss: 0.0985
  Batch [13290/34966] - Loss: 0.0985
  Batch [13300/34966] - Loss: 0.0985
  Batch [13310/34966] - Loss: 0.0985
  Batch [13320/34966] - Loss: 0.0985
  Batch [13330/34966] - Loss: 0.0985
  Batch [13340/34966] - Loss: 0.0985
  Batch [13350/34966] - Loss: 0.0985
  Batch [13360/34966] - Loss: 0.0985
  Batch [13370/34966] - Loss: 0.0985
  Batch [13380/34966] - Loss: 0.0985
  Batch [13390/34966] - Loss: 0.0985
  Batch [13400/34966] - Loss: 0.0985
  Batch [13410/34966] - Loss: 0.0985
  Batch [13420/34966] - Loss: 0.0985
  Batch [13430/34966] - Loss: 0.0985
  Batch [13440/34966] - Loss: 0.0985
  Batch [13450/34966] - Loss: 0.0985
  Batch [13460/34966] - Loss: 0.0985
  Batch [13470/34966] - Loss: 0.0985
  Batch [13480/34966] - Loss: 0.0985
  Batch [13490/34966] - Loss: 0.0986
  Batch [13500/34966] - Loss: 0.0986
  Batch [13510/34966] - Loss: 0.0986
  Batch [13520/34966] - Loss: 0.0986
  Batch [13530/34966] - Loss: 0.0986
  Batch [13540/34966] - Loss: 0.0986
  Batch [13550/34966] - Loss: 0.0986
  Batch [13560/34966] - Loss: 0.0986
  Batch [13570/34966] - Loss: 0.0986
  Batch [13580/34966] - Loss: 0.0986
  Batch [13590/34966] - Loss: 0.0986
  Batch [13600/34966] - Loss: 0.0986
  Batch [13610/34966] - Loss: 0.0986
  Batch [13620/34966] - Loss: 0.0986
  Batch [13630/34966] - Loss: 0.0986
  Batch [13640/34966] - Loss: 0.0986
  Batch [13650/34966] - Loss: 0.0985
  Batch [13660/34966] - Loss: 0.0985
  Batch [13670/34966] - Loss: 0.0986
  Batch [13680/34966] - Loss: 0.0986
  Batch [13690/34966] - Loss: 0.0986
  Batch [13700/34966] - Loss: 0.0986
  Batch [13710/34966] - Loss: 0.0986
  Batch [13720/34966] - Loss: 0.0986
  Batch [13730/34966] - Loss: 0.0986
  Batch [13740/34966] - Loss: 0.0986
  Batch [13750/34966] - Loss: 0.0986
  Batch [13760/34966] - Loss: 0.0986
  Batch [13770/34966] - Loss: 0.0986
  Batch [13780/34966] - Loss: 0.0986
  Batch [13790/34966] - Loss: 0.0986
  Batch [13800/34966] - Loss: 0.0986
  Batch [13810/34966] - Loss: 0.0986
  Batch [13820/34966] - Loss: 0.0986
  Batch [13830/34966] - Loss: 0.0986
  Batch [13840/34966] - Loss: 0.0986
  Batch [13850/34966] - Loss: 0.0986
  Batch [13860/34966] - Loss: 0.0985
  Batch [13870/34966] - Loss: 0.0985
  Batch [13880/34966] - Loss: 0.0986
  Batch [13890/34966] - Loss: 0.0986
  Batch [13900/34966] - Loss: 0.0986
  Batch [13910/34966] - Loss: 0.0986
  Batch [13920/34966] - Loss: 0.0986
  Batch [13930/34966] - Loss: 0.0985
  Batch [13940/34966] - Loss: 0.0985
  Batch [13950/34966] - Loss: 0.0986
  Batch [13960/34966] - Loss: 0.0986
  Batch [13970/34966] - Loss: 0.0986
  Batch [13980/34966] - Loss: 0.0985
  Batch [13990/34966] - Loss: 0.0985
  Batch [14000/34966] - Loss: 0.0985
  Batch [14010/34966] - Loss: 0.0985
  Batch [14020/34966] - Loss: 0.0985
  Batch [14030/34966] - Loss: 0.0985
  Batch [14040/34966] - Loss: 0.0985
  Batch [14050/34966] - Loss: 0.0984
  Batch [14060/34966] - Loss: 0.0984
  Batch [14070/34966] - Loss: 0.0984
  Batch [14080/34966] - Loss: 0.0985
  Batch [14090/34966] - Loss: 0.0985
  Batch [14100/34966] - Loss: 0.0985
  Batch [14110/34966] - Loss: 0.0985
  Batch [14120/34966] - Loss: 0.0985
  Batch [14130/34966] - Loss: 0.0985
  Batch [14140/34966] - Loss: 0.0984
  Batch [14150/34966] - Loss: 0.0985
  Batch [14160/34966] - Loss: 0.0985
  Batch [14170/34966] - Loss: 0.0985
  Batch [14180/34966] - Loss: 0.0984
  Batch [14190/34966] - Loss: 0.0985
  Batch [14200/34966] - Loss: 0.0985
  Batch [14210/34966] - Loss: 0.0985
  Batch [14220/34966] - Loss: 0.0985
  Batch [14230/34966] - Loss: 0.0985
  Batch [14240/34966] - Loss: 0.0985
  Batch [14250/34966] - Loss: 0.0985
  Batch [14260/34966] - Loss: 0.0984
  Batch [14270/34966] - Loss: 0.0984
  Batch [14280/34966] - Loss: 0.0984
  Batch [14290/34966] - Loss: 0.0984
  Batch [14300/34966] - Loss: 0.0984
  Batch [14310/34966] - Loss: 0.0984
  Batch [14320/34966] - Loss: 0.0984
  Batch [14330/34966] - Loss: 0.0984
  Batch [14340/34966] - Loss: 0.0984
  Batch [14350/34966] - Loss: 0.0984
  Batch [14360/34966] - Loss: 0.0984
  Batch [14370/34966] - Loss: 0.0984
  Batch [14380/34966] - Loss: 0.0984
  Batch [14390/34966] - Loss: 0.0984
  Batch [14400/34966] - Loss: 0.0984
  Batch [14410/34966] - Loss: 0.0984
  Batch [14420/34966] - Loss: 0.0984
  Batch [14430/34966] - Loss: 0.0984
  Batch [14440/34966] - Loss: 0.0984
  Batch [14450/34966] - Loss: 0.0984
  Batch [14460/34966] - Loss: 0.0984
  Batch [14470/34966] - Loss: 0.0985
  Batch [14480/34966] - Loss: 0.0985
  Batch [14490/34966] - Loss: 0.0985
  Batch [14500/34966] - Loss: 0.0985
  Batch [14510/34966] - Loss: 0.0985
  Batch [14520/34966] - Loss: 0.0985
  Batch [14530/34966] - Loss: 0.0985
  Batch [14540/34966] - Loss: 0.0985
  Batch [14550/34966] - Loss: 0.0985
  Batch [14560/34966] - Loss: 0.0985
  Batch [14570/34966] - Loss: 0.0985
  Batch [14580/34966] - Loss: 0.0985
  Batch [14590/34966] - Loss: 0.0985
  Batch [14600/34966] - Loss: 0.0985
  Batch [14610/34966] - Loss: 0.0985
  Batch [14620/34966] - Loss: 0.0985
  Batch [14630/34966] - Loss: 0.0985
  Batch [14640/34966] - Loss: 0.0984
  Batch [14650/34966] - Loss: 0.0984
  Batch [14660/34966] - Loss: 0.0984
  Batch [14670/34966] - Loss: 0.0984
  Batch [14680/34966] - Loss: 0.0984
  Batch [14690/34966] - Loss: 0.0984
  Batch [14700/34966] - Loss: 0.0984
  Batch [14710/34966] - Loss: 0.0984
  Batch [14720/34966] - Loss: 0.0984
  Batch [14730/34966] - Loss: 0.0984
  Batch [14740/34966] - Loss: 0.0984
  Batch [14750/34966] - Loss: 0.0984
  Batch [14760/34966] - Loss: 0.0984
  Batch [14770/34966] - Loss: 0.0983
  Batch [14780/34966] - Loss: 0.0983
  Batch [14790/34966] - Loss: 0.0984
  Batch [14800/34966] - Loss: 0.0984
  Batch [14810/34966] - Loss: 0.0984
  Batch [14820/34966] - Loss: 0.0984
  Batch [14830/34966] - Loss: 0.0983
  Batch [14840/34966] - Loss: 0.0983
  Batch [14850/34966] - Loss: 0.0983
  Batch [14860/34966] - Loss: 0.0983
  Batch [14870/34966] - Loss: 0.0983
  Batch [14880/34966] - Loss: 0.0983
  Batch [14890/34966] - Loss: 0.0983
  Batch [14900/34966] - Loss: 0.0983
  Batch [14910/34966] - Loss: 0.0983
  Batch [14920/34966] - Loss: 0.0983
  Batch [14930/34966] - Loss: 0.0983
  Batch [14940/34966] - Loss: 0.0983
  Batch [14950/34966] - Loss: 0.0983
  Batch [14960/34966] - Loss: 0.0983
  Batch [14970/34966] - Loss: 0.0983
  Batch [14980/34966] - Loss: 0.0983
  Batch [14990/34966] - Loss: 0.0983
  Batch [15000/34966] - Loss: 0.0983
  Batch [15010/34966] - Loss: 0.0983
  Batch [15020/34966] - Loss: 0.0983
  Batch [15030/34966] - Loss: 0.0983
  Batch [15040/34966] - Loss: 0.0984
  Batch [15050/34966] - Loss: 0.0984
  Batch [15060/34966] - Loss: 0.0984
  Batch [15070/34966] - Loss: 0.0983
  Batch [15080/34966] - Loss: 0.0983
  Batch [15090/34966] - Loss: 0.0984
  Batch [15100/34966] - Loss: 0.0984
  Batch [15110/34966] - Loss: 0.0984
  Batch [15120/34966] - Loss: 0.0984
  Batch [15130/34966] - Loss: 0.0984
  Batch [15140/34966] - Loss: 0.0984
  Batch [15150/34966] - Loss: 0.0984
  Batch [15160/34966] - Loss: 0.0984
  Batch [15170/34966] - Loss: 0.0983
  Batch [15180/34966] - Loss: 0.0983
  Batch [15190/34966] - Loss: 0.0983
  Batch [15200/34966] - Loss: 0.0983
  Batch [15210/34966] - Loss: 0.0983
  Batch [15220/34966] - Loss: 0.0983
  Batch [15230/34966] - Loss: 0.0983
  Batch [15240/34966] - Loss: 0.0983
  Batch [15250/34966] - Loss: 0.0983
  Batch [15260/34966] - Loss: 0.0983
  Batch [15270/34966] - Loss: 0.0983
  Batch [15280/34966] - Loss: 0.0983
  Batch [15290/34966] - Loss: 0.0983
  Batch [15300/34966] - Loss: 0.0983
  Batch [15310/34966] - Loss: 0.0983
  Batch [15320/34966] - Loss: 0.0983
  Batch [15330/34966] - Loss: 0.0983
  Batch [15340/34966] - Loss: 0.0983
  Batch [15350/34966] - Loss: 0.0983
  Batch [15360/34966] - Loss: 0.0983
  Batch [15370/34966] - Loss: 0.0983
  Batch [15380/34966] - Loss: 0.0983
  Batch [15390/34966] - Loss: 0.0983
  Batch [15400/34966] - Loss: 0.0982
  Batch [15410/34966] - Loss: 0.0982
  Batch [15420/34966] - Loss: 0.0982
  Batch [15430/34966] - Loss: 0.0982
  Batch [15440/34966] - Loss: 0.0982
  Batch [15450/34966] - Loss: 0.0982
  Batch [15460/34966] - Loss: 0.0982
  Batch [15470/34966] - Loss: 0.0982
  Batch [15480/34966] - Loss: 0.0982
  Batch [15490/34966] - Loss: 0.0982
  Batch [15500/34966] - Loss: 0.0982
  Batch [15510/34966] - Loss: 0.0982
  Batch [15520/34966] - Loss: 0.0983
  Batch [15530/34966] - Loss: 0.0982
  Batch [15540/34966] - Loss: 0.0983
  Batch [15550/34966] - Loss: 0.0982
  Batch [15560/34966] - Loss: 0.0982
  Batch [15570/34966] - Loss: 0.0982
  Batch [15580/34966] - Loss: 0.0982
  Batch [15590/34966] - Loss: 0.0983
  Batch [15600/34966] - Loss: 0.0983
  Batch [15610/34966] - Loss: 0.0983
  Batch [15620/34966] - Loss: 0.0983
  Batch [15630/34966] - Loss: 0.0983
  Batch [15640/34966] - Loss: 0.0983
  Batch [15650/34966] - Loss: 0.0983
  Batch [15660/34966] - Loss: 0.0983
  Batch [15670/34966] - Loss: 0.0983
  Batch [15680/34966] - Loss: 0.0983
  Batch [15690/34966] - Loss: 0.0983
  Batch [15700/34966] - Loss: 0.0983
  Batch [15710/34966] - Loss: 0.0983
  Batch [15720/34966] - Loss: 0.0983
  Batch [15730/34966] - Loss: 0.0983
  Batch [15740/34966] - Loss: 0.0983
  Batch [15750/34966] - Loss: 0.0983
  Batch [15760/34966] - Loss: 0.0983
  Batch [15770/34966] - Loss: 0.0983
  Batch [15780/34966] - Loss: 0.0983
  Batch [15790/34966] - Loss: 0.0983
  Batch [15800/34966] - Loss: 0.0983
  Batch [15810/34966] - Loss: 0.0983
  Batch [15820/34966] - Loss: 0.0983
  Batch [15830/34966] - Loss: 0.0983
  Batch [15840/34966] - Loss: 0.0983
  Batch [15850/34966] - Loss: 0.0983
  Batch [15860/34966] - Loss: 0.0983
  Batch [15870/34966] - Loss: 0.0983
  Batch [15880/34966] - Loss: 0.0983
  Batch [15890/34966] - Loss: 0.0983
  Batch [15900/34966] - Loss: 0.0983
  Batch [15910/34966] - Loss: 0.0983
  Batch [15920/34966] - Loss: 0.0983
  Batch [15930/34966] - Loss: 0.0983
  Batch [15940/34966] - Loss: 0.0983
  Batch [15950/34966] - Loss: 0.0983
  Batch [15960/34966] - Loss: 0.0983
  Batch [15970/34966] - Loss: 0.0983
  Batch [15980/34966] - Loss: 0.0983
  Batch [15990/34966] - Loss: 0.0984
  Batch [16000/34966] - Loss: 0.0984
  Batch [16010/34966] - Loss: 0.0984
  Batch [16020/34966] - Loss: 0.0984
  Batch [16030/34966] - Loss: 0.0984
  Batch [16040/34966] - Loss: 0.0984
  Batch [16050/34966] - Loss: 0.0984
  Batch [16060/34966] - Loss: 0.0984
  Batch [16070/34966] - Loss: 0.0984
  Batch [16080/34966] - Loss: 0.0984
  Batch [16090/34966] - Loss: 0.0984
  Batch [16100/34966] - Loss: 0.0984
  Batch [16110/34966] - Loss: 0.0984
  Batch [16120/34966] - Loss: 0.0984
  Batch [16130/34966] - Loss: 0.0984
  Batch [16140/34966] - Loss: 0.0984
  Batch [16150/34966] - Loss: 0.0984
  Batch [16160/34966] - Loss: 0.0983
  Batch [16170/34966] - Loss: 0.0983
  Batch [16180/34966] - Loss: 0.0983
  Batch [16190/34966] - Loss: 0.0983
  Batch [16200/34966] - Loss: 0.0983
  Batch [16210/34966] - Loss: 0.0983
  Batch [16220/34966] - Loss: 0.0983
  Batch [16230/34966] - Loss: 0.0983
  Batch [16240/34966] - Loss: 0.0983
  Batch [16250/34966] - Loss: 0.0983
  Batch [16260/34966] - Loss: 0.0983
  Batch [16270/34966] - Loss: 0.0983
  Batch [16280/34966] - Loss: 0.0983
  Batch [16290/34966] - Loss: 0.0983
  Batch [16300/34966] - Loss: 0.0983
  Batch [16310/34966] - Loss: 0.0983
  Batch [16320/34966] - Loss: 0.0983
  Batch [16330/34966] - Loss: 0.0983
  Batch [16340/34966] - Loss: 0.0983
  Batch [16350/34966] - Loss: 0.0983
  Batch [16360/34966] - Loss: 0.0983
  Batch [16370/34966] - Loss: 0.0984
  Batch [16380/34966] - Loss: 0.0984
  Batch [16390/34966] - Loss: 0.0984
  Batch [16400/34966] - Loss: 0.0984
  Batch [16410/34966] - Loss: 0.0984
  Batch [16420/34966] - Loss: 0.0984
  Batch [16430/34966] - Loss: 0.0984
  Batch [16440/34966] - Loss: 0.0984
  Batch [16450/34966] - Loss: 0.0984
  Batch [16460/34966] - Loss: 0.0984
  Batch [16470/34966] - Loss: 0.0984
  Batch [16480/34966] - Loss: 0.0984
  Batch [16490/34966] - Loss: 0.0984
  Batch [16500/34966] - Loss: 0.0984
  Batch [16510/34966] - Loss: 0.0984
  Batch [16520/34966] - Loss: 0.0984
  Batch [16530/34966] - Loss: 0.0984
  Batch [16540/34966] - Loss: 0.0984
  Batch [16550/34966] - Loss: 0.0984
  Batch [16560/34966] - Loss: 0.0984
  Batch [16570/34966] - Loss: 0.0984
  Batch [16580/34966] - Loss: 0.0984
  Batch [16590/34966] - Loss: 0.0984
  Batch [16600/34966] - Loss: 0.0984
  Batch [16610/34966] - Loss: 0.0984
  Batch [16620/34966] - Loss: 0.0984
  Batch [16630/34966] - Loss: 0.0984
  Batch [16640/34966] - Loss: 0.0984
  Batch [16650/34966] - Loss: 0.0984
  Batch [16660/34966] - Loss: 0.0984
  Batch [16670/34966] - Loss: 0.0984
  Batch [16680/34966] - Loss: 0.0984
  Batch [16690/34966] - Loss: 0.0984
  Batch [16700/34966] - Loss: 0.0984
  Batch [16710/34966] - Loss: 0.0984
  Batch [16720/34966] - Loss: 0.0984
  Batch [16730/34966] - Loss: 0.0984
  Batch [16740/34966] - Loss: 0.0984
  Batch [16750/34966] - Loss: 0.0984
  Batch [16760/34966] - Loss: 0.0984
  Batch [16770/34966] - Loss: 0.0984
  Batch [16780/34966] - Loss: 0.0984
  Batch [16790/34966] - Loss: 0.0984
  Batch [16800/34966] - Loss: 0.0984
  Batch [16810/34966] - Loss: 0.0984
  Batch [16820/34966] - Loss: 0.0984
  Batch [16830/34966] - Loss: 0.0984
  Batch [16840/34966] - Loss: 0.0984
  Batch [16850/34966] - Loss: 0.0984
  Batch [16860/34966] - Loss: 0.0984
  Batch [16870/34966] - Loss: 0.0984
  Batch [16880/34966] - Loss: 0.0985
  Batch [16890/34966] - Loss: 0.0985
  Batch [16900/34966] - Loss: 0.0985
  Batch [16910/34966] - Loss: 0.0985
  Batch [16920/34966] - Loss: 0.0984
  Batch [16930/34966] - Loss: 0.0984
  Batch [16940/34966] - Loss: 0.0984
  Batch [16950/34966] - Loss: 0.0984
  Batch [16960/34966] - Loss: 0.0984
  Batch [16970/34966] - Loss: 0.0984
  Batch [16980/34966] - Loss: 0.0984
  Batch [16990/34966] - Loss: 0.0984
  Batch [17000/34966] - Loss: 0.0984
  Batch [17010/34966] - Loss: 0.0984
  Batch [17020/34966] - Loss: 0.0984
  Batch [17030/34966] - Loss: 0.0984
  Batch [17040/34966] - Loss: 0.0984
  Batch [17050/34966] - Loss: 0.0984
  Batch [17060/34966] - Loss: 0.0984
  Batch [17070/34966] - Loss: 0.0984
  Batch [17080/34966] - Loss: 0.0984
  Batch [17090/34966] - Loss: 0.0984
  Batch [17100/34966] - Loss: 0.0984
  Batch [17110/34966] - Loss: 0.0984
  Batch [17120/34966] - Loss: 0.0984
  Batch [17130/34966] - Loss: 0.0984
  Batch [17140/34966] - Loss: 0.0984
  Batch [17150/34966] - Loss: 0.0984
  Batch [17160/34966] - Loss: 0.0984
  Batch [17170/34966] - Loss: 0.0984
  Batch [17180/34966] - Loss: 0.0984
  Batch [17190/34966] - Loss: 0.0984
  Batch [17200/34966] - Loss: 0.0984
  Batch [17210/34966] - Loss: 0.0984
  Batch [17220/34966] - Loss: 0.0984
  Batch [17230/34966] - Loss: 0.0984
  Batch [17240/34966] - Loss: 0.0984
  Batch [17250/34966] - Loss: 0.0984
  Batch [17260/34966] - Loss: 0.0984
  Batch [17270/34966] - Loss: 0.0984
  Batch [17280/34966] - Loss: 0.0984
  Batch [17290/34966] - Loss: 0.0984
  Batch [17300/34966] - Loss: 0.0984
  Batch [17310/34966] - Loss: 0.0984
  Batch [17320/34966] - Loss: 0.0984
  Batch [17330/34966] - Loss: 0.0984
  Batch [17340/34966] - Loss: 0.0984
  Batch [17350/34966] - Loss: 0.0984
  Batch [17360/34966] - Loss: 0.0984
  Batch [17370/34966] - Loss: 0.0984
  Batch [17380/34966] - Loss: 0.0984
  Batch [17390/34966] - Loss: 0.0984
  Batch [17400/34966] - Loss: 0.0984
  Batch [17410/34966] - Loss: 0.0984
  Batch [17420/34966] - Loss: 0.0984
  Batch [17430/34966] - Loss: 0.0984
  Batch [17440/34966] - Loss: 0.0984
  Batch [17450/34966] - Loss: 0.0984
  Batch [17460/34966] - Loss: 0.0984
  Batch [17470/34966] - Loss: 0.0984
  Batch [17480/34966] - Loss: 0.0984
  Batch [17490/34966] - Loss: 0.0984
  Batch [17500/34966] - Loss: 0.0984
  Batch [17510/34966] - Loss: 0.0984
  Batch [17520/34966] - Loss: 0.0984
  Batch [17530/34966] - Loss: 0.0984
  Batch [17540/34966] - Loss: 0.0984
  Batch [17550/34966] - Loss: 0.0984
  Batch [17560/34966] - Loss: 0.0984
  Batch [17570/34966] - Loss: 0.0984
  Batch [17580/34966] - Loss: 0.0984
  Batch [17590/34966] - Loss: 0.0984
  Batch [17600/34966] - Loss: 0.0984
  Batch [17610/34966] - Loss: 0.0984
  Batch [17620/34966] - Loss: 0.0984
  Batch [17630/34966] - Loss: 0.0984
  Batch [17640/34966] - Loss: 0.0984
  Batch [17650/34966] - Loss: 0.0984
  Batch [17660/34966] - Loss: 0.0984
  Batch [17670/34966] - Loss: 0.0984
  Batch [17680/34966] - Loss: 0.0985
  Batch [17690/34966] - Loss: 0.0985
  Batch [17700/34966] - Loss: 0.0985
  Batch [17710/34966] - Loss: 0.0985
  Batch [17720/34966] - Loss: 0.0985
  Batch [17730/34966] - Loss: 0.0985
  Batch [17740/34966] - Loss: 0.0985
  Batch [17750/34966] - Loss: 0.0985
  Batch [17760/34966] - Loss: 0.0985
  Batch [17770/34966] - Loss: 0.0985
  Batch [17780/34966] - Loss: 0.0985
  Batch [17790/34966] - Loss: 0.0985
  Batch [17800/34966] - Loss: 0.0985
  Batch [17810/34966] - Loss: 0.0985
  Batch [17820/34966] - Loss: 0.0985
  Batch [17830/34966] - Loss: 0.0985
  Batch [17840/34966] - Loss: 0.0985
  Batch [17850/34966] - Loss: 0.0985
  Batch [17860/34966] - Loss: 0.0985
  Batch [17870/34966] - Loss: 0.0985
  Batch [17880/34966] - Loss: 0.0985
  Batch [17890/34966] - Loss: 0.0985
  Batch [17900/34966] - Loss: 0.0985
  Batch [17910/34966] - Loss: 0.0985
  Batch [17920/34966] - Loss: 0.0985
  Batch [17930/34966] - Loss: 0.0985
  Batch [17940/34966] - Loss: 0.0985
  Batch [17950/34966] - Loss: 0.0985
  Batch [17960/34966] - Loss: 0.0985
  Batch [17970/34966] - Loss: 0.0985
  Batch [17980/34966] - Loss: 0.0985
  Batch [17990/34966] - Loss: 0.0985
  Batch [18000/34966] - Loss: 0.0985
  Batch [18010/34966] - Loss: 0.0985
  Batch [18020/34966] - Loss: 0.0985
  Batch [18030/34966] - Loss: 0.0985
  Batch [18040/34966] - Loss: 0.0985
  Batch [18050/34966] - Loss: 0.0985
  Batch [18060/34966] - Loss: 0.0985
  Batch [18070/34966] - Loss: 0.0985
  Batch [18080/34966] - Loss: 0.0985
  Batch [18090/34966] - Loss: 0.0985
  Batch [18100/34966] - Loss: 0.0986
  Batch [18110/34966] - Loss: 0.0985
  Batch [18120/34966] - Loss: 0.0985
  Batch [18130/34966] - Loss: 0.0985
  Batch [18140/34966] - Loss: 0.0985
  Batch [18150/34966] - Loss: 0.0985
  Batch [18160/34966] - Loss: 0.0985
  Batch [18170/34966] - Loss: 0.0986
  Batch [18180/34966] - Loss: 0.0986
  Batch [18190/34966] - Loss: 0.0985
  Batch [18200/34966] - Loss: 0.0985
  Batch [18210/34966] - Loss: 0.0985
  Batch [18220/34966] - Loss: 0.0985
  Batch [18230/34966] - Loss: 0.0985
  Batch [18240/34966] - Loss: 0.0985
  Batch [18250/34966] - Loss: 0.0985
  Batch [18260/34966] - Loss: 0.0985
  Batch [18270/34966] - Loss: 0.0985
  Batch [18280/34966] - Loss: 0.0985
  Batch [18290/34966] - Loss: 0.0985
  Batch [18300/34966] - Loss: 0.0985
  Batch [18310/34966] - Loss: 0.0985
  Batch [18320/34966] - Loss: 0.0985
  Batch [18330/34966] - Loss: 0.0986
  Batch [18340/34966] - Loss: 0.0986
  Batch [18350/34966] - Loss: 0.0986
  Batch [18360/34966] - Loss: 0.0986
  Batch [18370/34966] - Loss: 0.0985
  Batch [18380/34966] - Loss: 0.0986
  Batch [18390/34966] - Loss: 0.0985
  Batch [18400/34966] - Loss: 0.0986
  Batch [18410/34966] - Loss: 0.0986
  Batch [18420/34966] - Loss: 0.0986
  Batch [18430/34966] - Loss: 0.0986
  Batch [18440/34966] - Loss: 0.0986
  Batch [18450/34966] - Loss: 0.0986
  Batch [18460/34966] - Loss: 0.0986
  Batch [18470/34966] - Loss: 0.0986
  Batch [18480/34966] - Loss: 0.0986
  Batch [18490/34966] - Loss: 0.0986
  Batch [18500/34966] - Loss: 0.0986
  Batch [18510/34966] - Loss: 0.0986
  Batch [18520/34966] - Loss: 0.0986
  Batch [18530/34966] - Loss: 0.0986
  Batch [18540/34966] - Loss: 0.0986
  Batch [18550/34966] - Loss: 0.0986
  Batch [18560/34966] - Loss: 0.0986
  Batch [18570/34966] - Loss: 0.0986
  Batch [18580/34966] - Loss: 0.0985
  Batch [18590/34966] - Loss: 0.0985
  Batch [18600/34966] - Loss: 0.0985
  Batch [18610/34966] - Loss: 0.0985
  Batch [18620/34966] - Loss: 0.0986
  Batch [18630/34966] - Loss: 0.0986
  Batch [18640/34966] - Loss: 0.0986
  Batch [18650/34966] - Loss: 0.0986
  Batch [18660/34966] - Loss: 0.0986
  Batch [18670/34966] - Loss: 0.0986
  Batch [18680/34966] - Loss: 0.0986
  Batch [18690/34966] - Loss: 0.0986
  Batch [18700/34966] - Loss: 0.0986
  Batch [18710/34966] - Loss: 0.0986
  Batch [18720/34966] - Loss: 0.0986
  Batch [18730/34966] - Loss: 0.0986
  Batch [18740/34966] - Loss: 0.0986
  Batch [18750/34966] - Loss: 0.0986
  Batch [18760/34966] - Loss: 0.0985
  Batch [18770/34966] - Loss: 0.0985
  Batch [18780/34966] - Loss: 0.0985
  Batch [18790/34966] - Loss: 0.0985
  Batch [18800/34966] - Loss: 0.0985
  Batch [18810/34966] - Loss: 0.0985
  Batch [18820/34966] - Loss: 0.0985
  Batch [18830/34966] - Loss: 0.0985
  Batch [18840/34966] - Loss: 0.0985
  Batch [18850/34966] - Loss: 0.0985
  Batch [18860/34966] - Loss: 0.0985
  Batch [18870/34966] - Loss: 0.0985
  Batch [18880/34966] - Loss: 0.0985
  Batch [18890/34966] - Loss: 0.0985
  Batch [18900/34966] - Loss: 0.0985
  Batch [18910/34966] - Loss: 0.0985
  Batch [18920/34966] - Loss: 0.0985
  Batch [18930/34966] - Loss: 0.0986
  Batch [18940/34966] - Loss: 0.0986
  Batch [18950/34966] - Loss: 0.0986
  Batch [18960/34966] - Loss: 0.0986
  Batch [18970/34966] - Loss: 0.0986
  Batch [18980/34966] - Loss: 0.0986
  Batch [18990/34966] - Loss: 0.0986
  Batch [19000/34966] - Loss: 0.0986
  Batch [19010/34966] - Loss: 0.0986
  Batch [19020/34966] - Loss: 0.0985
  Batch [19030/34966] - Loss: 0.0986
  Batch [19040/34966] - Loss: 0.0986
  Batch [19050/34966] - Loss: 0.0986
  Batch [19060/34966] - Loss: 0.0986
  Batch [19070/34966] - Loss: 0.0986
  Batch [19080/34966] - Loss: 0.0986
  Batch [19090/34966] - Loss: 0.0986
  Batch [19100/34966] - Loss: 0.0986
  Batch [19110/34966] - Loss: 0.0986
  Batch [19120/34966] - Loss: 0.0986
  Batch [19130/34966] - Loss: 0.0986
  Batch [19140/34966] - Loss: 0.0986
  Batch [19150/34966] - Loss: 0.0986
  Batch [19160/34966] - Loss: 0.0986
  Batch [19170/34966] - Loss: 0.0986
  Batch [19180/34966] - Loss: 0.0986
  Batch [19190/34966] - Loss: 0.0986
  Batch [19200/34966] - Loss: 0.0985
  Batch [19210/34966] - Loss: 0.0986
  Batch [19220/34966] - Loss: 0.0986
  Batch [19230/34966] - Loss: 0.0985
  Batch [19240/34966] - Loss: 0.0985
  Batch [19250/34966] - Loss: 0.0985
  Batch [19260/34966] - Loss: 0.0985
  Batch [19270/34966] - Loss: 0.0985
  Batch [19280/34966] - Loss: 0.0985
  Batch [19290/34966] - Loss: 0.0985
  Batch [19300/34966] - Loss: 0.0985
  Batch [19310/34966] - Loss: 0.0985
  Batch [19320/34966] - Loss: 0.0985
  Batch [19330/34966] - Loss: 0.0985
  Batch [19340/34966] - Loss: 0.0985
  Batch [19350/34966] - Loss: 0.0985
  Batch [19360/34966] - Loss: 0.0985
  Batch [19370/34966] - Loss: 0.0985
  Batch [19380/34966] - Loss: 0.0985
  Batch [19390/34966] - Loss: 0.0985
  Batch [19400/34966] - Loss: 0.0985
  Batch [19410/34966] - Loss: 0.0985
  Batch [19420/34966] - Loss: 0.0985
  Batch [19430/34966] - Loss: 0.0985
  Batch [19440/34966] - Loss: 0.0985
  Batch [19450/34966] - Loss: 0.0985
  Batch [19460/34966] - Loss: 0.0985
  Batch [19470/34966] - Loss: 0.0986
  Batch [19480/34966] - Loss: 0.0985
  Batch [19490/34966] - Loss: 0.0985
  Batch [19500/34966] - Loss: 0.0985
  Batch [19510/34966] - Loss: 0.0985
  Batch [19520/34966] - Loss: 0.0985
  Batch [19530/34966] - Loss: 0.0985
  Batch [19540/34966] - Loss: 0.0985
  Batch [19550/34966] - Loss: 0.0985
  Batch [19560/34966] - Loss: 0.0985
  Batch [19570/34966] - Loss: 0.0985
  Batch [19580/34966] - Loss: 0.0985
  Batch [19590/34966] - Loss: 0.0985
  Batch [19600/34966] - Loss: 0.0985
  Batch [19610/34966] - Loss: 0.0985
  Batch [19620/34966] - Loss: 0.0985
  Batch [19630/34966] - Loss: 0.0985
  Batch [19640/34966] - Loss: 0.0985
  Batch [19650/34966] - Loss: 0.0985
  Batch [19660/34966] - Loss: 0.0985
  Batch [19670/34966] - Loss: 0.0984
  Batch [19680/34966] - Loss: 0.0984
  Batch [19690/34966] - Loss: 0.0984
  Batch [19700/34966] - Loss: 0.0984
  Batch [19710/34966] - Loss: 0.0984
  Batch [19720/34966] - Loss: 0.0984
  Batch [19730/34966] - Loss: 0.0984
  Batch [19740/34966] - Loss: 0.0984
  Batch [19750/34966] - Loss: 0.0984
  Batch [19760/34966] - Loss: 0.0984
  Batch [19770/34966] - Loss: 0.0985
  Batch [19780/34966] - Loss: 0.0985
  Batch [19790/34966] - Loss: 0.0985
  Batch [19800/34966] - Loss: 0.0985
  Batch [19810/34966] - Loss: 0.0985
  Batch [19820/34966] - Loss: 0.0985
  Batch [19830/34966] - Loss: 0.0985
  Batch [19840/34966] - Loss: 0.0985
  Batch [19850/34966] - Loss: 0.0984
  Batch [19860/34966] - Loss: 0.0985
  Batch [19870/34966] - Loss: 0.0985
  Batch [19880/34966] - Loss: 0.0985
  Batch [19890/34966] - Loss: 0.0985
  Batch [19900/34966] - Loss: 0.0985
  Batch [19910/34966] - Loss: 0.0985
  Batch [19920/34966] - Loss: 0.0985
  Batch [19930/34966] - Loss: 0.0985
  Batch [19940/34966] - Loss: 0.0985
  Batch [19950/34966] - Loss: 0.0985
  Batch [19960/34966] - Loss: 0.0985
  Batch [19970/34966] - Loss: 0.0985
  Batch [19980/34966] - Loss: 0.0985
  Batch [19990/34966] - Loss: 0.0985
  Batch [20000/34966] - Loss: 0.0985
  Batch [20010/34966] - Loss: 0.0985
  Batch [20020/34966] - Loss: 0.0985
  Batch [20030/34966] - Loss: 0.0985
  Batch [20040/34966] - Loss: 0.0985
  Batch [20050/34966] - Loss: 0.0985
  Batch [20060/34966] - Loss: 0.0985
  Batch [20070/34966] - Loss: 0.0985
  Batch [20080/34966] - Loss: 0.0985
  Batch [20090/34966] - Loss: 0.0985
  Batch [20100/34966] - Loss: 0.0985
  Batch [20110/34966] - Loss: 0.0986
  Batch [20120/34966] - Loss: 0.0986
  Batch [20130/34966] - Loss: 0.0986
  Batch [20140/34966] - Loss: 0.0986
  Batch [20150/34966] - Loss: 0.0986
  Batch [20160/34966] - Loss: 0.0986
  Batch [20170/34966] - Loss: 0.0986
  Batch [20180/34966] - Loss: 0.0986
  Batch [20190/34966] - Loss: 0.0986
  Batch [20200/34966] - Loss: 0.0986
  Batch [20210/34966] - Loss: 0.0986
  Batch [20220/34966] - Loss: 0.0986
  Batch [20230/34966] - Loss: 0.0986
  Batch [20240/34966] - Loss: 0.0986
  Batch [20250/34966] - Loss: 0.0986
  Batch [20260/34966] - Loss: 0.0986
  Batch [20270/34966] - Loss: 0.0986
  Batch [20280/34966] - Loss: 0.0986
  Batch [20290/34966] - Loss: 0.0986
  Batch [20300/34966] - Loss: 0.0986
  Batch [20310/34966] - Loss: 0.0986
  Batch [20320/34966] - Loss: 0.0986
  Batch [20330/34966] - Loss: 0.0986
  Batch [20340/34966] - Loss: 0.0986
  Batch [20350/34966] - Loss: 0.0986
  Batch [20360/34966] - Loss: 0.0986
  Batch [20370/34966] - Loss: 0.0987
  Batch [20380/34966] - Loss: 0.0987
  Batch [20390/34966] - Loss: 0.0987
  Batch [20400/34966] - Loss: 0.0987
  Batch [20410/34966] - Loss: 0.0987
  Batch [20420/34966] - Loss: 0.0987
  Batch [20430/34966] - Loss: 0.0987
  Batch [20440/34966] - Loss: 0.0987
  Batch [20450/34966] - Loss: 0.0987
  Batch [20460/34966] - Loss: 0.0987
  Batch [20470/34966] - Loss: 0.0987
  Batch [20480/34966] - Loss: 0.0987
  Batch [20490/34966] - Loss: 0.0987
  Batch [20500/34966] - Loss: 0.0987
  Batch [20510/34966] - Loss: 0.0987
  Batch [20520/34966] - Loss: 0.0987
  Batch [20530/34966] - Loss: 0.0987
  Batch [20540/34966] - Loss: 0.0987
  Batch [20550/34966] - Loss: 0.0987
  Batch [20560/34966] - Loss: 0.0987
  Batch [20570/34966] - Loss: 0.0987
  Batch [20580/34966] - Loss: 0.0987
  Batch [20590/34966] - Loss: 0.0987
  Batch [20600/34966] - Loss: 0.0987
  Batch [20610/34966] - Loss: 0.0987
  Batch [20620/34966] - Loss: 0.0987
  Batch [20630/34966] - Loss: 0.0987
  Batch [20640/34966] - Loss: 0.0987
  Batch [20650/34966] - Loss: 0.0987
  Batch [20660/34966] - Loss: 0.0986
  Batch [20670/34966] - Loss: 0.0986
  Batch [20680/34966] - Loss: 0.0986
  Batch [20690/34966] - Loss: 0.0987
  Batch [20700/34966] - Loss: 0.0987
  Batch [20710/34966] - Loss: 0.0986
  Batch [20720/34966] - Loss: 0.0987
  Batch [20730/34966] - Loss: 0.0987
  Batch [20740/34966] - Loss: 0.0987
  Batch [20750/34966] - Loss: 0.0987
  Batch [20760/34966] - Loss: 0.0986
  Batch [20770/34966] - Loss: 0.0987
  Batch [20780/34966] - Loss: 0.0987
  Batch [20790/34966] - Loss: 0.0987
  Batch [20800/34966] - Loss: 0.0987
  Batch [20810/34966] - Loss: 0.0987
  Batch [20820/34966] - Loss: 0.0987
  Batch [20830/34966] - Loss: 0.0987
  Batch [20840/34966] - Loss: 0.0987
  Batch [20850/34966] - Loss: 0.0987
  Batch [20860/34966] - Loss: 0.0987
  Batch [20870/34966] - Loss: 0.0987
  Batch [20880/34966] - Loss: 0.0987
  Batch [20890/34966] - Loss: 0.0987
  Batch [20900/34966] - Loss: 0.0987
  Batch [20910/34966] - Loss: 0.0987
  Batch [20920/34966] - Loss: 0.0987
  Batch [20930/34966] - Loss: 0.0987
  Batch [20940/34966] - Loss: 0.0987
  Batch [20950/34966] - Loss: 0.0987
  Batch [20960/34966] - Loss: 0.0987
  Batch [20970/34966] - Loss: 0.0987
  Batch [20980/34966] - Loss: 0.0987
  Batch [20990/34966] - Loss: 0.0987
  Batch [21000/34966] - Loss: 0.0987
  Batch [21010/34966] - Loss: 0.0987
  Batch [21020/34966] - Loss: 0.0987
  Batch [21030/34966] - Loss: 0.0987
  Batch [21040/34966] - Loss: 0.0987
  Batch [21050/34966] - Loss: 0.0987
  Batch [21060/34966] - Loss: 0.0987
  Batch [21070/34966] - Loss: 0.0987
  Batch [21080/34966] - Loss: 0.0987
  Batch [21090/34966] - Loss: 0.0987
  Batch [21100/34966] - Loss: 0.0987
  Batch [21110/34966] - Loss: 0.0987
  Batch [21120/34966] - Loss: 0.0987
  Batch [21130/34966] - Loss: 0.0987
  Batch [21140/34966] - Loss: 0.0987
  Batch [21150/34966] - Loss: 0.0988
  Batch [21160/34966] - Loss: 0.0988
  Batch [21170/34966] - Loss: 0.0988
  Batch [21180/34966] - Loss: 0.0987
  Batch [21190/34966] - Loss: 0.0987
  Batch [21200/34966] - Loss: 0.0987
  Batch [21210/34966] - Loss: 0.0988
  Batch [21220/34966] - Loss: 0.0988
  Batch [21230/34966] - Loss: 0.0988
  Batch [21240/34966] - Loss: 0.0988
  Batch [21250/34966] - Loss: 0.0988
  Batch [21260/34966] - Loss: 0.0988
  Batch [21270/34966] - Loss: 0.0988
  Batch [21280/34966] - Loss: 0.0988
  Batch [21290/34966] - Loss: 0.0988
  Batch [21300/34966] - Loss: 0.0988
  Batch [21310/34966] - Loss: 0.0988
  Batch [21320/34966] - Loss: 0.0988
  Batch [21330/34966] - Loss: 0.0988
  Batch [21340/34966] - Loss: 0.0988
  Batch [21350/34966] - Loss: 0.0988
  Batch [21360/34966] - Loss: 0.0988
  Batch [21370/34966] - Loss: 0.0988
  Batch [21380/34966] - Loss: 0.0988
  Batch [21390/34966] - Loss: 0.0988
  Batch [21400/34966] - Loss: 0.0988
  Batch [21410/34966] - Loss: 0.0988
  Batch [21420/34966] - Loss: 0.0988
  Batch [21430/34966] - Loss: 0.0988
  Batch [21440/34966] - Loss: 0.0987
  Batch [21450/34966] - Loss: 0.0987
  Batch [21460/34966] - Loss: 0.0987
  Batch [21470/34966] - Loss: 0.0987
  Batch [21480/34966] - Loss: 0.0988
  Batch [21490/34966] - Loss: 0.0988
  Batch [21500/34966] - Loss: 0.0988
  Batch [21510/34966] - Loss: 0.0988
  Batch [21520/34966] - Loss: 0.0988
  Batch [21530/34966] - Loss: 0.0988
  Batch [21540/34966] - Loss: 0.0988
  Batch [21550/34966] - Loss: 0.0988
  Batch [21560/34966] - Loss: 0.0988
  Batch [21570/34966] - Loss: 0.0988
  Batch [21580/34966] - Loss: 0.0988
  Batch [21590/34966] - Loss: 0.0987
  Batch [21600/34966] - Loss: 0.0988
  Batch [21610/34966] - Loss: 0.0988
  Batch [21620/34966] - Loss: 0.0987
  Batch [21630/34966] - Loss: 0.0987
  Batch [21640/34966] - Loss: 0.0987
  Batch [21650/34966] - Loss: 0.0987
  Batch [21660/34966] - Loss: 0.0987
  Batch [21670/34966] - Loss: 0.0987
  Batch [21680/34966] - Loss: 0.0987
  Batch [21690/34966] - Loss: 0.0987
  Batch [21700/34966] - Loss: 0.0987
  Batch [21710/34966] - Loss: 0.0987
  Batch [21720/34966] - Loss: 0.0987
  Batch [21730/34966] - Loss: 0.0987
  Batch [21740/34966] - Loss: 0.0987
  Batch [21750/34966] - Loss: 0.0987
  Batch [21760/34966] - Loss: 0.0987
  Batch [21770/34966] - Loss: 0.0987
  Batch [21780/34966] - Loss: 0.0987
  Batch [21790/34966] - Loss: 0.0987
  Batch [21800/34966] - Loss: 0.0987
  Batch [21810/34966] - Loss: 0.0987
  Batch [21820/34966] - Loss: 0.0987
  Batch [21830/34966] - Loss: 0.0987
  Batch [21840/34966] - Loss: 0.0987
  Batch [21850/34966] - Loss: 0.0987
  Batch [21860/34966] - Loss: 0.0987
  Batch [21870/34966] - Loss: 0.0987
  Batch [21880/34966] - Loss: 0.0987
  Batch [21890/34966] - Loss: 0.0987
  Batch [21900/34966] - Loss: 0.0987
  Batch [21910/34966] - Loss: 0.0987
  Batch [21920/34966] - Loss: 0.0987
  Batch [21930/34966] - Loss: 0.0987
  Batch [21940/34966] - Loss: 0.0987
  Batch [21950/34966] - Loss: 0.0987
  Batch [21960/34966] - Loss: 0.0987
  Batch [21970/34966] - Loss: 0.0987
  Batch [21980/34966] - Loss: 0.0987
  Batch [21990/34966] - Loss: 0.0987
  Batch [22000/34966] - Loss: 0.0987
  Batch [22010/34966] - Loss: 0.0987
  Batch [22020/34966] - Loss: 0.0987
  Batch [22030/34966] - Loss: 0.0987
  Batch [22040/34966] - Loss: 0.0987
  Batch [22050/34966] - Loss: 0.0987
  Batch [22060/34966] - Loss: 0.0987
  Batch [22070/34966] - Loss: 0.0987
  Batch [22080/34966] - Loss: 0.0987
  Batch [22090/34966] - Loss: 0.0987
  Batch [22100/34966] - Loss: 0.0987
  Batch [22110/34966] - Loss: 0.0987
  Batch [22120/34966] - Loss: 0.0987
  Batch [22130/34966] - Loss: 0.0987
  Batch [22140/34966] - Loss: 0.0987
  Batch [22150/34966] - Loss: 0.0987
  Batch [22160/34966] - Loss: 0.0987
  Batch [22170/34966] - Loss: 0.0987
  Batch [22180/34966] - Loss: 0.0987
  Batch [22190/34966] - Loss: 0.0987
  Batch [22200/34966] - Loss: 0.0987
  Batch [22210/34966] - Loss: 0.0986
  Batch [22220/34966] - Loss: 0.0986
  Batch [22230/34966] - Loss: 0.0986
  Batch [22240/34966] - Loss: 0.0986
  Batch [22250/34966] - Loss: 0.0986
  Batch [22260/34966] - Loss: 0.0986
  Batch [22270/34966] - Loss: 0.0987
  Batch [22280/34966] - Loss: 0.0987
  Batch [22290/34966] - Loss: 0.0986
  Batch [22300/34966] - Loss: 0.0986
  Batch [22310/34966] - Loss: 0.0986
  Batch [22320/34966] - Loss: 0.0986
  Batch [22330/34966] - Loss: 0.0986
  Batch [22340/34966] - Loss: 0.0987
  Batch [22350/34966] - Loss: 0.0986
  Batch [22360/34966] - Loss: 0.0986
  Batch [22370/34966] - Loss: 0.0987
  Batch [22380/34966] - Loss: 0.0987
  Batch [22390/34966] - Loss: 0.0987
  Batch [22400/34966] - Loss: 0.0987
  Batch [22410/34966] - Loss: 0.0986
  Batch [22420/34966] - Loss: 0.0986
  Batch [22430/34966] - Loss: 0.0986
  Batch [22440/34966] - Loss: 0.0986
  Batch [22450/34966] - Loss: 0.0986
  Batch [22460/34966] - Loss: 0.0986
  Batch [22470/34966] - Loss: 0.0986
  Batch [22480/34966] - Loss: 0.0986
  Batch [22490/34966] - Loss: 0.0987
  Batch [22500/34966] - Loss: 0.0987
  Batch [22510/34966] - Loss: 0.0987
  Batch [22520/34966] - Loss: 0.0987
  Batch [22530/34966] - Loss: 0.0987
  Batch [22540/34966] - Loss: 0.0987
  Batch [22550/34966] - Loss: 0.0987
  Batch [22560/34966] - Loss: 0.0987
  Batch [22570/34966] - Loss: 0.0987
  Batch [22580/34966] - Loss: 0.0987
  Batch [22590/34966] - Loss: 0.0987
  Batch [22600/34966] - Loss: 0.0987
  Batch [22610/34966] - Loss: 0.0987
  Batch [22620/34966] - Loss: 0.0987
  Batch [22630/34966] - Loss: 0.0987
  Batch [22640/34966] - Loss: 0.0987
  Batch [22650/34966] - Loss: 0.0986
  Batch [22660/34966] - Loss: 0.0986
  Batch [22670/34966] - Loss: 0.0986
  Batch [22680/34966] - Loss: 0.0986
  Batch [22690/34966] - Loss: 0.0986
  Batch [22700/34966] - Loss: 0.0986
  Batch [22710/34966] - Loss: 0.0987
  Batch [22720/34966] - Loss: 0.0986
  Batch [22730/34966] - Loss: 0.0986
  Batch [22740/34966] - Loss: 0.0986
  Batch [22750/34966] - Loss: 0.0986
  Batch [22760/34966] - Loss: 0.0986
  Batch [22770/34966] - Loss: 0.0986
  Batch [22780/34966] - Loss: 0.0986
  Batch [22790/34966] - Loss: 0.0986
  Batch [22800/34966] - Loss: 0.0986
  Batch [22810/34966] - Loss: 0.0986
  Batch [22820/34966] - Loss: 0.0986
  Batch [22830/34966] - Loss: 0.0986
  Batch [22840/34966] - Loss: 0.0986
  Batch [22850/34966] - Loss: 0.0986
  Batch [22860/34966] - Loss: 0.0986
  Batch [22870/34966] - Loss: 0.0986
  Batch [22880/34966] - Loss: 0.0986
  Batch [22890/34966] - Loss: 0.0986
  Batch [22900/34966] - Loss: 0.0986
  Batch [22910/34966] - Loss: 0.0986
  Batch [22920/34966] - Loss: 0.0986
  Batch [22930/34966] - Loss: 0.0986
  Batch [22940/34966] - Loss: 0.0986
  Batch [22950/34966] - Loss: 0.0986
  Batch [22960/34966] - Loss: 0.0986
  Batch [22970/34966] - Loss: 0.0986
  Batch [22980/34966] - Loss: 0.0986
  Batch [22990/34966] - Loss: 0.0986
  Batch [23000/34966] - Loss: 0.0987
  Batch [23010/34966] - Loss: 0.0987
  Batch [23020/34966] - Loss: 0.0987
  Batch [23030/34966] - Loss: 0.0987
  Batch [23040/34966] - Loss: 0.0987
  Batch [23050/34966] - Loss: 0.0987
  Batch [23060/34966] - Loss: 0.0987
  Batch [23070/34966] - Loss: 0.0987
  Batch [23080/34966] - Loss: 0.0987
  Batch [23090/34966] - Loss: 0.0987
  Batch [23100/34966] - Loss: 0.0987
  Batch [23110/34966] - Loss: 0.0987
  Batch [23120/34966] - Loss: 0.0987
  Batch [23130/34966] - Loss: 0.0987
  Batch [23140/34966] - Loss: 0.0987
  Batch [23150/34966] - Loss: 0.0987
  Batch [23160/34966] - Loss: 0.0987
  Batch [23170/34966] - Loss: 0.0987
  Batch [23180/34966] - Loss: 0.0987
  Batch [23190/34966] - Loss: 0.0987
  Batch [23200/34966] - Loss: 0.0987
  Batch [23210/34966] - Loss: 0.0988
  Batch [23220/34966] - Loss: 0.0988
  Batch [23230/34966] - Loss: 0.0988
  Batch [23240/34966] - Loss: 0.0988
  Batch [23250/34966] - Loss: 0.0988
  Batch [23260/34966] - Loss: 0.0988
  Batch [23270/34966] - Loss: 0.0988
  Batch [23280/34966] - Loss: 0.0988
  Batch [23290/34966] - Loss: 0.0988
  Batch [23300/34966] - Loss: 0.0988
  Batch [23310/34966] - Loss: 0.0987
  Batch [23320/34966] - Loss: 0.0987
  Batch [23330/34966] - Loss: 0.0988
  Batch [23340/34966] - Loss: 0.0987
  Batch [23350/34966] - Loss: 0.0987
  Batch [23360/34966] - Loss: 0.0987
  Batch [23370/34966] - Loss: 0.0987
  Batch [23380/34966] - Loss: 0.0987
  Batch [23390/34966] - Loss: 0.0987
  Batch [23400/34966] - Loss: 0.0987
  Batch [23410/34966] - Loss: 0.0987
  Batch [23420/34966] - Loss: 0.0987
  Batch [23430/34966] - Loss: 0.0987
  Batch [23440/34966] - Loss: 0.0987
  Batch [23450/34966] - Loss: 0.0987
  Batch [23460/34966] - Loss: 0.0987
  Batch [23470/34966] - Loss: 0.0987
  Batch [23480/34966] - Loss: 0.0987
  Batch [23490/34966] - Loss: 0.0987
  Batch [23500/34966] - Loss: 0.0987
  Batch [23510/34966] - Loss: 0.0987
  Batch [23520/34966] - Loss: 0.0987
  Batch [23530/34966] - Loss: 0.0987
  Batch [23540/34966] - Loss: 0.0987
  Batch [23550/34966] - Loss: 0.0987
  Batch [23560/34966] - Loss: 0.0987
  Batch [23570/34966] - Loss: 0.0987
  Batch [23580/34966] - Loss: 0.0987
  Batch [23590/34966] - Loss: 0.0987
  Batch [23600/34966] - Loss: 0.0987
  Batch [23610/34966] - Loss: 0.0987
  Batch [23620/34966] - Loss: 0.0987
  Batch [23630/34966] - Loss: 0.0987
  Batch [23640/34966] - Loss: 0.0987
  Batch [23650/34966] - Loss: 0.0987
  Batch [23660/34966] - Loss: 0.0987
  Batch [23670/34966] - Loss: 0.0987
  Batch [23680/34966] - Loss: 0.0987
  Batch [23690/34966] - Loss: 0.0987
  Batch [23700/34966] - Loss: 0.0987
  Batch [23710/34966] - Loss: 0.0987
  Batch [23720/34966] - Loss: 0.0987
  Batch [23730/34966] - Loss: 0.0987
  Batch [23740/34966] - Loss: 0.0987
  Batch [23750/34966] - Loss: 0.0987
  Batch [23760/34966] - Loss: 0.0987
  Batch [23770/34966] - Loss: 0.0987
  Batch [23780/34966] - Loss: 0.0987
  Batch [23790/34966] - Loss: 0.0987
  Batch [23800/34966] - Loss: 0.0987
  Batch [23810/34966] - Loss: 0.0986
  Batch [23820/34966] - Loss: 0.0986
  Batch [23830/34966] - Loss: 0.0986
  Batch [23840/34966] - Loss: 0.0986
  Batch [23850/34966] - Loss: 0.0986
  Batch [23860/34966] - Loss: 0.0986
  Batch [23870/34966] - Loss: 0.0986
  Batch [23880/34966] - Loss: 0.0986
  Batch [23890/34966] - Loss: 0.0986
  Batch [23900/34966] - Loss: 0.0986
  Batch [23910/34966] - Loss: 0.0987
  Batch [23920/34966] - Loss: 0.0986
  Batch [23930/34966] - Loss: 0.0986
  Batch [23940/34966] - Loss: 0.0986
  Batch [23950/34966] - Loss: 0.0986
  Batch [23960/34966] - Loss: 0.0986
  Batch [23970/34966] - Loss: 0.0986
  Batch [23980/34966] - Loss: 0.0987
  Batch [23990/34966] - Loss: 0.0987
  Batch [24000/34966] - Loss: 0.0986
  Batch [24010/34966] - Loss: 0.0987
  Batch [24020/34966] - Loss: 0.0987
  Batch [24030/34966] - Loss: 0.0987
  Batch [24040/34966] - Loss: 0.0987
  Batch [24050/34966] - Loss: 0.0987
  Batch [24060/34966] - Loss: 0.0987
  Batch [24070/34966] - Loss: 0.0987
  Batch [24080/34966] - Loss: 0.0987
  Batch [24090/34966] - Loss: 0.0987
  Batch [24100/34966] - Loss: 0.0987
  Batch [24110/34966] - Loss: 0.0987
  Batch [24120/34966] - Loss: 0.0986
  Batch [24130/34966] - Loss: 0.0986
  Batch [24140/34966] - Loss: 0.0986
  Batch [24150/34966] - Loss: 0.0986
  Batch [24160/34966] - Loss: 0.0986
  Batch [24170/34966] - Loss: 0.0986
  Batch [24180/34966] - Loss: 0.0986
  Batch [24190/34966] - Loss: 0.0986
  Batch [24200/34966] - Loss: 0.0986
  Batch [24210/34966] - Loss: 0.0986
  Batch [24220/34966] - Loss: 0.0986
  Batch [24230/34966] - Loss: 0.0986
  Batch [24240/34966] - Loss: 0.0986
  Batch [24250/34966] - Loss: 0.0986
  Batch [24260/34966] - Loss: 0.0986
  Batch [24270/34966] - Loss: 0.0986
  Batch [24280/34966] - Loss: 0.0986
  Batch [24290/34966] - Loss: 0.0986
  Batch [24300/34966] - Loss: 0.0986
  Batch [24310/34966] - Loss: 0.0986
  Batch [24320/34966] - Loss: 0.0986
  Batch [24330/34966] - Loss: 0.0986
  Batch [24340/34966] - Loss: 0.0986
  Batch [24350/34966] - Loss: 0.0986
  Batch [24360/34966] - Loss: 0.0986
  Batch [24370/34966] - Loss: 0.0986
  Batch [24380/34966] - Loss: 0.0986
  Batch [24390/34966] - Loss: 0.0985
  Batch [24400/34966] - Loss: 0.0986
  Batch [24410/34966] - Loss: 0.0986
  Batch [24420/34966] - Loss: 0.0986
  Batch [24430/34966] - Loss: 0.0986
  Batch [24440/34966] - Loss: 0.0986
  Batch [24450/34966] - Loss: 0.0986
  Batch [24460/34966] - Loss: 0.0986
  Batch [24470/34966] - Loss: 0.0986
  Batch [24480/34966] - Loss: 0.0986
  Batch [24490/34966] - Loss: 0.0986
  Batch [24500/34966] - Loss: 0.0986
  Batch [24510/34966] - Loss: 0.0986
  Batch [24520/34966] - Loss: 0.0986
  Batch [24530/34966] - Loss: 0.0986
  Batch [24540/34966] - Loss: 0.0986
  Batch [24550/34966] - Loss: 0.0986
  Batch [24560/34966] - Loss: 0.0986
  Batch [24570/34966] - Loss: 0.0986
  Batch [24580/34966] - Loss: 0.0986
  Batch [24590/34966] - Loss: 0.0986
  Batch [24600/34966] - Loss: 0.0986
  Batch [24610/34966] - Loss: 0.0986
  Batch [24620/34966] - Loss: 0.0986
  Batch [24630/34966] - Loss: 0.0986
  Batch [24640/34966] - Loss: 0.0986
  Batch [24650/34966] - Loss: 0.0986
  Batch [24660/34966] - Loss: 0.0986
  Batch [24670/34966] - Loss: 0.0986
  Batch [24680/34966] - Loss: 0.0986
  Batch [24690/34966] - Loss: 0.0986
  Batch [24700/34966] - Loss: 0.0986
  Batch [24710/34966] - Loss: 0.0986
  Batch [24720/34966] - Loss: 0.0986
  Batch [24730/34966] - Loss: 0.0986
  Batch [24740/34966] - Loss: 0.0986
  Batch [24750/34966] - Loss: 0.0987
  Batch [24760/34966] - Loss: 0.0987
  Batch [24770/34966] - Loss: 0.0987
  Batch [24780/34966] - Loss: 0.0987
  Batch [24790/34966] - Loss: 0.0987
  Batch [24800/34966] - Loss: 0.0987
  Batch [24810/34966] - Loss: 0.0987
  Batch [24820/34966] - Loss: 0.0987
  Batch [24830/34966] - Loss: 0.0987
  Batch [24840/34966] - Loss: 0.0987
  Batch [24850/34966] - Loss: 0.0987
  Batch [24860/34966] - Loss: 0.0987
  Batch [24870/34966] - Loss: 0.0987
  Batch [24880/34966] - Loss: 0.0987
  Batch [24890/34966] - Loss: 0.0987
  Batch [24900/34966] - Loss: 0.0987
  Batch [24910/34966] - Loss: 0.0987
  Batch [24920/34966] - Loss: 0.0987
  Batch [24930/34966] - Loss: 0.0987
  Batch [24940/34966] - Loss: 0.0987
  Batch [24950/34966] - Loss: 0.0987
  Batch [24960/34966] - Loss: 0.0987
  Batch [24970/34966] - Loss: 0.0987
  Batch [24980/34966] - Loss: 0.0987
  Batch [24990/34966] - Loss: 0.0986
  Batch [25000/34966] - Loss: 0.0987
  Batch [25010/34966] - Loss: 0.0986
  Batch [25020/34966] - Loss: 0.0986
  Batch [25030/34966] - Loss: 0.0986
  Batch [25040/34966] - Loss: 0.0986
  Batch [25050/34966] - Loss: 0.0986
  Batch [25060/34966] - Loss: 0.0987
  Batch [25070/34966] - Loss: 0.0987
  Batch [25080/34966] - Loss: 0.0986
  Batch [25090/34966] - Loss: 0.0986
  Batch [25100/34966] - Loss: 0.0986
  Batch [25110/34966] - Loss: 0.0986
  Batch [25120/34966] - Loss: 0.0986
  Batch [25130/34966] - Loss: 0.0986
  Batch [25140/34966] - Loss: 0.0986
  Batch [25150/34966] - Loss: 0.0986
  Batch [25160/34966] - Loss: 0.0986
  Batch [25170/34966] - Loss: 0.0986
  Batch [25180/34966] - Loss: 0.0986
  Batch [25190/34966] - Loss: 0.0986
  Batch [25200/34966] - Loss: 0.0986
  Batch [25210/34966] - Loss: 0.0986
  Batch [25220/34966] - Loss: 0.0986
  Batch [25230/34966] - Loss: 0.0986
  Batch [25240/34966] - Loss: 0.0986
  Batch [25250/34966] - Loss: 0.0986
  Batch [25260/34966] - Loss: 0.0986
  Batch [25270/34966] - Loss: 0.0986
  Batch [25280/34966] - Loss: 0.0986
  Batch [25290/34966] - Loss: 0.0986
  Batch [25300/34966] - Loss: 0.0986
  Batch [25310/34966] - Loss: 0.0986
  Batch [25320/34966] - Loss: 0.0986
  Batch [25330/34966] - Loss: 0.0986
  Batch [25340/34966] - Loss: 0.0986
  Batch [25350/34966] - Loss: 0.0986
  Batch [25360/34966] - Loss: 0.0986
  Batch [25370/34966] - Loss: 0.0986
  Batch [25380/34966] - Loss: 0.0986
  Batch [25390/34966] - Loss: 0.0986
  Batch [25400/34966] - Loss: 0.0986
  Batch [25410/34966] - Loss: 0.0986
  Batch [25420/34966] - Loss: 0.0986
  Batch [25430/34966] - Loss: 0.0986
  Batch [25440/34966] - Loss: 0.0986
  Batch [25450/34966] - Loss: 0.0986
  Batch [25460/34966] - Loss: 0.0986
  Batch [25470/34966] - Loss: 0.0986
  Batch [25480/34966] - Loss: 0.0986
  Batch [25490/34966] - Loss: 0.0986
  Batch [25500/34966] - Loss: 0.0986
  Batch [25510/34966] - Loss: 0.0986
  Batch [25520/34966] - Loss: 0.0986
  Batch [25530/34966] - Loss: 0.0985
  Batch [25540/34966] - Loss: 0.0986
  Batch [25550/34966] - Loss: 0.0986
  Batch [25560/34966] - Loss: 0.0986
  Batch [25570/34966] - Loss: 0.0986
  Batch [25580/34966] - Loss: 0.0986
  Batch [25590/34966] - Loss: 0.0986
  Batch [25600/34966] - Loss: 0.0986
  Batch [25610/34966] - Loss: 0.0986
  Batch [25620/34966] - Loss: 0.0986
  Batch [25630/34966] - Loss: 0.0986
  Batch [25640/34966] - Loss: 0.0986
  Batch [25650/34966] - Loss: 0.0986
  Batch [25660/34966] - Loss: 0.0986
  Batch [25670/34966] - Loss: 0.0986
  Batch [25680/34966] - Loss: 0.0986
  Batch [25690/34966] - Loss: 0.0986
  Batch [25700/34966] - Loss: 0.0986
  Batch [25710/34966] - Loss: 0.0986
  Batch [25720/34966] - Loss: 0.0986
  Batch [25730/34966] - Loss: 0.0986
  Batch [25740/34966] - Loss: 0.0986
  Batch [25750/34966] - Loss: 0.0986
  Batch [25760/34966] - Loss: 0.0986
  Batch [25770/34966] - Loss: 0.0986
  Batch [25780/34966] - Loss: 0.0986
  Batch [25790/34966] - Loss: 0.0986
  Batch [25800/34966] - Loss: 0.0986
  Batch [25810/34966] - Loss: 0.0986
  Batch [25820/34966] - Loss: 0.0986
  Batch [25830/34966] - Loss: 0.0986
  Batch [25840/34966] - Loss: 0.0986
  Batch [25850/34966] - Loss: 0.0986
  Batch [25860/34966] - Loss: 0.0986
  Batch [25870/34966] - Loss: 0.0986
  Batch [25880/34966] - Loss: 0.0986
  Batch [25890/34966] - Loss: 0.0986
  Batch [25900/34966] - Loss: 0.0986
  Batch [25910/34966] - Loss: 0.0986
  Batch [25920/34966] - Loss: 0.0986
  Batch [25930/34966] - Loss: 0.0986
  Batch [25940/34966] - Loss: 0.0986
  Batch [25950/34966] - Loss: 0.0986
  Batch [25960/34966] - Loss: 0.0985
  Batch [25970/34966] - Loss: 0.0985
  Batch [25980/34966] - Loss: 0.0985
  Batch [25990/34966] - Loss: 0.0985
  Batch [26000/34966] - Loss: 0.0985
  Batch [26010/34966] - Loss: 0.0986
  Batch [26020/34966] - Loss: 0.0986
  Batch [26030/34966] - Loss: 0.0986
  Batch [26040/34966] - Loss: 0.0986
  Batch [26050/34966] - Loss: 0.0986
  Batch [26060/34966] - Loss: 0.0986
  Batch [26070/34966] - Loss: 0.0986
  Batch [26080/34966] - Loss: 0.0986
  Batch [26090/34966] - Loss: 0.0986
  Batch [26100/34966] - Loss: 0.0985
  Batch [26110/34966] - Loss: 0.0985
  Batch [26120/34966] - Loss: 0.0985
  Batch [26130/34966] - Loss: 0.0986
  Batch [26140/34966] - Loss: 0.0986
  Batch [26150/34966] - Loss: 0.0986
  Batch [26160/34966] - Loss: 0.0986
  Batch [26170/34966] - Loss: 0.0986
  Batch [26180/34966] - Loss: 0.0986
  Batch [26190/34966] - Loss: 0.0986
  Batch [26200/34966] - Loss: 0.0986
  Batch [26210/34966] - Loss: 0.0986
  Batch [26220/34966] - Loss: 0.0986
  Batch [26230/34966] - Loss: 0.0986
  Batch [26240/34966] - Loss: 0.0986
  Batch [26250/34966] - Loss: 0.0986
  Batch [26260/34966] - Loss: 0.0986
  Batch [26270/34966] - Loss: 0.0986
  Batch [26280/34966] - Loss: 0.0986
  Batch [26290/34966] - Loss: 0.0986
  Batch [26300/34966] - Loss: 0.0986
  Batch [26310/34966] - Loss: 0.0986
  Batch [26320/34966] - Loss: 0.0986
  Batch [26330/34966] - Loss: 0.0986
  Batch [26340/34966] - Loss: 0.0986
  Batch [26350/34966] - Loss: 0.0986
  Batch [26360/34966] - Loss: 0.0986
  Batch [26370/34966] - Loss: 0.0986
  Batch [26380/34966] - Loss: 0.0986
  Batch [26390/34966] - Loss: 0.0986
  Batch [26400/34966] - Loss: 0.0986
  Batch [26410/34966] - Loss: 0.0986
  Batch [26420/34966] - Loss: 0.0986
  Batch [26430/34966] - Loss: 0.0986
  Batch [26440/34966] - Loss: 0.0986
  Batch [26450/34966] - Loss: 0.0986
  Batch [26460/34966] - Loss: 0.0986
  Batch [26470/34966] - Loss: 0.0986
  Batch [26480/34966] - Loss: 0.0986
  Batch [26490/34966] - Loss: 0.0986
  Batch [26500/34966] - Loss: 0.0986
  Batch [26510/34966] - Loss: 0.0986
  Batch [26520/34966] - Loss: 0.0986
  Batch [26530/34966] - Loss: 0.0986
  Batch [26540/34966] - Loss: 0.0986
  Batch [26550/34966] - Loss: 0.0986
  Batch [26560/34966] - Loss: 0.0986
  Batch [26570/34966] - Loss: 0.0986
  Batch [26580/34966] - Loss: 0.0986
  Batch [26590/34966] - Loss: 0.0986
  Batch [26600/34966] - Loss: 0.0986
  Batch [26610/34966] - Loss: 0.0986
  Batch [26620/34966] - Loss: 0.0986
  Batch [26630/34966] - Loss: 0.0986
  Batch [26640/34966] - Loss: 0.0986
  Batch [26650/34966] - Loss: 0.0986
  Batch [26660/34966] - Loss: 0.0986
  Batch [26670/34966] - Loss: 0.0986
  Batch [26680/34966] - Loss: 0.0986
  Batch [26690/34966] - Loss: 0.0986
  Batch [26700/34966] - Loss: 0.0986
  Batch [26710/34966] - Loss: 0.0986
  Batch [26720/34966] - Loss: 0.0986
  Batch [26730/34966] - Loss: 0.0986
  Batch [26740/34966] - Loss: 0.0986
  Batch [26750/34966] - Loss: 0.0986
  Batch [26760/34966] - Loss: 0.0986
  Batch [26770/34966] - Loss: 0.0986
  Batch [26780/34966] - Loss: 0.0986
  Batch [26790/34966] - Loss: 0.0986
  Batch [26800/34966] - Loss: 0.0986
  Batch [26810/34966] - Loss: 0.0986
  Batch [26820/34966] - Loss: 0.0986
  Batch [26830/34966] - Loss: 0.0986
  Batch [26840/34966] - Loss: 0.0986
  Batch [26850/34966] - Loss: 0.0986
  Batch [26860/34966] - Loss: 0.0986
  Batch [26870/34966] - Loss: 0.0986
  Batch [26880/34966] - Loss: 0.0986
  Batch [26890/34966] - Loss: 0.0986
  Batch [26900/34966] - Loss: 0.0986
  Batch [26910/34966] - Loss: 0.0986
  Batch [26920/34966] - Loss: 0.0985
  Batch [26930/34966] - Loss: 0.0986
  Batch [26940/34966] - Loss: 0.0986
  Batch [26950/34966] - Loss: 0.0986
  Batch [26960/34966] - Loss: 0.0986
  Batch [26970/34966] - Loss: 0.0986
  Batch [26980/34966] - Loss: 0.0986
  Batch [26990/34966] - Loss: 0.0986
  Batch [27000/34966] - Loss: 0.0986
  Batch [27010/34966] - Loss: 0.0986
  Batch [27020/34966] - Loss: 0.0986
  Batch [27030/34966] - Loss: 0.0986
  Batch [27040/34966] - Loss: 0.0986
  Batch [27050/34966] - Loss: 0.0986
  Batch [27060/34966] - Loss: 0.0986
  Batch [27070/34966] - Loss: 0.0986
  Batch [27080/34966] - Loss: 0.0986
  Batch [27090/34966] - Loss: 0.0986
  Batch [27100/34966] - Loss: 0.0986
  Batch [27110/34966] - Loss: 0.0985
  Batch [27120/34966] - Loss: 0.0985
  Batch [27130/34966] - Loss: 0.0986
  Batch [27140/34966] - Loss: 0.0986
  Batch [27150/34966] - Loss: 0.0986
  Batch [27160/34966] - Loss: 0.0986
  Batch [27170/34966] - Loss: 0.0986
  Batch [27180/34966] - Loss: 0.0986
  Batch [27190/34966] - Loss: 0.0986
  Batch [27200/34966] - Loss: 0.0986
  Batch [27210/34966] - Loss: 0.0986
  Batch [27220/34966] - Loss: 0.0986
  Batch [27230/34966] - Loss: 0.0986
  Batch [27240/34966] - Loss: 0.0986
  Batch [27250/34966] - Loss: 0.0986
  Batch [27260/34966] - Loss: 0.0986
  Batch [27270/34966] - Loss: 0.0986
  Batch [27280/34966] - Loss: 0.0986
  Batch [27290/34966] - Loss: 0.0986
  Batch [27300/34966] - Loss: 0.0986
  Batch [27310/34966] - Loss: 0.0986
  Batch [27320/34966] - Loss: 0.0986
  Batch [27330/34966] - Loss: 0.0986
  Batch [27340/34966] - Loss: 0.0986
  Batch [27350/34966] - Loss: 0.0986
  Batch [27360/34966] - Loss: 0.0986
  Batch [27370/34966] - Loss: 0.0986
  Batch [27380/34966] - Loss: 0.0986
  Batch [27390/34966] - Loss: 0.0986
  Batch [27400/34966] - Loss: 0.0986
  Batch [27410/34966] - Loss: 0.0986
  Batch [27420/34966] - Loss: 0.0986
  Batch [27430/34966] - Loss: 0.0986
  Batch [27440/34966] - Loss: 0.0986
  Batch [27450/34966] - Loss: 0.0986
  Batch [27460/34966] - Loss: 0.0986
  Batch [27470/34966] - Loss: 0.0986
  Batch [27480/34966] - Loss: 0.0986
  Batch [27490/34966] - Loss: 0.0986
  Batch [27500/34966] - Loss: 0.0986
  Batch [27510/34966] - Loss: 0.0986
  Batch [27520/34966] - Loss: 0.0986
  Batch [27530/34966] - Loss: 0.0986
  Batch [27540/34966] - Loss: 0.0986
  Batch [27550/34966] - Loss: 0.0986
  Batch [27560/34966] - Loss: 0.0986
  Batch [27570/34966] - Loss: 0.0986
  Batch [27580/34966] - Loss: 0.0986
  Batch [27590/34966] - Loss: 0.0986
  Batch [27600/34966] - Loss: 0.0986
  Batch [27610/34966] - Loss: 0.0986
  Batch [27620/34966] - Loss: 0.0986
  Batch [27630/34966] - Loss: 0.0986
  Batch [27640/34966] - Loss: 0.0986
  Batch [27650/34966] - Loss: 0.0986
  Batch [27660/34966] - Loss: 0.0986
  Batch [27670/34966] - Loss: 0.0986
  Batch [27680/34966] - Loss: 0.0986
  Batch [27690/34966] - Loss: 0.0986
  Batch [27700/34966] - Loss: 0.0986
  Batch [27710/34966] - Loss: 0.0986
  Batch [27720/34966] - Loss: 0.0986
  Batch [27730/34966] - Loss: 0.0986
  Batch [27740/34966] - Loss: 0.0986
  Batch [27750/34966] - Loss: 0.0986
  Batch [27760/34966] - Loss: 0.0986
  Batch [27770/34966] - Loss: 0.0986
  Batch [27780/34966] - Loss: 0.0986
  Batch [27790/34966] - Loss: 0.0986
  Batch [27800/34966] - Loss: 0.0986
  Batch [27810/34966] - Loss: 0.0986
  Batch [27820/34966] - Loss: 0.0986
  Batch [27830/34966] - Loss: 0.0986
  Batch [27840/34966] - Loss: 0.0986
  Batch [27850/34966] - Loss: 0.0986
  Batch [27860/34966] - Loss: 0.0986
  Batch [27870/34966] - Loss: 0.0986
  Batch [27880/34966] - Loss: 0.0986
  Batch [27890/34966] - Loss: 0.0986
  Batch [27900/34966] - Loss: 0.0986
  Batch [27910/34966] - Loss: 0.0986
  Batch [27920/34966] - Loss: 0.0986
  Batch [27930/34966] - Loss: 0.0986
  Batch [27940/34966] - Loss: 0.0986
  Batch [27950/34966] - Loss: 0.0986
  Batch [27960/34966] - Loss: 0.0986
  Batch [27970/34966] - Loss: 0.0986
  Batch [27980/34966] - Loss: 0.0986
  Batch [27990/34966] - Loss: 0.0986
  Batch [28000/34966] - Loss: 0.0986
  Batch [28010/34966] - Loss: 0.0986
  Batch [28020/34966] - Loss: 0.0986
  Batch [28030/34966] - Loss: 0.0986
  Batch [28040/34966] - Loss: 0.0986
  Batch [28050/34966] - Loss: 0.0986
  Batch [28060/34966] - Loss: 0.0986
  Batch [28070/34966] - Loss: 0.0986
  Batch [28080/34966] - Loss: 0.0986
  Batch [28090/34966] - Loss: 0.0986
  Batch [28100/34966] - Loss: 0.0986
  Batch [28110/34966] - Loss: 0.0986
  Batch [28120/34966] - Loss: 0.0986
  Batch [28130/34966] - Loss: 0.0986
  Batch [28140/34966] - Loss: 0.0986
  Batch [28150/34966] - Loss: 0.0986
  Batch [28160/34966] - Loss: 0.0986
  Batch [28170/34966] - Loss: 0.0986
  Batch [28180/34966] - Loss: 0.0986
  Batch [28190/34966] - Loss: 0.0986
  Batch [28200/34966] - Loss: 0.0986
  Batch [28210/34966] - Loss: 0.0986
  Batch [28220/34966] - Loss: 0.0986
  Batch [28230/34966] - Loss: 0.0986
  Batch [28240/34966] - Loss: 0.0986
  Batch [28250/34966] - Loss: 0.0986
  Batch [28260/34966] - Loss: 0.0987
  Batch [28270/34966] - Loss: 0.0987
  Batch [28280/34966] - Loss: 0.0987
  Batch [28290/34966] - Loss: 0.0987
  Batch [28300/34966] - Loss: 0.0987
  Batch [28310/34966] - Loss: 0.0987
  Batch [28320/34966] - Loss: 0.0987
  Batch [28330/34966] - Loss: 0.0987
  Batch [28340/34966] - Loss: 0.0987
  Batch [28350/34966] - Loss: 0.0987
  Batch [28360/34966] - Loss: 0.0987
  Batch [28370/34966] - Loss: 0.0987
  Batch [28380/34966] - Loss: 0.0987
  Batch [28390/34966] - Loss: 0.0987
  Batch [28400/34966] - Loss: 0.0987
  Batch [28410/34966] - Loss: 0.0987
  Batch [28420/34966] - Loss: 0.0987
  Batch [28430/34966] - Loss: 0.0987
  Batch [28440/34966] - Loss: 0.0987
  Batch [28450/34966] - Loss: 0.0987
  Batch [28460/34966] - Loss: 0.0987
  Batch [28470/34966] - Loss: 0.0987
  Batch [28480/34966] - Loss: 0.0987
  Batch [28490/34966] - Loss: 0.0987
  Batch [28500/34966] - Loss: 0.0987
  Batch [28510/34966] - Loss: 0.0987
  Batch [28520/34966] - Loss: 0.0987
  Batch [28530/34966] - Loss: 0.0987
  Batch [28540/34966] - Loss: 0.0987
  Batch [28550/34966] - Loss: 0.0987
  Batch [28560/34966] - Loss: 0.0987
  Batch [28570/34966] - Loss: 0.0986
  Batch [28580/34966] - Loss: 0.0986
  Batch [28590/34966] - Loss: 0.0986
  Batch [28600/34966] - Loss: 0.0986
  Batch [28610/34966] - Loss: 0.0986
  Batch [28620/34966] - Loss: 0.0986
  Batch [28630/34966] - Loss: 0.0986
  Batch [28640/34966] - Loss: 0.0986
  Batch [28650/34966] - Loss: 0.0986
  Batch [28660/34966] - Loss: 0.0986
  Batch [28670/34966] - Loss: 0.0986
  Batch [28680/34966] - Loss: 0.0986
  Batch [28690/34966] - Loss: 0.0986
  Batch [28700/34966] - Loss: 0.0986
  Batch [28710/34966] - Loss: 0.0986
  Batch [28720/34966] - Loss: 0.0986
  Batch [28730/34966] - Loss: 0.0986
  Batch [28740/34966] - Loss: 0.0986
  Batch [28750/34966] - Loss: 0.0986
  Batch [28760/34966] - Loss: 0.0986
  Batch [28770/34966] - Loss: 0.0987
  Batch [28780/34966] - Loss: 0.0986
  Batch [28790/34966] - Loss: 0.0986
  Batch [28800/34966] - Loss: 0.0986
  Batch [28810/34966] - Loss: 0.0986
  Batch [28820/34966] - Loss: 0.0986
  Batch [28830/34966] - Loss: 0.0986
  Batch [28840/34966] - Loss: 0.0986
  Batch [28850/34966] - Loss: 0.0986
  Batch [28860/34966] - Loss: 0.0986
  Batch [28870/34966] - Loss: 0.0986
  Batch [28880/34966] - Loss: 0.0986
  Batch [28890/34966] - Loss: 0.0986
  Batch [28900/34966] - Loss: 0.0986
  Batch [28910/34966] - Loss: 0.0986
  Batch [28920/34966] - Loss: 0.0986
  Batch [28930/34966] - Loss: 0.0986
  Batch [28940/34966] - Loss: 0.0986
  Batch [28950/34966] - Loss: 0.0986
  Batch [28960/34966] - Loss: 0.0986
  Batch [28970/34966] - Loss: 0.0987
  Batch [28980/34966] - Loss: 0.0987
  Batch [28990/34966] - Loss: 0.0987
  Batch [29000/34966] - Loss: 0.0986
  Batch [29010/34966] - Loss: 0.0986
  Batch [29020/34966] - Loss: 0.0986
  Batch [29030/34966] - Loss: 0.0986
  Batch [29040/34966] - Loss: 0.0986
  Batch [29050/34966] - Loss: 0.0986
  Batch [29060/34966] - Loss: 0.0986
  Batch [29070/34966] - Loss: 0.0986
  Batch [29080/34966] - Loss: 0.0986
  Batch [29090/34966] - Loss: 0.0986
  Batch [29100/34966] - Loss: 0.0986
  Batch [29110/34966] - Loss: 0.0986
  Batch [29120/34966] - Loss: 0.0986
  Batch [29130/34966] - Loss: 0.0986
  Batch [29140/34966] - Loss: 0.0987
  Batch [29150/34966] - Loss: 0.0987
  Batch [29160/34966] - Loss: 0.0987
  Batch [29170/34966] - Loss: 0.0987
  Batch [29180/34966] - Loss: 0.0987
  Batch [29190/34966] - Loss: 0.0987
  Batch [29200/34966] - Loss: 0.0987
  Batch [29210/34966] - Loss: 0.0987
  Batch [29220/34966] - Loss: 0.0987
  Batch [29230/34966] - Loss: 0.0987
  Batch [29240/34966] - Loss: 0.0987
  Batch [29250/34966] - Loss: 0.0987
  Batch [29260/34966] - Loss: 0.0987
  Batch [29270/34966] - Loss: 0.0987
  Batch [29280/34966] - Loss: 0.0987
  Batch [29290/34966] - Loss: 0.0987
  Batch [29300/34966] - Loss: 0.0987
  Batch [29310/34966] - Loss: 0.0987
  Batch [29320/34966] - Loss: 0.0987
  Batch [29330/34966] - Loss: 0.0987
  Batch [29340/34966] - Loss: 0.0987
  Batch [29350/34966] - Loss: 0.0987
  Batch [29360/34966] - Loss: 0.0987
  Batch [29370/34966] - Loss: 0.0987
  Batch [29380/34966] - Loss: 0.0987
  Batch [29390/34966] - Loss: 0.0987
  Batch [29400/34966] - Loss: 0.0987
  Batch [29410/34966] - Loss: 0.0987
  Batch [29420/34966] - Loss: 0.0987
  Batch [29430/34966] - Loss: 0.0987
  Batch [29440/34966] - Loss: 0.0987
  Batch [29450/34966] - Loss: 0.0987
  Batch [29460/34966] - Loss: 0.0987
  Batch [29470/34966] - Loss: 0.0987
  Batch [29480/34966] - Loss: 0.0987
  Batch [29490/34966] - Loss: 0.0987
  Batch [29500/34966] - Loss: 0.0987
  Batch [29510/34966] - Loss: 0.0987
  Batch [29520/34966] - Loss: 0.0987
  Batch [29530/34966] - Loss: 0.0987
  Batch [29540/34966] - Loss: 0.0987
  Batch [29550/34966] - Loss: 0.0987
  Batch [29560/34966] - Loss: 0.0987
  Batch [29570/34966] - Loss: 0.0987
  Batch [29580/34966] - Loss: 0.0987
  Batch [29590/34966] - Loss: 0.0987
  Batch [29600/34966] - Loss: 0.0987
  Batch [29610/34966] - Loss: 0.0987
  Batch [29620/34966] - Loss: 0.0987
  Batch [29630/34966] - Loss: 0.0987
  Batch [29640/34966] - Loss: 0.0987
  Batch [29650/34966] - Loss: 0.0987
  Batch [29660/34966] - Loss: 0.0987
  Batch [29670/34966] - Loss: 0.0987
  Batch [29680/34966] - Loss: 0.0987
  Batch [29690/34966] - Loss: 0.0987
  Batch [29700/34966] - Loss: 0.0987
  Batch [29710/34966] - Loss: 0.0987
  Batch [29720/34966] - Loss: 0.0987
  Batch [29730/34966] - Loss: 0.0987
  Batch [29740/34966] - Loss: 0.0987
  Batch [29750/34966] - Loss: 0.0987
  Batch [29760/34966] - Loss: 0.0987
  Batch [29770/34966] - Loss: 0.0987
  Batch [29780/34966] - Loss: 0.0987
  Batch [29790/34966] - Loss: 0.0987
  Batch [29800/34966] - Loss: 0.0987
  Batch [29810/34966] - Loss: 0.0987
  Batch [29820/34966] - Loss: 0.0987
  Batch [29830/34966] - Loss: 0.0987
  Batch [29840/34966] - Loss: 0.0987
  Batch [29850/34966] - Loss: 0.0987
  Batch [29860/34966] - Loss: 0.0987
  Batch [29870/34966] - Loss: 0.0987
  Batch [29880/34966] - Loss: 0.0987
  Batch [29890/34966] - Loss: 0.0987
  Batch [29900/34966] - Loss: 0.0987
  Batch [29910/34966] - Loss: 0.0987
  Batch [29920/34966] - Loss: 0.0987
  Batch [29930/34966] - Loss: 0.0987
  Batch [29940/34966] - Loss: 0.0987
  Batch [29950/34966] - Loss: 0.0987
  Batch [29960/34966] - Loss: 0.0987
  Batch [29970/34966] - Loss: 0.0987
  Batch [29980/34966] - Loss: 0.0987
  Batch [29990/34966] - Loss: 0.0987
  Batch [30000/34966] - Loss: 0.0987
  Batch [30010/34966] - Loss: 0.0987
  Batch [30020/34966] - Loss: 0.0987
  Batch [30030/34966] - Loss: 0.0987
  Batch [30040/34966] - Loss: 0.0987
  Batch [30050/34966] - Loss: 0.0987
  Batch [30060/34966] - Loss: 0.0987
  Batch [30070/34966] - Loss: 0.0987
  Batch [30080/34966] - Loss: 0.0987
  Batch [30090/34966] - Loss: 0.0987
  Batch [30100/34966] - Loss: 0.0987
  Batch [30110/34966] - Loss: 0.0987
  Batch [30120/34966] - Loss: 0.0987
  Batch [30130/34966] - Loss: 0.0987
  Batch [30140/34966] - Loss: 0.0987
  Batch [30150/34966] - Loss: 0.0987
  Batch [30160/34966] - Loss: 0.0987
  Batch [30170/34966] - Loss: 0.0987
  Batch [30180/34966] - Loss: 0.0987
  Batch [30190/34966] - Loss: 0.0987
  Batch [30200/34966] - Loss: 0.0987
  Batch [30210/34966] - Loss: 0.0987
  Batch [30220/34966] - Loss: 0.0987
  Batch [30230/34966] - Loss: 0.0987
  Batch [30240/34966] - Loss: 0.0987
  Batch [30250/34966] - Loss: 0.0987
  Batch [30260/34966] - Loss: 0.0987
  Batch [30270/34966] - Loss: 0.0987
  Batch [30280/34966] - Loss: 0.0987
  Batch [30290/34966] - Loss: 0.0987
  Batch [30300/34966] - Loss: 0.0987
  Batch [30310/34966] - Loss: 0.0987
  Batch [30320/34966] - Loss: 0.0987
  Batch [30330/34966] - Loss: 0.0987
  Batch [30340/34966] - Loss: 0.0987
  Batch [30350/34966] - Loss: 0.0987
  Batch [30360/34966] - Loss: 0.0987
  Batch [30370/34966] - Loss: 0.0987
  Batch [30380/34966] - Loss: 0.0987
  Batch [30390/34966] - Loss: 0.0987
  Batch [30400/34966] - Loss: 0.0987
  Batch [30410/34966] - Loss: 0.0987
  Batch [30420/34966] - Loss: 0.0987
  Batch [30430/34966] - Loss: 0.0987
  Batch [30440/34966] - Loss: 0.0987
  Batch [30450/34966] - Loss: 0.0987
  Batch [30460/34966] - Loss: 0.0987
  Batch [30470/34966] - Loss: 0.0987
  Batch [30480/34966] - Loss: 0.0987
  Batch [30490/34966] - Loss: 0.0987
  Batch [30500/34966] - Loss: 0.0987
  Batch [30510/34966] - Loss: 0.0987
  Batch [30520/34966] - Loss: 0.0987
  Batch [30530/34966] - Loss: 0.0987
  Batch [30540/34966] - Loss: 0.0987
  Batch [30550/34966] - Loss: 0.0987
  Batch [30560/34966] - Loss: 0.0987
  Batch [30570/34966] - Loss: 0.0987
  Batch [30580/34966] - Loss: 0.0987
  Batch [30590/34966] - Loss: 0.0987
  Batch [30600/34966] - Loss: 0.0987
  Batch [30610/34966] - Loss: 0.0987
  Batch [30620/34966] - Loss: 0.0987
  Batch [30630/34966] - Loss: 0.0987
  Batch [30640/34966] - Loss: 0.0987
  Batch [30650/34966] - Loss: 0.0987
  Batch [30660/34966] - Loss: 0.0987
  Batch [30670/34966] - Loss: 0.0987
  Batch [30680/34966] - Loss: 0.0987
  Batch [30690/34966] - Loss: 0.0987
  Batch [30700/34966] - Loss: 0.0987
  Batch [30710/34966] - Loss: 0.0987
  Batch [30720/34966] - Loss: 0.0987
  Batch [30730/34966] - Loss: 0.0987
  Batch [30740/34966] - Loss: 0.0987
  Batch [30750/34966] - Loss: 0.0987
  Batch [30760/34966] - Loss: 0.0987
  Batch [30770/34966] - Loss: 0.0987
  Batch [30780/34966] - Loss: 0.0987
  Batch [30790/34966] - Loss: 0.0987
  Batch [30800/34966] - Loss: 0.0987
  Batch [30810/34966] - Loss: 0.0987
  Batch [30820/34966] - Loss: 0.0987
  Batch [30830/34966] - Loss: 0.0987
  Batch [30840/34966] - Loss: 0.0987
  Batch [30850/34966] - Loss: 0.0987
  Batch [30860/34966] - Loss: 0.0987
  Batch [30870/34966] - Loss: 0.0987
  Batch [30880/34966] - Loss: 0.0987
  Batch [30890/34966] - Loss: 0.0987
  Batch [30900/34966] - Loss: 0.0987
  Batch [30910/34966] - Loss: 0.0987
  Batch [30920/34966] - Loss: 0.0987
  Batch [30930/34966] - Loss: 0.0987
  Batch [30940/34966] - Loss: 0.0987
  Batch [30950/34966] - Loss: 0.0987
  Batch [30960/34966] - Loss: 0.0987
  Batch [30970/34966] - Loss: 0.0987
  Batch [30980/34966] - Loss: 0.0987
  Batch [30990/34966] - Loss: 0.0987
  Batch [31000/34966] - Loss: 0.0987
  Batch [31010/34966] - Loss: 0.0987
  Batch [31020/34966] - Loss: 0.0987
  Batch [31030/34966] - Loss: 0.0987
  Batch [31040/34966] - Loss: 0.0987
  Batch [31050/34966] - Loss: 0.0987
  Batch [31060/34966] - Loss: 0.0987
  Batch [31070/34966] - Loss: 0.0987
  Batch [31080/34966] - Loss: 0.0987
  Batch [31090/34966] - Loss: 0.0987
  Batch [31100/34966] - Loss: 0.0987
  Batch [31110/34966] - Loss: 0.0987
  Batch [31120/34966] - Loss: 0.0987
  Batch [31130/34966] - Loss: 0.0987
  Batch [31140/34966] - Loss: 0.0987
  Batch [31150/34966] - Loss: 0.0987
  Batch [31160/34966] - Loss: 0.0987
  Batch [31170/34966] - Loss: 0.0987
  Batch [31180/34966] - Loss: 0.0987
  Batch [31190/34966] - Loss: 0.0987
  Batch [31200/34966] - Loss: 0.0987
  Batch [31210/34966] - Loss: 0.0987
  Batch [31220/34966] - Loss: 0.0987
  Batch [31230/34966] - Loss: 0.0987
  Batch [31240/34966] - Loss: 0.0987
  Batch [31250/34966] - Loss: 0.0987
  Batch [31260/34966] - Loss: 0.0987
  Batch [31270/34966] - Loss: 0.0987
  Batch [31280/34966] - Loss: 0.0987
  Batch [31290/34966] - Loss: 0.0987
  Batch [31300/34966] - Loss: 0.0987
  Batch [31310/34966] - Loss: 0.0987
  Batch [31320/34966] - Loss: 0.0987
  Batch [31330/34966] - Loss: 0.0987
  Batch [31340/34966] - Loss: 0.0987
  Batch [31350/34966] - Loss: 0.0987
  Batch [31360/34966] - Loss: 0.0987
  Batch [31370/34966] - Loss: 0.0987
  Batch [31380/34966] - Loss: 0.0987
  Batch [31390/34966] - Loss: 0.0987
  Batch [31400/34966] - Loss: 0.0987
  Batch [31410/34966] - Loss: 0.0987
  Batch [31420/34966] - Loss: 0.0987
  Batch [31430/34966] - Loss: 0.0987
  Batch [31440/34966] - Loss: 0.0987
  Batch [31450/34966] - Loss: 0.0987
  Batch [31460/34966] - Loss: 0.0987
  Batch [31470/34966] - Loss: 0.0987
  Batch [31480/34966] - Loss: 0.0987
  Batch [31490/34966] - Loss: 0.0987
  Batch [31500/34966] - Loss: 0.0987
  Batch [31510/34966] - Loss: 0.0987
  Batch [31520/34966] - Loss: 0.0987
  Batch [31530/34966] - Loss: 0.0987
  Batch [31540/34966] - Loss: 0.0987
  Batch [31550/34966] - Loss: 0.0987
  Batch [31560/34966] - Loss: 0.0987
  Batch [31570/34966] - Loss: 0.0987
  Batch [31580/34966] - Loss: 0.0987
  Batch [31590/34966] - Loss: 0.0987
  Batch [31600/34966] - Loss: 0.0987
  Batch [31610/34966] - Loss: 0.0987
  Batch [31620/34966] - Loss: 0.0987
  Batch [31630/34966] - Loss: 0.0987
  Batch [31640/34966] - Loss: 0.0987
  Batch [31650/34966] - Loss: 0.0987
  Batch [31660/34966] - Loss: 0.0987
  Batch [31670/34966] - Loss: 0.0987
  Batch [31680/34966] - Loss: 0.0987
  Batch [31690/34966] - Loss: 0.0987
  Batch [31700/34966] - Loss: 0.0987
  Batch [31710/34966] - Loss: 0.0987
  Batch [31720/34966] - Loss: 0.0987
  Batch [31730/34966] - Loss: 0.0987
  Batch [31740/34966] - Loss: 0.0987
  Batch [31750/34966] - Loss: 0.0987
  Batch [31760/34966] - Loss: 0.0987
  Batch [31770/34966] - Loss: 0.0987
  Batch [31780/34966] - Loss: 0.0987
  Batch [31790/34966] - Loss: 0.0987
  Batch [31800/34966] - Loss: 0.0987
  Batch [31810/34966] - Loss: 0.0987
  Batch [31820/34966] - Loss: 0.0987
  Batch [31830/34966] - Loss: 0.0987
  Batch [31840/34966] - Loss: 0.0987
  Batch [31850/34966] - Loss: 0.0987
  Batch [31860/34966] - Loss: 0.0987
  Batch [31870/34966] - Loss: 0.0987
  Batch [31880/34966] - Loss: 0.0987
  Batch [31890/34966] - Loss: 0.0986
  Batch [31900/34966] - Loss: 0.0986
  Batch [31910/34966] - Loss: 0.0986
  Batch [31920/34966] - Loss: 0.0986
  Batch [31930/34966] - Loss: 0.0986
  Batch [31940/34966] - Loss: 0.0986
  Batch [31950/34966] - Loss: 0.0986
  Batch [31960/34966] - Loss: 0.0986
  Batch [31970/34966] - Loss: 0.0986
  Batch [31980/34966] - Loss: 0.0986
  Batch [31990/34966] - Loss: 0.0986
  Batch [32000/34966] - Loss: 0.0986
  Batch [32010/34966] - Loss: 0.0986
  Batch [32020/34966] - Loss: 0.0986
  Batch [32030/34966] - Loss: 0.0986
  Batch [32040/34966] - Loss: 0.0986
  Batch [32050/34966] - Loss: 0.0986
  Batch [32060/34966] - Loss: 0.0986
  Batch [32070/34966] - Loss: 0.0986
  Batch [32080/34966] - Loss: 0.0986
  Batch [32090/34966] - Loss: 0.0986
  Batch [32100/34966] - Loss: 0.0987
  Batch [32110/34966] - Loss: 0.0987
  Batch [32120/34966] - Loss: 0.0987
  Batch [32130/34966] - Loss: 0.0987
  Batch [32140/34966] - Loss: 0.0987
  Batch [32150/34966] - Loss: 0.0987
  Batch [32160/34966] - Loss: 0.0987
  Batch [32170/34966] - Loss: 0.0987
  Batch [32180/34966] - Loss: 0.0987
  Batch [32190/34966] - Loss: 0.0986
  Batch [32200/34966] - Loss: 0.0986
  Batch [32210/34966] - Loss: 0.0986
  Batch [32220/34966] - Loss: 0.0986
  Batch [32230/34966] - Loss: 0.0986
  Batch [32240/34966] - Loss: 0.0987
  Batch [32250/34966] - Loss: 0.0987
  Batch [32260/34966] - Loss: 0.0987
  Batch [32270/34966] - Loss: 0.0987
  Batch [32280/34966] - Loss: 0.0987
  Batch [32290/34966] - Loss: 0.0987
  Batch [32300/34966] - Loss: 0.0987
  Batch [32310/34966] - Loss: 0.0987
  Batch [32320/34966] - Loss: 0.0987
  Batch [32330/34966] - Loss: 0.0987
  Batch [32340/34966] - Loss: 0.0987
  Batch [32350/34966] - Loss: 0.0987
  Batch [32360/34966] - Loss: 0.0987
  Batch [32370/34966] - Loss: 0.0987
  Batch [32380/34966] - Loss: 0.0987
  Batch [32390/34966] - Loss: 0.0987
  Batch [32400/34966] - Loss: 0.0987
  Batch [32410/34966] - Loss: 0.0987
  Batch [32420/34966] - Loss: 0.0987
  Batch [32430/34966] - Loss: 0.0987
  Batch [32440/34966] - Loss: 0.0987
  Batch [32450/34966] - Loss: 0.0987
  Batch [32460/34966] - Loss: 0.0987
  Batch [32470/34966] - Loss: 0.0987
  Batch [32480/34966] - Loss: 0.0987
  Batch [32490/34966] - Loss: 0.0987
  Batch [32500/34966] - Loss: 0.0987
  Batch [32510/34966] - Loss: 0.0987
  Batch [32520/34966] - Loss: 0.0987
  Batch [32530/34966] - Loss: 0.0987
  Batch [32540/34966] - Loss: 0.0987
  Batch [32550/34966] - Loss: 0.0987
  Batch [32560/34966] - Loss: 0.0988
  Batch [32570/34966] - Loss: 0.0987
  Batch [32580/34966] - Loss: 0.0988
  Batch [32590/34966] - Loss: 0.0988
  Batch [32600/34966] - Loss: 0.0988
  Batch [32610/34966] - Loss: 0.0987
  Batch [32620/34966] - Loss: 0.0988
  Batch [32630/34966] - Loss: 0.0987
  Batch [32640/34966] - Loss: 0.0987
  Batch [32650/34966] - Loss: 0.0987
  Batch [32660/34966] - Loss: 0.0987
  Batch [32670/34966] - Loss: 0.0987
  Batch [32680/34966] - Loss: 0.0987
  Batch [32690/34966] - Loss: 0.0987
  Batch [32700/34966] - Loss: 0.0987
  Batch [32710/34966] - Loss: 0.0987
  Batch [32720/34966] - Loss: 0.0987
  Batch [32730/34966] - Loss: 0.0987
  Batch [32740/34966] - Loss: 0.0987
  Batch [32750/34966] - Loss: 0.0987
  Batch [32760/34966] - Loss: 0.0987
  Batch [32770/34966] - Loss: 0.0987
  Batch [32780/34966] - Loss: 0.0987
  Batch [32790/34966] - Loss: 0.0987
  Batch [32800/34966] - Loss: 0.0987
  Batch [32810/34966] - Loss: 0.0987
  Batch [32820/34966] - Loss: 0.0987
  Batch [32830/34966] - Loss: 0.0987
  Batch [32840/34966] - Loss: 0.0987
  Batch [32850/34966] - Loss: 0.0987
  Batch [32860/34966] - Loss: 0.0987
  Batch [32870/34966] - Loss: 0.0987
  Batch [32880/34966] - Loss: 0.0987
  Batch [32890/34966] - Loss: 0.0987
  Batch [32900/34966] - Loss: 0.0987
  Batch [32910/34966] - Loss: 0.0987
  Batch [32920/34966] - Loss: 0.0987
  Batch [32930/34966] - Loss: 0.0987
  Batch [32940/34966] - Loss: 0.0987
  Batch [32950/34966] - Loss: 0.0987
  Batch [32960/34966] - Loss: 0.0987
  Batch [32970/34966] - Loss: 0.0987
  Batch [32980/34966] - Loss: 0.0987
  Batch [32990/34966] - Loss: 0.0987
  Batch [33000/34966] - Loss: 0.0987
  Batch [33010/34966] - Loss: 0.0987
  Batch [33020/34966] - Loss: 0.0987
  Batch [33030/34966] - Loss: 0.0987
  Batch [33040/34966] - Loss: 0.0987
  Batch [33050/34966] - Loss: 0.0987
  Batch [33060/34966] - Loss: 0.0987
  Batch [33070/34966] - Loss: 0.0987
  Batch [33080/34966] - Loss: 0.0987
  Batch [33090/34966] - Loss: 0.0987
  Batch [33100/34966] - Loss: 0.0987
  Batch [33110/34966] - Loss: 0.0987
  Batch [33120/34966] - Loss: 0.0988
  Batch [33130/34966] - Loss: 0.0988
  Batch [33140/34966] - Loss: 0.0988
  Batch [33150/34966] - Loss: 0.0988
  Batch [33160/34966] - Loss: 0.0988
  Batch [33170/34966] - Loss: 0.0988
  Batch [33180/34966] - Loss: 0.0988
  Batch [33190/34966] - Loss: 0.0988
  Batch [33200/34966] - Loss: 0.0988
  Batch [33210/34966] - Loss: 0.0988
  Batch [33220/34966] - Loss: 0.0988
  Batch [33230/34966] - Loss: 0.0988
  Batch [33240/34966] - Loss: 0.0988
  Batch [33250/34966] - Loss: 0.0988
  Batch [33260/34966] - Loss: 0.0988
  Batch [33270/34966] - Loss: 0.0988
  Batch [33280/34966] - Loss: 0.0988
  Batch [33290/34966] - Loss: 0.0988
  Batch [33300/34966] - Loss: 0.0988
  Batch [33310/34966] - Loss: 0.0988
  Batch [33320/34966] - Loss: 0.0988
  Batch [33330/34966] - Loss: 0.0988
  Batch [33340/34966] - Loss: 0.0988
  Batch [33350/34966] - Loss: 0.0988
  Batch [33360/34966] - Loss: 0.0988
  Batch [33370/34966] - Loss: 0.0988
  Batch [33380/34966] - Loss: 0.0988
  Batch [33390/34966] - Loss: 0.0988
  Batch [33400/34966] - Loss: 0.0988
  Batch [33410/34966] - Loss: 0.0988
  Batch [33420/34966] - Loss: 0.0988
  Batch [33430/34966] - Loss: 0.0988
  Batch [33440/34966] - Loss: 0.0988
  Batch [33450/34966] - Loss: 0.0988
  Batch [33460/34966] - Loss: 0.0988
  Batch [33470/34966] - Loss: 0.0988
  Batch [33480/34966] - Loss: 0.0988
  Batch [33490/34966] - Loss: 0.0988
  Batch [33500/34966] - Loss: 0.0988
  Batch [33510/34966] - Loss: 0.0988
  Batch [33520/34966] - Loss: 0.0988
  Batch [33530/34966] - Loss: 0.0988
  Batch [33540/34966] - Loss: 0.0988
  Batch [33550/34966] - Loss: 0.0988
  Batch [33560/34966] - Loss: 0.0988
  Batch [33570/34966] - Loss: 0.0988
  Batch [33580/34966] - Loss: 0.0988
  Batch [33590/34966] - Loss: 0.0988
  Batch [33600/34966] - Loss: 0.0988
  Batch [33610/34966] - Loss: 0.0988
  Batch [33620/34966] - Loss: 0.0988
  Batch [33630/34966] - Loss: 0.0988
  Batch [33640/34966] - Loss: 0.0988
  Batch [33650/34966] - Loss: 0.0988
  Batch [33660/34966] - Loss: 0.0988
  Batch [33670/34966] - Loss: 0.0988
  Batch [33680/34966] - Loss: 0.0988
  Batch [33690/34966] - Loss: 0.0988
  Batch [33700/34966] - Loss: 0.0988
  Batch [33710/34966] - Loss: 0.0988
  Batch [33720/34966] - Loss: 0.0988
  Batch [33730/34966] - Loss: 0.0988
  Batch [33740/34966] - Loss: 0.0988
  Batch [33750/34966] - Loss: 0.0988
  Batch [33760/34966] - Loss: 0.0988
  Batch [33770/34966] - Loss: 0.0988
  Batch [33780/34966] - Loss: 0.0988
  Batch [33790/34966] - Loss: 0.0988
  Batch [33800/34966] - Loss: 0.0988
  Batch [33810/34966] - Loss: 0.0988
  Batch [33820/34966] - Loss: 0.0988
  Batch [33830/34966] - Loss: 0.0988
  Batch [33840/34966] - Loss: 0.0988
  Batch [33850/34966] - Loss: 0.0988
  Batch [33860/34966] - Loss: 0.0988
  Batch [33870/34966] - Loss: 0.0988
  Batch [33880/34966] - Loss: 0.0988
  Batch [33890/34966] - Loss: 0.0988
  Batch [33900/34966] - Loss: 0.0988
  Batch [33910/34966] - Loss: 0.0988
  Batch [33920/34966] - Loss: 0.0988
  Batch [33930/34966] - Loss: 0.0988
  Batch [33940/34966] - Loss: 0.0988
  Batch [33950/34966] - Loss: 0.0988
  Batch [33960/34966] - Loss: 0.0988
  Batch [33970/34966] - Loss: 0.0988
  Batch [33980/34966] - Loss: 0.0988
  Batch [33990/34966] - Loss: 0.0988
  Batch [34000/34966] - Loss: 0.0988
  Batch [34010/34966] - Loss: 0.0988
  Batch [34020/34966] - Loss: 0.0988
  Batch [34030/34966] - Loss: 0.0988
  Batch [34040/34966] - Loss: 0.0988
  Batch [34050/34966] - Loss: 0.0988
  Batch [34060/34966] - Loss: 0.0988
  Batch [34070/34966] - Loss: 0.0988
  Batch [34080/34966] - Loss: 0.0988
  Batch [34090/34966] - Loss: 0.0988
  Batch [34100/34966] - Loss: 0.0988
  Batch [34110/34966] - Loss: 0.0988
  Batch [34120/34966] - Loss: 0.0988
  Batch [34130/34966] - Loss: 0.0988
  Batch [34140/34966] - Loss: 0.0988
  Batch [34150/34966] - Loss: 0.0988
  Batch [34160/34966] - Loss: 0.0988
  Batch [34170/34966] - Loss: 0.0988
  Batch [34180/34966] - Loss: 0.0988
  Batch [34190/34966] - Loss: 0.0988
  Batch [34200/34966] - Loss: 0.0988
  Batch [34210/34966] - Loss: 0.0988
  Batch [34220/34966] - Loss: 0.0988
  Batch [34230/34966] - Loss: 0.0988
  Batch [34240/34966] - Loss: 0.0988
  Batch [34250/34966] - Loss: 0.0988
  Batch [34260/34966] - Loss: 0.0988
  Batch [34270/34966] - Loss: 0.0988
  Batch [34280/34966] - Loss: 0.0988
  Batch [34290/34966] - Loss: 0.0988
  Batch [34300/34966] - Loss: 0.0988
  Batch [34310/34966] - Loss: 0.0988
  Batch [34320/34966] - Loss: 0.0988
  Batch [34330/34966] - Loss: 0.0988
  Batch [34340/34966] - Loss: 0.0988
  Batch [34350/34966] - Loss: 0.0988
  Batch [34360/34966] - Loss: 0.0988
  Batch [34370/34966] - Loss: 0.0988
  Batch [34380/34966] - Loss: 0.0988
  Batch [34390/34966] - Loss: 0.0988
  Batch [34400/34966] - Loss: 0.0988
  Batch [34410/34966] - Loss: 0.0988
  Batch [34420/34966] - Loss: 0.0988
  Batch [34430/34966] - Loss: 0.0988
  Batch [34440/34966] - Loss: 0.0988
  Batch [34450/34966] - Loss: 0.0988
  Batch [34460/34966] - Loss: 0.0988
  Batch [34470/34966] - Loss: 0.0988
  Batch [34480/34966] - Loss: 0.0988
  Batch [34490/34966] - Loss: 0.0988
  Batch [34500/34966] - Loss: 0.0988
  Batch [34510/34966] - Loss: 0.0988
  Batch [34520/34966] - Loss: 0.0988
  Batch [34530/34966] - Loss: 0.0988
  Batch [34540/34966] - Loss: 0.0988
  Batch [34550/34966] - Loss: 0.0987
  Batch [34560/34966] - Loss: 0.0987
  Batch [34570/34966] - Loss: 0.0987
  Batch [34580/34966] - Loss: 0.0988
  Batch [34590/34966] - Loss: 0.0988
  Batch [34600/34966] - Loss: 0.0988
  Batch [34610/34966] - Loss: 0.0988
  Batch [34620/34966] - Loss: 0.0988
  Batch [34630/34966] - Loss: 0.0988
  Batch [34640/34966] - Loss: 0.0988
  Batch [34650/34966] - Loss: 0.0988
  Batch [34660/34966] - Loss: 0.0988
  Batch [34670/34966] - Loss: 0.0988
  Batch [34680/34966] - Loss: 0.0988
  Batch [34690/34966] - Loss: 0.0988
  Batch [34700/34966] - Loss: 0.0988
  Batch [34710/34966] - Loss: 0.0988
  Batch [34720/34966] - Loss: 0.0988
  Batch [34730/34966] - Loss: 0.0988
  Batch [34740/34966] - Loss: 0.0988
  Batch [34750/34966] - Loss: 0.0987
  Batch [34760/34966] - Loss: 0.0987
  Batch [34770/34966] - Loss: 0.0988
  Batch [34780/34966] - Loss: 0.0988
  Batch [34790/34966] - Loss: 0.0988
  Batch [34800/34966] - Loss: 0.0988
  Batch [34810/34966] - Loss: 0.0988
  Batch [34820/34966] - Loss: 0.0988
  Batch [34830/34966] - Loss: 0.0988
  Batch [34840/34966] - Loss: 0.0988
  Batch [34850/34966] - Loss: 0.0988
  Batch [34860/34966] - Loss: 0.0988
  Batch [34870/34966] - Loss: 0.0988
  Batch [34880/34966] - Loss: 0.0988
  Batch [34890/34966] - Loss: 0.0988
  Batch [34900/34966] - Loss: 0.0988
  Batch [34910/34966] - Loss: 0.0988
  Batch [34920/34966] - Loss: 0.0988
  Batch [34930/34966] - Loss: 0.0988
  Batch [34940/34966] - Loss: 0.0988
  Batch [34950/34966] - Loss: 0.0988
  Batch [34960/34966] - Loss: 0.0988

Epoch 3 Results:
  Train Loss: 0.0988
  Val Loss: 0.1552
  Val Accuracy: 0.9564 (95.64%)
  Val Recall: 0.8736 (87.36%)
  Val Precision: 0.9228 (92.28%)

──────────────────────────────────────────────────────────────────────
Epoch 4/5
──────────────────────────────────────────────────────────────────────
  Batch [10/34966] - Loss: 0.0863
  Batch [20/34966] - Loss: 0.0923
  Batch [30/34966] - Loss: 0.0859
  Batch [40/34966] - Loss: 0.0858
  Batch [50/34966] - Loss: 0.0898
  Batch [60/34966] - Loss: 0.0931
  Batch [70/34966] - Loss: 0.0958
  Batch [80/34966] - Loss: 0.0941
  Batch [90/34966] - Loss: 0.0948
  Batch [100/34966] - Loss: 0.0966
  Batch [110/34966] - Loss: 0.0949
  Batch [120/34966] - Loss: 0.0953
  Batch [130/34966] - Loss: 0.0950
  Batch [140/34966] - Loss: 0.0953
  Batch [150/34966] - Loss: 0.0963
  Batch [160/34966] - Loss: 0.0954
  Batch [170/34966] - Loss: 0.0954
  Batch [180/34966] - Loss: 0.0966
  Batch [190/34966] - Loss: 0.0953
  Batch [200/34966] - Loss: 0.0959
  Batch [210/34966] - Loss: 0.0958
  Batch [220/34966] - Loss: 0.0959
  Batch [230/34966] - Loss: 0.0970
  Batch [240/34966] - Loss: 0.0970
  Batch [250/34966] - Loss: 0.0968
  Batch [260/34966] - Loss: 0.0952
  Batch [270/34966] - Loss: 0.0939
  Batch [280/34966] - Loss: 0.0937
  Batch [290/34966] - Loss: 0.0943
  Batch [300/34966] - Loss: 0.0950
  Batch [310/34966] - Loss: 0.0948
  Batch [320/34966] - Loss: 0.0959
  Batch [330/34966] - Loss: 0.0955
  Batch [340/34966] - Loss: 0.0956
  Batch [350/34966] - Loss: 0.0958
  Batch [360/34966] - Loss: 0.0956
  Batch [370/34966] - Loss: 0.0957
  Batch [380/34966] - Loss: 0.0958
  Batch [390/34966] - Loss: 0.0955
  Batch [400/34966] - Loss: 0.0951
  Batch [410/34966] - Loss: 0.0944
  Batch [420/34966] - Loss: 0.0954
  Batch [430/34966] - Loss: 0.0960
  Batch [440/34966] - Loss: 0.0957
  Batch [450/34966] - Loss: 0.0961
  Batch [460/34966] - Loss: 0.0955
  Batch [470/34966] - Loss: 0.0958
  Batch [480/34966] - Loss: 0.0960
  Batch [490/34966] - Loss: 0.0960
  Batch [500/34966] - Loss: 0.0955
  Batch [510/34966] - Loss: 0.0955
  Batch [520/34966] - Loss: 0.0956
  Batch [530/34966] - Loss: 0.0955
  Batch [540/34966] - Loss: 0.0957
  Batch [550/34966] - Loss: 0.0957
  Batch [560/34966] - Loss: 0.0949
  Batch [570/34966] - Loss: 0.0956
  Batch [580/34966] - Loss: 0.0956
  Batch [590/34966] - Loss: 0.0956
  Batch [600/34966] - Loss: 0.0957
  Batch [610/34966] - Loss: 0.0957
  Batch [620/34966] - Loss: 0.0953
  Batch [630/34966] - Loss: 0.0952
  Batch [640/34966] - Loss: 0.0952
  Batch [650/34966] - Loss: 0.0951
  Batch [660/34966] - Loss: 0.0958
  Batch [670/34966] - Loss: 0.0958
  Batch [680/34966] - Loss: 0.0957
  Batch [690/34966] - Loss: 0.0960
  Batch [700/34966] - Loss: 0.0961
  Batch [710/34966] - Loss: 0.0963
  Batch [720/34966] - Loss: 0.0966
  Batch [730/34966] - Loss: 0.0965
  Batch [740/34966] - Loss: 0.0961
  Batch [750/34966] - Loss: 0.0961
  Batch [760/34966] - Loss: 0.0960
  Batch [770/34966] - Loss: 0.0959
  Batch [780/34966] - Loss: 0.0960
  Batch [790/34966] - Loss: 0.0955
  Batch [800/34966] - Loss: 0.0952
  Batch [810/34966] - Loss: 0.0952
  Batch [820/34966] - Loss: 0.0951
  Batch [830/34966] - Loss: 0.0950
  Batch [840/34966] - Loss: 0.0954
  Batch [850/34966] - Loss: 0.0954
  Batch [860/34966] - Loss: 0.0951
  Batch [870/34966] - Loss: 0.0953
  Batch [880/34966] - Loss: 0.0953
  Batch [890/34966] - Loss: 0.0955
  Batch [900/34966] - Loss: 0.0954
  Batch [910/34966] - Loss: 0.0956
  Batch [920/34966] - Loss: 0.0955
  Batch [930/34966] - Loss: 0.0953
  Batch [940/34966] - Loss: 0.0952
  Batch [950/34966] - Loss: 0.0953
  Batch [960/34966] - Loss: 0.0957
  Batch [970/34966] - Loss: 0.0956
  Batch [980/34966] - Loss: 0.0956
  Batch [990/34966] - Loss: 0.0955
  Batch [1000/34966] - Loss: 0.0954
  Batch [1010/34966] - Loss: 0.0954
  Batch [1020/34966] - Loss: 0.0953
  Batch [1030/34966] - Loss: 0.0952
  Batch [1040/34966] - Loss: 0.0955
  Batch [1050/34966] - Loss: 0.0954
  Batch [1060/34966] - Loss: 0.0959
  Batch [1070/34966] - Loss: 0.0961
  Batch [1080/34966] - Loss: 0.0962
  Batch [1090/34966] - Loss: 0.0965
  Batch [1100/34966] - Loss: 0.0963
  Batch [1110/34966] - Loss: 0.0963
  Batch [1120/34966] - Loss: 0.0961
  Batch [1130/34966] - Loss: 0.0961
  Batch [1140/34966] - Loss: 0.0961
  Batch [1150/34966] - Loss: 0.0961
  Batch [1160/34966] - Loss: 0.0965
  Batch [1170/34966] - Loss: 0.0967
  Batch [1180/34966] - Loss: 0.0968
  Batch [1190/34966] - Loss: 0.0970
  Batch [1200/34966] - Loss: 0.0969
  Batch [1210/34966] - Loss: 0.0969
  Batch [1220/34966] - Loss: 0.0969
  Batch [1230/34966] - Loss: 0.0969
  Batch [1240/34966] - Loss: 0.0972
  Batch [1250/34966] - Loss: 0.0972
  Batch [1260/34966] - Loss: 0.0972
  Batch [1270/34966] - Loss: 0.0972
  Batch [1280/34966] - Loss: 0.0970
  Batch [1290/34966] - Loss: 0.0966
  Batch [1300/34966] - Loss: 0.0966
  Batch [1310/34966] - Loss: 0.0967
  Batch [1320/34966] - Loss: 0.0965
  Batch [1330/34966] - Loss: 0.0966
  Batch [1340/34966] - Loss: 0.0966
  Batch [1350/34966] - Loss: 0.0966
  Batch [1360/34966] - Loss: 0.0968
  Batch [1370/34966] - Loss: 0.0970
  Batch [1380/34966] - Loss: 0.0970
  Batch [1390/34966] - Loss: 0.0972
  Batch [1400/34966] - Loss: 0.0973
  Batch [1410/34966] - Loss: 0.0972
  Batch [1420/34966] - Loss: 0.0970
  Batch [1430/34966] - Loss: 0.0967
  Batch [1440/34966] - Loss: 0.0969
  Batch [1450/34966] - Loss: 0.0970
  Batch [1460/34966] - Loss: 0.0972
  Batch [1470/34966] - Loss: 0.0973
  Batch [1480/34966] - Loss: 0.0973
  Batch [1490/34966] - Loss: 0.0973
  Batch [1500/34966] - Loss: 0.0972
  Batch [1510/34966] - Loss: 0.0971
  Batch [1520/34966] - Loss: 0.0972
  Batch [1530/34966] - Loss: 0.0973
  Batch [1540/34966] - Loss: 0.0972
  Batch [1550/34966] - Loss: 0.0971
  Batch [1560/34966] - Loss: 0.0971
  Batch [1570/34966] - Loss: 0.0973
  Batch [1580/34966] - Loss: 0.0973
  Batch [1590/34966] - Loss: 0.0974
  Batch [1600/34966] - Loss: 0.0974
  Batch [1610/34966] - Loss: 0.0975
  Batch [1620/34966] - Loss: 0.0975
  Batch [1630/34966] - Loss: 0.0975
  Batch [1640/34966] - Loss: 0.0976
  Batch [1650/34966] - Loss: 0.0976
  Batch [1660/34966] - Loss: 0.0976
  Batch [1670/34966] - Loss: 0.0975
  Batch [1680/34966] - Loss: 0.0975
  Batch [1690/34966] - Loss: 0.0974
  Batch [1700/34966] - Loss: 0.0973
  Batch [1710/34966] - Loss: 0.0974
  Batch [1720/34966] - Loss: 0.0974
  Batch [1730/34966] - Loss: 0.0973
  Batch [1740/34966] - Loss: 0.0971
  Batch [1750/34966] - Loss: 0.0972
  Batch [1760/34966] - Loss: 0.0972
  Batch [1770/34966] - Loss: 0.0972
  Batch [1780/34966] - Loss: 0.0973
  Batch [1790/34966] - Loss: 0.0974
  Batch [1800/34966] - Loss: 0.0975
  Batch [1810/34966] - Loss: 0.0974
  Batch [1820/34966] - Loss: 0.0974
  Batch [1830/34966] - Loss: 0.0973
  Batch [1840/34966] - Loss: 0.0973
  Batch [1850/34966] - Loss: 0.0975
  Batch [1860/34966] - Loss: 0.0975
  Batch [1870/34966] - Loss: 0.0977
  Batch [1880/34966] - Loss: 0.0977
  Batch [1890/34966] - Loss: 0.0978
  Batch [1900/34966] - Loss: 0.0978
  Batch [1910/34966] - Loss: 0.0977
  Batch [1920/34966] - Loss: 0.0975
  Batch [1930/34966] - Loss: 0.0976
  Batch [1940/34966] - Loss: 0.0977
  Batch [1950/34966] - Loss: 0.0976
  Batch [1960/34966] - Loss: 0.0976
  Batch [1970/34966] - Loss: 0.0977
  Batch [1980/34966] - Loss: 0.0976
  Batch [1990/34966] - Loss: 0.0975
  Batch [2000/34966] - Loss: 0.0975
  Batch [2010/34966] - Loss: 0.0973
  Batch [2020/34966] - Loss: 0.0973
  Batch [2030/34966] - Loss: 0.0972
  Batch [2040/34966] - Loss: 0.0971
  Batch [2050/34966] - Loss: 0.0972
  Batch [2060/34966] - Loss: 0.0971
  Batch [2070/34966] - Loss: 0.0970
  Batch [2080/34966] - Loss: 0.0971
  Batch [2090/34966] - Loss: 0.0973
  Batch [2100/34966] - Loss: 0.0973
  Batch [2110/34966] - Loss: 0.0972
  Batch [2120/34966] - Loss: 0.0972
  Batch [2130/34966] - Loss: 0.0972
  Batch [2140/34966] - Loss: 0.0973
  Batch [2150/34966] - Loss: 0.0973
  Batch [2160/34966] - Loss: 0.0974
  Batch [2170/34966] - Loss: 0.0974
  Batch [2180/34966] - Loss: 0.0974
  Batch [2190/34966] - Loss: 0.0973
  Batch [2200/34966] - Loss: 0.0973
  Batch [2210/34966] - Loss: 0.0975
  Batch [2220/34966] - Loss: 0.0976
  Batch [2230/34966] - Loss: 0.0976
  Batch [2240/34966] - Loss: 0.0976
  Batch [2250/34966] - Loss: 0.0977
  Batch [2260/34966] - Loss: 0.0977
  Batch [2270/34966] - Loss: 0.0977
  Batch [2280/34966] - Loss: 0.0976
  Batch [2290/34966] - Loss: 0.0975
  Batch [2300/34966] - Loss: 0.0974
  Batch [2310/34966] - Loss: 0.0974
  Batch [2320/34966] - Loss: 0.0973
  Batch [2330/34966] - Loss: 0.0975
  Batch [2340/34966] - Loss: 0.0976
  Batch [2350/34966] - Loss: 0.0976
  Batch [2360/34966] - Loss: 0.0975
  Batch [2370/34966] - Loss: 0.0975
  Batch [2380/34966] - Loss: 0.0975
  Batch [2390/34966] - Loss: 0.0975
  Batch [2400/34966] - Loss: 0.0975
  Batch [2410/34966] - Loss: 0.0975
  Batch [2420/34966] - Loss: 0.0976
  Batch [2430/34966] - Loss: 0.0976
  Batch [2440/34966] - Loss: 0.0977
  Batch [2450/34966] - Loss: 0.0976
  Batch [2460/34966] - Loss: 0.0978
  Batch [2470/34966] - Loss: 0.0978
  Batch [2480/34966] - Loss: 0.0978
  Batch [2490/34966] - Loss: 0.0977
  Batch [2500/34966] - Loss: 0.0977
  Batch [2510/34966] - Loss: 0.0977
  Batch [2520/34966] - Loss: 0.0976
  Batch [2530/34966] - Loss: 0.0976
  Batch [2540/34966] - Loss: 0.0978
  Batch [2550/34966] - Loss: 0.0977
  Batch [2560/34966] - Loss: 0.0978
  Batch [2570/34966] - Loss: 0.0978
  Batch [2580/34966] - Loss: 0.0977
  Batch [2590/34966] - Loss: 0.0977
  Batch [2600/34966] - Loss: 0.0977
  Batch [2610/34966] - Loss: 0.0976
  Batch [2620/34966] - Loss: 0.0977
  Batch [2630/34966] - Loss: 0.0977
  Batch [2640/34966] - Loss: 0.0977
  Batch [2650/34966] - Loss: 0.0977
  Batch [2660/34966] - Loss: 0.0978
  Batch [2670/34966] - Loss: 0.0977
  Batch [2680/34966] - Loss: 0.0976
  Batch [2690/34966] - Loss: 0.0976
  Batch [2700/34966] - Loss: 0.0977
  Batch [2710/34966] - Loss: 0.0979
  Batch [2720/34966] - Loss: 0.0979
  Batch [2730/34966] - Loss: 0.0977
  Batch [2740/34966] - Loss: 0.0976
  Batch [2750/34966] - Loss: 0.0976
  Batch [2760/34966] - Loss: 0.0976
  Batch [2770/34966] - Loss: 0.0975
  Batch [2780/34966] - Loss: 0.0974
  Batch [2790/34966] - Loss: 0.0974
  Batch [2800/34966] - Loss: 0.0975
  Batch [2810/34966] - Loss: 0.0975
  Batch [2820/34966] - Loss: 0.0975
  Batch [2830/34966] - Loss: 0.0975
  Batch [2840/34966] - Loss: 0.0975
  Batch [2850/34966] - Loss: 0.0974
  Batch [2860/34966] - Loss: 0.0974
  Batch [2870/34966] - Loss: 0.0974
  Batch [2880/34966] - Loss: 0.0974
  Batch [2890/34966] - Loss: 0.0974
  Batch [2900/34966] - Loss: 0.0974
  Batch [2910/34966] - Loss: 0.0974
  Batch [2920/34966] - Loss: 0.0974
  Batch [2930/34966] - Loss: 0.0974
  Batch [2940/34966] - Loss: 0.0974
  Batch [2950/34966] - Loss: 0.0974
  Batch [2960/34966] - Loss: 0.0975
  Batch [2970/34966] - Loss: 0.0974
  Batch [2980/34966] - Loss: 0.0974
  Batch [2990/34966] - Loss: 0.0974
  Batch [3000/34966] - Loss: 0.0975
  Batch [3010/34966] - Loss: 0.0975
  Batch [3020/34966] - Loss: 0.0976
  Batch [3030/34966] - Loss: 0.0977
  Batch [3040/34966] - Loss: 0.0976
  Batch [3050/34966] - Loss: 0.0977
  Batch [3060/34966] - Loss: 0.0977
  Batch [3070/34966] - Loss: 0.0976
  Batch [3080/34966] - Loss: 0.0975
  Batch [3090/34966] - Loss: 0.0975
  Batch [3100/34966] - Loss: 0.0974
  Batch [3110/34966] - Loss: 0.0974
  Batch [3120/34966] - Loss: 0.0974
  Batch [3130/34966] - Loss: 0.0973
  Batch [3140/34966] - Loss: 0.0972
  Batch [3150/34966] - Loss: 0.0971
  Batch [3160/34966] - Loss: 0.0970
  Batch [3170/34966] - Loss: 0.0970
  Batch [3180/34966] - Loss: 0.0969
  Batch [3190/34966] - Loss: 0.0968
  Batch [3200/34966] - Loss: 0.0968
  Batch [3210/34966] - Loss: 0.0969
  Batch [3220/34966] - Loss: 0.0968
  Batch [3230/34966] - Loss: 0.0968
  Batch [3240/34966] - Loss: 0.0967
  Batch [3250/34966] - Loss: 0.0968
  Batch [3260/34966] - Loss: 0.0968
  Batch [3270/34966] - Loss: 0.0968
  Batch [3280/34966] - Loss: 0.0969
  Batch [3290/34966] - Loss: 0.0969
  Batch [3300/34966] - Loss: 0.0969
  Batch [3310/34966] - Loss: 0.0969
  Batch [3320/34966] - Loss: 0.0970
  Batch [3330/34966] - Loss: 0.0971
  Batch [3340/34966] - Loss: 0.0972
  Batch [3350/34966] - Loss: 0.0972
  Batch [3360/34966] - Loss: 0.0972
  Batch [3370/34966] - Loss: 0.0972
  Batch [3380/34966] - Loss: 0.0972
  Batch [3390/34966] - Loss: 0.0971
  Batch [3400/34966] - Loss: 0.0973
  Batch [3410/34966] - Loss: 0.0974
  Batch [3420/34966] - Loss: 0.0973
  Batch [3430/34966] - Loss: 0.0974
  Batch [3440/34966] - Loss: 0.0974
  Batch [3450/34966] - Loss: 0.0974
  Batch [3460/34966] - Loss: 0.0973
  Batch [3470/34966] - Loss: 0.0975
  Batch [3480/34966] - Loss: 0.0975
  Batch [3490/34966] - Loss: 0.0976
  Batch [3500/34966] - Loss: 0.0977
  Batch [3510/34966] - Loss: 0.0977
  Batch [3520/34966] - Loss: 0.0977
  Batch [3530/34966] - Loss: 0.0977
  Batch [3540/34966] - Loss: 0.0977
  Batch [3550/34966] - Loss: 0.0977
  Batch [3560/34966] - Loss: 0.0977
  Batch [3570/34966] - Loss: 0.0977
  Batch [3580/34966] - Loss: 0.0977
  Batch [3590/34966] - Loss: 0.0978
  Batch [3600/34966] - Loss: 0.0978
  Batch [3610/34966] - Loss: 0.0978
  Batch [3620/34966] - Loss: 0.0979
  Batch [3630/34966] - Loss: 0.0978
  Batch [3640/34966] - Loss: 0.0978
  Batch [3650/34966] - Loss: 0.0977
  Batch [3660/34966] - Loss: 0.0976
  Batch [3670/34966] - Loss: 0.0977
  Batch [3680/34966] - Loss: 0.0978
  Batch [3690/34966] - Loss: 0.0976
  Batch [3700/34966] - Loss: 0.0976
  Batch [3710/34966] - Loss: 0.0976
  Batch [3720/34966] - Loss: 0.0976
  Batch [3730/34966] - Loss: 0.0976
  Batch [3740/34966] - Loss: 0.0977
  Batch [3750/34966] - Loss: 0.0977
  Batch [3760/34966] - Loss: 0.0977
  Batch [3770/34966] - Loss: 0.0977
  Batch [3780/34966] - Loss: 0.0978
  Batch [3790/34966] - Loss: 0.0980
  Batch [3800/34966] - Loss: 0.0979
  Batch [3810/34966] - Loss: 0.0979
  Batch [3820/34966] - Loss: 0.0978
  Batch [3830/34966] - Loss: 0.0980
  Batch [3840/34966] - Loss: 0.0979
  Batch [3850/34966] - Loss: 0.0980
  Batch [3860/34966] - Loss: 0.0979
  Batch [3870/34966] - Loss: 0.0980
  Batch [3880/34966] - Loss: 0.0979
  Batch [3890/34966] - Loss: 0.0980
  Batch [3900/34966] - Loss: 0.0980
  Batch [3910/34966] - Loss: 0.0980
  Batch [3920/34966] - Loss: 0.0981
  Batch [3930/34966] - Loss: 0.0982
  Batch [3940/34966] - Loss: 0.0982
  Batch [3950/34966] - Loss: 0.0982
  Batch [3960/34966] - Loss: 0.0982
  Batch [3970/34966] - Loss: 0.0982
  Batch [3980/34966] - Loss: 0.0982
  Batch [3990/34966] - Loss: 0.0982
  Batch [4000/34966] - Loss: 0.0981
  Batch [4010/34966] - Loss: 0.0981
  Batch [4020/34966] - Loss: 0.0981
  Batch [4030/34966] - Loss: 0.0981
  Batch [4040/34966] - Loss: 0.0980
  Batch [4050/34966] - Loss: 0.0981
  Batch [4060/34966] - Loss: 0.0980
  Batch [4070/34966] - Loss: 0.0981
  Batch [4080/34966] - Loss: 0.0981
  Batch [4090/34966] - Loss: 0.0981
  Batch [4100/34966] - Loss: 0.0981
  Batch [4110/34966] - Loss: 0.0981
  Batch [4120/34966] - Loss: 0.0981
  Batch [4130/34966] - Loss: 0.0981
  Batch [4140/34966] - Loss: 0.0981
  Batch [4150/34966] - Loss: 0.0981
  Batch [4160/34966] - Loss: 0.0981
  Batch [4170/34966] - Loss: 0.0981
  Batch [4180/34966] - Loss: 0.0981
  Batch [4190/34966] - Loss: 0.0981
  Batch [4200/34966] - Loss: 0.0981
  Batch [4210/34966] - Loss: 0.0980
  Batch [4220/34966] - Loss: 0.0980
  Batch [4230/34966] - Loss: 0.0980
  Batch [4240/34966] - Loss: 0.0980
  Batch [4250/34966] - Loss: 0.0981
  Batch [4260/34966] - Loss: 0.0980
  Batch [4270/34966] - Loss: 0.0981
  Batch [4280/34966] - Loss: 0.0980
  Batch [4290/34966] - Loss: 0.0980
  Batch [4300/34966] - Loss: 0.0981
  Batch [4310/34966] - Loss: 0.0981
  Batch [4320/34966] - Loss: 0.0981
  Batch [4330/34966] - Loss: 0.0981
  Batch [4340/34966] - Loss: 0.0981
  Batch [4350/34966] - Loss: 0.0981
  Batch [4360/34966] - Loss: 0.0981
  Batch [4370/34966] - Loss: 0.0981
  Batch [4380/34966] - Loss: 0.0981
  Batch [4390/34966] - Loss: 0.0981
  Batch [4400/34966] - Loss: 0.0981
  Batch [4410/34966] - Loss: 0.0980
  Batch [4420/34966] - Loss: 0.0980
  Batch [4430/34966] - Loss: 0.0980
  Batch [4440/34966] - Loss: 0.0979
  Batch [4450/34966] - Loss: 0.0980
  Batch [4460/34966] - Loss: 0.0980
  Batch [4470/34966] - Loss: 0.0979
  Batch [4480/34966] - Loss: 0.0979
  Batch [4490/34966] - Loss: 0.0980
  Batch [4500/34966] - Loss: 0.0980
  Batch [4510/34966] - Loss: 0.0980
  Batch [4520/34966] - Loss: 0.0981
  Batch [4530/34966] - Loss: 0.0981
  Batch [4540/34966] - Loss: 0.0980
  Batch [4550/34966] - Loss: 0.0980
  Batch [4560/34966] - Loss: 0.0979
  Batch [4570/34966] - Loss: 0.0979
  Batch [4580/34966] - Loss: 0.0979
  Batch [4590/34966] - Loss: 0.0979
  Batch [4600/34966] - Loss: 0.0979
  Batch [4610/34966] - Loss: 0.0979
  Batch [4620/34966] - Loss: 0.0979
  Batch [4630/34966] - Loss: 0.0978
  Batch [4640/34966] - Loss: 0.0979
  Batch [4650/34966] - Loss: 0.0979
  Batch [4660/34966] - Loss: 0.0979
  Batch [4670/34966] - Loss: 0.0980
  Batch [4680/34966] - Loss: 0.0980
  Batch [4690/34966] - Loss: 0.0980
  Batch [4700/34966] - Loss: 0.0980
  Batch [4710/34966] - Loss: 0.0980
  Batch [4720/34966] - Loss: 0.0980
  Batch [4730/34966] - Loss: 0.0980
  Batch [4740/34966] - Loss: 0.0981
  Batch [4750/34966] - Loss: 0.0980
  Batch [4760/34966] - Loss: 0.0980
  Batch [4770/34966] - Loss: 0.0980
  Batch [4780/34966] - Loss: 0.0981
  Batch [4790/34966] - Loss: 0.0980
  Batch [4800/34966] - Loss: 0.0981
  Batch [4810/34966] - Loss: 0.0981
  Batch [4820/34966] - Loss: 0.0981
  Batch [4830/34966] - Loss: 0.0981
  Batch [4840/34966] - Loss: 0.0981
  Batch [4850/34966] - Loss: 0.0981
  Batch [4860/34966] - Loss: 0.0981
  Batch [4870/34966] - Loss: 0.0980
  Batch [4880/34966] - Loss: 0.0980
  Batch [4890/34966] - Loss: 0.0979
  Batch [4900/34966] - Loss: 0.0979
  Batch [4910/34966] - Loss: 0.0980
  Batch [4920/34966] - Loss: 0.0980
  Batch [4930/34966] - Loss: 0.0980
  Batch [4940/34966] - Loss: 0.0979
  Batch [4950/34966] - Loss: 0.0978
  Batch [4960/34966] - Loss: 0.0979
  Batch [4970/34966] - Loss: 0.0979
  Batch [4980/34966] - Loss: 0.0979
  Batch [4990/34966] - Loss: 0.0980
  Batch [5000/34966] - Loss: 0.0979
  Batch [5010/34966] - Loss: 0.0981
  Batch [5020/34966] - Loss: 0.0980
  Batch [5030/34966] - Loss: 0.0980
  Batch [5040/34966] - Loss: 0.0980
  Batch [5050/34966] - Loss: 0.0980
  Batch [5060/34966] - Loss: 0.0980
  Batch [5070/34966] - Loss: 0.0980
  Batch [5080/34966] - Loss: 0.0980
  Batch [5090/34966] - Loss: 0.0980
  Batch [5100/34966] - Loss: 0.0980
  Batch [5110/34966] - Loss: 0.0979
  Batch [5120/34966] - Loss: 0.0980
  Batch [5130/34966] - Loss: 0.0980
  Batch [5140/34966] - Loss: 0.0980
  Batch [5150/34966] - Loss: 0.0980
  Batch [5160/34966] - Loss: 0.0980
  Batch [5170/34966] - Loss: 0.0981
  Batch [5180/34966] - Loss: 0.0981
  Batch [5190/34966] - Loss: 0.0981
  Batch [5200/34966] - Loss: 0.0982
  Batch [5210/34966] - Loss: 0.0982
  Batch [5220/34966] - Loss: 0.0982
  Batch [5230/34966] - Loss: 0.0982
  Batch [5240/34966] - Loss: 0.0981
  Batch [5250/34966] - Loss: 0.0982
  Batch [5260/34966] - Loss: 0.0982
  Batch [5270/34966] - Loss: 0.0982
  Batch [5280/34966] - Loss: 0.0982
  Batch [5290/34966] - Loss: 0.0982
  Batch [5300/34966] - Loss: 0.0982
  Batch [5310/34966] - Loss: 0.0982
  Batch [5320/34966] - Loss: 0.0983
  Batch [5330/34966] - Loss: 0.0983
  Batch [5340/34966] - Loss: 0.0983
  Batch [5350/34966] - Loss: 0.0983
  Batch [5360/34966] - Loss: 0.0983
  Batch [5370/34966] - Loss: 0.0983
  Batch [5380/34966] - Loss: 0.0983
  Batch [5390/34966] - Loss: 0.0984
  Batch [5400/34966] - Loss: 0.0984
  Batch [5410/34966] - Loss: 0.0984
  Batch [5420/34966] - Loss: 0.0984
  Batch [5430/34966] - Loss: 0.0983
  Batch [5440/34966] - Loss: 0.0983
  Batch [5450/34966] - Loss: 0.0983
  Batch [5460/34966] - Loss: 0.0984
  Batch [5470/34966] - Loss: 0.0983
  Batch [5480/34966] - Loss: 0.0983
  Batch [5490/34966] - Loss: 0.0983
  Batch [5500/34966] - Loss: 0.0983
  Batch [5510/34966] - Loss: 0.0983
  Batch [5520/34966] - Loss: 0.0982
  Batch [5530/34966] - Loss: 0.0982
  Batch [5540/34966] - Loss: 0.0982
  Batch [5550/34966] - Loss: 0.0982
  Batch [5560/34966] - Loss: 0.0982
  Batch [5570/34966] - Loss: 0.0982
  Batch [5580/34966] - Loss: 0.0982
  Batch [5590/34966] - Loss: 0.0982
  Batch [5600/34966] - Loss: 0.0982
  Batch [5610/34966] - Loss: 0.0981
  Batch [5620/34966] - Loss: 0.0982
  Batch [5630/34966] - Loss: 0.0982
  Batch [5640/34966] - Loss: 0.0982
  Batch [5650/34966] - Loss: 0.0982
  Batch [5660/34966] - Loss: 0.0982
  Batch [5670/34966] - Loss: 0.0982
  Batch [5680/34966] - Loss: 0.0982
  Batch [5690/34966] - Loss: 0.0982
  Batch [5700/34966] - Loss: 0.0982
  Batch [5710/34966] - Loss: 0.0983
  Batch [5720/34966] - Loss: 0.0983
  Batch [5730/34966] - Loss: 0.0982
  Batch [5740/34966] - Loss: 0.0982
  Batch [5750/34966] - Loss: 0.0982
  Batch [5760/34966] - Loss: 0.0982
  Batch [5770/34966] - Loss: 0.0981
  Batch [5780/34966] - Loss: 0.0981
  Batch [5790/34966] - Loss: 0.0981
  Batch [5800/34966] - Loss: 0.0981
  Batch [5810/34966] - Loss: 0.0981
  Batch [5820/34966] - Loss: 0.0981
  Batch [5830/34966] - Loss: 0.0981
  Batch [5840/34966] - Loss: 0.0981
  Batch [5850/34966] - Loss: 0.0981
  Batch [5860/34966] - Loss: 0.0981
  Batch [5870/34966] - Loss: 0.0980
  Batch [5880/34966] - Loss: 0.0980
  Batch [5890/34966] - Loss: 0.0982
  Batch [5900/34966] - Loss: 0.0982
  Batch [5910/34966] - Loss: 0.0981
  Batch [5920/34966] - Loss: 0.0982
  Batch [5930/34966] - Loss: 0.0982
  Batch [5940/34966] - Loss: 0.0982
  Batch [5950/34966] - Loss: 0.0982
  Batch [5960/34966] - Loss: 0.0982
  Batch [5970/34966] - Loss: 0.0982
  Batch [5980/34966] - Loss: 0.0981
  Batch [5990/34966] - Loss: 0.0981
  Batch [6000/34966] - Loss: 0.0981
  Batch [6010/34966] - Loss: 0.0981
  Batch [6020/34966] - Loss: 0.0982
  Batch [6030/34966] - Loss: 0.0982
  Batch [6040/34966] - Loss: 0.0982
  Batch [6050/34966] - Loss: 0.0982
  Batch [6060/34966] - Loss: 0.0982
  Batch [6070/34966] - Loss: 0.0983
  Batch [6080/34966] - Loss: 0.0983
  Batch [6090/34966] - Loss: 0.0983
  Batch [6100/34966] - Loss: 0.0982
  Batch [6110/34966] - Loss: 0.0982
  Batch [6120/34966] - Loss: 0.0982
  Batch [6130/34966] - Loss: 0.0982
  Batch [6140/34966] - Loss: 0.0982
  Batch [6150/34966] - Loss: 0.0982
  Batch [6160/34966] - Loss: 0.0983
  Batch [6170/34966] - Loss: 0.0983
  Batch [6180/34966] - Loss: 0.0982
  Batch [6190/34966] - Loss: 0.0982
  Batch [6200/34966] - Loss: 0.0983
  Batch [6210/34966] - Loss: 0.0983
  Batch [6220/34966] - Loss: 0.0983
  Batch [6230/34966] - Loss: 0.0983
  Batch [6240/34966] - Loss: 0.0984
  Batch [6250/34966] - Loss: 0.0984
  Batch [6260/34966] - Loss: 0.0984
  Batch [6270/34966] - Loss: 0.0984
  Batch [6280/34966] - Loss: 0.0984
  Batch [6290/34966] - Loss: 0.0983
  Batch [6300/34966] - Loss: 0.0983
  Batch [6310/34966] - Loss: 0.0982
  Batch [6320/34966] - Loss: 0.0982
  Batch [6330/34966] - Loss: 0.0982
  Batch [6340/34966] - Loss: 0.0982
  Batch [6350/34966] - Loss: 0.0982
  Batch [6360/34966] - Loss: 0.0982
  Batch [6370/34966] - Loss: 0.0982
  Batch [6380/34966] - Loss: 0.0981
  Batch [6390/34966] - Loss: 0.0981
  Batch [6400/34966] - Loss: 0.0982
  Batch [6410/34966] - Loss: 0.0982
  Batch [6420/34966] - Loss: 0.0982
  Batch [6430/34966] - Loss: 0.0982
  Batch [6440/34966] - Loss: 0.0981
  Batch [6450/34966] - Loss: 0.0981
  Batch [6460/34966] - Loss: 0.0981
  Batch [6470/34966] - Loss: 0.0981
  Batch [6480/34966] - Loss: 0.0981
  Batch [6490/34966] - Loss: 0.0981
  Batch [6500/34966] - Loss: 0.0981
  Batch [6510/34966] - Loss: 0.0981
  Batch [6520/34966] - Loss: 0.0981
  Batch [6530/34966] - Loss: 0.0981
  Batch [6540/34966] - Loss: 0.0981
  Batch [6550/34966] - Loss: 0.0980
  Batch [6560/34966] - Loss: 0.0980
  Batch [6570/34966] - Loss: 0.0981
  Batch [6580/34966] - Loss: 0.0981
  Batch [6590/34966] - Loss: 0.0981
  Batch [6600/34966] - Loss: 0.0981
  Batch [6610/34966] - Loss: 0.0981
  Batch [6620/34966] - Loss: 0.0981
  Batch [6630/34966] - Loss: 0.0981
  Batch [6640/34966] - Loss: 0.0981
  Batch [6650/34966] - Loss: 0.0981
  Batch [6660/34966] - Loss: 0.0981
  Batch [6670/34966] - Loss: 0.0981
  Batch [6680/34966] - Loss: 0.0981
  Batch [6690/34966] - Loss: 0.0981
  Batch [6700/34966] - Loss: 0.0981
  Batch [6710/34966] - Loss: 0.0981
  Batch [6720/34966] - Loss: 0.0981
  Batch [6730/34966] - Loss: 0.0981
  Batch [6740/34966] - Loss: 0.0982
  Batch [6750/34966] - Loss: 0.0982
  Batch [6760/34966] - Loss: 0.0982
  Batch [6770/34966] - Loss: 0.0982
  Batch [6780/34966] - Loss: 0.0982
  Batch [6790/34966] - Loss: 0.0982
  Batch [6800/34966] - Loss: 0.0982
  Batch [6810/34966] - Loss: 0.0982
  Batch [6820/34966] - Loss: 0.0981
  Batch [6830/34966] - Loss: 0.0981
  Batch [6840/34966] - Loss: 0.0982
  Batch [6850/34966] - Loss: 0.0982
  Batch [6860/34966] - Loss: 0.0981
  Batch [6870/34966] - Loss: 0.0981
  Batch [6880/34966] - Loss: 0.0981
  Batch [6890/34966] - Loss: 0.0981
  Batch [6900/34966] - Loss: 0.0981
  Batch [6910/34966] - Loss: 0.0981
  Batch [6920/34966] - Loss: 0.0981
  Batch [6930/34966] - Loss: 0.0981
  Batch [6940/34966] - Loss: 0.0981
  Batch [6950/34966] - Loss: 0.0980
  Batch [6960/34966] - Loss: 0.0980
  Batch [6970/34966] - Loss: 0.0980
  Batch [6980/34966] - Loss: 0.0980
  Batch [6990/34966] - Loss: 0.0980
  Batch [7000/34966] - Loss: 0.0980
  Batch [7010/34966] - Loss: 0.0980
  Batch [7020/34966] - Loss: 0.0980
  Batch [7030/34966] - Loss: 0.0980
  Batch [7040/34966] - Loss: 0.0980
  Batch [7050/34966] - Loss: 0.0980
  Batch [7060/34966] - Loss: 0.0980
  Batch [7070/34966] - Loss: 0.0980
  Batch [7080/34966] - Loss: 0.0979
  Batch [7090/34966] - Loss: 0.0979
  Batch [7100/34966] - Loss: 0.0980
  Batch [7110/34966] - Loss: 0.0979
  Batch [7120/34966] - Loss: 0.0979
  Batch [7130/34966] - Loss: 0.0979
  Batch [7140/34966] - Loss: 0.0979
  Batch [7150/34966] - Loss: 0.0979
  Batch [7160/34966] - Loss: 0.0980
  Batch [7170/34966] - Loss: 0.0980
  Batch [7180/34966] - Loss: 0.0980
  Batch [7190/34966] - Loss: 0.0980
  Batch [7200/34966] - Loss: 0.0980
  Batch [7210/34966] - Loss: 0.0980
  Batch [7220/34966] - Loss: 0.0980
  Batch [7230/34966] - Loss: 0.0980
  Batch [7240/34966] - Loss: 0.0980
  Batch [7250/34966] - Loss: 0.0979
  Batch [7260/34966] - Loss: 0.0979
  Batch [7270/34966] - Loss: 0.0979
  Batch [7280/34966] - Loss: 0.0979
  Batch [7290/34966] - Loss: 0.0979
  Batch [7300/34966] - Loss: 0.0979
  Batch [7310/34966] - Loss: 0.0978
  Batch [7320/34966] - Loss: 0.0979
  Batch [7330/34966] - Loss: 0.0979
  Batch [7340/34966] - Loss: 0.0978
  Batch [7350/34966] - Loss: 0.0979
  Batch [7360/34966] - Loss: 0.0979
  Batch [7370/34966] - Loss: 0.0979
  Batch [7380/34966] - Loss: 0.0979
  Batch [7390/34966] - Loss: 0.0980
  Batch [7400/34966] - Loss: 0.0979
  Batch [7410/34966] - Loss: 0.0980
  Batch [7420/34966] - Loss: 0.0980
  Batch [7430/34966] - Loss: 0.0979
  Batch [7440/34966] - Loss: 0.0979
  Batch [7450/34966] - Loss: 0.0979
  Batch [7460/34966] - Loss: 0.0978
  Batch [7470/34966] - Loss: 0.0978
  Batch [7480/34966] - Loss: 0.0978
  Batch [7490/34966] - Loss: 0.0978
  Batch [7500/34966] - Loss: 0.0978
  Batch [7510/34966] - Loss: 0.0978
  Batch [7520/34966] - Loss: 0.0978
  Batch [7530/34966] - Loss: 0.0978
  Batch [7540/34966] - Loss: 0.0978
  Batch [7550/34966] - Loss: 0.0979
  Batch [7560/34966] - Loss: 0.0978
  Batch [7570/34966] - Loss: 0.0978
  Batch [7580/34966] - Loss: 0.0979
  Batch [7590/34966] - Loss: 0.0979
  Batch [7600/34966] - Loss: 0.0979
  Batch [7610/34966] - Loss: 0.0979
  Batch [7620/34966] - Loss: 0.0979
  Batch [7630/34966] - Loss: 0.0979
  Batch [7640/34966] - Loss: 0.0980
  Batch [7650/34966] - Loss: 0.0980
  Batch [7660/34966] - Loss: 0.0980
  Batch [7670/34966] - Loss: 0.0980
  Batch [7680/34966] - Loss: 0.0981
  Batch [7690/34966] - Loss: 0.0981
  Batch [7700/34966] - Loss: 0.0981
  Batch [7710/34966] - Loss: 0.0981
  Batch [7720/34966] - Loss: 0.0981
  Batch [7730/34966] - Loss: 0.0981
  Batch [7740/34966] - Loss: 0.0981
  Batch [7750/34966] - Loss: 0.0981
  Batch [7760/34966] - Loss: 0.0981
  Batch [7770/34966] - Loss: 0.0981
  Batch [7780/34966] - Loss: 0.0981
  Batch [7790/34966] - Loss: 0.0981
  Batch [7800/34966] - Loss: 0.0981
  Batch [7810/34966] - Loss: 0.0981
  Batch [7820/34966] - Loss: 0.0981
  Batch [7830/34966] - Loss: 0.0982
  Batch [7840/34966] - Loss: 0.0982
  Batch [7850/34966] - Loss: 0.0982
  Batch [7860/34966] - Loss: 0.0982
  Batch [7870/34966] - Loss: 0.0982
  Batch [7880/34966] - Loss: 0.0982
  Batch [7890/34966] - Loss: 0.0982
  Batch [7900/34966] - Loss: 0.0983
  Batch [7910/34966] - Loss: 0.0982
  Batch [7920/34966] - Loss: 0.0983
  Batch [7930/34966] - Loss: 0.0983
  Batch [7940/34966] - Loss: 0.0983
  Batch [7950/34966] - Loss: 0.0982
  Batch [7960/34966] - Loss: 0.0983
  Batch [7970/34966] - Loss: 0.0983
  Batch [7980/34966] - Loss: 0.0983
  Batch [7990/34966] - Loss: 0.0983
  Batch [8000/34966] - Loss: 0.0982
  Batch [8010/34966] - Loss: 0.0982
  Batch [8020/34966] - Loss: 0.0982
  Batch [8030/34966] - Loss: 0.0982
  Batch [8040/34966] - Loss: 0.0982
  Batch [8050/34966] - Loss: 0.0982
  Batch [8060/34966] - Loss: 0.0983
  Batch [8070/34966] - Loss: 0.0983
  Batch [8080/34966] - Loss: 0.0983
  Batch [8090/34966] - Loss: 0.0983
  Batch [8100/34966] - Loss: 0.0983
  Batch [8110/34966] - Loss: 0.0983
  Batch [8120/34966] - Loss: 0.0983
  Batch [8130/34966] - Loss: 0.0983
  Batch [8140/34966] - Loss: 0.0983
  Batch [8150/34966] - Loss: 0.0983
  Batch [8160/34966] - Loss: 0.0983
  Batch [8170/34966] - Loss: 0.0983
  Batch [8180/34966] - Loss: 0.0983
  Batch [8190/34966] - Loss: 0.0983
  Batch [8200/34966] - Loss: 0.0983
  Batch [8210/34966] - Loss: 0.0982
  Batch [8220/34966] - Loss: 0.0983
  Batch [8230/34966] - Loss: 0.0983
  Batch [8240/34966] - Loss: 0.0983
  Batch [8250/34966] - Loss: 0.0983
  Batch [8260/34966] - Loss: 0.0983
  Batch [8270/34966] - Loss: 0.0982
  Batch [8280/34966] - Loss: 0.0982
  Batch [8290/34966] - Loss: 0.0982
  Batch [8300/34966] - Loss: 0.0982
  Batch [8310/34966] - Loss: 0.0982
  Batch [8320/34966] - Loss: 0.0982
  Batch [8330/34966] - Loss: 0.0982
  Batch [8340/34966] - Loss: 0.0982
  Batch [8350/34966] - Loss: 0.0982
  Batch [8360/34966] - Loss: 0.0982
  Batch [8370/34966] - Loss: 0.0983
  Batch [8380/34966] - Loss: 0.0983
  Batch [8390/34966] - Loss: 0.0983
  Batch [8400/34966] - Loss: 0.0983
  Batch [8410/34966] - Loss: 0.0983
  Batch [8420/34966] - Loss: 0.0983
  Batch [8430/34966] - Loss: 0.0983
  Batch [8440/34966] - Loss: 0.0983
  Batch [8450/34966] - Loss: 0.0984
  Batch [8460/34966] - Loss: 0.0983
  Batch [8470/34966] - Loss: 0.0984
  Batch [8480/34966] - Loss: 0.0984
  Batch [8490/34966] - Loss: 0.0984
  Batch [8500/34966] - Loss: 0.0984
  Batch [8510/34966] - Loss: 0.0984
  Batch [8520/34966] - Loss: 0.0984
  Batch [8530/34966] - Loss: 0.0984
  Batch [8540/34966] - Loss: 0.0984
  Batch [8550/34966] - Loss: 0.0984
  Batch [8560/34966] - Loss: 0.0984
  Batch [8570/34966] - Loss: 0.0984
  Batch [8580/34966] - Loss: 0.0984
  Batch [8590/34966] - Loss: 0.0984
  Batch [8600/34966] - Loss: 0.0984
  Batch [8610/34966] - Loss: 0.0985
  Batch [8620/34966] - Loss: 0.0985
  Batch [8630/34966] - Loss: 0.0985
  Batch [8640/34966] - Loss: 0.0985
  Batch [8650/34966] - Loss: 0.0985
  Batch [8660/34966] - Loss: 0.0985
  Batch [8670/34966] - Loss: 0.0985
  Batch [8680/34966] - Loss: 0.0985
  Batch [8690/34966] - Loss: 0.0985
  Batch [8700/34966] - Loss: 0.0985
  Batch [8710/34966] - Loss: 0.0985
  Batch [8720/34966] - Loss: 0.0985
  Batch [8730/34966] - Loss: 0.0985
  Batch [8740/34966] - Loss: 0.0984
  Batch [8750/34966] - Loss: 0.0984
  Batch [8760/34966] - Loss: 0.0984
  Batch [8770/34966] - Loss: 0.0984
  Batch [8780/34966] - Loss: 0.0984
  Batch [8790/34966] - Loss: 0.0984
  Batch [8800/34966] - Loss: 0.0984
  Batch [8810/34966] - Loss: 0.0984
  Batch [8820/34966] - Loss: 0.0985
  Batch [8830/34966] - Loss: 0.0984
  Batch [8840/34966] - Loss: 0.0985
  Batch [8850/34966] - Loss: 0.0985
  Batch [8860/34966] - Loss: 0.0985
  Batch [8870/34966] - Loss: 0.0985
  Batch [8880/34966] - Loss: 0.0985
  Batch [8890/34966] - Loss: 0.0985
  Batch [8900/34966] - Loss: 0.0985
  Batch [8910/34966] - Loss: 0.0985
  Batch [8920/34966] - Loss: 0.0985
  Batch [8930/34966] - Loss: 0.0985
  Batch [8940/34966] - Loss: 0.0985
  Batch [8950/34966] - Loss: 0.0985
  Batch [8960/34966] - Loss: 0.0985
  Batch [8970/34966] - Loss: 0.0985
  Batch [8980/34966] - Loss: 0.0985
  Batch [8990/34966] - Loss: 0.0985
  Batch [9000/34966] - Loss: 0.0985
  Batch [9010/34966] - Loss: 0.0985
  Batch [9020/34966] - Loss: 0.0985
  Batch [9030/34966] - Loss: 0.0985
  Batch [9040/34966] - Loss: 0.0985
  Batch [9050/34966] - Loss: 0.0984
  Batch [9060/34966] - Loss: 0.0985
  Batch [9070/34966] - Loss: 0.0984
  Batch [9080/34966] - Loss: 0.0984
  Batch [9090/34966] - Loss: 0.0984
  Batch [9100/34966] - Loss: 0.0984
  Batch [9110/34966] - Loss: 0.0984
  Batch [9120/34966] - Loss: 0.0984
  Batch [9130/34966] - Loss: 0.0984
  Batch [9140/34966] - Loss: 0.0984
  Batch [9150/34966] - Loss: 0.0984
  Batch [9160/34966] - Loss: 0.0984
  Batch [9170/34966] - Loss: 0.0984
  Batch [9180/34966] - Loss: 0.0984
  Batch [9190/34966] - Loss: 0.0984
  Batch [9200/34966] - Loss: 0.0984
  Batch [9210/34966] - Loss: 0.0984
  Batch [9220/34966] - Loss: 0.0984
  Batch [9230/34966] - Loss: 0.0984
  Batch [9240/34966] - Loss: 0.0984
  Batch [9250/34966] - Loss: 0.0984
  Batch [9260/34966] - Loss: 0.0984
  Batch [9270/34966] - Loss: 0.0985
  Batch [9280/34966] - Loss: 0.0985
  Batch [9290/34966] - Loss: 0.0984
  Batch [9300/34966] - Loss: 0.0985
  Batch [9310/34966] - Loss: 0.0985
  Batch [9320/34966] - Loss: 0.0984
  Batch [9330/34966] - Loss: 0.0984
  Batch [9340/34966] - Loss: 0.0984
  Batch [9350/34966] - Loss: 0.0984
  Batch [9360/34966] - Loss: 0.0984
  Batch [9370/34966] - Loss: 0.0984
  Batch [9380/34966] - Loss: 0.0984
  Batch [9390/34966] - Loss: 0.0984
  Batch [9400/34966] - Loss: 0.0984
  Batch [9410/34966] - Loss: 0.0984
  Batch [9420/34966] - Loss: 0.0984
  Batch [9430/34966] - Loss: 0.0984
  Batch [9440/34966] - Loss: 0.0984
  Batch [9450/34966] - Loss: 0.0984
  Batch [9460/34966] - Loss: 0.0984
  Batch [9470/34966] - Loss: 0.0984
  Batch [9480/34966] - Loss: 0.0984
  Batch [9490/34966] - Loss: 0.0984
  Batch [9500/34966] - Loss: 0.0984
  Batch [9510/34966] - Loss: 0.0984
  Batch [9520/34966] - Loss: 0.0984
  Batch [9530/34966] - Loss: 0.0984
  Batch [9540/34966] - Loss: 0.0984
  Batch [9550/34966] - Loss: 0.0984
  Batch [9560/34966] - Loss: 0.0984
  Batch [9570/34966] - Loss: 0.0984
  Batch [9580/34966] - Loss: 0.0984
  Batch [9590/34966] - Loss: 0.0984
  Batch [9600/34966] - Loss: 0.0984
  Batch [9610/34966] - Loss: 0.0985
  Batch [9620/34966] - Loss: 0.0985
  Batch [9630/34966] - Loss: 0.0985
  Batch [9640/34966] - Loss: 0.0984
  Batch [9650/34966] - Loss: 0.0985
  Batch [9660/34966] - Loss: 0.0985
  Batch [9670/34966] - Loss: 0.0984
  Batch [9680/34966] - Loss: 0.0984
  Batch [9690/34966] - Loss: 0.0985
  Batch [9700/34966] - Loss: 0.0984
  Batch [9710/34966] - Loss: 0.0985
  Batch [9720/34966] - Loss: 0.0985
  Batch [9730/34966] - Loss: 0.0985
  Batch [9740/34966] - Loss: 0.0984
  Batch [9750/34966] - Loss: 0.0984
  Batch [9760/34966] - Loss: 0.0984
  Batch [9770/34966] - Loss: 0.0984
  Batch [9780/34966] - Loss: 0.0984
  Batch [9790/34966] - Loss: 0.0984
  Batch [9800/34966] - Loss: 0.0984
  Batch [9810/34966] - Loss: 0.0984
  Batch [9820/34966] - Loss: 0.0984
  Batch [9830/34966] - Loss: 0.0984
  Batch [9840/34966] - Loss: 0.0984
  Batch [9850/34966] - Loss: 0.0984
  Batch [9860/34966] - Loss: 0.0984
  Batch [9870/34966] - Loss: 0.0984
  Batch [9880/34966] - Loss: 0.0984
  Batch [9890/34966] - Loss: 0.0984
  Batch [9900/34966] - Loss: 0.0983
  Batch [9910/34966] - Loss: 0.0983
  Batch [9920/34966] - Loss: 0.0983
  Batch [9930/34966] - Loss: 0.0983
  Batch [9940/34966] - Loss: 0.0983
  Batch [9950/34966] - Loss: 0.0983
  Batch [9960/34966] - Loss: 0.0983
  Batch [9970/34966] - Loss: 0.0983
  Batch [9980/34966] - Loss: 0.0983
  Batch [9990/34966] - Loss: 0.0983
  Batch [10000/34966] - Loss: 0.0983
  Batch [10010/34966] - Loss: 0.0983
  Batch [10020/34966] - Loss: 0.0983
  Batch [10030/34966] - Loss: 0.0983
  Batch [10040/34966] - Loss: 0.0983
  Batch [10050/34966] - Loss: 0.0983
  Batch [10060/34966] - Loss: 0.0983
  Batch [10070/34966] - Loss: 0.0983
  Batch [10080/34966] - Loss: 0.0983
  Batch [10090/34966] - Loss: 0.0983
  Batch [10100/34966] - Loss: 0.0983
  Batch [10110/34966] - Loss: 0.0983
  Batch [10120/34966] - Loss: 0.0983
  Batch [10130/34966] - Loss: 0.0983
  Batch [10140/34966] - Loss: 0.0983
  Batch [10150/34966] - Loss: 0.0983
  Batch [10160/34966] - Loss: 0.0983
  Batch [10170/34966] - Loss: 0.0983
  Batch [10180/34966] - Loss: 0.0983
  Batch [10190/34966] - Loss: 0.0983
  Batch [10200/34966] - Loss: 0.0983
  Batch [10210/34966] - Loss: 0.0983
  Batch [10220/34966] - Loss: 0.0983
  Batch [10230/34966] - Loss: 0.0983
  Batch [10240/34966] - Loss: 0.0983
  Batch [10250/34966] - Loss: 0.0983
  Batch [10260/34966] - Loss: 0.0983
  Batch [10270/34966] - Loss: 0.0983
  Batch [10280/34966] - Loss: 0.0983
  Batch [10290/34966] - Loss: 0.0983
  Batch [10300/34966] - Loss: 0.0983
  Batch [10310/34966] - Loss: 0.0983
  Batch [10320/34966] - Loss: 0.0983
  Batch [10330/34966] - Loss: 0.0983
  Batch [10340/34966] - Loss: 0.0983
  Batch [10350/34966] - Loss: 0.0983
  Batch [10360/34966] - Loss: 0.0983
  Batch [10370/34966] - Loss: 0.0983
  Batch [10380/34966] - Loss: 0.0983
  Batch [10390/34966] - Loss: 0.0983
  Batch [10400/34966] - Loss: 0.0983
  Batch [10410/34966] - Loss: 0.0983
  Batch [10420/34966] - Loss: 0.0983
  Batch [10430/34966] - Loss: 0.0983
  Batch [10440/34966] - Loss: 0.0983
  Batch [10450/34966] - Loss: 0.0983
  Batch [10460/34966] - Loss: 0.0982
  Batch [10470/34966] - Loss: 0.0982
  Batch [10480/34966] - Loss: 0.0982
  Batch [10490/34966] - Loss: 0.0982
  Batch [10500/34966] - Loss: 0.0983
  Batch [10510/34966] - Loss: 0.0982
  Batch [10520/34966] - Loss: 0.0982
  Batch [10530/34966] - Loss: 0.0982
  Batch [10540/34966] - Loss: 0.0982
  Batch [10550/34966] - Loss: 0.0981
  Batch [10560/34966] - Loss: 0.0982
  Batch [10570/34966] - Loss: 0.0982
  Batch [10580/34966] - Loss: 0.0982
  Batch [10590/34966] - Loss: 0.0981
  Batch [10600/34966] - Loss: 0.0981
  Batch [10610/34966] - Loss: 0.0981
  Batch [10620/34966] - Loss: 0.0981
  Batch [10630/34966] - Loss: 0.0981
  Batch [10640/34966] - Loss: 0.0981
  Batch [10650/34966] - Loss: 0.0981
  Batch [10660/34966] - Loss: 0.0981
  Batch [10670/34966] - Loss: 0.0981
  Batch [10680/34966] - Loss: 0.0981
  Batch [10690/34966] - Loss: 0.0981
  Batch [10700/34966] - Loss: 0.0981
  Batch [10710/34966] - Loss: 0.0981
  Batch [10720/34966] - Loss: 0.0981
  Batch [10730/34966] - Loss: 0.0981
  Batch [10740/34966] - Loss: 0.0981
  Batch [10750/34966] - Loss: 0.0981
  Batch [10760/34966] - Loss: 0.0981
  Batch [10770/34966] - Loss: 0.0981
  Batch [10780/34966] - Loss: 0.0981
  Batch [10790/34966] - Loss: 0.0981
  Batch [10800/34966] - Loss: 0.0981
  Batch [10810/34966] - Loss: 0.0982
  Batch [10820/34966] - Loss: 0.0982
  Batch [10830/34966] - Loss: 0.0982
  Batch [10840/34966] - Loss: 0.0982
  Batch [10850/34966] - Loss: 0.0982
  Batch [10860/34966] - Loss: 0.0982
  Batch [10870/34966] - Loss: 0.0982
  Batch [10880/34966] - Loss: 0.0982
  Batch [10890/34966] - Loss: 0.0981
  Batch [10900/34966] - Loss: 0.0981
  Batch [10910/34966] - Loss: 0.0981
  Batch [10920/34966] - Loss: 0.0981
  Batch [10930/34966] - Loss: 0.0981
  Batch [10940/34966] - Loss: 0.0981
  Batch [10950/34966] - Loss: 0.0981
  Batch [10960/34966] - Loss: 0.0981
  Batch [10970/34966] - Loss: 0.0981
  Batch [10980/34966] - Loss: 0.0981
  Batch [10990/34966] - Loss: 0.0981
  Batch [11000/34966] - Loss: 0.0981
  Batch [11010/34966] - Loss: 0.0981
  Batch [11020/34966] - Loss: 0.0982
  Batch [11030/34966] - Loss: 0.0982
  Batch [11040/34966] - Loss: 0.0982
  Batch [11050/34966] - Loss: 0.0982
  Batch [11060/34966] - Loss: 0.0982
  Batch [11070/34966] - Loss: 0.0982
  Batch [11080/34966] - Loss: 0.0982
  Batch [11090/34966] - Loss: 0.0982
  Batch [11100/34966] - Loss: 0.0981
  Batch [11110/34966] - Loss: 0.0981
  Batch [11120/34966] - Loss: 0.0981
  Batch [11130/34966] - Loss: 0.0981
  Batch [11140/34966] - Loss: 0.0982
  Batch [11150/34966] - Loss: 0.0981
  Batch [11160/34966] - Loss: 0.0982
  Batch [11170/34966] - Loss: 0.0982
  Batch [11180/34966] - Loss: 0.0981
  Batch [11190/34966] - Loss: 0.0981
  Batch [11200/34966] - Loss: 0.0981
  Batch [11210/34966] - Loss: 0.0982
  Batch [11220/34966] - Loss: 0.0981
  Batch [11230/34966] - Loss: 0.0981
  Batch [11240/34966] - Loss: 0.0981
  Batch [11250/34966] - Loss: 0.0982
  Batch [11260/34966] - Loss: 0.0982
  Batch [11270/34966] - Loss: 0.0982
  Batch [11280/34966] - Loss: 0.0982
  Batch [11290/34966] - Loss: 0.0982
  Batch [11300/34966] - Loss: 0.0982
  Batch [11310/34966] - Loss: 0.0982
  Batch [11320/34966] - Loss: 0.0982
  Batch [11330/34966] - Loss: 0.0982
  Batch [11340/34966] - Loss: 0.0982
  Batch [11350/34966] - Loss: 0.0982
  Batch [11360/34966] - Loss: 0.0982
  Batch [11370/34966] - Loss: 0.0982
  Batch [11380/34966] - Loss: 0.0982
  Batch [11390/34966] - Loss: 0.0982
  Batch [11400/34966] - Loss: 0.0982
  Batch [11410/34966] - Loss: 0.0982
  Batch [11420/34966] - Loss: 0.0982
  Batch [11430/34966] - Loss: 0.0982
  Batch [11440/34966] - Loss: 0.0982
  Batch [11450/34966] - Loss: 0.0982
  Batch [11460/34966] - Loss: 0.0982
  Batch [11470/34966] - Loss: 0.0982
  Batch [11480/34966] - Loss: 0.0982
  Batch [11490/34966] - Loss: 0.0982
  Batch [11500/34966] - Loss: 0.0982
  Batch [11510/34966] - Loss: 0.0982
  Batch [11520/34966] - Loss: 0.0982
  Batch [11530/34966] - Loss: 0.0981
  Batch [11540/34966] - Loss: 0.0981
  Batch [11550/34966] - Loss: 0.0981
  Batch [11560/34966] - Loss: 0.0981
  Batch [11570/34966] - Loss: 0.0981
  Batch [11580/34966] - Loss: 0.0981
  Batch [11590/34966] - Loss: 0.0981
  Batch [11600/34966] - Loss: 0.0981
  Batch [11610/34966] - Loss: 0.0981
  Batch [11620/34966] - Loss: 0.0981
  Batch [11630/34966] - Loss: 0.0981
  Batch [11640/34966] - Loss: 0.0981
  Batch [11650/34966] - Loss: 0.0981
  Batch [11660/34966] - Loss: 0.0981
  Batch [11670/34966] - Loss: 0.0981
  Batch [11680/34966] - Loss: 0.0981
  Batch [11690/34966] - Loss: 0.0981
  Batch [11700/34966] - Loss: 0.0981
  Batch [11710/34966] - Loss: 0.0981
  Batch [11720/34966] - Loss: 0.0981
  Batch [11730/34966] - Loss: 0.0981
  Batch [11740/34966] - Loss: 0.0981
  Batch [11750/34966] - Loss: 0.0981
  Batch [11760/34966] - Loss: 0.0981
  Batch [11770/34966] - Loss: 0.0981
  Batch [11780/34966] - Loss: 0.0982
  Batch [11790/34966] - Loss: 0.0982
  Batch [11800/34966] - Loss: 0.0982
  Batch [11810/34966] - Loss: 0.0982
  Batch [11820/34966] - Loss: 0.0982
  Batch [11830/34966] - Loss: 0.0982
  Batch [11840/34966] - Loss: 0.0983
  Batch [11850/34966] - Loss: 0.0983
  Batch [11860/34966] - Loss: 0.0983
  Batch [11870/34966] - Loss: 0.0983
  Batch [11880/34966] - Loss: 0.0983
  Batch [11890/34966] - Loss: 0.0983
  Batch [11900/34966] - Loss: 0.0983
  Batch [11910/34966] - Loss: 0.0983
  Batch [11920/34966] - Loss: 0.0983
  Batch [11930/34966] - Loss: 0.0983
  Batch [11940/34966] - Loss: 0.0983
  Batch [11950/34966] - Loss: 0.0983
  Batch [11960/34966] - Loss: 0.0983
  Batch [11970/34966] - Loss: 0.0983
  Batch [11980/34966] - Loss: 0.0983
  Batch [11990/34966] - Loss: 0.0983
  Batch [12000/34966] - Loss: 0.0982
  Batch [12010/34966] - Loss: 0.0982
  Batch [12020/34966] - Loss: 0.0983
  Batch [12030/34966] - Loss: 0.0982
  Batch [12040/34966] - Loss: 0.0982
  Batch [12050/34966] - Loss: 0.0983
  Batch [12060/34966] - Loss: 0.0983
  Batch [12070/34966] - Loss: 0.0983
  Batch [12080/34966] - Loss: 0.0982
  Batch [12090/34966] - Loss: 0.0982
  Batch [12100/34966] - Loss: 0.0982
  Batch [12110/34966] - Loss: 0.0982
  Batch [12120/34966] - Loss: 0.0983
  Batch [12130/34966] - Loss: 0.0982
  Batch [12140/34966] - Loss: 0.0982
  Batch [12150/34966] - Loss: 0.0982
  Batch [12160/34966] - Loss: 0.0982
  Batch [12170/34966] - Loss: 0.0982
  Batch [12180/34966] - Loss: 0.0982
  Batch [12190/34966] - Loss: 0.0982
  Batch [12200/34966] - Loss: 0.0982
  Batch [12210/34966] - Loss: 0.0982
  Batch [12220/34966] - Loss: 0.0982
  Batch [12230/34966] - Loss: 0.0982
  Batch [12240/34966] - Loss: 0.0982
  Batch [12250/34966] - Loss: 0.0982
  Batch [12260/34966] - Loss: 0.0982
  Batch [12270/34966] - Loss: 0.0983
  Batch [12280/34966] - Loss: 0.0982
  Batch [12290/34966] - Loss: 0.0983
  Batch [12300/34966] - Loss: 0.0983
  Batch [12310/34966] - Loss: 0.0983
  Batch [12320/34966] - Loss: 0.0983
  Batch [12330/34966] - Loss: 0.0983
  Batch [12340/34966] - Loss: 0.0982
  Batch [12350/34966] - Loss: 0.0982
  Batch [12360/34966] - Loss: 0.0982
  Batch [12370/34966] - Loss: 0.0982
  Batch [12380/34966] - Loss: 0.0982
  Batch [12390/34966] - Loss: 0.0982
  Batch [12400/34966] - Loss: 0.0982
  Batch [12410/34966] - Loss: 0.0982
  Batch [12420/34966] - Loss: 0.0982
  Batch [12430/34966] - Loss: 0.0982
  Batch [12440/34966] - Loss: 0.0982
  Batch [12450/34966] - Loss: 0.0982
  Batch [12460/34966] - Loss: 0.0982
  Batch [12470/34966] - Loss: 0.0982
  Batch [12480/34966] - Loss: 0.0982
  Batch [12490/34966] - Loss: 0.0982
  Batch [12500/34966] - Loss: 0.0982
  Batch [12510/34966] - Loss: 0.0982
  Batch [12520/34966] - Loss: 0.0982
  Batch [12530/34966] - Loss: 0.0982
  Batch [12540/34966] - Loss: 0.0982
  Batch [12550/34966] - Loss: 0.0982
  Batch [12560/34966] - Loss: 0.0982
  Batch [12570/34966] - Loss: 0.0982
  Batch [12580/34966] - Loss: 0.0982
  Batch [12590/34966] - Loss: 0.0982
  Batch [12600/34966] - Loss: 0.0982
  Batch [12610/34966] - Loss: 0.0982
  Batch [12620/34966] - Loss: 0.0982
  Batch [12630/34966] - Loss: 0.0982
  Batch [12640/34966] - Loss: 0.0982
  Batch [12650/34966] - Loss: 0.0982
  Batch [12660/34966] - Loss: 0.0982
  Batch [12670/34966] - Loss: 0.0983
  Batch [12680/34966] - Loss: 0.0983
  Batch [12690/34966] - Loss: 0.0983
  Batch [12700/34966] - Loss: 0.0983
  Batch [12710/34966] - Loss: 0.0983
  Batch [12720/34966] - Loss: 0.0983
  Batch [12730/34966] - Loss: 0.0983
  Batch [12740/34966] - Loss: 0.0983
  Batch [12750/34966] - Loss: 0.0983
  Batch [12760/34966] - Loss: 0.0983
  Batch [12770/34966] - Loss: 0.0983
  Batch [12780/34966] - Loss: 0.0983
  Batch [12790/34966] - Loss: 0.0983
  Batch [12800/34966] - Loss: 0.0983
  Batch [12810/34966] - Loss: 0.0983
  Batch [12820/34966] - Loss: 0.0983
  Batch [12830/34966] - Loss: 0.0983
  Batch [12840/34966] - Loss: 0.0983
  Batch [12850/34966] - Loss: 0.0983
  Batch [12860/34966] - Loss: 0.0983
  Batch [12870/34966] - Loss: 0.0983
  Batch [12880/34966] - Loss: 0.0984
  Batch [12890/34966] - Loss: 0.0984
  Batch [12900/34966] - Loss: 0.0983
  Batch [12910/34966] - Loss: 0.0983
  Batch [12920/34966] - Loss: 0.0983
  Batch [12930/34966] - Loss: 0.0983
  Batch [12940/34966] - Loss: 0.0984
  Batch [12950/34966] - Loss: 0.0984
  Batch [12960/34966] - Loss: 0.0984
  Batch [12970/34966] - Loss: 0.0984
  Batch [12980/34966] - Loss: 0.0984
  Batch [12990/34966] - Loss: 0.0983
  Batch [13000/34966] - Loss: 0.0983
  Batch [13010/34966] - Loss: 0.0984
  Batch [13020/34966] - Loss: 0.0984
  Batch [13030/34966] - Loss: 0.0984
  Batch [13040/34966] - Loss: 0.0984
  Batch [13050/34966] - Loss: 0.0984
  Batch [13060/34966] - Loss: 0.0984
  Batch [13070/34966] - Loss: 0.0984
  Batch [13080/34966] - Loss: 0.0984
  Batch [13090/34966] - Loss: 0.0984
  Batch [13100/34966] - Loss: 0.0984
  Batch [13110/34966] - Loss: 0.0984
  Batch [13120/34966] - Loss: 0.0984
  Batch [13130/34966] - Loss: 0.0983
  Batch [13140/34966] - Loss: 0.0983
  Batch [13150/34966] - Loss: 0.0983
  Batch [13160/34966] - Loss: 0.0984
  Batch [13170/34966] - Loss: 0.0983
  Batch [13180/34966] - Loss: 0.0984
  Batch [13190/34966] - Loss: 0.0983
  Batch [13200/34966] - Loss: 0.0983
  Batch [13210/34966] - Loss: 0.0983
  Batch [13220/34966] - Loss: 0.0983
  Batch [13230/34966] - Loss: 0.0983
  Batch [13240/34966] - Loss: 0.0983
  Batch [13250/34966] - Loss: 0.0983
  Batch [13260/34966] - Loss: 0.0983
  Batch [13270/34966] - Loss: 0.0983
  Batch [13280/34966] - Loss: 0.0983
  Batch [13290/34966] - Loss: 0.0983
  Batch [13300/34966] - Loss: 0.0983
  Batch [13310/34966] - Loss: 0.0983
  Batch [13320/34966] - Loss: 0.0983
  Batch [13330/34966] - Loss: 0.0983
  Batch [13340/34966] - Loss: 0.0983
  Batch [13350/34966] - Loss: 0.0983
  Batch [13360/34966] - Loss: 0.0983
  Batch [13370/34966] - Loss: 0.0982
  Batch [13380/34966] - Loss: 0.0982
  Batch [13390/34966] - Loss: 0.0982
  Batch [13400/34966] - Loss: 0.0982
  Batch [13410/34966] - Loss: 0.0982
  Batch [13420/34966] - Loss: 0.0982
  Batch [13430/34966] - Loss: 0.0982
  Batch [13440/34966] - Loss: 0.0982
  Batch [13450/34966] - Loss: 0.0982
  Batch [13460/34966] - Loss: 0.0982
  Batch [13470/34966] - Loss: 0.0982
  Batch [13480/34966] - Loss: 0.0981
  Batch [13490/34966] - Loss: 0.0981
  Batch [13500/34966] - Loss: 0.0981
  Batch [13510/34966] - Loss: 0.0981
  Batch [13520/34966] - Loss: 0.0981
  Batch [13530/34966] - Loss: 0.0981
  Batch [13540/34966] - Loss: 0.0982
  Batch [13550/34966] - Loss: 0.0981
  Batch [13560/34966] - Loss: 0.0981
  Batch [13570/34966] - Loss: 0.0981
  Batch [13580/34966] - Loss: 0.0981
  Batch [13590/34966] - Loss: 0.0981
  Batch [13600/34966] - Loss: 0.0981
  Batch [13610/34966] - Loss: 0.0981
  Batch [13620/34966] - Loss: 0.0981
  Batch [13630/34966] - Loss: 0.0981
  Batch [13640/34966] - Loss: 0.0981
  Batch [13650/34966] - Loss: 0.0981
  Batch [13660/34966] - Loss: 0.0981
  Batch [13670/34966] - Loss: 0.0981
  Batch [13680/34966] - Loss: 0.0981
  Batch [13690/34966] - Loss: 0.0981
  Batch [13700/34966] - Loss: 0.0981
  Batch [13710/34966] - Loss: 0.0981
  Batch [13720/34966] - Loss: 0.0981
  Batch [13730/34966] - Loss: 0.0981
  Batch [13740/34966] - Loss: 0.0981
  Batch [13750/34966] - Loss: 0.0981
  Batch [13760/34966] - Loss: 0.0981
  Batch [13770/34966] - Loss: 0.0981
  Batch [13780/34966] - Loss: 0.0981
  Batch [13790/34966] - Loss: 0.0981
  Batch [13800/34966] - Loss: 0.0981
  Batch [13810/34966] - Loss: 0.0981
  Batch [13820/34966] - Loss: 0.0981
  Batch [13830/34966] - Loss: 0.0981
  Batch [13840/34966] - Loss: 0.0981
  Batch [13850/34966] - Loss: 0.0981
  Batch [13860/34966] - Loss: 0.0981
  Batch [13870/34966] - Loss: 0.0981
  Batch [13880/34966] - Loss: 0.0981
  Batch [13890/34966] - Loss: 0.0981
  Batch [13900/34966] - Loss: 0.0981
  Batch [13910/34966] - Loss: 0.0981
  Batch [13920/34966] - Loss: 0.0981
  Batch [13930/34966] - Loss: 0.0981
  Batch [13940/34966] - Loss: 0.0980
  Batch [13950/34966] - Loss: 0.0981
  Batch [13960/34966] - Loss: 0.0981
  Batch [13970/34966] - Loss: 0.0980
  Batch [13980/34966] - Loss: 0.0981
  Batch [13990/34966] - Loss: 0.0981
  Batch [14000/34966] - Loss: 0.0980
  Batch [14010/34966] - Loss: 0.0981
  Batch [14020/34966] - Loss: 0.0981
  Batch [14030/34966] - Loss: 0.0981
  Batch [14040/34966] - Loss: 0.0981
  Batch [14050/34966] - Loss: 0.0981
  Batch [14060/34966] - Loss: 0.0980
  Batch [14070/34966] - Loss: 0.0980
  Batch [14080/34966] - Loss: 0.0980
  Batch [14090/34966] - Loss: 0.0980
  Batch [14100/34966] - Loss: 0.0980
  Batch [14110/34966] - Loss: 0.0980
  Batch [14120/34966] - Loss: 0.0980
  Batch [14130/34966] - Loss: 0.0980
  Batch [14140/34966] - Loss: 0.0980
  Batch [14150/34966] - Loss: 0.0980
  Batch [14160/34966] - Loss: 0.0980
  Batch [14170/34966] - Loss: 0.0980
  Batch [14180/34966] - Loss: 0.0980
  Batch [14190/34966] - Loss: 0.0980
  Batch [14200/34966] - Loss: 0.0980
  Batch [14210/34966] - Loss: 0.0980
  Batch [14220/34966] - Loss: 0.0980
  Batch [14230/34966] - Loss: 0.0980
  Batch [14240/34966] - Loss: 0.0980
  Batch [14250/34966] - Loss: 0.0980
  Batch [14260/34966] - Loss: 0.0980
  Batch [14270/34966] - Loss: 0.0980
  Batch [14280/34966] - Loss: 0.0980
  Batch [14290/34966] - Loss: 0.0980
  Batch [14300/34966] - Loss: 0.0980
  Batch [14310/34966] - Loss: 0.0980
  Batch [14320/34966] - Loss: 0.0980
  Batch [14330/34966] - Loss: 0.0980
  Batch [14340/34966] - Loss: 0.0981
  Batch [14350/34966] - Loss: 0.0981
  Batch [14360/34966] - Loss: 0.0981
  Batch [14370/34966] - Loss: 0.0981
  Batch [14380/34966] - Loss: 0.0981
  Batch [14390/34966] - Loss: 0.0981
  Batch [14400/34966] - Loss: 0.0980
  Batch [14410/34966] - Loss: 0.0980
  Batch [14420/34966] - Loss: 0.0980
  Batch [14430/34966] - Loss: 0.0980
  Batch [14440/34966] - Loss: 0.0980
  Batch [14450/34966] - Loss: 0.0980
  Batch [14460/34966] - Loss: 0.0980
  Batch [14470/34966] - Loss: 0.0980
  Batch [14480/34966] - Loss: 0.0980
  Batch [14490/34966] - Loss: 0.0980
  Batch [14500/34966] - Loss: 0.0980
  Batch [14510/34966] - Loss: 0.0980
  Batch [14520/34966] - Loss: 0.0980
  Batch [14530/34966] - Loss: 0.0980
  Batch [14540/34966] - Loss: 0.0980
  Batch [14550/34966] - Loss: 0.0980
  Batch [14560/34966] - Loss: 0.0980
  Batch [14570/34966] - Loss: 0.0980
  Batch [14580/34966] - Loss: 0.0980
  Batch [14590/34966] - Loss: 0.0980
  Batch [14600/34966] - Loss: 0.0980
  Batch [14610/34966] - Loss: 0.0980
  Batch [14620/34966] - Loss: 0.0980
  Batch [14630/34966] - Loss: 0.0980
  Batch [14640/34966] - Loss: 0.0980
  Batch [14650/34966] - Loss: 0.0980
  Batch [14660/34966] - Loss: 0.0980
  Batch [14670/34966] - Loss: 0.0980
  Batch [14680/34966] - Loss: 0.0980
  Batch [14690/34966] - Loss: 0.0980
  Batch [14700/34966] - Loss: 0.0980
  Batch [14710/34966] - Loss: 0.0980
  Batch [14720/34966] - Loss: 0.0980
  Batch [14730/34966] - Loss: 0.0980
  Batch [14740/34966] - Loss: 0.0980
  Batch [14750/34966] - Loss: 0.0979
  Batch [14760/34966] - Loss: 0.0980
  Batch [14770/34966] - Loss: 0.0979
  Batch [14780/34966] - Loss: 0.0980
  Batch [14790/34966] - Loss: 0.0979
  Batch [14800/34966] - Loss: 0.0980
  Batch [14810/34966] - Loss: 0.0980
  Batch [14820/34966] - Loss: 0.0980
  Batch [14830/34966] - Loss: 0.0979
  Batch [14840/34966] - Loss: 0.0979
  Batch [14850/34966] - Loss: 0.0979
  Batch [14860/34966] - Loss: 0.0979
  Batch [14870/34966] - Loss: 0.0979
  Batch [14880/34966] - Loss: 0.0979
  Batch [14890/34966] - Loss: 0.0979
  Batch [14900/34966] - Loss: 0.0979
  Batch [14910/34966] - Loss: 0.0979
  Batch [14920/34966] - Loss: 0.0979
  Batch [14930/34966] - Loss: 0.0979
  Batch [14940/34966] - Loss: 0.0979
  Batch [14950/34966] - Loss: 0.0979
  Batch [14960/34966] - Loss: 0.0979
  Batch [14970/34966] - Loss: 0.0979
  Batch [14980/34966] - Loss: 0.0980
  Batch [14990/34966] - Loss: 0.0979
  Batch [15000/34966] - Loss: 0.0979
  Batch [15010/34966] - Loss: 0.0979
  Batch [15020/34966] - Loss: 0.0979
  Batch [15030/34966] - Loss: 0.0979
  Batch [15040/34966] - Loss: 0.0979
  Batch [15050/34966] - Loss: 0.0980
  Batch [15060/34966] - Loss: 0.0980
  Batch [15070/34966] - Loss: 0.0980
  Batch [15080/34966] - Loss: 0.0980
  Batch [15090/34966] - Loss: 0.0980
  Batch [15100/34966] - Loss: 0.0980
  Batch [15110/34966] - Loss: 0.0980
  Batch [15120/34966] - Loss: 0.0980
  Batch [15130/34966] - Loss: 0.0980
  Batch [15140/34966] - Loss: 0.0980
  Batch [15150/34966] - Loss: 0.0980
  Batch [15160/34966] - Loss: 0.0980
  Batch [15170/34966] - Loss: 0.0980
  Batch [15180/34966] - Loss: 0.0980
  Batch [15190/34966] - Loss: 0.0980
  Batch [15200/34966] - Loss: 0.0980
  Batch [15210/34966] - Loss: 0.0980
  Batch [15220/34966] - Loss: 0.0980
  Batch [15230/34966] - Loss: 0.0980
  Batch [15240/34966] - Loss: 0.0980
  Batch [15250/34966] - Loss: 0.0980
  Batch [15260/34966] - Loss: 0.0980
  Batch [15270/34966] - Loss: 0.0981
  Batch [15280/34966] - Loss: 0.0981
  Batch [15290/34966] - Loss: 0.0981
  Batch [15300/34966] - Loss: 0.0981
  Batch [15310/34966] - Loss: 0.0981
  Batch [15320/34966] - Loss: 0.0981
  Batch [15330/34966] - Loss: 0.0981
  Batch [15340/34966] - Loss: 0.0980
  Batch [15350/34966] - Loss: 0.0981
  Batch [15360/34966] - Loss: 0.0981
  Batch [15370/34966] - Loss: 0.0981
  Batch [15380/34966] - Loss: 0.0981
  Batch [15390/34966] - Loss: 0.0981
  Batch [15400/34966] - Loss: 0.0981
  Batch [15410/34966] - Loss: 0.0980
  Batch [15420/34966] - Loss: 0.0980
  Batch [15430/34966] - Loss: 0.0980
  Batch [15440/34966] - Loss: 0.0980
  Batch [15450/34966] - Loss: 0.0980
  Batch [15460/34966] - Loss: 0.0980
  Batch [15470/34966] - Loss: 0.0980
  Batch [15480/34966] - Loss: 0.0980
  Batch [15490/34966] - Loss: 0.0980
  Batch [15500/34966] - Loss: 0.0980
  Batch [15510/34966] - Loss: 0.0980
  Batch [15520/34966] - Loss: 0.0980
  Batch [15530/34966] - Loss: 0.0980
  Batch [15540/34966] - Loss: 0.0980
  Batch [15550/34966] - Loss: 0.0980
  Batch [15560/34966] - Loss: 0.0980
  Batch [15570/34966] - Loss: 0.0980
  Batch [15580/34966] - Loss: 0.0981
  Batch [15590/34966] - Loss: 0.0981
  Batch [15600/34966] - Loss: 0.0980
  Batch [15610/34966] - Loss: 0.0981
  Batch [15620/34966] - Loss: 0.0981
  Batch [15630/34966] - Loss: 0.0981
  Batch [15640/34966] - Loss: 0.0980
  Batch [15650/34966] - Loss: 0.0981
  Batch [15660/34966] - Loss: 0.0981
  Batch [15670/34966] - Loss: 0.0981
  Batch [15680/34966] - Loss: 0.0981
  Batch [15690/34966] - Loss: 0.0981
  Batch [15700/34966] - Loss: 0.0980
  Batch [15710/34966] - Loss: 0.0981
  Batch [15720/34966] - Loss: 0.0980
  Batch [15730/34966] - Loss: 0.0980
  Batch [15740/34966] - Loss: 0.0980
  Batch [15750/34966] - Loss: 0.0980
  Batch [15760/34966] - Loss: 0.0980
  Batch [15770/34966] - Loss: 0.0980
  Batch [15780/34966] - Loss: 0.0981
  Batch [15790/34966] - Loss: 0.0981
  Batch [15800/34966] - Loss: 0.0981
  Batch [15810/34966] - Loss: 0.0981
  Batch [15820/34966] - Loss: 0.0981
  Batch [15830/34966] - Loss: 0.0981
  Batch [15840/34966] - Loss: 0.0981
  Batch [15850/34966] - Loss: 0.0981
  Batch [15860/34966] - Loss: 0.0981
  Batch [15870/34966] - Loss: 0.0981
  Batch [15880/34966] - Loss: 0.0981
  Batch [15890/34966] - Loss: 0.0981
  Batch [15900/34966] - Loss: 0.0981
  Batch [15910/34966] - Loss: 0.0981
  Batch [15920/34966] - Loss: 0.0981
  Batch [15930/34966] - Loss: 0.0981
  Batch [15940/34966] - Loss: 0.0981
  Batch [15950/34966] - Loss: 0.0981
  Batch [15960/34966] - Loss: 0.0981
  Batch [15970/34966] - Loss: 0.0981
  Batch [15980/34966] - Loss: 0.0981
  Batch [15990/34966] - Loss: 0.0981
  Batch [16000/34966] - Loss: 0.0981
  Batch [16010/34966] - Loss: 0.0981
  Batch [16020/34966] - Loss: 0.0981
  Batch [16030/34966] - Loss: 0.0981
  Batch [16040/34966] - Loss: 0.0981
  Batch [16050/34966] - Loss: 0.0981
  Batch [16060/34966] - Loss: 0.0981
  Batch [16070/34966] - Loss: 0.0981
  Batch [16080/34966] - Loss: 0.0981
  Batch [16090/34966] - Loss: 0.0981
  Batch [16100/34966] - Loss: 0.0980
  Batch [16110/34966] - Loss: 0.0980
  Batch [16120/34966] - Loss: 0.0980
  Batch [16130/34966] - Loss: 0.0980
  Batch [16140/34966] - Loss: 0.0980
  Batch [16150/34966] - Loss: 0.0980
  Batch [16160/34966] - Loss: 0.0980
  Batch [16170/34966] - Loss: 0.0980
  Batch [16180/34966] - Loss: 0.0980
  Batch [16190/34966] - Loss: 0.0980
  Batch [16200/34966] - Loss: 0.0981
  Batch [16210/34966] - Loss: 0.0981
  Batch [16220/34966] - Loss: 0.0980
  Batch [16230/34966] - Loss: 0.0980
  Batch [16240/34966] - Loss: 0.0981
  Batch [16250/34966] - Loss: 0.0980
  Batch [16260/34966] - Loss: 0.0980
  Batch [16270/34966] - Loss: 0.0980
  Batch [16280/34966] - Loss: 0.0980
  Batch [16290/34966] - Loss: 0.0980
  Batch [16300/34966] - Loss: 0.0980
  Batch [16310/34966] - Loss: 0.0980
  Batch [16320/34966] - Loss: 0.0980
  Batch [16330/34966] - Loss: 0.0980
  Batch [16340/34966] - Loss: 0.0980
  Batch [16350/34966] - Loss: 0.0980
  Batch [16360/34966] - Loss: 0.0980
  Batch [16370/34966] - Loss: 0.0980
  Batch [16380/34966] - Loss: 0.0980
  Batch [16390/34966] - Loss: 0.0980
  Batch [16400/34966] - Loss: 0.0980
  Batch [16410/34966] - Loss: 0.0980
  Batch [16420/34966] - Loss: 0.0980
  Batch [16430/34966] - Loss: 0.0980
  Batch [16440/34966] - Loss: 0.0980
  Batch [16450/34966] - Loss: 0.0980
  Batch [16460/34966] - Loss: 0.0980
  Batch [16470/34966] - Loss: 0.0980
  Batch [16480/34966] - Loss: 0.0980
  Batch [16490/34966] - Loss: 0.0980
  Batch [16500/34966] - Loss: 0.0980
  Batch [16510/34966] - Loss: 0.0979
  Batch [16520/34966] - Loss: 0.0979
  Batch [16530/34966] - Loss: 0.0979
  Batch [16540/34966] - Loss: 0.0979
  Batch [16550/34966] - Loss: 0.0979
  Batch [16560/34966] - Loss: 0.0979
  Batch [16570/34966] - Loss: 0.0979
  Batch [16580/34966] - Loss: 0.0979
  Batch [16590/34966] - Loss: 0.0979
  Batch [16600/34966] - Loss: 0.0979
  Batch [16610/34966] - Loss: 0.0979
  Batch [16620/34966] - Loss: 0.0979
  Batch [16630/34966] - Loss: 0.0979
  Batch [16640/34966] - Loss: 0.0979
  Batch [16650/34966] - Loss: 0.0979
  Batch [16660/34966] - Loss: 0.0979
  Batch [16670/34966] - Loss: 0.0979
  Batch [16680/34966] - Loss: 0.0980
  Batch [16690/34966] - Loss: 0.0980
  Batch [16700/34966] - Loss: 0.0980
  Batch [16710/34966] - Loss: 0.0980
  Batch [16720/34966] - Loss: 0.0980
  Batch [16730/34966] - Loss: 0.0980
  Batch [16740/34966] - Loss: 0.0980
  Batch [16750/34966] - Loss: 0.0980
  Batch [16760/34966] - Loss: 0.0980
  Batch [16770/34966] - Loss: 0.0980
  Batch [16780/34966] - Loss: 0.0980
  Batch [16790/34966] - Loss: 0.0980
  Batch [16800/34966] - Loss: 0.0980
  Batch [16810/34966] - Loss: 0.0980
  Batch [16820/34966] - Loss: 0.0980
  Batch [16830/34966] - Loss: 0.0980
  Batch [16840/34966] - Loss: 0.0981
  Batch [16850/34966] - Loss: 0.0981
  Batch [16860/34966] - Loss: 0.0980
  Batch [16870/34966] - Loss: 0.0981
  Batch [16880/34966] - Loss: 0.0981
  Batch [16890/34966] - Loss: 0.0981
  Batch [16900/34966] - Loss: 0.0981
  Batch [16910/34966] - Loss: 0.0981
  Batch [16920/34966] - Loss: 0.0981
  Batch [16930/34966] - Loss: 0.0981
  Batch [16940/34966] - Loss: 0.0981
  Batch [16950/34966] - Loss: 0.0981
  Batch [16960/34966] - Loss: 0.0981
  Batch [16970/34966] - Loss: 0.0981
  Batch [16980/34966] - Loss: 0.0981
  Batch [16990/34966] - Loss: 0.0981
  Batch [17000/34966] - Loss: 0.0981
  Batch [17010/34966] - Loss: 0.0981
  Batch [17020/34966] - Loss: 0.0981
  Batch [17030/34966] - Loss: 0.0981
  Batch [17040/34966] - Loss: 0.0981
  Batch [17050/34966] - Loss: 0.0981
  Batch [17060/34966] - Loss: 0.0981
  Batch [17070/34966] - Loss: 0.0981
  Batch [17080/34966] - Loss: 0.0981
  Batch [17090/34966] - Loss: 0.0981
  Batch [17100/34966] - Loss: 0.0981
  Batch [17110/34966] - Loss: 0.0981
  Batch [17120/34966] - Loss: 0.0981
  Batch [17130/34966] - Loss: 0.0981
  Batch [17140/34966] - Loss: 0.0981
  Batch [17150/34966] - Loss: 0.0981
  Batch [17160/34966] - Loss: 0.0981
  Batch [17170/34966] - Loss: 0.0981
  Batch [17180/34966] - Loss: 0.0981
  Batch [17190/34966] - Loss: 0.0981
  Batch [17200/34966] - Loss: 0.0981
  Batch [17210/34966] - Loss: 0.0981
  Batch [17220/34966] - Loss: 0.0981
  Batch [17230/34966] - Loss: 0.0981
  Batch [17240/34966] - Loss: 0.0981
  Batch [17250/34966] - Loss: 0.0981
  Batch [17260/34966] - Loss: 0.0981
  Batch [17270/34966] - Loss: 0.0981
  Batch [17280/34966] - Loss: 0.0981
  Batch [17290/34966] - Loss: 0.0981
  Batch [17300/34966] - Loss: 0.0981
  Batch [17310/34966] - Loss: 0.0981
  Batch [17320/34966] - Loss: 0.0981
  Batch [17330/34966] - Loss: 0.0981
  Batch [17340/34966] - Loss: 0.0981
  Batch [17350/34966] - Loss: 0.0981
  Batch [17360/34966] - Loss: 0.0981
  Batch [17370/34966] - Loss: 0.0981
  Batch [17380/34966] - Loss: 0.0981
  Batch [17390/34966] - Loss: 0.0981
  Batch [17400/34966] - Loss: 0.0981
  Batch [17410/34966] - Loss: 0.0980
  Batch [17420/34966] - Loss: 0.0980
  Batch [17430/34966] - Loss: 0.0981
  Batch [17440/34966] - Loss: 0.0981
  Batch [17450/34966] - Loss: 0.0980
  Batch [17460/34966] - Loss: 0.0980
  Batch [17470/34966] - Loss: 0.0980
  Batch [17480/34966] - Loss: 0.0980
  Batch [17490/34966] - Loss: 0.0980
  Batch [17500/34966] - Loss: 0.0980
  Batch [17510/34966] - Loss: 0.0980
  Batch [17520/34966] - Loss: 0.0980
  Batch [17530/34966] - Loss: 0.0980
  Batch [17540/34966] - Loss: 0.0980
  Batch [17550/34966] - Loss: 0.0980
  Batch [17560/34966] - Loss: 0.0980
  Batch [17570/34966] - Loss: 0.0980
  Batch [17580/34966] - Loss: 0.0980
  Batch [17590/34966] - Loss: 0.0980
  Batch [17600/34966] - Loss: 0.0980
  Batch [17610/34966] - Loss: 0.0980
  Batch [17620/34966] - Loss: 0.0980
  Batch [17630/34966] - Loss: 0.0980
  Batch [17640/34966] - Loss: 0.0980
  Batch [17650/34966] - Loss: 0.0980
  Batch [17660/34966] - Loss: 0.0980
  Batch [17670/34966] - Loss: 0.0980
  Batch [17680/34966] - Loss: 0.0980
  Batch [17690/34966] - Loss: 0.0980
  Batch [17700/34966] - Loss: 0.0980
  Batch [17710/34966] - Loss: 0.0980
  Batch [17720/34966] - Loss: 0.0980
  Batch [17730/34966] - Loss: 0.0980
  Batch [17740/34966] - Loss: 0.0980
  Batch [17750/34966] - Loss: 0.0980
  Batch [17760/34966] - Loss: 0.0980
  Batch [17770/34966] - Loss: 0.0980
  Batch [17780/34966] - Loss: 0.0980
  Batch [17790/34966] - Loss: 0.0980
  Batch [17800/34966] - Loss: 0.0980
  Batch [17810/34966] - Loss: 0.0980
  Batch [17820/34966] - Loss: 0.0980
  Batch [17830/34966] - Loss: 0.0980
  Batch [17840/34966] - Loss: 0.0980
  Batch [17850/34966] - Loss: 0.0980
  Batch [17860/34966] - Loss: 0.0980
  Batch [17870/34966] - Loss: 0.0980
  Batch [17880/34966] - Loss: 0.0980
  Batch [17890/34966] - Loss: 0.0979
  Batch [17900/34966] - Loss: 0.0979
  Batch [17910/34966] - Loss: 0.0980
  Batch [17920/34966] - Loss: 0.0980
  Batch [17930/34966] - Loss: 0.0980
  Batch [17940/34966] - Loss: 0.0980
  Batch [17950/34966] - Loss: 0.0980
  Batch [17960/34966] - Loss: 0.0980
  Batch [17970/34966] - Loss: 0.0980
  Batch [17980/34966] - Loss: 0.0980
  Batch [17990/34966] - Loss: 0.0980
  Batch [18000/34966] - Loss: 0.0980
  Batch [18010/34966] - Loss: 0.0980
  Batch [18020/34966] - Loss: 0.0980
  Batch [18030/34966] - Loss: 0.0980
  Batch [18040/34966] - Loss: 0.0980
  Batch [18050/34966] - Loss: 0.0980
  Batch [18060/34966] - Loss: 0.0980
  Batch [18070/34966] - Loss: 0.0980
  Batch [18080/34966] - Loss: 0.0980
  Batch [18090/34966] - Loss: 0.0980
  Batch [18100/34966] - Loss: 0.0980
  Batch [18110/34966] - Loss: 0.0980
  Batch [18120/34966] - Loss: 0.0980
  Batch [18130/34966] - Loss: 0.0980
  Batch [18140/34966] - Loss: 0.0980
  Batch [18150/34966] - Loss: 0.0980
  Batch [18160/34966] - Loss: 0.0980
  Batch [18170/34966] - Loss: 0.0981
  Batch [18180/34966] - Loss: 0.0980
  Batch [18190/34966] - Loss: 0.0980
  Batch [18200/34966] - Loss: 0.0980
  Batch [18210/34966] - Loss: 0.0980
  Batch [18220/34966] - Loss: 0.0980
  Batch [18230/34966] - Loss: 0.0980
  Batch [18240/34966] - Loss: 0.0980
  Batch [18250/34966] - Loss: 0.0980
  Batch [18260/34966] - Loss: 0.0980
  Batch [18270/34966] - Loss: 0.0980
  Batch [18280/34966] - Loss: 0.0980
  Batch [18290/34966] - Loss: 0.0981
  Batch [18300/34966] - Loss: 0.0981
  Batch [18310/34966] - Loss: 0.0981
  Batch [18320/34966] - Loss: 0.0981
  Batch [18330/34966] - Loss: 0.0981
  Batch [18340/34966] - Loss: 0.0980
  Batch [18350/34966] - Loss: 0.0981
  Batch [18360/34966] - Loss: 0.0981
  Batch [18370/34966] - Loss: 0.0980
  Batch [18380/34966] - Loss: 0.0980
  Batch [18390/34966] - Loss: 0.0980
  Batch [18400/34966] - Loss: 0.0980
  Batch [18410/34966] - Loss: 0.0980
  Batch [18420/34966] - Loss: 0.0980
  Batch [18430/34966] - Loss: 0.0980
  Batch [18440/34966] - Loss: 0.0980
  Batch [18450/34966] - Loss: 0.0980
  Batch [18460/34966] - Loss: 0.0980
  Batch [18470/34966] - Loss: 0.0980
  Batch [18480/34966] - Loss: 0.0980
  Batch [18490/34966] - Loss: 0.0980
  Batch [18500/34966] - Loss: 0.0980
  Batch [18510/34966] - Loss: 0.0980
  Batch [18520/34966] - Loss: 0.0980
  Batch [18530/34966] - Loss: 0.0980
  Batch [18540/34966] - Loss: 0.0980
  Batch [18550/34966] - Loss: 0.0980
  Batch [18560/34966] - Loss: 0.0981
  Batch [18570/34966] - Loss: 0.0981
  Batch [18580/34966] - Loss: 0.0981
  Batch [18590/34966] - Loss: 0.0981
  Batch [18600/34966] - Loss: 0.0981
  Batch [18610/34966] - Loss: 0.0981
  Batch [18620/34966] - Loss: 0.0981
  Batch [18630/34966] - Loss: 0.0981
  Batch [18640/34966] - Loss: 0.0981
  Batch [18650/34966] - Loss: 0.0981
  Batch [18660/34966] - Loss: 0.0981
  Batch [18670/34966] - Loss: 0.0981
  Batch [18680/34966] - Loss: 0.0981
  Batch [18690/34966] - Loss: 0.0981
  Batch [18700/34966] - Loss: 0.0981
  Batch [18710/34966] - Loss: 0.0981
  Batch [18720/34966] - Loss: 0.0981
  Batch [18730/34966] - Loss: 0.0981
  Batch [18740/34966] - Loss: 0.0981
  Batch [18750/34966] - Loss: 0.0980
  Batch [18760/34966] - Loss: 0.0980
  Batch [18770/34966] - Loss: 0.0980
  Batch [18780/34966] - Loss: 0.0981
  Batch [18790/34966] - Loss: 0.0981
  Batch [18800/34966] - Loss: 0.0980
  Batch [18810/34966] - Loss: 0.0980
  Batch [18820/34966] - Loss: 0.0980
  Batch [18830/34966] - Loss: 0.0980
  Batch [18840/34966] - Loss: 0.0980
  Batch [18850/34966] - Loss: 0.0980
  Batch [18860/34966] - Loss: 0.0980
  Batch [18870/34966] - Loss: 0.0980
  Batch [18880/34966] - Loss: 0.0980
  Batch [18890/34966] - Loss: 0.0980
  Batch [18900/34966] - Loss: 0.0980
  Batch [18910/34966] - Loss: 0.0980
  Batch [18920/34966] - Loss: 0.0980
  Batch [18930/34966] - Loss: 0.0980
  Batch [18940/34966] - Loss: 0.0981
  Batch [18950/34966] - Loss: 0.0981
  Batch [18960/34966] - Loss: 0.0981
  Batch [18970/34966] - Loss: 0.0981
  Batch [18980/34966] - Loss: 0.0981
  Batch [18990/34966] - Loss: 0.0981
  Batch [19000/34966] - Loss: 0.0981
  Batch [19010/34966] - Loss: 0.0981
  Batch [19020/34966] - Loss: 0.0981
  Batch [19030/34966] - Loss: 0.0981
  Batch [19040/34966] - Loss: 0.0981
  Batch [19050/34966] - Loss: 0.0981
  Batch [19060/34966] - Loss: 0.0981
  Batch [19070/34966] - Loss: 0.0981
  Batch [19080/34966] - Loss: 0.0981
  Batch [19090/34966] - Loss: 0.0981
  Batch [19100/34966] - Loss: 0.0981
  Batch [19110/34966] - Loss: 0.0981
  Batch [19120/34966] - Loss: 0.0981
  Batch [19130/34966] - Loss: 0.0981
  Batch [19140/34966] - Loss: 0.0981
  Batch [19150/34966] - Loss: 0.0981
  Batch [19160/34966] - Loss: 0.0981
  Batch [19170/34966] - Loss: 0.0981
  Batch [19180/34966] - Loss: 0.0981
  Batch [19190/34966] - Loss: 0.0981
  Batch [19200/34966] - Loss: 0.0981
  Batch [19210/34966] - Loss: 0.0981
  Batch [19220/34966] - Loss: 0.0982
  Batch [19230/34966] - Loss: 0.0981
  Batch [19240/34966] - Loss: 0.0981
  Batch [19250/34966] - Loss: 0.0981
  Batch [19260/34966] - Loss: 0.0981
  Batch [19270/34966] - Loss: 0.0981
  Batch [19280/34966] - Loss: 0.0981
  Batch [19290/34966] - Loss: 0.0981
  Batch [19300/34966] - Loss: 0.0981
  Batch [19310/34966] - Loss: 0.0981
  Batch [19320/34966] - Loss: 0.0981
  Batch [19330/34966] - Loss: 0.0982
  Batch [19340/34966] - Loss: 0.0982
  Batch [19350/34966] - Loss: 0.0982
  Batch [19360/34966] - Loss: 0.0982
  Batch [19370/34966] - Loss: 0.0982
  Batch [19380/34966] - Loss: 0.0982
  Batch [19390/34966] - Loss: 0.0982
  Batch [19400/34966] - Loss: 0.0982
  Batch [19410/34966] - Loss: 0.0982
  Batch [19420/34966] - Loss: 0.0982
  Batch [19430/34966] - Loss: 0.0982
  Batch [19440/34966] - Loss: 0.0982
  Batch [19450/34966] - Loss: 0.0982
  Batch [19460/34966] - Loss: 0.0982
  Batch [19470/34966] - Loss: 0.0982
  Batch [19480/34966] - Loss: 0.0982
  Batch [19490/34966] - Loss: 0.0982
  Batch [19500/34966] - Loss: 0.0982
  Batch [19510/34966] - Loss: 0.0982
  Batch [19520/34966] - Loss: 0.0982
  Batch [19530/34966] - Loss: 0.0983
  Batch [19540/34966] - Loss: 0.0983
  Batch [19550/34966] - Loss: 0.0983
  Batch [19560/34966] - Loss: 0.0983
  Batch [19570/34966] - Loss: 0.0983
  Batch [19580/34966] - Loss: 0.0983
  Batch [19590/34966] - Loss: 0.0983
  Batch [19600/34966] - Loss: 0.0983
  Batch [19610/34966] - Loss: 0.0983
  Batch [19620/34966] - Loss: 0.0983
  Batch [19630/34966] - Loss: 0.0983
  Batch [19640/34966] - Loss: 0.0983
  Batch [19650/34966] - Loss: 0.0983
  Batch [19660/34966] - Loss: 0.0983
  Batch [19670/34966] - Loss: 0.0983
  Batch [19680/34966] - Loss: 0.0983
  Batch [19690/34966] - Loss: 0.0983
  Batch [19700/34966] - Loss: 0.0983
  Batch [19710/34966] - Loss: 0.0983
  Batch [19720/34966] - Loss: 0.0983
  Batch [19730/34966] - Loss: 0.0983
  Batch [19740/34966] - Loss: 0.0983
  Batch [19750/34966] - Loss: 0.0983
  Batch [19760/34966] - Loss: 0.0983
  Batch [19770/34966] - Loss: 0.0983
  Batch [19780/34966] - Loss: 0.0983
  Batch [19790/34966] - Loss: 0.0983
  Batch [19800/34966] - Loss: 0.0982
  Batch [19810/34966] - Loss: 0.0982
  Batch [19820/34966] - Loss: 0.0982
  Batch [19830/34966] - Loss: 0.0982
  Batch [19840/34966] - Loss: 0.0982
  Batch [19850/34966] - Loss: 0.0982
  Batch [19860/34966] - Loss: 0.0983
  Batch [19870/34966] - Loss: 0.0983
  Batch [19880/34966] - Loss: 0.0982
  Batch [19890/34966] - Loss: 0.0982
  Batch [19900/34966] - Loss: 0.0982
  Batch [19910/34966] - Loss: 0.0983
  Batch [19920/34966] - Loss: 0.0983
  Batch [19930/34966] - Loss: 0.0983
  Batch [19940/34966] - Loss: 0.0983
  Batch [19950/34966] - Loss: 0.0983
  Batch [19960/34966] - Loss: 0.0983
  Batch [19970/34966] - Loss: 0.0983
  Batch [19980/34966] - Loss: 0.0983
  Batch [19990/34966] - Loss: 0.0983
  Batch [20000/34966] - Loss: 0.0983
  Batch [20010/34966] - Loss: 0.0983
  Batch [20020/34966] - Loss: 0.0983
  Batch [20030/34966] - Loss: 0.0983
  Batch [20040/34966] - Loss: 0.0983
  Batch [20050/34966] - Loss: 0.0983
  Batch [20060/34966] - Loss: 0.0983
  Batch [20070/34966] - Loss: 0.0983
  Batch [20080/34966] - Loss: 0.0983
  Batch [20090/34966] - Loss: 0.0983
  Batch [20100/34966] - Loss: 0.0983
  Batch [20110/34966] - Loss: 0.0983
  Batch [20120/34966] - Loss: 0.0983
  Batch [20130/34966] - Loss: 0.0983
  Batch [20140/34966] - Loss: 0.0983
  Batch [20150/34966] - Loss: 0.0983
  Batch [20160/34966] - Loss: 0.0983
  Batch [20170/34966] - Loss: 0.0983
  Batch [20180/34966] - Loss: 0.0983
  Batch [20190/34966] - Loss: 0.0984
  Batch [20200/34966] - Loss: 0.0984
  Batch [20210/34966] - Loss: 0.0984
  Batch [20220/34966] - Loss: 0.0984
  Batch [20230/34966] - Loss: 0.0984
  Batch [20240/34966] - Loss: 0.0984
  Batch [20250/34966] - Loss: 0.0984
  Batch [20260/34966] - Loss: 0.0984
  Batch [20270/34966] - Loss: 0.0984
  Batch [20280/34966] - Loss: 0.0984
  Batch [20290/34966] - Loss: 0.0984
  Batch [20300/34966] - Loss: 0.0984
  Batch [20310/34966] - Loss: 0.0984
  Batch [20320/34966] - Loss: 0.0984
  Batch [20330/34966] - Loss: 0.0984
  Batch [20340/34966] - Loss: 0.0984
  Batch [20350/34966] - Loss: 0.0984
  Batch [20360/34966] - Loss: 0.0984
  Batch [20370/34966] - Loss: 0.0984
  Batch [20380/34966] - Loss: 0.0984
  Batch [20390/34966] - Loss: 0.0984
  Batch [20400/34966] - Loss: 0.0984
  Batch [20410/34966] - Loss: 0.0984
  Batch [20420/34966] - Loss: 0.0984
  Batch [20430/34966] - Loss: 0.0984
  Batch [20440/34966] - Loss: 0.0984
  Batch [20450/34966] - Loss: 0.0983
  Batch [20460/34966] - Loss: 0.0984
  Batch [20470/34966] - Loss: 0.0984
  Batch [20480/34966] - Loss: 0.0983
  Batch [20490/34966] - Loss: 0.0984
  Batch [20500/34966] - Loss: 0.0984
  Batch [20510/34966] - Loss: 0.0984
  Batch [20520/34966] - Loss: 0.0984
  Batch [20530/34966] - Loss: 0.0984
  Batch [20540/34966] - Loss: 0.0984
  Batch [20550/34966] - Loss: 0.0984
  Batch [20560/34966] - Loss: 0.0984
  Batch [20570/34966] - Loss: 0.0984
  Batch [20580/34966] - Loss: 0.0984
  Batch [20590/34966] - Loss: 0.0984
  Batch [20600/34966] - Loss: 0.0984
  Batch [20610/34966] - Loss: 0.0984
  Batch [20620/34966] - Loss: 0.0984
  Batch [20630/34966] - Loss: 0.0984
  Batch [20640/34966] - Loss: 0.0984
  Batch [20650/34966] - Loss: 0.0984
  Batch [20660/34966] - Loss: 0.0984
  Batch [20670/34966] - Loss: 0.0984
  Batch [20680/34966] - Loss: 0.0984
  Batch [20690/34966] - Loss: 0.0984
  Batch [20700/34966] - Loss: 0.0984
  Batch [20710/34966] - Loss: 0.0984
  Batch [20720/34966] - Loss: 0.0984
  Batch [20730/34966] - Loss: 0.0984
  Batch [20740/34966] - Loss: 0.0984
  Batch [20750/34966] - Loss: 0.0984
  Batch [20760/34966] - Loss: 0.0984
  Batch [20770/34966] - Loss: 0.0984
  Batch [20780/34966] - Loss: 0.0984
  Batch [20790/34966] - Loss: 0.0984
  Batch [20800/34966] - Loss: 0.0984
  Batch [20810/34966] - Loss: 0.0984
  Batch [20820/34966] - Loss: 0.0984
  Batch [20830/34966] - Loss: 0.0983
  Batch [20840/34966] - Loss: 0.0983
  Batch [20850/34966] - Loss: 0.0983
  Batch [20860/34966] - Loss: 0.0983
  Batch [20870/34966] - Loss: 0.0983
  Batch [20880/34966] - Loss: 0.0983
  Batch [20890/34966] - Loss: 0.0983
  Batch [20900/34966] - Loss: 0.0983
  Batch [20910/34966] - Loss: 0.0983
  Batch [20920/34966] - Loss: 0.0983
  Batch [20930/34966] - Loss: 0.0983
  Batch [20940/34966] - Loss: 0.0983
  Batch [20950/34966] - Loss: 0.0983
  Batch [20960/34966] - Loss: 0.0983
  Batch [20970/34966] - Loss: 0.0983
  Batch [20980/34966] - Loss: 0.0983
  Batch [20990/34966] - Loss: 0.0983
  Batch [21000/34966] - Loss: 0.0983
  Batch [21010/34966] - Loss: 0.0983
  Batch [21020/34966] - Loss: 0.0983
  Batch [21030/34966] - Loss: 0.0983
  Batch [21040/34966] - Loss: 0.0983
  Batch [21050/34966] - Loss: 0.0983
  Batch [21060/34966] - Loss: 0.0983
  Batch [21070/34966] - Loss: 0.0983
  Batch [21080/34966] - Loss: 0.0983
  Batch [21090/34966] - Loss: 0.0983
  Batch [21100/34966] - Loss: 0.0983
  Batch [21110/34966] - Loss: 0.0983
  Batch [21120/34966] - Loss: 0.0983
  Batch [21130/34966] - Loss: 0.0983
  Batch [21140/34966] - Loss: 0.0983
  Batch [21150/34966] - Loss: 0.0983
  Batch [21160/34966] - Loss: 0.0983
  Batch [21170/34966] - Loss: 0.0983
  Batch [21180/34966] - Loss: 0.0983
  Batch [21190/34966] - Loss: 0.0983
  Batch [21200/34966] - Loss: 0.0983
  Batch [21210/34966] - Loss: 0.0983
  Batch [21220/34966] - Loss: 0.0983
  Batch [21230/34966] - Loss: 0.0983
  Batch [21240/34966] - Loss: 0.0983
  Batch [21250/34966] - Loss: 0.0983
  Batch [21260/34966] - Loss: 0.0983
  Batch [21270/34966] - Loss: 0.0983
  Batch [21280/34966] - Loss: 0.0983
  Batch [21290/34966] - Loss: 0.0983
  Batch [21300/34966] - Loss: 0.0983
  Batch [21310/34966] - Loss: 0.0983
  Batch [21320/34966] - Loss: 0.0983
  Batch [21330/34966] - Loss: 0.0983
  Batch [21340/34966] - Loss: 0.0983
  Batch [21350/34966] - Loss: 0.0983
  Batch [21360/34966] - Loss: 0.0983
  Batch [21370/34966] - Loss: 0.0984
  Batch [21380/34966] - Loss: 0.0983
  Batch [21390/34966] - Loss: 0.0983
  Batch [21400/34966] - Loss: 0.0983
  Batch [21410/34966] - Loss: 0.0983
  Batch [21420/34966] - Loss: 0.0984
  Batch [21430/34966] - Loss: 0.0984
  Batch [21440/34966] - Loss: 0.0984
  Batch [21450/34966] - Loss: 0.0984
  Batch [21460/34966] - Loss: 0.0983
  Batch [21470/34966] - Loss: 0.0983
  Batch [21480/34966] - Loss: 0.0983
  Batch [21490/34966] - Loss: 0.0983
  Batch [21500/34966] - Loss: 0.0983
  Batch [21510/34966] - Loss: 0.0983
  Batch [21520/34966] - Loss: 0.0983
  Batch [21530/34966] - Loss: 0.0983
  Batch [21540/34966] - Loss: 0.0983
  Batch [21550/34966] - Loss: 0.0983
  Batch [21560/34966] - Loss: 0.0984
  Batch [21570/34966] - Loss: 0.0984
  Batch [21580/34966] - Loss: 0.0984
  Batch [21590/34966] - Loss: 0.0984
  Batch [21600/34966] - Loss: 0.0984
  Batch [21610/34966] - Loss: 0.0984
  Batch [21620/34966] - Loss: 0.0984
  Batch [21630/34966] - Loss: 0.0984
  Batch [21640/34966] - Loss: 0.0984
  Batch [21650/34966] - Loss: 0.0984
  Batch [21660/34966] - Loss: 0.0983
  Batch [21670/34966] - Loss: 0.0983
  Batch [21680/34966] - Loss: 0.0983
  Batch [21690/34966] - Loss: 0.0984
  Batch [21700/34966] - Loss: 0.0984
  Batch [21710/34966] - Loss: 0.0984
  Batch [21720/34966] - Loss: 0.0984
  Batch [21730/34966] - Loss: 0.0984
  Batch [21740/34966] - Loss: 0.0983
  Batch [21750/34966] - Loss: 0.0983
  Batch [21760/34966] - Loss: 0.0984
  Batch [21770/34966] - Loss: 0.0983
  Batch [21780/34966] - Loss: 0.0984
  Batch [21790/34966] - Loss: 0.0984
  Batch [21800/34966] - Loss: 0.0984
  Batch [21810/34966] - Loss: 0.0984
  Batch [21820/34966] - Loss: 0.0984
  Batch [21830/34966] - Loss: 0.0984
  Batch [21840/34966] - Loss: 0.0984
  Batch [21850/34966] - Loss: 0.0984
  Batch [21860/34966] - Loss: 0.0984
  Batch [21870/34966] - Loss: 0.0984
  Batch [21880/34966] - Loss: 0.0984
  Batch [21890/34966] - Loss: 0.0984
  Batch [21900/34966] - Loss: 0.0984
  Batch [21910/34966] - Loss: 0.0984
  Batch [21920/34966] - Loss: 0.0984
  Batch [21930/34966] - Loss: 0.0984
  Batch [21940/34966] - Loss: 0.0984
  Batch [21950/34966] - Loss: 0.0984
  Batch [21960/34966] - Loss: 0.0984
  Batch [21970/34966] - Loss: 0.0984
  Batch [21980/34966] - Loss: 0.0984
  Batch [21990/34966] - Loss: 0.0984
  Batch [22000/34966] - Loss: 0.0984
  Batch [22010/34966] - Loss: 0.0984
  Batch [22020/34966] - Loss: 0.0984
  Batch [22030/34966] - Loss: 0.0984
  Batch [22040/34966] - Loss: 0.0984
  Batch [22050/34966] - Loss: 0.0984
  Batch [22060/34966] - Loss: 0.0984
  Batch [22070/34966] - Loss: 0.0984
  Batch [22080/34966] - Loss: 0.0984
  Batch [22090/34966] - Loss: 0.0984
  Batch [22100/34966] - Loss: 0.0983
  Batch [22110/34966] - Loss: 0.0983
  Batch [22120/34966] - Loss: 0.0983
  Batch [22130/34966] - Loss: 0.0983
  Batch [22140/34966] - Loss: 0.0983
  Batch [22150/34966] - Loss: 0.0983
  Batch [22160/34966] - Loss: 0.0983
  Batch [22170/34966] - Loss: 0.0983
  Batch [22180/34966] - Loss: 0.0983
  Batch [22190/34966] - Loss: 0.0983
  Batch [22200/34966] - Loss: 0.0983
  Batch [22210/34966] - Loss: 0.0983
  Batch [22220/34966] - Loss: 0.0983
  Batch [22230/34966] - Loss: 0.0983
  Batch [22240/34966] - Loss: 0.0983
  Batch [22250/34966] - Loss: 0.0983
  Batch [22260/34966] - Loss: 0.0983
  Batch [22270/34966] - Loss: 0.0983
  Batch [22280/34966] - Loss: 0.0983
  Batch [22290/34966] - Loss: 0.0983
  Batch [22300/34966] - Loss: 0.0983
  Batch [22310/34966] - Loss: 0.0983
  Batch [22320/34966] - Loss: 0.0983
  Batch [22330/34966] - Loss: 0.0982
  Batch [22340/34966] - Loss: 0.0983
  Batch [22350/34966] - Loss: 0.0983
  Batch [22360/34966] - Loss: 0.0983
  Batch [22370/34966] - Loss: 0.0983
  Batch [22380/34966] - Loss: 0.0983
  Batch [22390/34966] - Loss: 0.0983
  Batch [22400/34966] - Loss: 0.0983
  Batch [22410/34966] - Loss: 0.0983
  Batch [22420/34966] - Loss: 0.0983
  Batch [22430/34966] - Loss: 0.0983
  Batch [22440/34966] - Loss: 0.0983
  Batch [22450/34966] - Loss: 0.0983
  Batch [22460/34966] - Loss: 0.0983
  Batch [22470/34966] - Loss: 0.0983
  Batch [22480/34966] - Loss: 0.0983
  Batch [22490/34966] - Loss: 0.0983
  Batch [22500/34966] - Loss: 0.0983
  Batch [22510/34966] - Loss: 0.0983
  Batch [22520/34966] - Loss: 0.0983
  Batch [22530/34966] - Loss: 0.0983
  Batch [22540/34966] - Loss: 0.0983
  Batch [22550/34966] - Loss: 0.0983
  Batch [22560/34966] - Loss: 0.0983
  Batch [22570/34966] - Loss: 0.0983
  Batch [22580/34966] - Loss: 0.0983
  Batch [22590/34966] - Loss: 0.0983
  Batch [22600/34966] - Loss: 0.0983
  Batch [22610/34966] - Loss: 0.0983
  Batch [22620/34966] - Loss: 0.0983
  Batch [22630/34966] - Loss: 0.0983
  Batch [22640/34966] - Loss: 0.0983
  Batch [22650/34966] - Loss: 0.0983
  Batch [22660/34966] - Loss: 0.0983
  Batch [22670/34966] - Loss: 0.0983
  Batch [22680/34966] - Loss: 0.0983
  Batch [22690/34966] - Loss: 0.0983
  Batch [22700/34966] - Loss: 0.0983
  Batch [22710/34966] - Loss: 0.0983
  Batch [22720/34966] - Loss: 0.0983
  Batch [22730/34966] - Loss: 0.0983
  Batch [22740/34966] - Loss: 0.0983
  Batch [22750/34966] - Loss: 0.0983
  Batch [22760/34966] - Loss: 0.0983
  Batch [22770/34966] - Loss: 0.0983
  Batch [22780/34966] - Loss: 0.0983
  Batch [22790/34966] - Loss: 0.0983
  Batch [22800/34966] - Loss: 0.0983
  Batch [22810/34966] - Loss: 0.0983
  Batch [22820/34966] - Loss: 0.0983
  Batch [22830/34966] - Loss: 0.0983
  Batch [22840/34966] - Loss: 0.0983
  Batch [22850/34966] - Loss: 0.0983
  Batch [22860/34966] - Loss: 0.0983
  Batch [22870/34966] - Loss: 0.0983
  Batch [22880/34966] - Loss: 0.0984
  Batch [22890/34966] - Loss: 0.0983
  Batch [22900/34966] - Loss: 0.0984
  Batch [22910/34966] - Loss: 0.0984
  Batch [22920/34966] - Loss: 0.0984
  Batch [22930/34966] - Loss: 0.0984
  Batch [22940/34966] - Loss: 0.0983
  Batch [22950/34966] - Loss: 0.0983
  Batch [22960/34966] - Loss: 0.0983
  Batch [22970/34966] - Loss: 0.0983
  Batch [22980/34966] - Loss: 0.0984
  Batch [22990/34966] - Loss: 0.0983
  Batch [23000/34966] - Loss: 0.0983
  Batch [23010/34966] - Loss: 0.0984
  Batch [23020/34966] - Loss: 0.0984
  Batch [23030/34966] - Loss: 0.0984
  Batch [23040/34966] - Loss: 0.0984
  Batch [23050/34966] - Loss: 0.0984
  Batch [23060/34966] - Loss: 0.0984
  Batch [23070/34966] - Loss: 0.0983
  Batch [23080/34966] - Loss: 0.0984
  Batch [23090/34966] - Loss: 0.0984
  Batch [23100/34966] - Loss: 0.0984
  Batch [23110/34966] - Loss: 0.0984
  Batch [23120/34966] - Loss: 0.0984
  Batch [23130/34966] - Loss: 0.0984
  Batch [23140/34966] - Loss: 0.0984
  Batch [23150/34966] - Loss: 0.0984
  Batch [23160/34966] - Loss: 0.0984
  Batch [23170/34966] - Loss: 0.0984
  Batch [23180/34966] - Loss: 0.0984
  Batch [23190/34966] - Loss: 0.0984
  Batch [23200/34966] - Loss: 0.0984
  Batch [23210/34966] - Loss: 0.0984
  Batch [23220/34966] - Loss: 0.0984
  Batch [23230/34966] - Loss: 0.0984
  Batch [23240/34966] - Loss: 0.0984
  Batch [23250/34966] - Loss: 0.0984
  Batch [23260/34966] - Loss: 0.0984
  Batch [23270/34966] - Loss: 0.0983
  Batch [23280/34966] - Loss: 0.0984
  Batch [23290/34966] - Loss: 0.0983
  Batch [23300/34966] - Loss: 0.0984
  Batch [23310/34966] - Loss: 0.0984
  Batch [23320/34966] - Loss: 0.0984
  Batch [23330/34966] - Loss: 0.0984
  Batch [23340/34966] - Loss: 0.0984
  Batch [23350/34966] - Loss: 0.0983
  Batch [23360/34966] - Loss: 0.0984
  Batch [23370/34966] - Loss: 0.0984
  Batch [23380/34966] - Loss: 0.0984
  Batch [23390/34966] - Loss: 0.0983
  Batch [23400/34966] - Loss: 0.0984
  Batch [23410/34966] - Loss: 0.0984
  Batch [23420/34966] - Loss: 0.0983
  Batch [23430/34966] - Loss: 0.0983
  Batch [23440/34966] - Loss: 0.0983
  Batch [23450/34966] - Loss: 0.0983
  Batch [23460/34966] - Loss: 0.0983
  Batch [23470/34966] - Loss: 0.0983
  Batch [23480/34966] - Loss: 0.0983
  Batch [23490/34966] - Loss: 0.0983
  Batch [23500/34966] - Loss: 0.0983
  Batch [23510/34966] - Loss: 0.0983
  Batch [23520/34966] - Loss: 0.0983
  Batch [23530/34966] - Loss: 0.0983
  Batch [23540/34966] - Loss: 0.0983
  Batch [23550/34966] - Loss: 0.0983
  Batch [23560/34966] - Loss: 0.0983
  Batch [23570/34966] - Loss: 0.0983
  Batch [23580/34966] - Loss: 0.0983
  Batch [23590/34966] - Loss: 0.0983
  Batch [23600/34966] - Loss: 0.0983
  Batch [23610/34966] - Loss: 0.0983
  Batch [23620/34966] - Loss: 0.0983
  Batch [23630/34966] - Loss: 0.0983
  Batch [23640/34966] - Loss: 0.0983
  Batch [23650/34966] - Loss: 0.0983
  Batch [23660/34966] - Loss: 0.0983
  Batch [23670/34966] - Loss: 0.0983
  Batch [23680/34966] - Loss: 0.0983
  Batch [23690/34966] - Loss: 0.0983
  Batch [23700/34966] - Loss: 0.0983
  Batch [23710/34966] - Loss: 0.0983
  Batch [23720/34966] - Loss: 0.0983
  Batch [23730/34966] - Loss: 0.0983
  Batch [23740/34966] - Loss: 0.0983
  Batch [23750/34966] - Loss: 0.0983
  Batch [23760/34966] - Loss: 0.0983
  Batch [23770/34966] - Loss: 0.0983
  Batch [23780/34966] - Loss: 0.0983
  Batch [23790/34966] - Loss: 0.0983
  Batch [23800/34966] - Loss: 0.0983
  Batch [23810/34966] - Loss: 0.0983
  Batch [23820/34966] - Loss: 0.0983
  Batch [23830/34966] - Loss: 0.0983
  Batch [23840/34966] - Loss: 0.0983
  Batch [23850/34966] - Loss: 0.0983
  Batch [23860/34966] - Loss: 0.0983
  Batch [23870/34966] - Loss: 0.0983
  Batch [23880/34966] - Loss: 0.0983
  Batch [23890/34966] - Loss: 0.0983
  Batch [23900/34966] - Loss: 0.0983
  Batch [23910/34966] - Loss: 0.0983
  Batch [23920/34966] - Loss: 0.0983
  Batch [23930/34966] - Loss: 0.0983
  Batch [23940/34966] - Loss: 0.0983
  Batch [23950/34966] - Loss: 0.0983
  Batch [23960/34966] - Loss: 0.0983
  Batch [23970/34966] - Loss: 0.0983
  Batch [23980/34966] - Loss: 0.0983
  Batch [23990/34966] - Loss: 0.0983
  Batch [24000/34966] - Loss: 0.0983
  Batch [24010/34966] - Loss: 0.0983
  Batch [24020/34966] - Loss: 0.0983
  Batch [24030/34966] - Loss: 0.0983
  Batch [24040/34966] - Loss: 0.0983
  Batch [24050/34966] - Loss: 0.0983
  Batch [24060/34966] - Loss: 0.0983
  Batch [24070/34966] - Loss: 0.0983
  Batch [24080/34966] - Loss: 0.0983
  Batch [24090/34966] - Loss: 0.0983
  Batch [24100/34966] - Loss: 0.0983
  Batch [24110/34966] - Loss: 0.0983
  Batch [24120/34966] - Loss: 0.0983
  Batch [24130/34966] - Loss: 0.0983
  Batch [24140/34966] - Loss: 0.0983
  Batch [24150/34966] - Loss: 0.0983
  Batch [24160/34966] - Loss: 0.0983
  Batch [24170/34966] - Loss: 0.0983
  Batch [24180/34966] - Loss: 0.0983
  Batch [24190/34966] - Loss: 0.0983
  Batch [24200/34966] - Loss: 0.0983
  Batch [24210/34966] - Loss: 0.0983
  Batch [24220/34966] - Loss: 0.0983
  Batch [24230/34966] - Loss: 0.0983
  Batch [24240/34966] - Loss: 0.0983
  Batch [24250/34966] - Loss: 0.0983
  Batch [24260/34966] - Loss: 0.0983
  Batch [24270/34966] - Loss: 0.0983
  Batch [24280/34966] - Loss: 0.0983
  Batch [24290/34966] - Loss: 0.0983
  Batch [24300/34966] - Loss: 0.0983
  Batch [24310/34966] - Loss: 0.0983
  Batch [24320/34966] - Loss: 0.0983
  Batch [24330/34966] - Loss: 0.0983
  Batch [24340/34966] - Loss: 0.0983
  Batch [24350/34966] - Loss: 0.0983
  Batch [24360/34966] - Loss: 0.0983
  Batch [24370/34966] - Loss: 0.0983
  Batch [24380/34966] - Loss: 0.0983
  Batch [24390/34966] - Loss: 0.0983
  Batch [24400/34966] - Loss: 0.0983
  Batch [24410/34966] - Loss: 0.0983
  Batch [24420/34966] - Loss: 0.0983
  Batch [24430/34966] - Loss: 0.0983
  Batch [24440/34966] - Loss: 0.0983
  Batch [24450/34966] - Loss: 0.0983
  Batch [24460/34966] - Loss: 0.0983
  Batch [24470/34966] - Loss: 0.0983
  Batch [24480/34966] - Loss: 0.0983
  Batch [24490/34966] - Loss: 0.0983
  Batch [24500/34966] - Loss: 0.0982
  Batch [24510/34966] - Loss: 0.0982
  Batch [24520/34966] - Loss: 0.0982
  Batch [24530/34966] - Loss: 0.0982
  Batch [24540/34966] - Loss: 0.0982
  Batch [24550/34966] - Loss: 0.0982
  Batch [24560/34966] - Loss: 0.0982
  Batch [24570/34966] - Loss: 0.0982
  Batch [24580/34966] - Loss: 0.0982
  Batch [24590/34966] - Loss: 0.0982
  Batch [24600/34966] - Loss: 0.0982
  Batch [24610/34966] - Loss: 0.0982
  Batch [24620/34966] - Loss: 0.0982
  Batch [24630/34966] - Loss: 0.0982
  Batch [24640/34966] - Loss: 0.0982
  Batch [24650/34966] - Loss: 0.0982
  Batch [24660/34966] - Loss: 0.0982
  Batch [24670/34966] - Loss: 0.0982
  Batch [24680/34966] - Loss: 0.0982
  Batch [24690/34966] - Loss: 0.0982
  Batch [24700/34966] - Loss: 0.0982
  Batch [24710/34966] - Loss: 0.0982
  Batch [24720/34966] - Loss: 0.0982
  Batch [24730/34966] - Loss: 0.0982
  Batch [24740/34966] - Loss: 0.0983
  Batch [24750/34966] - Loss: 0.0983
  Batch [24760/34966] - Loss: 0.0983
  Batch [24770/34966] - Loss: 0.0983
  Batch [24780/34966] - Loss: 0.0983
  Batch [24790/34966] - Loss: 0.0983
  Batch [24800/34966] - Loss: 0.0983
  Batch [24810/34966] - Loss: 0.0983
  Batch [24820/34966] - Loss: 0.0983
  Batch [24830/34966] - Loss: 0.0982
  Batch [24840/34966] - Loss: 0.0982
  Batch [24850/34966] - Loss: 0.0982
  Batch [24860/34966] - Loss: 0.0982
  Batch [24870/34966] - Loss: 0.0983
  Batch [24880/34966] - Loss: 0.0983
  Batch [24890/34966] - Loss: 0.0983
  Batch [24900/34966] - Loss: 0.0983
  Batch [24910/34966] - Loss: 0.0983
  Batch [24920/34966] - Loss: 0.0983
  Batch [24930/34966] - Loss: 0.0983
  Batch [24940/34966] - Loss: 0.0983
  Batch [24950/34966] - Loss: 0.0983
  Batch [24960/34966] - Loss: 0.0983
  Batch [24970/34966] - Loss: 0.0983
  Batch [24980/34966] - Loss: 0.0983
  Batch [24990/34966] - Loss: 0.0983
  Batch [25000/34966] - Loss: 0.0983
  Batch [25010/34966] - Loss: 0.0983
  Batch [25020/34966] - Loss: 0.0983
  Batch [25030/34966] - Loss: 0.0983
  Batch [25040/34966] - Loss: 0.0983
  Batch [25050/34966] - Loss: 0.0983
  Batch [25060/34966] - Loss: 0.0983
  Batch [25070/34966] - Loss: 0.0983
  Batch [25080/34966] - Loss: 0.0983
  Batch [25090/34966] - Loss: 0.0983
  Batch [25100/34966] - Loss: 0.0983
  Batch [25110/34966] - Loss: 0.0983
  Batch [25120/34966] - Loss: 0.0983
  Batch [25130/34966] - Loss: 0.0983
  Batch [25140/34966] - Loss: 0.0983
  Batch [25150/34966] - Loss: 0.0983
  Batch [25160/34966] - Loss: 0.0983
  Batch [25170/34966] - Loss: 0.0983
  Batch [25180/34966] - Loss: 0.0983
  Batch [25190/34966] - Loss: 0.0983
  Batch [25200/34966] - Loss: 0.0983
  Batch [25210/34966] - Loss: 0.0983
  Batch [25220/34966] - Loss: 0.0983
  Batch [25230/34966] - Loss: 0.0983
  Batch [25240/34966] - Loss: 0.0983
  Batch [25250/34966] - Loss: 0.0983
  Batch [25260/34966] - Loss: 0.0983
  Batch [25270/34966] - Loss: 0.0983
  Batch [25280/34966] - Loss: 0.0983
  Batch [25290/34966] - Loss: 0.0983
  Batch [25300/34966] - Loss: 0.0983
  Batch [25310/34966] - Loss: 0.0983
  Batch [25320/34966] - Loss: 0.0983
  Batch [25330/34966] - Loss: 0.0983
  Batch [25340/34966] - Loss: 0.0983
  Batch [25350/34966] - Loss: 0.0983
  Batch [25360/34966] - Loss: 0.0983
  Batch [25370/34966] - Loss: 0.0983
  Batch [25380/34966] - Loss: 0.0983
  Batch [25390/34966] - Loss: 0.0984
  Batch [25400/34966] - Loss: 0.0984
  Batch [25410/34966] - Loss: 0.0984
  Batch [25420/34966] - Loss: 0.0984
  Batch [25430/34966] - Loss: 0.0983
  Batch [25440/34966] - Loss: 0.0983
  Batch [25450/34966] - Loss: 0.0984
  Batch [25460/34966] - Loss: 0.0983
  Batch [25470/34966] - Loss: 0.0984
  Batch [25480/34966] - Loss: 0.0984
  Batch [25490/34966] - Loss: 0.0984
  Batch [25500/34966] - Loss: 0.0984
  Batch [25510/34966] - Loss: 0.0984
  Batch [25520/34966] - Loss: 0.0984
  Batch [25530/34966] - Loss: 0.0984
  Batch [25540/34966] - Loss: 0.0984
  Batch [25550/34966] - Loss: 0.0984
  Batch [25560/34966] - Loss: 0.0984
  Batch [25570/34966] - Loss: 0.0984
  Batch [25580/34966] - Loss: 0.0984
  Batch [25590/34966] - Loss: 0.0984
  Batch [25600/34966] - Loss: 0.0984
  Batch [25610/34966] - Loss: 0.0984
  Batch [25620/34966] - Loss: 0.0984
  Batch [25630/34966] - Loss: 0.0984
  Batch [25640/34966] - Loss: 0.0983
  Batch [25650/34966] - Loss: 0.0983
  Batch [25660/34966] - Loss: 0.0983
  Batch [25670/34966] - Loss: 0.0983
  Batch [25680/34966] - Loss: 0.0984
  Batch [25690/34966] - Loss: 0.0984
  Batch [25700/34966] - Loss: 0.0984
  Batch [25710/34966] - Loss: 0.0984
  Batch [25720/34966] - Loss: 0.0983
  Batch [25730/34966] - Loss: 0.0984
  Batch [25740/34966] - Loss: 0.0984
  Batch [25750/34966] - Loss: 0.0983
  Batch [25760/34966] - Loss: 0.0983
  Batch [25770/34966] - Loss: 0.0983
  Batch [25780/34966] - Loss: 0.0983
  Batch [25790/34966] - Loss: 0.0983
  Batch [25800/34966] - Loss: 0.0983
  Batch [25810/34966] - Loss: 0.0983
  Batch [25820/34966] - Loss: 0.0983
  Batch [25830/34966] - Loss: 0.0983
  Batch [25840/34966] - Loss: 0.0983
  Batch [25850/34966] - Loss: 0.0983
  Batch [25860/34966] - Loss: 0.0983
  Batch [25870/34966] - Loss: 0.0983
  Batch [25880/34966] - Loss: 0.0983
  Batch [25890/34966] - Loss: 0.0983
  Batch [25900/34966] - Loss: 0.0983
  Batch [25910/34966] - Loss: 0.0983
  Batch [25920/34966] - Loss: 0.0983
  Batch [25930/34966] - Loss: 0.0983
  Batch [25940/34966] - Loss: 0.0983
  Batch [25950/34966] - Loss: 0.0983
  Batch [25960/34966] - Loss: 0.0982
  Batch [25970/34966] - Loss: 0.0982
  Batch [25980/34966] - Loss: 0.0982
  Batch [25990/34966] - Loss: 0.0982
  Batch [26000/34966] - Loss: 0.0983
  Batch [26010/34966] - Loss: 0.0983
  Batch [26020/34966] - Loss: 0.0983
  Batch [26030/34966] - Loss: 0.0983
  Batch [26040/34966] - Loss: 0.0983
  Batch [26050/34966] - Loss: 0.0983
  Batch [26060/34966] - Loss: 0.0983
  Batch [26070/34966] - Loss: 0.0983
  Batch [26080/34966] - Loss: 0.0983
  Batch [26090/34966] - Loss: 0.0983
  Batch [26100/34966] - Loss: 0.0983
  Batch [26110/34966] - Loss: 0.0983
  Batch [26120/34966] - Loss: 0.0983
  Batch [26130/34966] - Loss: 0.0983
  Batch [26140/34966] - Loss: 0.0983
  Batch [26150/34966] - Loss: 0.0983
  Batch [26160/34966] - Loss: 0.0983
  Batch [26170/34966] - Loss: 0.0983
  Batch [26180/34966] - Loss: 0.0983
  Batch [26190/34966] - Loss: 0.0982
  Batch [26200/34966] - Loss: 0.0982
  Batch [26210/34966] - Loss: 0.0982
  Batch [26220/34966] - Loss: 0.0982
  Batch [26230/34966] - Loss: 0.0982
  Batch [26240/34966] - Loss: 0.0982
  Batch [26250/34966] - Loss: 0.0982
  Batch [26260/34966] - Loss: 0.0982
  Batch [26270/34966] - Loss: 0.0982
  Batch [26280/34966] - Loss: 0.0982
  Batch [26290/34966] - Loss: 0.0982
  Batch [26300/34966] - Loss: 0.0982
  Batch [26310/34966] - Loss: 0.0982
  Batch [26320/34966] - Loss: 0.0982
  Batch [26330/34966] - Loss: 0.0982
  Batch [26340/34966] - Loss: 0.0982
  Batch [26350/34966] - Loss: 0.0982
  Batch [26360/34966] - Loss: 0.0982
  Batch [26370/34966] - Loss: 0.0982
  Batch [26380/34966] - Loss: 0.0982
  Batch [26390/34966] - Loss: 0.0982
  Batch [26400/34966] - Loss: 0.0982
  Batch [26410/34966] - Loss: 0.0982
  Batch [26420/34966] - Loss: 0.0982
  Batch [26430/34966] - Loss: 0.0982
  Batch [26440/34966] - Loss: 0.0982
  Batch [26450/34966] - Loss: 0.0982
  Batch [26460/34966] - Loss: 0.0982
  Batch [26470/34966] - Loss: 0.0982
  Batch [26480/34966] - Loss: 0.0982
  Batch [26490/34966] - Loss: 0.0982
  Batch [26500/34966] - Loss: 0.0982
  Batch [26510/34966] - Loss: 0.0982
  Batch [26520/34966] - Loss: 0.0982
  Batch [26530/34966] - Loss: 0.0982
  Batch [26540/34966] - Loss: 0.0982
  Batch [26550/34966] - Loss: 0.0983
  Batch [26560/34966] - Loss: 0.0982
  Batch [26570/34966] - Loss: 0.0982
  Batch [26580/34966] - Loss: 0.0982
  Batch [26590/34966] - Loss: 0.0982
  Batch [26600/34966] - Loss: 0.0982
  Batch [26610/34966] - Loss: 0.0982
  Batch [26620/34966] - Loss: 0.0982
  Batch [26630/34966] - Loss: 0.0982
  Batch [26640/34966] - Loss: 0.0982
  Batch [26650/34966] - Loss: 0.0982
  Batch [26660/34966] - Loss: 0.0982
  Batch [26670/34966] - Loss: 0.0982
  Batch [26680/34966] - Loss: 0.0983
  Batch [26690/34966] - Loss: 0.0983
  Batch [26700/34966] - Loss: 0.0982
  Batch [26710/34966] - Loss: 0.0983
  Batch [26720/34966] - Loss: 0.0983
  Batch [26730/34966] - Loss: 0.0983
  Batch [26740/34966] - Loss: 0.0983
  Batch [26750/34966] - Loss: 0.0983
  Batch [26760/34966] - Loss: 0.0983
  Batch [26770/34966] - Loss: 0.0983
  Batch [26780/34966] - Loss: 0.0983
  Batch [26790/34966] - Loss: 0.0983
  Batch [26800/34966] - Loss: 0.0983
  Batch [26810/34966] - Loss: 0.0983
  Batch [26820/34966] - Loss: 0.0983
  Batch [26830/34966] - Loss: 0.0983
  Batch [26840/34966] - Loss: 0.0983
  Batch [26850/34966] - Loss: 0.0983
  Batch [26860/34966] - Loss: 0.0983
  Batch [26870/34966] - Loss: 0.0983
  Batch [26880/34966] - Loss: 0.0983
  Batch [26890/34966] - Loss: 0.0983
  Batch [26900/34966] - Loss: 0.0983
  Batch [26910/34966] - Loss: 0.0983
  Batch [26920/34966] - Loss: 0.0983
  Batch [26930/34966] - Loss: 0.0983
  Batch [26940/34966] - Loss: 0.0983
  Batch [26950/34966] - Loss: 0.0983
  Batch [26960/34966] - Loss: 0.0983
  Batch [26970/34966] - Loss: 0.0983
  Batch [26980/34966] - Loss: 0.0983
  Batch [26990/34966] - Loss: 0.0983
  Batch [27000/34966] - Loss: 0.0983
  Batch [27010/34966] - Loss: 0.0983
  Batch [27020/34966] - Loss: 0.0983
  Batch [27030/34966] - Loss: 0.0983
  Batch [27040/34966] - Loss: 0.0983
  Batch [27050/34966] - Loss: 0.0983
  Batch [27060/34966] - Loss: 0.0983
  Batch [27070/34966] - Loss: 0.0983
  Batch [27080/34966] - Loss: 0.0983
  Batch [27090/34966] - Loss: 0.0983
  Batch [27100/34966] - Loss: 0.0983
  Batch [27110/34966] - Loss: 0.0983
  Batch [27120/34966] - Loss: 0.0983
  Batch [27130/34966] - Loss: 0.0983
  Batch [27140/34966] - Loss: 0.0983
  Batch [27150/34966] - Loss: 0.0983
  Batch [27160/34966] - Loss: 0.0983
  Batch [27170/34966] - Loss: 0.0983
  Batch [27180/34966] - Loss: 0.0983
  Batch [27190/34966] - Loss: 0.0983
  Batch [27200/34966] - Loss: 0.0983
  Batch [27210/34966] - Loss: 0.0983
  Batch [27220/34966] - Loss: 0.0983
  Batch [27230/34966] - Loss: 0.0983
  Batch [27240/34966] - Loss: 0.0983
  Batch [27250/34966] - Loss: 0.0983
  Batch [27260/34966] - Loss: 0.0983
  Batch [27270/34966] - Loss: 0.0983
  Batch [27280/34966] - Loss: 0.0983
  Batch [27290/34966] - Loss: 0.0983
  Batch [27300/34966] - Loss: 0.0983
  Batch [27310/34966] - Loss: 0.0983
  Batch [27320/34966] - Loss: 0.0983
  Batch [27330/34966] - Loss: 0.0983
  Batch [27340/34966] - Loss: 0.0983
  Batch [27350/34966] - Loss: 0.0983
  Batch [27360/34966] - Loss: 0.0983
  Batch [27370/34966] - Loss: 0.0983
  Batch [27380/34966] - Loss: 0.0983
  Batch [27390/34966] - Loss: 0.0983
  Batch [27400/34966] - Loss: 0.0983
  Batch [27410/34966] - Loss: 0.0983
  Batch [27420/34966] - Loss: 0.0983
  Batch [27430/34966] - Loss: 0.0983
  Batch [27440/34966] - Loss: 0.0983
  Batch [27450/34966] - Loss: 0.0983
  Batch [27460/34966] - Loss: 0.0983
  Batch [27470/34966] - Loss: 0.0983
  Batch [27480/34966] - Loss: 0.0983
  Batch [27490/34966] - Loss: 0.0983
  Batch [27500/34966] - Loss: 0.0983
  Batch [27510/34966] - Loss: 0.0983
  Batch [27520/34966] - Loss: 0.0983
  Batch [27530/34966] - Loss: 0.0983
  Batch [27540/34966] - Loss: 0.0983
  Batch [27550/34966] - Loss: 0.0983
  Batch [27560/34966] - Loss: 0.0983
  Batch [27570/34966] - Loss: 0.0983
  Batch [27580/34966] - Loss: 0.0983
  Batch [27590/34966] - Loss: 0.0983
  Batch [27600/34966] - Loss: 0.0983
  Batch [27610/34966] - Loss: 0.0983
  Batch [27620/34966] - Loss: 0.0983
  Batch [27630/34966] - Loss: 0.0983
  Batch [27640/34966] - Loss: 0.0983
  Batch [27650/34966] - Loss: 0.0983
  Batch [27660/34966] - Loss: 0.0983
  Batch [27670/34966] - Loss: 0.0983
  Batch [27680/34966] - Loss: 0.0983
  Batch [27690/34966] - Loss: 0.0983
  Batch [27700/34966] - Loss: 0.0983
  Batch [27710/34966] - Loss: 0.0983
  Batch [27720/34966] - Loss: 0.0983
  Batch [27730/34966] - Loss: 0.0983
  Batch [27740/34966] - Loss: 0.0983
  Batch [27750/34966] - Loss: 0.0983
  Batch [27760/34966] - Loss: 0.0983
  Batch [27770/34966] - Loss: 0.0983
  Batch [27780/34966] - Loss: 0.0983
  Batch [27790/34966] - Loss: 0.0983
  Batch [27800/34966] - Loss: 0.0983
  Batch [27810/34966] - Loss: 0.0983
  Batch [27820/34966] - Loss: 0.0983
  Batch [27830/34966] - Loss: 0.0983
  Batch [27840/34966] - Loss: 0.0983
  Batch [27850/34966] - Loss: 0.0983
  Batch [27860/34966] - Loss: 0.0983
  Batch [27870/34966] - Loss: 0.0983
  Batch [27880/34966] - Loss: 0.0983
  Batch [27890/34966] - Loss: 0.0983
  Batch [27900/34966] - Loss: 0.0983
  Batch [27910/34966] - Loss: 0.0983
  Batch [27920/34966] - Loss: 0.0982
  Batch [27930/34966] - Loss: 0.0983
  Batch [27940/34966] - Loss: 0.0983
  Batch [27950/34966] - Loss: 0.0982
  Batch [27960/34966] - Loss: 0.0982
  Batch [27970/34966] - Loss: 0.0982
  Batch [27980/34966] - Loss: 0.0983
  Batch [27990/34966] - Loss: 0.0983
  Batch [28000/34966] - Loss: 0.0983
  Batch [28010/34966] - Loss: 0.0983
  Batch [28020/34966] - Loss: 0.0983
  Batch [28030/34966] - Loss: 0.0983
  Batch [28040/34966] - Loss: 0.0983
  Batch [28050/34966] - Loss: 0.0983
  Batch [28060/34966] - Loss: 0.0983
  Batch [28070/34966] - Loss: 0.0983
  Batch [28080/34966] - Loss: 0.0983
  Batch [28090/34966] - Loss: 0.0983
  Batch [28100/34966] - Loss: 0.0983
  Batch [28110/34966] - Loss: 0.0983
  Batch [28120/34966] - Loss: 0.0983
  Batch [28130/34966] - Loss: 0.0983
  Batch [28140/34966] - Loss: 0.0983
  Batch [28150/34966] - Loss: 0.0983
  Batch [28160/34966] - Loss: 0.0983
  Batch [28170/34966] - Loss: 0.0983
  Batch [28180/34966] - Loss: 0.0983
  Batch [28190/34966] - Loss: 0.0983
  Batch [28200/34966] - Loss: 0.0983
  Batch [28210/34966] - Loss: 0.0983
  Batch [28220/34966] - Loss: 0.0983
  Batch [28230/34966] - Loss: 0.0983
  Batch [28240/34966] - Loss: 0.0983
  Batch [28250/34966] - Loss: 0.0983
  Batch [28260/34966] - Loss: 0.0983
  Batch [28270/34966] - Loss: 0.0983
  Batch [28280/34966] - Loss: 0.0983
  Batch [28290/34966] - Loss: 0.0983
  Batch [28300/34966] - Loss: 0.0983
  Batch [28310/34966] - Loss: 0.0983
  Batch [28320/34966] - Loss: 0.0983
  Batch [28330/34966] - Loss: 0.0983
  Batch [28340/34966] - Loss: 0.0983
  Batch [28350/34966] - Loss: 0.0983
  Batch [28360/34966] - Loss: 0.0983
  Batch [28370/34966] - Loss: 0.0983
  Batch [28380/34966] - Loss: 0.0983
  Batch [28390/34966] - Loss: 0.0983
  Batch [28400/34966] - Loss: 0.0983
  Batch [28410/34966] - Loss: 0.0983
  Batch [28420/34966] - Loss: 0.0983
  Batch [28430/34966] - Loss: 0.0983
  Batch [28440/34966] - Loss: 0.0983
  Batch [28450/34966] - Loss: 0.0983
  Batch [28460/34966] - Loss: 0.0983
  Batch [28470/34966] - Loss: 0.0983
  Batch [28480/34966] - Loss: 0.0983
  Batch [28490/34966] - Loss: 0.0983
  Batch [28500/34966] - Loss: 0.0983
  Batch [28510/34966] - Loss: 0.0983
  Batch [28520/34966] - Loss: 0.0983
  Batch [28530/34966] - Loss: 0.0983
  Batch [28540/34966] - Loss: 0.0983
  Batch [28550/34966] - Loss: 0.0983
  Batch [28560/34966] - Loss: 0.0983
  Batch [28570/34966] - Loss: 0.0983
  Batch [28580/34966] - Loss: 0.0983
  Batch [28590/34966] - Loss: 0.0983
  Batch [28600/34966] - Loss: 0.0983
  Batch [28610/34966] - Loss: 0.0983
  Batch [28620/34966] - Loss: 0.0983
  Batch [28630/34966] - Loss: 0.0983
  Batch [28640/34966] - Loss: 0.0983
  Batch [28650/34966] - Loss: 0.0983
  Batch [28660/34966] - Loss: 0.0983
  Batch [28670/34966] - Loss: 0.0983
  Batch [28680/34966] - Loss: 0.0983
  Batch [28690/34966] - Loss: 0.0983
  Batch [28700/34966] - Loss: 0.0983
  Batch [28710/34966] - Loss: 0.0983
  Batch [28720/34966] - Loss: 0.0983
  Batch [28730/34966] - Loss: 0.0983
  Batch [28740/34966] - Loss: 0.0983
  Batch [28750/34966] - Loss: 0.0983
  Batch [28760/34966] - Loss: 0.0983
  Batch [28770/34966] - Loss: 0.0983
  Batch [28780/34966] - Loss: 0.0983
  Batch [28790/34966] - Loss: 0.0983
  Batch [28800/34966] - Loss: 0.0983
  Batch [28810/34966] - Loss: 0.0984
  Batch [28820/34966] - Loss: 0.0984
  Batch [28830/34966] - Loss: 0.0983
  Batch [28840/34966] - Loss: 0.0983
  Batch [28850/34966] - Loss: 0.0983
  Batch [28860/34966] - Loss: 0.0983
  Batch [28870/34966] - Loss: 0.0983
  Batch [28880/34966] - Loss: 0.0983
  Batch [28890/34966] - Loss: 0.0983
  Batch [28900/34966] - Loss: 0.0983
  Batch [28910/34966] - Loss: 0.0983
  Batch [28920/34966] - Loss: 0.0984
  Batch [28930/34966] - Loss: 0.0984
  Batch [28940/34966] - Loss: 0.0984
  Batch [28950/34966] - Loss: 0.0984
  Batch [28960/34966] - Loss: 0.0983
  Batch [28970/34966] - Loss: 0.0983
  Batch [28980/34966] - Loss: 0.0983
  Batch [28990/34966] - Loss: 0.0983
  Batch [29000/34966] - Loss: 0.0983
  Batch [29010/34966] - Loss: 0.0984
  Batch [29020/34966] - Loss: 0.0983
  Batch [29030/34966] - Loss: 0.0984
  Batch [29040/34966] - Loss: 0.0984
  Batch [29050/34966] - Loss: 0.0984
  Batch [29060/34966] - Loss: 0.0984
  Batch [29070/34966] - Loss: 0.0984
  Batch [29080/34966] - Loss: 0.0984
  Batch [29090/34966] - Loss: 0.0984
  Batch [29100/34966] - Loss: 0.0984
  Batch [29110/34966] - Loss: 0.0984
  Batch [29120/34966] - Loss: 0.0984
  Batch [29130/34966] - Loss: 0.0984
  Batch [29140/34966] - Loss: 0.0984
  Batch [29150/34966] - Loss: 0.0984
  Batch [29160/34966] - Loss: 0.0984
  Batch [29170/34966] - Loss: 0.0984
  Batch [29180/34966] - Loss: 0.0984
  Batch [29190/34966] - Loss: 0.0984
  Batch [29200/34966] - Loss: 0.0984
  Batch [29210/34966] - Loss: 0.0984
  Batch [29220/34966] - Loss: 0.0984
  Batch [29230/34966] - Loss: 0.0983
  Batch [29240/34966] - Loss: 0.0983
  Batch [29250/34966] - Loss: 0.0984
  Batch [29260/34966] - Loss: 0.0984
  Batch [29270/34966] - Loss: 0.0984
  Batch [29280/34966] - Loss: 0.0983
  Batch [29290/34966] - Loss: 0.0983
  Batch [29300/34966] - Loss: 0.0984
  Batch [29310/34966] - Loss: 0.0984
  Batch [29320/34966] - Loss: 0.0984
  Batch [29330/34966] - Loss: 0.0984
  Batch [29340/34966] - Loss: 0.0984
  Batch [29350/34966] - Loss: 0.0984
  Batch [29360/34966] - Loss: 0.0984
  Batch [29370/34966] - Loss: 0.0984
  Batch [29380/34966] - Loss: 0.0984
  Batch [29390/34966] - Loss: 0.0984
  Batch [29400/34966] - Loss: 0.0984
  Batch [29410/34966] - Loss: 0.0984
  Batch [29420/34966] - Loss: 0.0984
  Batch [29430/34966] - Loss: 0.0984
  Batch [29440/34966] - Loss: 0.0984
  Batch [29450/34966] - Loss: 0.0984
  Batch [29460/34966] - Loss: 0.0984
  Batch [29470/34966] - Loss: 0.0984
  Batch [29480/34966] - Loss: 0.0984
  Batch [29490/34966] - Loss: 0.0984
  Batch [29500/34966] - Loss: 0.0984
  Batch [29510/34966] - Loss: 0.0984
  Batch [29520/34966] - Loss: 0.0984
  Batch [29530/34966] - Loss: 0.0984
  Batch [29540/34966] - Loss: 0.0984
  Batch [29550/34966] - Loss: 0.0984
  Batch [29560/34966] - Loss: 0.0984
  Batch [29570/34966] - Loss: 0.0984
  Batch [29580/34966] - Loss: 0.0984
  Batch [29590/34966] - Loss: 0.0984
  Batch [29600/34966] - Loss: 0.0984
  Batch [29610/34966] - Loss: 0.0984
  Batch [29620/34966] - Loss: 0.0984
  Batch [29630/34966] - Loss: 0.0984
  Batch [29640/34966] - Loss: 0.0984
  Batch [29650/34966] - Loss: 0.0984
  Batch [29660/34966] - Loss: 0.0984
  Batch [29670/34966] - Loss: 0.0984
  Batch [29680/34966] - Loss: 0.0984
  Batch [29690/34966] - Loss: 0.0984
  Batch [29700/34966] - Loss: 0.0984
  Batch [29710/34966] - Loss: 0.0984
  Batch [29720/34966] - Loss: 0.0984
  Batch [29730/34966] - Loss: 0.0984
  Batch [29740/34966] - Loss: 0.0984
  Batch [29750/34966] - Loss: 0.0984
  Batch [29760/34966] - Loss: 0.0984
  Batch [29770/34966] - Loss: 0.0984
  Batch [29780/34966] - Loss: 0.0984
  Batch [29790/34966] - Loss: 0.0984
  Batch [29800/34966] - Loss: 0.0984
  Batch [29810/34966] - Loss: 0.0984
  Batch [29820/34966] - Loss: 0.0984
  Batch [29830/34966] - Loss: 0.0984
  Batch [29840/34966] - Loss: 0.0984
  Batch [29850/34966] - Loss: 0.0984
  Batch [29860/34966] - Loss: 0.0984
  Batch [29870/34966] - Loss: 0.0984
  Batch [29880/34966] - Loss: 0.0984
  Batch [29890/34966] - Loss: 0.0984
  Batch [29900/34966] - Loss: 0.0984
  Batch [29910/34966] - Loss: 0.0984
  Batch [29920/34966] - Loss: 0.0984
  Batch [29930/34966] - Loss: 0.0984
  Batch [29940/34966] - Loss: 0.0984
  Batch [29950/34966] - Loss: 0.0984
  Batch [29960/34966] - Loss: 0.0984
  Batch [29970/34966] - Loss: 0.0984
  Batch [29980/34966] - Loss: 0.0984
  Batch [29990/34966] - Loss: 0.0984
  Batch [30000/34966] - Loss: 0.0984
  Batch [30010/34966] - Loss: 0.0984
  Batch [30020/34966] - Loss: 0.0984
  Batch [30030/34966] - Loss: 0.0984
  Batch [30040/34966] - Loss: 0.0984
  Batch [30050/34966] - Loss: 0.0984
  Batch [30060/34966] - Loss: 0.0984
  Batch [30070/34966] - Loss: 0.0984
  Batch [30080/34966] - Loss: 0.0984
  Batch [30090/34966] - Loss: 0.0984
  Batch [30100/34966] - Loss: 0.0984
  Batch [30110/34966] - Loss: 0.0984
  Batch [30120/34966] - Loss: 0.0984
  Batch [30130/34966] - Loss: 0.0984
  Batch [30140/34966] - Loss: 0.0984
  Batch [30150/34966] - Loss: 0.0984
  Batch [30160/34966] - Loss: 0.0984
  Batch [30170/34966] - Loss: 0.0984
  Batch [30180/34966] - Loss: 0.0984
  Batch [30190/34966] - Loss: 0.0984
  Batch [30200/34966] - Loss: 0.0984
  Batch [30210/34966] - Loss: 0.0984
  Batch [30220/34966] - Loss: 0.0984
  Batch [30230/34966] - Loss: 0.0984
  Batch [30240/34966] - Loss: 0.0984
  Batch [30250/34966] - Loss: 0.0984
  Batch [30260/34966] - Loss: 0.0984
  Batch [30270/34966] - Loss: 0.0984
  Batch [30280/34966] - Loss: 0.0984
  Batch [30290/34966] - Loss: 0.0984
  Batch [30300/34966] - Loss: 0.0984
  Batch [30310/34966] - Loss: 0.0984
  Batch [30320/34966] - Loss: 0.0984
  Batch [30330/34966] - Loss: 0.0984
  Batch [30340/34966] - Loss: 0.0984
  Batch [30350/34966] - Loss: 0.0984
  Batch [30360/34966] - Loss: 0.0984
  Batch [30370/34966] - Loss: 0.0984
  Batch [30380/34966] - Loss: 0.0984
  Batch [30390/34966] - Loss: 0.0984
  Batch [30400/34966] - Loss: 0.0984
  Batch [30410/34966] - Loss: 0.0984
  Batch [30420/34966] - Loss: 0.0984
  Batch [30430/34966] - Loss: 0.0984
  Batch [30440/34966] - Loss: 0.0984
  Batch [30450/34966] - Loss: 0.0984
  Batch [30460/34966] - Loss: 0.0984
  Batch [30470/34966] - Loss: 0.0984
  Batch [30480/34966] - Loss: 0.0984
  Batch [30490/34966] - Loss: 0.0984
  Batch [30500/34966] - Loss: 0.0984
  Batch [30510/34966] - Loss: 0.0984
  Batch [30520/34966] - Loss: 0.0984
  Batch [30530/34966] - Loss: 0.0984
  Batch [30540/34966] - Loss: 0.0984
  Batch [30550/34966] - Loss: 0.0984
  Batch [30560/34966] - Loss: 0.0984
  Batch [30570/34966] - Loss: 0.0984
  Batch [30580/34966] - Loss: 0.0984
  Batch [30590/34966] - Loss: 0.0984
  Batch [30600/34966] - Loss: 0.0984
  Batch [30610/34966] - Loss: 0.0984
  Batch [30620/34966] - Loss: 0.0984
  Batch [30630/34966] - Loss: 0.0984
  Batch [30640/34966] - Loss: 0.0984
  Batch [30650/34966] - Loss: 0.0984
  Batch [30660/34966] - Loss: 0.0984
  Batch [30670/34966] - Loss: 0.0984
  Batch [30680/34966] - Loss: 0.0984
  Batch [30690/34966] - Loss: 0.0984
  Batch [30700/34966] - Loss: 0.0984
  Batch [30710/34966] - Loss: 0.0984
  Batch [30720/34966] - Loss: 0.0984
  Batch [30730/34966] - Loss: 0.0984
  Batch [30740/34966] - Loss: 0.0984
  Batch [30750/34966] - Loss: 0.0984
  Batch [30760/34966] - Loss: 0.0984
  Batch [30770/34966] - Loss: 0.0984
  Batch [30780/34966] - Loss: 0.0984
  Batch [30790/34966] - Loss: 0.0984
  Batch [30800/34966] - Loss: 0.0984
  Batch [30810/34966] - Loss: 0.0984
  Batch [30820/34966] - Loss: 0.0984
  Batch [30830/34966] - Loss: 0.0984
  Batch [30840/34966] - Loss: 0.0984
  Batch [30850/34966] - Loss: 0.0984
  Batch [30860/34966] - Loss: 0.0984
  Batch [30870/34966] - Loss: 0.0984
  Batch [30880/34966] - Loss: 0.0984
  Batch [30890/34966] - Loss: 0.0984
  Batch [30900/34966] - Loss: 0.0984
  Batch [30910/34966] - Loss: 0.0984
  Batch [30920/34966] - Loss: 0.0984
  Batch [30930/34966] - Loss: 0.0984
  Batch [30940/34966] - Loss: 0.0984
  Batch [30950/34966] - Loss: 0.0984
  Batch [30960/34966] - Loss: 0.0984
  Batch [30970/34966] - Loss: 0.0984
  Batch [30980/34966] - Loss: 0.0984
  Batch [30990/34966] - Loss: 0.0984
  Batch [31000/34966] - Loss: 0.0984
  Batch [31010/34966] - Loss: 0.0984
  Batch [31020/34966] - Loss: 0.0984
  Batch [31030/34966] - Loss: 0.0984
  Batch [31040/34966] - Loss: 0.0984
  Batch [31050/34966] - Loss: 0.0984
  Batch [31060/34966] - Loss: 0.0984
  Batch [31070/34966] - Loss: 0.0984
  Batch [31080/34966] - Loss: 0.0984
  Batch [31090/34966] - Loss: 0.0984
  Batch [31100/34966] - Loss: 0.0984
  Batch [31110/34966] - Loss: 0.0984
  Batch [31120/34966] - Loss: 0.0984
  Batch [31130/34966] - Loss: 0.0984
  Batch [31140/34966] - Loss: 0.0984
  Batch [31150/34966] - Loss: 0.0984
  Batch [31160/34966] - Loss: 0.0984
  Batch [31170/34966] - Loss: 0.0984
  Batch [31180/34966] - Loss: 0.0984
  Batch [31190/34966] - Loss: 0.0984
  Batch [31200/34966] - Loss: 0.0984
  Batch [31210/34966] - Loss: 0.0984
  Batch [31220/34966] - Loss: 0.0984
  Batch [31230/34966] - Loss: 0.0984
  Batch [31240/34966] - Loss: 0.0984
  Batch [31250/34966] - Loss: 0.0984
  Batch [31260/34966] - Loss: 0.0984
  Batch [31270/34966] - Loss: 0.0984
  Batch [31280/34966] - Loss: 0.0983
  Batch [31290/34966] - Loss: 0.0984
  Batch [31300/34966] - Loss: 0.0983
  Batch [31310/34966] - Loss: 0.0984
  Batch [31320/34966] - Loss: 0.0983
  Batch [31330/34966] - Loss: 0.0983
  Batch [31340/34966] - Loss: 0.0983
  Batch [31350/34966] - Loss: 0.0984
  Batch [31360/34966] - Loss: 0.0983
  Batch [31370/34966] - Loss: 0.0984
  Batch [31380/34966] - Loss: 0.0984
  Batch [31390/34966] - Loss: 0.0984
  Batch [31400/34966] - Loss: 0.0984
  Batch [31410/34966] - Loss: 0.0984
  Batch [31420/34966] - Loss: 0.0984
  Batch [31430/34966] - Loss: 0.0984
  Batch [31440/34966] - Loss: 0.0984
  Batch [31450/34966] - Loss: 0.0983
  Batch [31460/34966] - Loss: 0.0984
  Batch [31470/34966] - Loss: 0.0984
  Batch [31480/34966] - Loss: 0.0984
  Batch [31490/34966] - Loss: 0.0983
  Batch [31500/34966] - Loss: 0.0983
  Batch [31510/34966] - Loss: 0.0983
  Batch [31520/34966] - Loss: 0.0983
  Batch [31530/34966] - Loss: 0.0983
  Batch [31540/34966] - Loss: 0.0983
  Batch [31550/34966] - Loss: 0.0983
  Batch [31560/34966] - Loss: 0.0983
  Batch [31570/34966] - Loss: 0.0983
  Batch [31580/34966] - Loss: 0.0983
  Batch [31590/34966] - Loss: 0.0983
  Batch [31600/34966] - Loss: 0.0983
  Batch [31610/34966] - Loss: 0.0983
  Batch [31620/34966] - Loss: 0.0983
  Batch [31630/34966] - Loss: 0.0983
  Batch [31640/34966] - Loss: 0.0983
  Batch [31650/34966] - Loss: 0.0983
  Batch [31660/34966] - Loss: 0.0983
  Batch [31670/34966] - Loss: 0.0983
  Batch [31680/34966] - Loss: 0.0983
  Batch [31690/34966] - Loss: 0.0983
  Batch [31700/34966] - Loss: 0.0983
  Batch [31710/34966] - Loss: 0.0983
  Batch [31720/34966] - Loss: 0.0983
  Batch [31730/34966] - Loss: 0.0983
  Batch [31740/34966] - Loss: 0.0983
  Batch [31750/34966] - Loss: 0.0983
  Batch [31760/34966] - Loss: 0.0983
  Batch [31770/34966] - Loss: 0.0983
  Batch [31780/34966] - Loss: 0.0983
  Batch [31790/34966] - Loss: 0.0983
  Batch [31800/34966] - Loss: 0.0983
  Batch [31810/34966] - Loss: 0.0983
  Batch [31820/34966] - Loss: 0.0983
  Batch [31830/34966] - Loss: 0.0983
  Batch [31840/34966] - Loss: 0.0983
  Batch [31850/34966] - Loss: 0.0983
  Batch [31860/34966] - Loss: 0.0983
  Batch [31870/34966] - Loss: 0.0983
  Batch [31880/34966] - Loss: 0.0983
  Batch [31890/34966] - Loss: 0.0983
  Batch [31900/34966] - Loss: 0.0983
  Batch [31910/34966] - Loss: 0.0983
  Batch [31920/34966] - Loss: 0.0983
  Batch [31930/34966] - Loss: 0.0983
  Batch [31940/34966] - Loss: 0.0983
  Batch [31950/34966] - Loss: 0.0984
  Batch [31960/34966] - Loss: 0.0984
  Batch [31970/34966] - Loss: 0.0984
  Batch [31980/34966] - Loss: 0.0984
  Batch [31990/34966] - Loss: 0.0984
  Batch [32000/34966] - Loss: 0.0984
  Batch [32010/34966] - Loss: 0.0984
  Batch [32020/34966] - Loss: 0.0984
  Batch [32030/34966] - Loss: 0.0984
  Batch [32040/34966] - Loss: 0.0983
  Batch [32050/34966] - Loss: 0.0984
  Batch [32060/34966] - Loss: 0.0983
  Batch [32070/34966] - Loss: 0.0984
  Batch [32080/34966] - Loss: 0.0984
  Batch [32090/34966] - Loss: 0.0984
  Batch [32100/34966] - Loss: 0.0983
  Batch [32110/34966] - Loss: 0.0983
  Batch [32120/34966] - Loss: 0.0984
  Batch [32130/34966] - Loss: 0.0984
  Batch [32140/34966] - Loss: 0.0984
  Batch [32150/34966] - Loss: 0.0984
  Batch [32160/34966] - Loss: 0.0984
  Batch [32170/34966] - Loss: 0.0983
  Batch [32180/34966] - Loss: 0.0984
  Batch [32190/34966] - Loss: 0.0984
  Batch [32200/34966] - Loss: 0.0984
  Batch [32210/34966] - Loss: 0.0984
  Batch [32220/34966] - Loss: 0.0983
  Batch [32230/34966] - Loss: 0.0983
  Batch [32240/34966] - Loss: 0.0984
  Batch [32250/34966] - Loss: 0.0984
  Batch [32260/34966] - Loss: 0.0984
  Batch [32270/34966] - Loss: 0.0984
  Batch [32280/34966] - Loss: 0.0984
  Batch [32290/34966] - Loss: 0.0984
  Batch [32300/34966] - Loss: 0.0984
  Batch [32310/34966] - Loss: 0.0984
  Batch [32320/34966] - Loss: 0.0984
  Batch [32330/34966] - Loss: 0.0984
  Batch [32340/34966] - Loss: 0.0984
  Batch [32350/34966] - Loss: 0.0984
  Batch [32360/34966] - Loss: 0.0984
  Batch [32370/34966] - Loss: 0.0984
  Batch [32380/34966] - Loss: 0.0984
  Batch [32390/34966] - Loss: 0.0984
  Batch [32400/34966] - Loss: 0.0984
  Batch [32410/34966] - Loss: 0.0984
  Batch [32420/34966] - Loss: 0.0984
  Batch [32430/34966] - Loss: 0.0984
  Batch [32440/34966] - Loss: 0.0984
  Batch [32450/34966] - Loss: 0.0984
  Batch [32460/34966] - Loss: 0.0984
  Batch [32470/34966] - Loss: 0.0984
  Batch [32480/34966] - Loss: 0.0984
  Batch [32490/34966] - Loss: 0.0984
  Batch [32500/34966] - Loss: 0.0984
  Batch [32510/34966] - Loss: 0.0984
  Batch [32520/34966] - Loss: 0.0984
  Batch [32530/34966] - Loss: 0.0984
  Batch [32540/34966] - Loss: 0.0984
  Batch [32550/34966] - Loss: 0.0984
  Batch [32560/34966] - Loss: 0.0984
  Batch [32570/34966] - Loss: 0.0984
  Batch [32580/34966] - Loss: 0.0985
  Batch [32590/34966] - Loss: 0.0984
  Batch [32600/34966] - Loss: 0.0984
  Batch [32610/34966] - Loss: 0.0984
  Batch [32620/34966] - Loss: 0.0984
  Batch [32630/34966] - Loss: 0.0984
  Batch [32640/34966] - Loss: 0.0984
  Batch [32650/34966] - Loss: 0.0984
  Batch [32660/34966] - Loss: 0.0984
  Batch [32670/34966] - Loss: 0.0984
  Batch [32680/34966] - Loss: 0.0984
  Batch [32690/34966] - Loss: 0.0984
  Batch [32700/34966] - Loss: 0.0984
  Batch [32710/34966] - Loss: 0.0984
  Batch [32720/34966] - Loss: 0.0984
  Batch [32730/34966] - Loss: 0.0984
  Batch [32740/34966] - Loss: 0.0984
  Batch [32750/34966] - Loss: 0.0984
  Batch [32760/34966] - Loss: 0.0984
  Batch [32770/34966] - Loss: 0.0985
  Batch [32780/34966] - Loss: 0.0985
  Batch [32790/34966] - Loss: 0.0984
  Batch [32800/34966] - Loss: 0.0984
  Batch [32810/34966] - Loss: 0.0984
  Batch [32820/34966] - Loss: 0.0984
  Batch [32830/34966] - Loss: 0.0984
  Batch [32840/34966] - Loss: 0.0984
  Batch [32850/34966] - Loss: 0.0984
  Batch [32860/34966] - Loss: 0.0984
  Batch [32870/34966] - Loss: 0.0984
  Batch [32880/34966] - Loss: 0.0984
  Batch [32890/34966] - Loss: 0.0984
  Batch [32900/34966] - Loss: 0.0985
  Batch [32910/34966] - Loss: 0.0984
  Batch [32920/34966] - Loss: 0.0985
  Batch [32930/34966] - Loss: 0.0985
  Batch [32940/34966] - Loss: 0.0985
  Batch [32950/34966] - Loss: 0.0985
  Batch [32960/34966] - Loss: 0.0985
  Batch [32970/34966] - Loss: 0.0985
  Batch [32980/34966] - Loss: 0.0985
  Batch [32990/34966] - Loss: 0.0985
  Batch [33000/34966] - Loss: 0.0985
  Batch [33010/34966] - Loss: 0.0985
  Batch [33020/34966] - Loss: 0.0985
  Batch [33030/34966] - Loss: 0.0985
  Batch [33040/34966] - Loss: 0.0985
  Batch [33050/34966] - Loss: 0.0985
  Batch [33060/34966] - Loss: 0.0985
  Batch [33070/34966] - Loss: 0.0985
  Batch [33080/34966] - Loss: 0.0985
  Batch [33090/34966] - Loss: 0.0985
  Batch [33100/34966] - Loss: 0.0985
  Batch [33110/34966] - Loss: 0.0985
  Batch [33120/34966] - Loss: 0.0985
  Batch [33130/34966] - Loss: 0.0985
  Batch [33140/34966] - Loss: 0.0985
  Batch [33150/34966] - Loss: 0.0985
  Batch [33160/34966] - Loss: 0.0985
  Batch [33170/34966] - Loss: 0.0985
  Batch [33180/34966] - Loss: 0.0985
  Batch [33190/34966] - Loss: 0.0985
  Batch [33200/34966] - Loss: 0.0985
  Batch [33210/34966] - Loss: 0.0985
  Batch [33220/34966] - Loss: 0.0985
  Batch [33230/34966] - Loss: 0.0985
  Batch [33240/34966] - Loss: 0.0985
  Batch [33250/34966] - Loss: 0.0985
  Batch [33260/34966] - Loss: 0.0985
  Batch [33270/34966] - Loss: 0.0985
  Batch [33280/34966] - Loss: 0.0985
  Batch [33290/34966] - Loss: 0.0985
  Batch [33300/34966] - Loss: 0.0985
  Batch [33310/34966] - Loss: 0.0984
  Batch [33320/34966] - Loss: 0.0985
  Batch [33330/34966] - Loss: 0.0985
  Batch [33340/34966] - Loss: 0.0985
  Batch [33350/34966] - Loss: 0.0985
  Batch [33360/34966] - Loss: 0.0985
  Batch [33370/34966] - Loss: 0.0985
  Batch [33380/34966] - Loss: 0.0985
  Batch [33390/34966] - Loss: 0.0985
  Batch [33400/34966] - Loss: 0.0985
  Batch [33410/34966] - Loss: 0.0985
  Batch [33420/34966] - Loss: 0.0985
  Batch [33430/34966] - Loss: 0.0984
  Batch [33440/34966] - Loss: 0.0984
  Batch [33450/34966] - Loss: 0.0985
  Batch [33460/34966] - Loss: 0.0985
  Batch [33470/34966] - Loss: 0.0984
  Batch [33480/34966] - Loss: 0.0984
  Batch [33490/34966] - Loss: 0.0984
  Batch [33500/34966] - Loss: 0.0984
  Batch [33510/34966] - Loss: 0.0984
  Batch [33520/34966] - Loss: 0.0984
  Batch [33530/34966] - Loss: 0.0985
  Batch [33540/34966] - Loss: 0.0985
  Batch [33550/34966] - Loss: 0.0985
  Batch [33560/34966] - Loss: 0.0985
  Batch [33570/34966] - Loss: 0.0985
  Batch [33580/34966] - Loss: 0.0984
  Batch [33590/34966] - Loss: 0.0984
  Batch [33600/34966] - Loss: 0.0985
  Batch [33610/34966] - Loss: 0.0984
  Batch [33620/34966] - Loss: 0.0984
  Batch [33630/34966] - Loss: 0.0984
  Batch [33640/34966] - Loss: 0.0985
  Batch [33650/34966] - Loss: 0.0984
  Batch [33660/34966] - Loss: 0.0985
  Batch [33670/34966] - Loss: 0.0985
  Batch [33680/34966] - Loss: 0.0985
  Batch [33690/34966] - Loss: 0.0985
  Batch [33700/34966] - Loss: 0.0985
  Batch [33710/34966] - Loss: 0.0985
  Batch [33720/34966] - Loss: 0.0984
  Batch [33730/34966] - Loss: 0.0984
  Batch [33740/34966] - Loss: 0.0984
  Batch [33750/34966] - Loss: 0.0984
  Batch [33760/34966] - Loss: 0.0984
  Batch [33770/34966] - Loss: 0.0984
  Batch [33780/34966] - Loss: 0.0984
  Batch [33790/34966] - Loss: 0.0984
  Batch [33800/34966] - Loss: 0.0984
  Batch [33810/34966] - Loss: 0.0984
  Batch [33820/34966] - Loss: 0.0984
  Batch [33830/34966] - Loss: 0.0984
  Batch [33840/34966] - Loss: 0.0984
  Batch [33850/34966] - Loss: 0.0984
  Batch [33860/34966] - Loss: 0.0984
  Batch [33870/34966] - Loss: 0.0984
  Batch [33880/34966] - Loss: 0.0984
  Batch [33890/34966] - Loss: 0.0984
  Batch [33900/34966] - Loss: 0.0984
  Batch [33910/34966] - Loss: 0.0984
  Batch [33920/34966] - Loss: 0.0984
  Batch [33930/34966] - Loss: 0.0984
  Batch [33940/34966] - Loss: 0.0984
  Batch [33950/34966] - Loss: 0.0984
  Batch [33960/34966] - Loss: 0.0984
  Batch [33970/34966] - Loss: 0.0984
  Batch [33980/34966] - Loss: 0.0984
  Batch [33990/34966] - Loss: 0.0984
  Batch [34000/34966] - Loss: 0.0985
  Batch [34010/34966] - Loss: 0.0985
  Batch [34020/34966] - Loss: 0.0985
  Batch [34030/34966] - Loss: 0.0984
  Batch [34040/34966] - Loss: 0.0984
  Batch [34050/34966] - Loss: 0.0984
  Batch [34060/34966] - Loss: 0.0984
  Batch [34070/34966] - Loss: 0.0984
  Batch [34080/34966] - Loss: 0.0984
  Batch [34090/34966] - Loss: 0.0984
  Batch [34100/34966] - Loss: 0.0984
  Batch [34110/34966] - Loss: 0.0984
  Batch [34120/34966] - Loss: 0.0984
  Batch [34130/34966] - Loss: 0.0984
  Batch [34140/34966] - Loss: 0.0984
  Batch [34150/34966] - Loss: 0.0984
  Batch [34160/34966] - Loss: 0.0984
  Batch [34170/34966] - Loss: 0.0984
  Batch [34180/34966] - Loss: 0.0985
  Batch [34190/34966] - Loss: 0.0985
  Batch [34200/34966] - Loss: 0.0984
  Batch [34210/34966] - Loss: 0.0985
  Batch [34220/34966] - Loss: 0.0985
  Batch [34230/34966] - Loss: 0.0985
  Batch [34240/34966] - Loss: 0.0985
  Batch [34250/34966] - Loss: 0.0984
  Batch [34260/34966] - Loss: 0.0984
  Batch [34270/34966] - Loss: 0.0984
  Batch [34280/34966] - Loss: 0.0984
  Batch [34290/34966] - Loss: 0.0984
  Batch [34300/34966] - Loss: 0.0984
  Batch [34310/34966] - Loss: 0.0984
  Batch [34320/34966] - Loss: 0.0984
  Batch [34330/34966] - Loss: 0.0984
  Batch [34340/34966] - Loss: 0.0984
  Batch [34350/34966] - Loss: 0.0984
  Batch [34360/34966] - Loss: 0.0984
  Batch [34370/34966] - Loss: 0.0985
  Batch [34380/34966] - Loss: 0.0984
  Batch [34390/34966] - Loss: 0.0985
  Batch [34400/34966] - Loss: 0.0984
  Batch [34410/34966] - Loss: 0.0985
  Batch [34420/34966] - Loss: 0.0985
  Batch [34430/34966] - Loss: 0.0985
  Batch [34440/34966] - Loss: 0.0985
  Batch [34450/34966] - Loss: 0.0985
  Batch [34460/34966] - Loss: 0.0984
  Batch [34470/34966] - Loss: 0.0984
  Batch [34480/34966] - Loss: 0.0984
  Batch [34490/34966] - Loss: 0.0984
  Batch [34500/34966] - Loss: 0.0984
  Batch [34510/34966] - Loss: 0.0984
  Batch [34520/34966] - Loss: 0.0984
  Batch [34530/34966] - Loss: 0.0984
  Batch [34540/34966] - Loss: 0.0984
  Batch [34550/34966] - Loss: 0.0984
  Batch [34560/34966] - Loss: 0.0984
  Batch [34570/34966] - Loss: 0.0984
  Batch [34580/34966] - Loss: 0.0984
  Batch [34590/34966] - Loss: 0.0984
  Batch [34600/34966] - Loss: 0.0984
  Batch [34610/34966] - Loss: 0.0984
  Batch [34620/34966] - Loss: 0.0984
  Batch [34630/34966] - Loss: 0.0984
  Batch [34640/34966] - Loss: 0.0984
  Batch [34650/34966] - Loss: 0.0984
  Batch [34660/34966] - Loss: 0.0984
  Batch [34670/34966] - Loss: 0.0984
  Batch [34680/34966] - Loss: 0.0984
  Batch [34690/34966] - Loss: 0.0984
  Batch [34700/34966] - Loss: 0.0984
  Batch [34710/34966] - Loss: 0.0984
  Batch [34720/34966] - Loss: 0.0984
  Batch [34730/34966] - Loss: 0.0984
  Batch [34740/34966] - Loss: 0.0984
  Batch [34750/34966] - Loss: 0.0984
  Batch [34760/34966] - Loss: 0.0984
  Batch [34770/34966] - Loss: 0.0984
  Batch [34780/34966] - Loss: 0.0984
  Batch [34790/34966] - Loss: 0.0984
  Batch [34800/34966] - Loss: 0.0984
  Batch [34810/34966] - Loss: 0.0984
  Batch [34820/34966] - Loss: 0.0985
  Batch [34830/34966] - Loss: 0.0985
  Batch [34840/34966] - Loss: 0.0985
  Batch [34850/34966] - Loss: 0.0985
  Batch [34860/34966] - Loss: 0.0984
  Batch [34870/34966] - Loss: 0.0984
  Batch [34880/34966] - Loss: 0.0984
  Batch [34890/34966] - Loss: 0.0984
  Batch [34900/34966] - Loss: 0.0984
  Batch [34910/34966] - Loss: 0.0984
  Batch [34920/34966] - Loss: 0.0984
  Batch [34930/34966] - Loss: 0.0985
  Batch [34940/34966] - Loss: 0.0985
  Batch [34950/34966] - Loss: 0.0984
  Batch [34960/34966] - Loss: 0.0985

Epoch 4 Results:
  Train Loss: 0.0985
  Val Loss: 0.1538
  Val Accuracy: 0.9570 (95.70%)
  Val Recall: 0.8756 (87.56%)
  Val Precision: 0.9229 (92.29%)

──────────────────────────────────────────────────────────────────────
Epoch 5/5
──────────────────────────────────────────────────────────────────────
  Batch [10/34966] - Loss: 0.1084
  Batch [20/34966] - Loss: 0.1096
  Batch [30/34966] - Loss: 0.1247
  Batch [40/34966] - Loss: 0.1108
  Batch [50/34966] - Loss: 0.1140
  Batch [60/34966] - Loss: 0.1059
  Batch [70/34966] - Loss: 0.1058
  Batch [80/34966] - Loss: 0.1038
  Batch [90/34966] - Loss: 0.1061
  Batch [100/34966] - Loss: 0.1070
  Batch [110/34966] - Loss: 0.1044
  Batch [120/34966] - Loss: 0.1035
  Batch [130/34966] - Loss: 0.1029
  Batch [140/34966] - Loss: 0.1020
  Batch [150/34966] - Loss: 0.1000
  Batch [160/34966] - Loss: 0.1015
  Batch [170/34966] - Loss: 0.1030
  Batch [180/34966] - Loss: 0.1023
  Batch [190/34966] - Loss: 0.1005
  Batch [200/34966] - Loss: 0.1000
  Batch [210/34966] - Loss: 0.1009
  Batch [220/34966] - Loss: 0.1009
  Batch [230/34966] - Loss: 0.1006
  Batch [240/34966] - Loss: 0.1001
  Batch [250/34966] - Loss: 0.0996
  Batch [260/34966] - Loss: 0.0990
  Batch [270/34966] - Loss: 0.0995
  Batch [280/34966] - Loss: 0.0988
  Batch [290/34966] - Loss: 0.0990
  Batch [300/34966] - Loss: 0.0986
  Batch [310/34966] - Loss: 0.0980
  Batch [320/34966] - Loss: 0.0997
  Batch [330/34966] - Loss: 0.1006
  Batch [340/34966] - Loss: 0.0996
  Batch [350/34966] - Loss: 0.0997
  Batch [360/34966] - Loss: 0.0994
  Batch [370/34966] - Loss: 0.0989
  Batch [380/34966] - Loss: 0.0989
  Batch [390/34966] - Loss: 0.0993
  Batch [400/34966] - Loss: 0.0986
  Batch [410/34966] - Loss: 0.0985
  Batch [420/34966] - Loss: 0.0990
  Batch [430/34966] - Loss: 0.0990
  Batch [440/34966] - Loss: 0.0986
  Batch [450/34966] - Loss: 0.0982
  Batch [460/34966] - Loss: 0.0981
  Batch [470/34966] - Loss: 0.0984
  Batch [480/34966] - Loss: 0.0982
  Batch [490/34966] - Loss: 0.0977
  Batch [500/34966] - Loss: 0.0976
  Batch [510/34966] - Loss: 0.0972
  Batch [520/34966] - Loss: 0.0975
  Batch [530/34966] - Loss: 0.0971
  Batch [540/34966] - Loss: 0.0979
  Batch [550/34966] - Loss: 0.0982
  Batch [560/34966] - Loss: 0.0983
  Batch [570/34966] - Loss: 0.0984
  Batch [580/34966] - Loss: 0.0981
  Batch [590/34966] - Loss: 0.0982
  Batch [600/34966] - Loss: 0.0988
  Batch [610/34966] - Loss: 0.0992
  Batch [620/34966] - Loss: 0.0989
  Batch [630/34966] - Loss: 0.0984
  Batch [640/34966] - Loss: 0.0985
  Batch [650/34966] - Loss: 0.0986
  Batch [660/34966] - Loss: 0.0982
  Batch [670/34966] - Loss: 0.0980
  Batch [680/34966] - Loss: 0.0980
  Batch [690/34966] - Loss: 0.0981
  Batch [700/34966] - Loss: 0.0975
  Batch [710/34966] - Loss: 0.0975
  Batch [720/34966] - Loss: 0.0977
  Batch [730/34966] - Loss: 0.0980
  Batch [740/34966] - Loss: 0.0976
  Batch [750/34966] - Loss: 0.0979
  Batch [760/34966] - Loss: 0.0984
  Batch [770/34966] - Loss: 0.0979
  Batch [780/34966] - Loss: 0.0977
  Batch [790/34966] - Loss: 0.0976
  Batch [800/34966] - Loss: 0.0972
  Batch [810/34966] - Loss: 0.0972
  Batch [820/34966] - Loss: 0.0972
  Batch [830/34966] - Loss: 0.0970
  Batch [840/34966] - Loss: 0.0969
  Batch [850/34966] - Loss: 0.0972
  Batch [860/34966] - Loss: 0.0971
  Batch [870/34966] - Loss: 0.0969
  Batch [880/34966] - Loss: 0.0970
  Batch [890/34966] - Loss: 0.0969
  Batch [900/34966] - Loss: 0.0970
  Batch [910/34966] - Loss: 0.0968
  Batch [920/34966] - Loss: 0.0974
  Batch [930/34966] - Loss: 0.0974
  Batch [940/34966] - Loss: 0.0972
  Batch [950/34966] - Loss: 0.0971
  Batch [960/34966] - Loss: 0.0971
  Batch [970/34966] - Loss: 0.0974
  Batch [980/34966] - Loss: 0.0975
  Batch [990/34966] - Loss: 0.0972
  Batch [1000/34966] - Loss: 0.0968
  Batch [1010/34966] - Loss: 0.0969
  Batch [1020/34966] - Loss: 0.0967
  Batch [1030/34966] - Loss: 0.0968
  Batch [1040/34966] - Loss: 0.0967
  Batch [1050/34966] - Loss: 0.0966
  Batch [1060/34966] - Loss: 0.0965
  Batch [1070/34966] - Loss: 0.0963
  Batch [1080/34966] - Loss: 0.0961
  Batch [1090/34966] - Loss: 0.0964
  Batch [1100/34966] - Loss: 0.0963
  Batch [1110/34966] - Loss: 0.0962
  Batch [1120/34966] - Loss: 0.0960
  Batch [1130/34966] - Loss: 0.0962
  Batch [1140/34966] - Loss: 0.0961
  Batch [1150/34966] - Loss: 0.0961
  Batch [1160/34966] - Loss: 0.0959
  Batch [1170/34966] - Loss: 0.0958
  Batch [1180/34966] - Loss: 0.0958
  Batch [1190/34966] - Loss: 0.0956
  Batch [1200/34966] - Loss: 0.0958
  Batch [1210/34966] - Loss: 0.0961
  Batch [1220/34966] - Loss: 0.0960
  Batch [1230/34966] - Loss: 0.0962
  Batch [1240/34966] - Loss: 0.0962
  Batch [1250/34966] - Loss: 0.0961
  Batch [1260/34966] - Loss: 0.0961
  Batch [1270/34966] - Loss: 0.0962
  Batch [1280/34966] - Loss: 0.0964
  Batch [1290/34966] - Loss: 0.0964
  Batch [1300/34966] - Loss: 0.0965
  Batch [1310/34966] - Loss: 0.0965
  Batch [1320/34966] - Loss: 0.0967
  Batch [1330/34966] - Loss: 0.0969
  Batch [1340/34966] - Loss: 0.0969
  Batch [1350/34966] - Loss: 0.0968
  Batch [1360/34966] - Loss: 0.0968
  Batch [1370/34966] - Loss: 0.0967
  Batch [1380/34966] - Loss: 0.0967
  Batch [1390/34966] - Loss: 0.0968
  Batch [1400/34966] - Loss: 0.0969
  Batch [1410/34966] - Loss: 0.0970
  Batch [1420/34966] - Loss: 0.0968
  Batch [1430/34966] - Loss: 0.0969
  Batch [1440/34966] - Loss: 0.0968
  Batch [1450/34966] - Loss: 0.0967
  Batch [1460/34966] - Loss: 0.0969
  Batch [1470/34966] - Loss: 0.0969
  Batch [1480/34966] - Loss: 0.0970
  Batch [1490/34966] - Loss: 0.0971
  Batch [1500/34966] - Loss: 0.0971
  Batch [1510/34966] - Loss: 0.0970
  Batch [1520/34966] - Loss: 0.0969
  Batch [1530/34966] - Loss: 0.0970
  Batch [1540/34966] - Loss: 0.0970
  Batch [1550/34966] - Loss: 0.0971
  Batch [1560/34966] - Loss: 0.0970
  Batch [1570/34966] - Loss: 0.0970
  Batch [1580/34966] - Loss: 0.0969
  Batch [1590/34966] - Loss: 0.0969
  Batch [1600/34966] - Loss: 0.0970
  Batch [1610/34966] - Loss: 0.0968
  Batch [1620/34966] - Loss: 0.0967
  Batch [1630/34966] - Loss: 0.0968
  Batch [1640/34966] - Loss: 0.0969
  Batch [1650/34966] - Loss: 0.0971
  Batch [1660/34966] - Loss: 0.0969
  Batch [1670/34966] - Loss: 0.0969
  Batch [1680/34966] - Loss: 0.0969
  Batch [1690/34966] - Loss: 0.0971
  Batch [1700/34966] - Loss: 0.0969
  Batch [1710/34966] - Loss: 0.0969
  Batch [1720/34966] - Loss: 0.0968
  Batch [1730/34966] - Loss: 0.0969
  Batch [1740/34966] - Loss: 0.0968
  Batch [1750/34966] - Loss: 0.0968
  Batch [1760/34966] - Loss: 0.0970
  Batch [1770/34966] - Loss: 0.0970
  Batch [1780/34966] - Loss: 0.0972
  Batch [1790/34966] - Loss: 0.0971
  Batch [1800/34966] - Loss: 0.0970
  Batch [1810/34966] - Loss: 0.0968
  Batch [1820/34966] - Loss: 0.0970
  Batch [1830/34966] - Loss: 0.0969
  Batch [1840/34966] - Loss: 0.0968
  Batch [1850/34966] - Loss: 0.0968
  Batch [1860/34966] - Loss: 0.0970
  Batch [1870/34966] - Loss: 0.0969
  Batch [1880/34966] - Loss: 0.0969
  Batch [1890/34966] - Loss: 0.0969
  Batch [1900/34966] - Loss: 0.0969
  Batch [1910/34966] - Loss: 0.0969
  Batch [1920/34966] - Loss: 0.0970
  Batch [1930/34966] - Loss: 0.0969
  Batch [1940/34966] - Loss: 0.0969
  Batch [1950/34966] - Loss: 0.0969
  Batch [1960/34966] - Loss: 0.0970
  Batch [1970/34966] - Loss: 0.0969
  Batch [1980/34966] - Loss: 0.0969
  Batch [1990/34966] - Loss: 0.0969
  Batch [2000/34966] - Loss: 0.0967
  Batch [2010/34966] - Loss: 0.0967
  Batch [2020/34966] - Loss: 0.0969
  Batch [2030/34966] - Loss: 0.0969
  Batch [2040/34966] - Loss: 0.0969
  Batch [2050/34966] - Loss: 0.0971
  Batch [2060/34966] - Loss: 0.0970
  Batch [2070/34966] - Loss: 0.0969
  Batch [2080/34966] - Loss: 0.0968
  Batch [2090/34966] - Loss: 0.0969
  Batch [2100/34966] - Loss: 0.0969
  Batch [2110/34966] - Loss: 0.0970
  Batch [2120/34966] - Loss: 0.0970
  Batch [2130/34966] - Loss: 0.0969
  Batch [2140/34966] - Loss: 0.0969
  Batch [2150/34966] - Loss: 0.0969
  Batch [2160/34966] - Loss: 0.0968
  Batch [2170/34966] - Loss: 0.0968
  Batch [2180/34966] - Loss: 0.0968
  Batch [2190/34966] - Loss: 0.0968
  Batch [2200/34966] - Loss: 0.0967
  Batch [2210/34966] - Loss: 0.0967
  Batch [2220/34966] - Loss: 0.0968
  Batch [2230/34966] - Loss: 0.0967
  Batch [2240/34966] - Loss: 0.0966
  Batch [2250/34966] - Loss: 0.0966
  Batch [2260/34966] - Loss: 0.0967
  Batch [2270/34966] - Loss: 0.0967
  Batch [2280/34966] - Loss: 0.0968
  Batch [2290/34966] - Loss: 0.0968
  Batch [2300/34966] - Loss: 0.0968
  Batch [2310/34966] - Loss: 0.0968
  Batch [2320/34966] - Loss: 0.0967
  Batch [2330/34966] - Loss: 0.0967
  Batch [2340/34966] - Loss: 0.0967
  Batch [2350/34966] - Loss: 0.0967
  Batch [2360/34966] - Loss: 0.0967
  Batch [2370/34966] - Loss: 0.0968
  Batch [2380/34966] - Loss: 0.0967
  Batch [2390/34966] - Loss: 0.0967
  Batch [2400/34966] - Loss: 0.0967
  Batch [2410/34966] - Loss: 0.0969
  Batch [2420/34966] - Loss: 0.0969
  Batch [2430/34966] - Loss: 0.0968
  Batch [2440/34966] - Loss: 0.0968
  Batch [2450/34966] - Loss: 0.0969
  Batch [2460/34966] - Loss: 0.0968
  Batch [2470/34966] - Loss: 0.0968
  Batch [2480/34966] - Loss: 0.0968
  Batch [2490/34966] - Loss: 0.0968
  Batch [2500/34966] - Loss: 0.0968
  Batch [2510/34966] - Loss: 0.0967
  Batch [2520/34966] - Loss: 0.0966
  Batch [2530/34966] - Loss: 0.0967
  Batch [2540/34966] - Loss: 0.0967
  Batch [2550/34966] - Loss: 0.0967
  Batch [2560/34966] - Loss: 0.0967
  Batch [2570/34966] - Loss: 0.0967
  Batch [2580/34966] - Loss: 0.0967
  Batch [2590/34966] - Loss: 0.0967
  Batch [2600/34966] - Loss: 0.0966
  Batch [2610/34966] - Loss: 0.0966
  Batch [2620/34966] - Loss: 0.0966
  Batch [2630/34966] - Loss: 0.0967
  Batch [2640/34966] - Loss: 0.0967
  Batch [2650/34966] - Loss: 0.0968
  Batch [2660/34966] - Loss: 0.0967
  Batch [2670/34966] - Loss: 0.0967
  Batch [2680/34966] - Loss: 0.0968
  Batch [2690/34966] - Loss: 0.0968
  Batch [2700/34966] - Loss: 0.0969
  Batch [2710/34966] - Loss: 0.0969
  Batch [2720/34966] - Loss: 0.0968
  Batch [2730/34966] - Loss: 0.0967
  Batch [2740/34966] - Loss: 0.0967
  Batch [2750/34966] - Loss: 0.0967
  Batch [2760/34966] - Loss: 0.0966
  Batch [2770/34966] - Loss: 0.0968
  Batch [2780/34966] - Loss: 0.0968
  Batch [2790/34966] - Loss: 0.0967
  Batch [2800/34966] - Loss: 0.0966
  Batch [2810/34966] - Loss: 0.0967
  Batch [2820/34966] - Loss: 0.0967
  Batch [2830/34966] - Loss: 0.0968
  Batch [2840/34966] - Loss: 0.0968
  Batch [2850/34966] - Loss: 0.0968
  Batch [2860/34966] - Loss: 0.0969
  Batch [2870/34966] - Loss: 0.0968
  Batch [2880/34966] - Loss: 0.0967
  Batch [2890/34966] - Loss: 0.0968
  Batch [2900/34966] - Loss: 0.0968
  Batch [2910/34966] - Loss: 0.0968
  Batch [2920/34966] - Loss: 0.0967
  Batch [2930/34966] - Loss: 0.0967
  Batch [2940/34966] - Loss: 0.0966
  Batch [2950/34966] - Loss: 0.0966
  Batch [2960/34966] - Loss: 0.0966
  Batch [2970/34966] - Loss: 0.0966
  Batch [2980/34966] - Loss: 0.0966
  Batch [2990/34966] - Loss: 0.0965
  Batch [3000/34966] - Loss: 0.0965
  Batch [3010/34966] - Loss: 0.0965
  Batch [3020/34966] - Loss: 0.0963
  Batch [3030/34966] - Loss: 0.0963
  Batch [3040/34966] - Loss: 0.0963
  Batch [3050/34966] - Loss: 0.0962
  Batch [3060/34966] - Loss: 0.0963
  Batch [3070/34966] - Loss: 0.0963
  Batch [3080/34966] - Loss: 0.0963
  Batch [3090/34966] - Loss: 0.0963
  Batch [3100/34966] - Loss: 0.0964
  Batch [3110/34966] - Loss: 0.0964
  Batch [3120/34966] - Loss: 0.0964
  Batch [3130/34966] - Loss: 0.0964
  Batch [3140/34966] - Loss: 0.0963
  Batch [3150/34966] - Loss: 0.0963
  Batch [3160/34966] - Loss: 0.0962
  Batch [3170/34966] - Loss: 0.0963
  Batch [3180/34966] - Loss: 0.0963
  Batch [3190/34966] - Loss: 0.0963
  Batch [3200/34966] - Loss: 0.0963
  Batch [3210/34966] - Loss: 0.0963
  Batch [3220/34966] - Loss: 0.0964
  Batch [3230/34966] - Loss: 0.0963
  Batch [3240/34966] - Loss: 0.0963
  Batch [3250/34966] - Loss: 0.0962
  Batch [3260/34966] - Loss: 0.0963
  Batch [3270/34966] - Loss: 0.0962
  Batch [3280/34966] - Loss: 0.0962
  Batch [3290/34966] - Loss: 0.0963
  Batch [3300/34966] - Loss: 0.0963
  Batch [3310/34966] - Loss: 0.0962
  Batch [3320/34966] - Loss: 0.0961
  Batch [3330/34966] - Loss: 0.0961
  Batch [3340/34966] - Loss: 0.0961
  Batch [3350/34966] - Loss: 0.0962
  Batch [3360/34966] - Loss: 0.0962
  Batch [3370/34966] - Loss: 0.0962
  Batch [3380/34966] - Loss: 0.0963
  Batch [3390/34966] - Loss: 0.0963
  Batch [3400/34966] - Loss: 0.0962
  Batch [3410/34966] - Loss: 0.0963
  Batch [3420/34966] - Loss: 0.0964
  Batch [3430/34966] - Loss: 0.0963
  Batch [3440/34966] - Loss: 0.0962
  Batch [3450/34966] - Loss: 0.0962
  Batch [3460/34966] - Loss: 0.0961
  Batch [3470/34966] - Loss: 0.0961
  Batch [3480/34966] - Loss: 0.0961
  Batch [3490/34966] - Loss: 0.0961
  Batch [3500/34966] - Loss: 0.0962
  Batch [3510/34966] - Loss: 0.0961
  Batch [3520/34966] - Loss: 0.0961
  Batch [3530/34966] - Loss: 0.0960
  Batch [3540/34966] - Loss: 0.0961
  Batch [3550/34966] - Loss: 0.0960
  Batch [3560/34966] - Loss: 0.0960
  Batch [3570/34966] - Loss: 0.0959
  Batch [3580/34966] - Loss: 0.0959
  Batch [3590/34966] - Loss: 0.0959
  Batch [3600/34966] - Loss: 0.0960
  Batch [3610/34966] - Loss: 0.0960
  Batch [3620/34966] - Loss: 0.0960
  Batch [3630/34966] - Loss: 0.0960
  Batch [3640/34966] - Loss: 0.0961
  Batch [3650/34966] - Loss: 0.0962
  Batch [3660/34966] - Loss: 0.0964
  Batch [3670/34966] - Loss: 0.0965
  Batch [3680/34966] - Loss: 0.0965
  Batch [3690/34966] - Loss: 0.0964
  Batch [3700/34966] - Loss: 0.0964
  Batch [3710/34966] - Loss: 0.0965
  Batch [3720/34966] - Loss: 0.0966
  Batch [3730/34966] - Loss: 0.0966
  Batch [3740/34966] - Loss: 0.0966
  Batch [3750/34966] - Loss: 0.0966
  Batch [3760/34966] - Loss: 0.0966
  Batch [3770/34966] - Loss: 0.0968
  Batch [3780/34966] - Loss: 0.0968
  Batch [3790/34966] - Loss: 0.0968
  Batch [3800/34966] - Loss: 0.0967
  Batch [3810/34966] - Loss: 0.0966
  Batch [3820/34966] - Loss: 0.0966
  Batch [3830/34966] - Loss: 0.0966
  Batch [3840/34966] - Loss: 0.0966
  Batch [3850/34966] - Loss: 0.0965
  Batch [3860/34966] - Loss: 0.0966
  Batch [3870/34966] - Loss: 0.0967
  Batch [3880/34966] - Loss: 0.0966
  Batch [3890/34966] - Loss: 0.0966
  Batch [3900/34966] - Loss: 0.0966
  Batch [3910/34966] - Loss: 0.0965
  Batch [3920/34966] - Loss: 0.0965
  Batch [3930/34966] - Loss: 0.0965
  Batch [3940/34966] - Loss: 0.0966
  Batch [3950/34966] - Loss: 0.0967
  Batch [3960/34966] - Loss: 0.0967
  Batch [3970/34966] - Loss: 0.0967
  Batch [3980/34966] - Loss: 0.0966
  Batch [3990/34966] - Loss: 0.0966
  Batch [4000/34966] - Loss: 0.0966
  Batch [4010/34966] - Loss: 0.0966
  Batch [4020/34966] - Loss: 0.0966
  Batch [4030/34966] - Loss: 0.0966
  Batch [4040/34966] - Loss: 0.0966
  Batch [4050/34966] - Loss: 0.0965
  Batch [4060/34966] - Loss: 0.0965
  Batch [4070/34966] - Loss: 0.0964
  Batch [4080/34966] - Loss: 0.0964
  Batch [4090/34966] - Loss: 0.0964
  Batch [4100/34966] - Loss: 0.0965
  Batch [4110/34966] - Loss: 0.0966
  Batch [4120/34966] - Loss: 0.0966
  Batch [4130/34966] - Loss: 0.0966
  Batch [4140/34966] - Loss: 0.0967
  Batch [4150/34966] - Loss: 0.0967
  Batch [4160/34966] - Loss: 0.0967
  Batch [4170/34966] - Loss: 0.0968
  Batch [4180/34966] - Loss: 0.0967
  Batch [4190/34966] - Loss: 0.0968
  Batch [4200/34966] - Loss: 0.0968
  Batch [4210/34966] - Loss: 0.0968
  Batch [4220/34966] - Loss: 0.0968
  Batch [4230/34966] - Loss: 0.0967
  Batch [4240/34966] - Loss: 0.0967
  Batch [4250/34966] - Loss: 0.0967
  Batch [4260/34966] - Loss: 0.0968
  Batch [4270/34966] - Loss: 0.0968
  Batch [4280/34966] - Loss: 0.0968
  Batch [4290/34966] - Loss: 0.0968
  Batch [4300/34966] - Loss: 0.0969
  Batch [4310/34966] - Loss: 0.0968
  Batch [4320/34966] - Loss: 0.0968
  Batch [4330/34966] - Loss: 0.0967
  Batch [4340/34966] - Loss: 0.0968
  Batch [4350/34966] - Loss: 0.0968
  Batch [4360/34966] - Loss: 0.0969
  Batch [4370/34966] - Loss: 0.0968
  Batch [4380/34966] - Loss: 0.0968
  Batch [4390/34966] - Loss: 0.0967
  Batch [4400/34966] - Loss: 0.0968
  Batch [4410/34966] - Loss: 0.0968
  Batch [4420/34966] - Loss: 0.0967
  Batch [4430/34966] - Loss: 0.0967
  Batch [4440/34966] - Loss: 0.0967
  Batch [4450/34966] - Loss: 0.0968
  Batch [4460/34966] - Loss: 0.0967
  Batch [4470/34966] - Loss: 0.0968
  Batch [4480/34966] - Loss: 0.0967
  Batch [4490/34966] - Loss: 0.0967
  Batch [4500/34966] - Loss: 0.0967
  Batch [4510/34966] - Loss: 0.0968
  Batch [4520/34966] - Loss: 0.0967
  Batch [4530/34966] - Loss: 0.0967
  Batch [4540/34966] - Loss: 0.0967
  Batch [4550/34966] - Loss: 0.0967
  Batch [4560/34966] - Loss: 0.0967
  Batch [4570/34966] - Loss: 0.0967
  Batch [4580/34966] - Loss: 0.0967
  Batch [4590/34966] - Loss: 0.0967
  Batch [4600/34966] - Loss: 0.0967
  Batch [4610/34966] - Loss: 0.0967
  Batch [4620/34966] - Loss: 0.0968
  Batch [4630/34966] - Loss: 0.0968
  Batch [4640/34966] - Loss: 0.0967
  Batch [4650/34966] - Loss: 0.0968
  Batch [4660/34966] - Loss: 0.0968
  Batch [4670/34966] - Loss: 0.0968
  Batch [4680/34966] - Loss: 0.0968
  Batch [4690/34966] - Loss: 0.0968
  Batch [4700/34966] - Loss: 0.0968
  Batch [4710/34966] - Loss: 0.0969
  Batch [4720/34966] - Loss: 0.0969
  Batch [4730/34966] - Loss: 0.0969
  Batch [4740/34966] - Loss: 0.0969
  Batch [4750/34966] - Loss: 0.0969
  Batch [4760/34966] - Loss: 0.0969
  Batch [4770/34966] - Loss: 0.0969
  Batch [4780/34966] - Loss: 0.0969
  Batch [4790/34966] - Loss: 0.0969
  Batch [4800/34966] - Loss: 0.0968
  Batch [4810/34966] - Loss: 0.0968
  Batch [4820/34966] - Loss: 0.0967
  Batch [4830/34966] - Loss: 0.0967
  Batch [4840/34966] - Loss: 0.0968
  Batch [4850/34966] - Loss: 0.0968
  Batch [4860/34966] - Loss: 0.0967
  Batch [4870/34966] - Loss: 0.0968
  Batch [4880/34966] - Loss: 0.0968
  Batch [4890/34966] - Loss: 0.0969
  Batch [4900/34966] - Loss: 0.0969
  Batch [4910/34966] - Loss: 0.0969
  Batch [4920/34966] - Loss: 0.0968
  Batch [4930/34966] - Loss: 0.0968
  Batch [4940/34966] - Loss: 0.0968
  Batch [4950/34966] - Loss: 0.0968
  Batch [4960/34966] - Loss: 0.0968
  Batch [4970/34966] - Loss: 0.0968
  Batch [4980/34966] - Loss: 0.0968
  Batch [4990/34966] - Loss: 0.0968
  Batch [5000/34966] - Loss: 0.0968
  Batch [5010/34966] - Loss: 0.0968
  Batch [5020/34966] - Loss: 0.0968
  Batch [5030/34966] - Loss: 0.0968
  Batch [5040/34966] - Loss: 0.0968
  Batch [5050/34966] - Loss: 0.0967
  Batch [5060/34966] - Loss: 0.0967
  Batch [5070/34966] - Loss: 0.0967
  Batch [5080/34966] - Loss: 0.0967
  Batch [5090/34966] - Loss: 0.0968
  Batch [5100/34966] - Loss: 0.0967
  Batch [5110/34966] - Loss: 0.0967
  Batch [5120/34966] - Loss: 0.0967
  Batch [5130/34966] - Loss: 0.0966
  Batch [5140/34966] - Loss: 0.0966
  Batch [5150/34966] - Loss: 0.0966
  Batch [5160/34966] - Loss: 0.0967
  Batch [5170/34966] - Loss: 0.0966
  Batch [5180/34966] - Loss: 0.0966
  Batch [5190/34966] - Loss: 0.0966
  Batch [5200/34966] - Loss: 0.0966
  Batch [5210/34966] - Loss: 0.0966
  Batch [5220/34966] - Loss: 0.0966
  Batch [5230/34966] - Loss: 0.0966
  Batch [5240/34966] - Loss: 0.0966
  Batch [5250/34966] - Loss: 0.0966
  Batch [5260/34966] - Loss: 0.0967
  Batch [5270/34966] - Loss: 0.0967
  Batch [5280/34966] - Loss: 0.0966
  Batch [5290/34966] - Loss: 0.0967
  Batch [5300/34966] - Loss: 0.0967
  Batch [5310/34966] - Loss: 0.0967
  Batch [5320/34966] - Loss: 0.0966
  Batch [5330/34966] - Loss: 0.0966
  Batch [5340/34966] - Loss: 0.0967
  Batch [5350/34966] - Loss: 0.0967
  Batch [5360/34966] - Loss: 0.0967
  Batch [5370/34966] - Loss: 0.0967
  Batch [5380/34966] - Loss: 0.0967
  Batch [5390/34966] - Loss: 0.0967
  Batch [5400/34966] - Loss: 0.0966
  Batch [5410/34966] - Loss: 0.0966
  Batch [5420/34966] - Loss: 0.0967
  Batch [5430/34966] - Loss: 0.0967
  Batch [5440/34966] - Loss: 0.0966
  Batch [5450/34966] - Loss: 0.0966
  Batch [5460/34966] - Loss: 0.0966
  Batch [5470/34966] - Loss: 0.0967
  Batch [5480/34966] - Loss: 0.0967
  Batch [5490/34966] - Loss: 0.0966
  Batch [5500/34966] - Loss: 0.0966
  Batch [5510/34966] - Loss: 0.0966
  Batch [5520/34966] - Loss: 0.0967
  Batch [5530/34966] - Loss: 0.0967
  Batch [5540/34966] - Loss: 0.0967
  Batch [5550/34966] - Loss: 0.0967
  Batch [5560/34966] - Loss: 0.0967
  Batch [5570/34966] - Loss: 0.0968
  Batch [5580/34966] - Loss: 0.0967
  Batch [5590/34966] - Loss: 0.0968
  Batch [5600/34966] - Loss: 0.0968
  Batch [5610/34966] - Loss: 0.0968
  Batch [5620/34966] - Loss: 0.0968
  Batch [5630/34966] - Loss: 0.0968
  Batch [5640/34966] - Loss: 0.0968
  Batch [5650/34966] - Loss: 0.0968
  Batch [5660/34966] - Loss: 0.0967
  Batch [5670/34966] - Loss: 0.0967
  Batch [5680/34966] - Loss: 0.0967
  Batch [5690/34966] - Loss: 0.0967
  Batch [5700/34966] - Loss: 0.0966
  Batch [5710/34966] - Loss: 0.0965
  Batch [5720/34966] - Loss: 0.0965
  Batch [5730/34966] - Loss: 0.0965
  Batch [5740/34966] - Loss: 0.0966
  Batch [5750/34966] - Loss: 0.0965
  Batch [5760/34966] - Loss: 0.0965
  Batch [5770/34966] - Loss: 0.0965
  Batch [5780/34966] - Loss: 0.0964
  Batch [5790/34966] - Loss: 0.0964
  Batch [5800/34966] - Loss: 0.0964
  Batch [5810/34966] - Loss: 0.0964
  Batch [5820/34966] - Loss: 0.0964
  Batch [5830/34966] - Loss: 0.0964
  Batch [5840/34966] - Loss: 0.0964
  Batch [5850/34966] - Loss: 0.0964
  Batch [5860/34966] - Loss: 0.0964
  Batch [5870/34966] - Loss: 0.0964
  Batch [5880/34966] - Loss: 0.0965
  Batch [5890/34966] - Loss: 0.0965
  Batch [5900/34966] - Loss: 0.0965
  Batch [5910/34966] - Loss: 0.0965
  Batch [5920/34966] - Loss: 0.0965
  Batch [5930/34966] - Loss: 0.0965
  Batch [5940/34966] - Loss: 0.0965
  Batch [5950/34966] - Loss: 0.0965
  Batch [5960/34966] - Loss: 0.0965
  Batch [5970/34966] - Loss: 0.0965
  Batch [5980/34966] - Loss: 0.0965
  Batch [5990/34966] - Loss: 0.0966
  Batch [6000/34966] - Loss: 0.0966
  Batch [6010/34966] - Loss: 0.0966
  Batch [6020/34966] - Loss: 0.0967
  Batch [6030/34966] - Loss: 0.0967
  Batch [6040/34966] - Loss: 0.0967
  Batch [6050/34966] - Loss: 0.0967
  Batch [6060/34966] - Loss: 0.0968
  Batch [6070/34966] - Loss: 0.0968
  Batch [6080/34966] - Loss: 0.0968
  Batch [6090/34966] - Loss: 0.0968
  Batch [6100/34966] - Loss: 0.0967
  Batch [6110/34966] - Loss: 0.0967
  Batch [6120/34966] - Loss: 0.0967
  Batch [6130/34966] - Loss: 0.0967
  Batch [6140/34966] - Loss: 0.0968
  Batch [6150/34966] - Loss: 0.0968
  Batch [6160/34966] - Loss: 0.0968
  Batch [6170/34966] - Loss: 0.0968
  Batch [6180/34966] - Loss: 0.0968
  Batch [6190/34966] - Loss: 0.0968
  Batch [6200/34966] - Loss: 0.0968
  Batch [6210/34966] - Loss: 0.0968
  Batch [6220/34966] - Loss: 0.0968
  Batch [6230/34966] - Loss: 0.0968
  Batch [6240/34966] - Loss: 0.0968
  Batch [6250/34966] - Loss: 0.0967
  Batch [6260/34966] - Loss: 0.0967
  Batch [6270/34966] - Loss: 0.0968
  Batch [6280/34966] - Loss: 0.0968
  Batch [6290/34966] - Loss: 0.0968
  Batch [6300/34966] - Loss: 0.0968
  Batch [6310/34966] - Loss: 0.0968
  Batch [6320/34966] - Loss: 0.0968
  Batch [6330/34966] - Loss: 0.0967
  Batch [6340/34966] - Loss: 0.0968
  Batch [6350/34966] - Loss: 0.0967
  Batch [6360/34966] - Loss: 0.0967
  Batch [6370/34966] - Loss: 0.0967
  Batch [6380/34966] - Loss: 0.0968
  Batch [6390/34966] - Loss: 0.0967
  Batch [6400/34966] - Loss: 0.0967
  Batch [6410/34966] - Loss: 0.0967
  Batch [6420/34966] - Loss: 0.0967
  Batch [6430/34966] - Loss: 0.0967
  Batch [6440/34966] - Loss: 0.0968
  Batch [6450/34966] - Loss: 0.0968
  Batch [6460/34966] - Loss: 0.0968
  Batch [6470/34966] - Loss: 0.0969
  Batch [6480/34966] - Loss: 0.0969
  Batch [6490/34966] - Loss: 0.0969
  Batch [6500/34966] - Loss: 0.0968
  Batch [6510/34966] - Loss: 0.0969
  Batch [6520/34966] - Loss: 0.0969
  Batch [6530/34966] - Loss: 0.0969
  Batch [6540/34966] - Loss: 0.0969
  Batch [6550/34966] - Loss: 0.0969
  Batch [6560/34966] - Loss: 0.0969
  Batch [6570/34966] - Loss: 0.0969
  Batch [6580/34966] - Loss: 0.0969
  Batch [6590/34966] - Loss: 0.0970
  Batch [6600/34966] - Loss: 0.0971
  Batch [6610/34966] - Loss: 0.0970
  Batch [6620/34966] - Loss: 0.0970
  Batch [6630/34966] - Loss: 0.0970
  Batch [6640/34966] - Loss: 0.0970
  Batch [6650/34966] - Loss: 0.0971
  Batch [6660/34966] - Loss: 0.0971
  Batch [6670/34966] - Loss: 0.0971
  Batch [6680/34966] - Loss: 0.0971
  Batch [6690/34966] - Loss: 0.0971
  Batch [6700/34966] - Loss: 0.0971
  Batch [6710/34966] - Loss: 0.0971
  Batch [6720/34966] - Loss: 0.0971
  Batch [6730/34966] - Loss: 0.0971
  Batch [6740/34966] - Loss: 0.0972
  Batch [6750/34966] - Loss: 0.0972
  Batch [6760/34966] - Loss: 0.0972
  Batch [6770/34966] - Loss: 0.0972
  Batch [6780/34966] - Loss: 0.0972
  Batch [6790/34966] - Loss: 0.0972
  Batch [6800/34966] - Loss: 0.0972
  Batch [6810/34966] - Loss: 0.0972
  Batch [6820/34966] - Loss: 0.0972
  Batch [6830/34966] - Loss: 0.0972
  Batch [6840/34966] - Loss: 0.0972
  Batch [6850/34966] - Loss: 0.0972
  Batch [6860/34966] - Loss: 0.0972
  Batch [6870/34966] - Loss: 0.0972
  Batch [6880/34966] - Loss: 0.0973
  Batch [6890/34966] - Loss: 0.0973
  Batch [6900/34966] - Loss: 0.0972
  Batch [6910/34966] - Loss: 0.0972
  Batch [6920/34966] - Loss: 0.0973
  Batch [6930/34966] - Loss: 0.0973
  Batch [6940/34966] - Loss: 0.0973
  Batch [6950/34966] - Loss: 0.0973
  Batch [6960/34966] - Loss: 0.0973
  Batch [6970/34966] - Loss: 0.0973
  Batch [6980/34966] - Loss: 0.0974
  Batch [6990/34966] - Loss: 0.0974
  Batch [7000/34966] - Loss: 0.0973
  Batch [7010/34966] - Loss: 0.0973
  Batch [7020/34966] - Loss: 0.0973
  Batch [7030/34966] - Loss: 0.0974
  Batch [7040/34966] - Loss: 0.0974
  Batch [7050/34966] - Loss: 0.0974
  Batch [7060/34966] - Loss: 0.0974
  Batch [7070/34966] - Loss: 0.0974
  Batch [7080/34966] - Loss: 0.0974
  Batch [7090/34966] - Loss: 0.0974
  Batch [7100/34966] - Loss: 0.0974
  Batch [7110/34966] - Loss: 0.0974
  Batch [7120/34966] - Loss: 0.0974
  Batch [7130/34966] - Loss: 0.0974
  Batch [7140/34966] - Loss: 0.0974
  Batch [7150/34966] - Loss: 0.0974
  Batch [7160/34966] - Loss: 0.0974
  Batch [7170/34966] - Loss: 0.0974
  Batch [7180/34966] - Loss: 0.0974
  Batch [7190/34966] - Loss: 0.0974
  Batch [7200/34966] - Loss: 0.0974
  Batch [7210/34966] - Loss: 0.0974
  Batch [7220/34966] - Loss: 0.0974
  Batch [7230/34966] - Loss: 0.0974
  Batch [7240/34966] - Loss: 0.0974
  Batch [7250/34966] - Loss: 0.0975
  Batch [7260/34966] - Loss: 0.0975
  Batch [7270/34966] - Loss: 0.0975
  Batch [7280/34966] - Loss: 0.0975
  Batch [7290/34966] - Loss: 0.0974
  Batch [7300/34966] - Loss: 0.0975
  Batch [7310/34966] - Loss: 0.0975
  Batch [7320/34966] - Loss: 0.0975
  Batch [7330/34966] - Loss: 0.0974
  Batch [7340/34966] - Loss: 0.0974
  Batch [7350/34966] - Loss: 0.0974
  Batch [7360/34966] - Loss: 0.0974
  Batch [7370/34966] - Loss: 0.0974
  Batch [7380/34966] - Loss: 0.0974
  Batch [7390/34966] - Loss: 0.0974
  Batch [7400/34966] - Loss: 0.0974
  Batch [7410/34966] - Loss: 0.0973
  Batch [7420/34966] - Loss: 0.0973
  Batch [7430/34966] - Loss: 0.0974
  Batch [7440/34966] - Loss: 0.0973
  Batch [7450/34966] - Loss: 0.0973
  Batch [7460/34966] - Loss: 0.0974
  Batch [7470/34966] - Loss: 0.0974
  Batch [7480/34966] - Loss: 0.0974
  Batch [7490/34966] - Loss: 0.0974
  Batch [7500/34966] - Loss: 0.0974
  Batch [7510/34966] - Loss: 0.0974
  Batch [7520/34966] - Loss: 0.0974
  Batch [7530/34966] - Loss: 0.0974
  Batch [7540/34966] - Loss: 0.0974
  Batch [7550/34966] - Loss: 0.0974
  Batch [7560/34966] - Loss: 0.0974
  Batch [7570/34966] - Loss: 0.0974
  Batch [7580/34966] - Loss: 0.0974
  Batch [7590/34966] - Loss: 0.0974
  Batch [7600/34966] - Loss: 0.0974
  Batch [7610/34966] - Loss: 0.0974
  Batch [7620/34966] - Loss: 0.0974
  Batch [7630/34966] - Loss: 0.0974
  Batch [7640/34966] - Loss: 0.0974
  Batch [7650/34966] - Loss: 0.0974
  Batch [7660/34966] - Loss: 0.0974
  Batch [7670/34966] - Loss: 0.0974
  Batch [7680/34966] - Loss: 0.0975
  Batch [7690/34966] - Loss: 0.0975
  Batch [7700/34966] - Loss: 0.0974
  Batch [7710/34966] - Loss: 0.0975
  Batch [7720/34966] - Loss: 0.0975
  Batch [7730/34966] - Loss: 0.0976
  Batch [7740/34966] - Loss: 0.0975
  Batch [7750/34966] - Loss: 0.0975
  Batch [7760/34966] - Loss: 0.0975
  Batch [7770/34966] - Loss: 0.0975
  Batch [7780/34966] - Loss: 0.0975
  Batch [7790/34966] - Loss: 0.0975
  Batch [7800/34966] - Loss: 0.0975
  Batch [7810/34966] - Loss: 0.0975
  Batch [7820/34966] - Loss: 0.0975
  Batch [7830/34966] - Loss: 0.0975
  Batch [7840/34966] - Loss: 0.0975
  Batch [7850/34966] - Loss: 0.0975
  Batch [7860/34966] - Loss: 0.0975
  Batch [7870/34966] - Loss: 0.0975
  Batch [7880/34966] - Loss: 0.0974
  Batch [7890/34966] - Loss: 0.0975
  Batch [7900/34966] - Loss: 0.0975
  Batch [7910/34966] - Loss: 0.0975
  Batch [7920/34966] - Loss: 0.0975
  Batch [7930/34966] - Loss: 0.0975
  Batch [7940/34966] - Loss: 0.0975
  Batch [7950/34966] - Loss: 0.0975
  Batch [7960/34966] - Loss: 0.0975
  Batch [7970/34966] - Loss: 0.0975
  Batch [7980/34966] - Loss: 0.0975
  Batch [7990/34966] - Loss: 0.0975
  Batch [8000/34966] - Loss: 0.0975
  Batch [8010/34966] - Loss: 0.0975
  Batch [8020/34966] - Loss: 0.0975
  Batch [8030/34966] - Loss: 0.0975
  Batch [8040/34966] - Loss: 0.0975
  Batch [8050/34966] - Loss: 0.0976
  Batch [8060/34966] - Loss: 0.0976
  Batch [8070/34966] - Loss: 0.0975
  Batch [8080/34966] - Loss: 0.0975
  Batch [8090/34966] - Loss: 0.0975
  Batch [8100/34966] - Loss: 0.0975
  Batch [8110/34966] - Loss: 0.0975
  Batch [8120/34966] - Loss: 0.0975
  Batch [8130/34966] - Loss: 0.0975
  Batch [8140/34966] - Loss: 0.0975
  Batch [8150/34966] - Loss: 0.0975
  Batch [8160/34966] - Loss: 0.0974
  Batch [8170/34966] - Loss: 0.0974
  Batch [8180/34966] - Loss: 0.0974
  Batch [8190/34966] - Loss: 0.0975
  Batch [8200/34966] - Loss: 0.0974
  Batch [8210/34966] - Loss: 0.0975
  Batch [8220/34966] - Loss: 0.0975
  Batch [8230/34966] - Loss: 0.0975
  Batch [8240/34966] - Loss: 0.0975
  Batch [8250/34966] - Loss: 0.0975
  Batch [8260/34966] - Loss: 0.0975
  Batch [8270/34966] - Loss: 0.0975
  Batch [8280/34966] - Loss: 0.0975
  Batch [8290/34966] - Loss: 0.0975
  Batch [8300/34966] - Loss: 0.0974
  Batch [8310/34966] - Loss: 0.0974
  Batch [8320/34966] - Loss: 0.0974
  Batch [8330/34966] - Loss: 0.0974
  Batch [8340/34966] - Loss: 0.0975
  Batch [8350/34966] - Loss: 0.0975
  Batch [8360/34966] - Loss: 0.0975
  Batch [8370/34966] - Loss: 0.0975
  Batch [8380/34966] - Loss: 0.0975
  Batch [8390/34966] - Loss: 0.0975
  Batch [8400/34966] - Loss: 0.0975
  Batch [8410/34966] - Loss: 0.0975
  Batch [8420/34966] - Loss: 0.0975
  Batch [8430/34966] - Loss: 0.0975
  Batch [8440/34966] - Loss: 0.0975
  Batch [8450/34966] - Loss: 0.0975
  Batch [8460/34966] - Loss: 0.0976
  Batch [8470/34966] - Loss: 0.0976
  Batch [8480/34966] - Loss: 0.0975
  Batch [8490/34966] - Loss: 0.0976
  Batch [8500/34966] - Loss: 0.0975
  Batch [8510/34966] - Loss: 0.0975
  Batch [8520/34966] - Loss: 0.0975
  Batch [8530/34966] - Loss: 0.0975
  Batch [8540/34966] - Loss: 0.0975
  Batch [8550/34966] - Loss: 0.0975
  Batch [8560/34966] - Loss: 0.0975
  Batch [8570/34966] - Loss: 0.0975
  Batch [8580/34966] - Loss: 0.0975
  Batch [8590/34966] - Loss: 0.0976
  Batch [8600/34966] - Loss: 0.0976
  Batch [8610/34966] - Loss: 0.0976
  Batch [8620/34966] - Loss: 0.0976
  Batch [8630/34966] - Loss: 0.0976
  Batch [8640/34966] - Loss: 0.0976
  Batch [8650/34966] - Loss: 0.0976
  Batch [8660/34966] - Loss: 0.0976
  Batch [8670/34966] - Loss: 0.0976
  Batch [8680/34966] - Loss: 0.0976
  Batch [8690/34966] - Loss: 0.0976
  Batch [8700/34966] - Loss: 0.0976
  Batch [8710/34966] - Loss: 0.0976
  Batch [8720/34966] - Loss: 0.0976
  Batch [8730/34966] - Loss: 0.0976
  Batch [8740/34966] - Loss: 0.0977
  Batch [8750/34966] - Loss: 0.0976
  Batch [8760/34966] - Loss: 0.0977
  Batch [8770/34966] - Loss: 0.0976
  Batch [8780/34966] - Loss: 0.0977
  Batch [8790/34966] - Loss: 0.0977
  Batch [8800/34966] - Loss: 0.0977
  Batch [8810/34966] - Loss: 0.0977
  Batch [8820/34966] - Loss: 0.0977
  Batch [8830/34966] - Loss: 0.0976
  Batch [8840/34966] - Loss: 0.0976
  Batch [8850/34966] - Loss: 0.0976
  Batch [8860/34966] - Loss: 0.0976
  Batch [8870/34966] - Loss: 0.0976
  Batch [8880/34966] - Loss: 0.0976
  Batch [8890/34966] - Loss: 0.0976
  Batch [8900/34966] - Loss: 0.0976
  Batch [8910/34966] - Loss: 0.0976
  Batch [8920/34966] - Loss: 0.0976
  Batch [8930/34966] - Loss: 0.0976
  Batch [8940/34966] - Loss: 0.0976
  Batch [8950/34966] - Loss: 0.0976
  Batch [8960/34966] - Loss: 0.0976
  Batch [8970/34966] - Loss: 0.0976
  Batch [8980/34966] - Loss: 0.0976
  Batch [8990/34966] - Loss: 0.0976
  Batch [9000/34966] - Loss: 0.0976
  Batch [9010/34966] - Loss: 0.0976
  Batch [9020/34966] - Loss: 0.0976
  Batch [9030/34966] - Loss: 0.0976
  Batch [9040/34966] - Loss: 0.0976
  Batch [9050/34966] - Loss: 0.0976
  Batch [9060/34966] - Loss: 0.0975
  Batch [9070/34966] - Loss: 0.0975
  Batch [9080/34966] - Loss: 0.0975
  Batch [9090/34966] - Loss: 0.0975
  Batch [9100/34966] - Loss: 0.0975
  Batch [9110/34966] - Loss: 0.0975
  Batch [9120/34966] - Loss: 0.0975
  Batch [9130/34966] - Loss: 0.0975
  Batch [9140/34966] - Loss: 0.0975
  Batch [9150/34966] - Loss: 0.0975
  Batch [9160/34966] - Loss: 0.0975
  Batch [9170/34966] - Loss: 0.0975
  Batch [9180/34966] - Loss: 0.0975
  Batch [9190/34966] - Loss: 0.0975
  Batch [9200/34966] - Loss: 0.0975
  Batch [9210/34966] - Loss: 0.0975
  Batch [9220/34966] - Loss: 0.0975
  Batch [9230/34966] - Loss: 0.0975
  Batch [9240/34966] - Loss: 0.0975
  Batch [9250/34966] - Loss: 0.0975
  Batch [9260/34966] - Loss: 0.0976
  Batch [9270/34966] - Loss: 0.0976
  Batch [9280/34966] - Loss: 0.0976
  Batch [9290/34966] - Loss: 0.0976
  Batch [9300/34966] - Loss: 0.0977
  Batch [9310/34966] - Loss: 0.0977
  Batch [9320/34966] - Loss: 0.0977
  Batch [9330/34966] - Loss: 0.0977
  Batch [9340/34966] - Loss: 0.0977
  Batch [9350/34966] - Loss: 0.0977
  Batch [9360/34966] - Loss: 0.0977
  Batch [9370/34966] - Loss: 0.0977
  Batch [9380/34966] - Loss: 0.0977
  Batch [9390/34966] - Loss: 0.0977
  Batch [9400/34966] - Loss: 0.0977
  Batch [9410/34966] - Loss: 0.0977
  Batch [9420/34966] - Loss: 0.0977
  Batch [9430/34966] - Loss: 0.0977
  Batch [9440/34966] - Loss: 0.0978
  Batch [9450/34966] - Loss: 0.0977
  Batch [9460/34966] - Loss: 0.0977
  Batch [9470/34966] - Loss: 0.0977
  Batch [9480/34966] - Loss: 0.0977
  Batch [9490/34966] - Loss: 0.0977
  Batch [9500/34966] - Loss: 0.0977
  Batch [9510/34966] - Loss: 0.0977
  Batch [9520/34966] - Loss: 0.0977
  Batch [9530/34966] - Loss: 0.0977
  Batch [9540/34966] - Loss: 0.0977
  Batch [9550/34966] - Loss: 0.0977
  Batch [9560/34966] - Loss: 0.0977
  Batch [9570/34966] - Loss: 0.0977
  Batch [9580/34966] - Loss: 0.0977
  Batch [9590/34966] - Loss: 0.0977
  Batch [9600/34966] - Loss: 0.0977
  Batch [9610/34966] - Loss: 0.0977
  Batch [9620/34966] - Loss: 0.0977
  Batch [9630/34966] - Loss: 0.0977
  Batch [9640/34966] - Loss: 0.0977
  Batch [9650/34966] - Loss: 0.0977
  Batch [9660/34966] - Loss: 0.0977
  Batch [9670/34966] - Loss: 0.0978
  Batch [9680/34966] - Loss: 0.0978
  Batch [9690/34966] - Loss: 0.0978
  Batch [9700/34966] - Loss: 0.0978
  Batch [9710/34966] - Loss: 0.0978
  Batch [9720/34966] - Loss: 0.0978
  Batch [9730/34966] - Loss: 0.0978
  Batch [9740/34966] - Loss: 0.0978
  Batch [9750/34966] - Loss: 0.0978
  Batch [9760/34966] - Loss: 0.0978
  Batch [9770/34966] - Loss: 0.0978
  Batch [9780/34966] - Loss: 0.0978
  Batch [9790/34966] - Loss: 0.0977
  Batch [9800/34966] - Loss: 0.0978
  Batch [9810/34966] - Loss: 0.0977
  Batch [9820/34966] - Loss: 0.0977
  Batch [9830/34966] - Loss: 0.0977
  Batch [9840/34966] - Loss: 0.0977
  Batch [9850/34966] - Loss: 0.0977
  Batch [9860/34966] - Loss: 0.0977
  Batch [9870/34966] - Loss: 0.0977
  Batch [9880/34966] - Loss: 0.0977
  Batch [9890/34966] - Loss: 0.0976
  Batch [9900/34966] - Loss: 0.0977
  Batch [9910/34966] - Loss: 0.0976
  Batch [9920/34966] - Loss: 0.0976
  Batch [9930/34966] - Loss: 0.0977
  Batch [9940/34966] - Loss: 0.0977
  Batch [9950/34966] - Loss: 0.0977
  Batch [9960/34966] - Loss: 0.0977
  Batch [9970/34966] - Loss: 0.0976
  Batch [9980/34966] - Loss: 0.0977
  Batch [9990/34966] - Loss: 0.0977
  Batch [10000/34966] - Loss: 0.0976
  Batch [10010/34966] - Loss: 0.0977
  Batch [10020/34966] - Loss: 0.0976
  Batch [10030/34966] - Loss: 0.0976
  Batch [10040/34966] - Loss: 0.0976
  Batch [10050/34966] - Loss: 0.0976
  Batch [10060/34966] - Loss: 0.0976
  Batch [10070/34966] - Loss: 0.0976
  Batch [10080/34966] - Loss: 0.0976
  Batch [10090/34966] - Loss: 0.0976
  Batch [10100/34966] - Loss: 0.0976
  Batch [10110/34966] - Loss: 0.0976
  Batch [10120/34966] - Loss: 0.0976
  Batch [10130/34966] - Loss: 0.0976
  Batch [10140/34966] - Loss: 0.0976
  Batch [10150/34966] - Loss: 0.0976
  Batch [10160/34966] - Loss: 0.0976
  Batch [10170/34966] - Loss: 0.0976
  Batch [10180/34966] - Loss: 0.0977
  Batch [10190/34966] - Loss: 0.0977
  Batch [10200/34966] - Loss: 0.0976
  Batch [10210/34966] - Loss: 0.0976
  Batch [10220/34966] - Loss: 0.0976
  Batch [10230/34966] - Loss: 0.0976
  Batch [10240/34966] - Loss: 0.0976
  Batch [10250/34966] - Loss: 0.0976
  Batch [10260/34966] - Loss: 0.0976
  Batch [10270/34966] - Loss: 0.0976
  Batch [10280/34966] - Loss: 0.0976
  Batch [10290/34966] - Loss: 0.0976
  Batch [10300/34966] - Loss: 0.0977
  Batch [10310/34966] - Loss: 0.0976
  Batch [10320/34966] - Loss: 0.0976
  Batch [10330/34966] - Loss: 0.0976
  Batch [10340/34966] - Loss: 0.0976
  Batch [10350/34966] - Loss: 0.0976
  Batch [10360/34966] - Loss: 0.0976
  Batch [10370/34966] - Loss: 0.0976
  Batch [10380/34966] - Loss: 0.0976
  Batch [10390/34966] - Loss: 0.0976
  Batch [10400/34966] - Loss: 0.0976
  Batch [10410/34966] - Loss: 0.0976
  Batch [10420/34966] - Loss: 0.0976
  Batch [10430/34966] - Loss: 0.0976
  Batch [10440/34966] - Loss: 0.0975
  Batch [10450/34966] - Loss: 0.0975
  Batch [10460/34966] - Loss: 0.0975
  Batch [10470/34966] - Loss: 0.0975
  Batch [10480/34966] - Loss: 0.0975
  Batch [10490/34966] - Loss: 0.0975
  Batch [10500/34966] - Loss: 0.0975
  Batch [10510/34966] - Loss: 0.0975
  Batch [10520/34966] - Loss: 0.0975
  Batch [10530/34966] - Loss: 0.0975
  Batch [10540/34966] - Loss: 0.0975
  Batch [10550/34966] - Loss: 0.0975
  Batch [10560/34966] - Loss: 0.0975
  Batch [10570/34966] - Loss: 0.0975
  Batch [10580/34966] - Loss: 0.0975
  Batch [10590/34966] - Loss: 0.0975
  Batch [10600/34966] - Loss: 0.0975
  Batch [10610/34966] - Loss: 0.0975
  Batch [10620/34966] - Loss: 0.0975
  Batch [10630/34966] - Loss: 0.0975
  Batch [10640/34966] - Loss: 0.0975
  Batch [10650/34966] - Loss: 0.0975
  Batch [10660/34966] - Loss: 0.0975
  Batch [10670/34966] - Loss: 0.0975
  Batch [10680/34966] - Loss: 0.0975
  Batch [10690/34966] - Loss: 0.0975
  Batch [10700/34966] - Loss: 0.0974
  Batch [10710/34966] - Loss: 0.0975
  Batch [10720/34966] - Loss: 0.0975
  Batch [10730/34966] - Loss: 0.0975
  Batch [10740/34966] - Loss: 0.0974
  Batch [10750/34966] - Loss: 0.0974
  Batch [10760/34966] - Loss: 0.0974
  Batch [10770/34966] - Loss: 0.0974
  Batch [10780/34966] - Loss: 0.0974
  Batch [10790/34966] - Loss: 0.0974
  Batch [10800/34966] - Loss: 0.0974
  Batch [10810/34966] - Loss: 0.0974
  Batch [10820/34966] - Loss: 0.0974
  Batch [10830/34966] - Loss: 0.0974
  Batch [10840/34966] - Loss: 0.0974
  Batch [10850/34966] - Loss: 0.0974
  Batch [10860/34966] - Loss: 0.0974
  Batch [10870/34966] - Loss: 0.0974
  Batch [10880/34966] - Loss: 0.0974
  Batch [10890/34966] - Loss: 0.0973
  Batch [10900/34966] - Loss: 0.0973
  Batch [10910/34966] - Loss: 0.0974
  Batch [10920/34966] - Loss: 0.0974
  Batch [10930/34966] - Loss: 0.0974
  Batch [10940/34966] - Loss: 0.0974
  Batch [10950/34966] - Loss: 0.0974
  Batch [10960/34966] - Loss: 0.0974
  Batch [10970/34966] - Loss: 0.0974
  Batch [10980/34966] - Loss: 0.0974
  Batch [10990/34966] - Loss: 0.0974
  Batch [11000/34966] - Loss: 0.0974
  Batch [11010/34966] - Loss: 0.0975
  Batch [11020/34966] - Loss: 0.0975
  Batch [11030/34966] - Loss: 0.0975
  Batch [11040/34966] - Loss: 0.0975
  Batch [11050/34966] - Loss: 0.0975
  Batch [11060/34966] - Loss: 0.0975
  Batch [11070/34966] - Loss: 0.0975
  Batch [11080/34966] - Loss: 0.0974
  Batch [11090/34966] - Loss: 0.0974
  Batch [11100/34966] - Loss: 0.0974
  Batch [11110/34966] - Loss: 0.0974
  Batch [11120/34966] - Loss: 0.0975
  Batch [11130/34966] - Loss: 0.0974
  Batch [11140/34966] - Loss: 0.0974
  Batch [11150/34966] - Loss: 0.0974
  Batch [11160/34966] - Loss: 0.0974
  Batch [11170/34966] - Loss: 0.0974
  Batch [11180/34966] - Loss: 0.0974
  Batch [11190/34966] - Loss: 0.0974
  Batch [11200/34966] - Loss: 0.0974
  Batch [11210/34966] - Loss: 0.0974
  Batch [11220/34966] - Loss: 0.0975
  Batch [11230/34966] - Loss: 0.0974
  Batch [11240/34966] - Loss: 0.0974
  Batch [11250/34966] - Loss: 0.0975
  Batch [11260/34966] - Loss: 0.0974
  Batch [11270/34966] - Loss: 0.0974
  Batch [11280/34966] - Loss: 0.0974
  Batch [11290/34966] - Loss: 0.0974
  Batch [11300/34966] - Loss: 0.0974
  Batch [11310/34966] - Loss: 0.0974
  Batch [11320/34966] - Loss: 0.0974
  Batch [11330/34966] - Loss: 0.0974
  Batch [11340/34966] - Loss: 0.0974
  Batch [11350/34966] - Loss: 0.0974
  Batch [11360/34966] - Loss: 0.0974
  Batch [11370/34966] - Loss: 0.0973
  Batch [11380/34966] - Loss: 0.0973
  Batch [11390/34966] - Loss: 0.0973
  Batch [11400/34966] - Loss: 0.0973
  Batch [11410/34966] - Loss: 0.0973
  Batch [11420/34966] - Loss: 0.0973
  Batch [11430/34966] - Loss: 0.0973
  Batch [11440/34966] - Loss: 0.0973
  Batch [11450/34966] - Loss: 0.0973
  Batch [11460/34966] - Loss: 0.0973
  Batch [11470/34966] - Loss: 0.0973
  Batch [11480/34966] - Loss: 0.0973
  Batch [11490/34966] - Loss: 0.0973
  Batch [11500/34966] - Loss: 0.0973
  Batch [11510/34966] - Loss: 0.0973
  Batch [11520/34966] - Loss: 0.0973
  Batch [11530/34966] - Loss: 0.0973
  Batch [11540/34966] - Loss: 0.0973
  Batch [11550/34966] - Loss: 0.0973
  Batch [11560/34966] - Loss: 0.0973
  Batch [11570/34966] - Loss: 0.0973
  Batch [11580/34966] - Loss: 0.0974
  Batch [11590/34966] - Loss: 0.0974
  Batch [11600/34966] - Loss: 0.0974
  Batch [11610/34966] - Loss: 0.0974
  Batch [11620/34966] - Loss: 0.0974
  Batch [11630/34966] - Loss: 0.0974
  Batch [11640/34966] - Loss: 0.0973
  Batch [11650/34966] - Loss: 0.0973
  Batch [11660/34966] - Loss: 0.0973
  Batch [11670/34966] - Loss: 0.0974
  Batch [11680/34966] - Loss: 0.0974
  Batch [11690/34966] - Loss: 0.0974
  Batch [11700/34966] - Loss: 0.0974
  Batch [11710/34966] - Loss: 0.0974
  Batch [11720/34966] - Loss: 0.0974
  Batch [11730/34966] - Loss: 0.0974
  Batch [11740/34966] - Loss: 0.0974
  Batch [11750/34966] - Loss: 0.0974
  Batch [11760/34966] - Loss: 0.0974
  Batch [11770/34966] - Loss: 0.0974
  Batch [11780/34966] - Loss: 0.0974
  Batch [11790/34966] - Loss: 0.0974
  Batch [11800/34966] - Loss: 0.0974
  Batch [11810/34966] - Loss: 0.0974
  Batch [11820/34966] - Loss: 0.0974
  Batch [11830/34966] - Loss: 0.0974
  Batch [11840/34966] - Loss: 0.0974
  Batch [11850/34966] - Loss: 0.0974
  Batch [11860/34966] - Loss: 0.0974
  Batch [11870/34966] - Loss: 0.0974
  Batch [11880/34966] - Loss: 0.0974
  Batch [11890/34966] - Loss: 0.0974
  Batch [11900/34966] - Loss: 0.0974
  Batch [11910/34966] - Loss: 0.0974
  Batch [11920/34966] - Loss: 0.0974
  Batch [11930/34966] - Loss: 0.0974
  Batch [11940/34966] - Loss: 0.0974
  Batch [11950/34966] - Loss: 0.0974
  Batch [11960/34966] - Loss: 0.0975
  Batch [11970/34966] - Loss: 0.0975
  Batch [11980/34966] - Loss: 0.0975
  Batch [11990/34966] - Loss: 0.0975
  Batch [12000/34966] - Loss: 0.0975
  Batch [12010/34966] - Loss: 0.0975
  Batch [12020/34966] - Loss: 0.0975
  Batch [12030/34966] - Loss: 0.0975
  Batch [12040/34966] - Loss: 0.0975
  Batch [12050/34966] - Loss: 0.0975
  Batch [12060/34966] - Loss: 0.0975
  Batch [12070/34966] - Loss: 0.0975
  Batch [12080/34966] - Loss: 0.0975
  Batch [12090/34966] - Loss: 0.0975
  Batch [12100/34966] - Loss: 0.0975
  Batch [12110/34966] - Loss: 0.0975
  Batch [12120/34966] - Loss: 0.0975
  Batch [12130/34966] - Loss: 0.0975
  Batch [12140/34966] - Loss: 0.0975
  Batch [12150/34966] - Loss: 0.0975
  Batch [12160/34966] - Loss: 0.0974
  Batch [12170/34966] - Loss: 0.0974
  Batch [12180/34966] - Loss: 0.0974
  Batch [12190/34966] - Loss: 0.0974
  Batch [12200/34966] - Loss: 0.0974
  Batch [12210/34966] - Loss: 0.0974
  Batch [12220/34966] - Loss: 0.0974
  Batch [12230/34966] - Loss: 0.0974
  Batch [12240/34966] - Loss: 0.0974
  Batch [12250/34966] - Loss: 0.0974
  Batch [12260/34966] - Loss: 0.0974
  Batch [12270/34966] - Loss: 0.0975
  Batch [12280/34966] - Loss: 0.0975
  Batch [12290/34966] - Loss: 0.0975
  Batch [12300/34966] - Loss: 0.0975
  Batch [12310/34966] - Loss: 0.0975
  Batch [12320/34966] - Loss: 0.0974
  Batch [12330/34966] - Loss: 0.0974
  Batch [12340/34966] - Loss: 0.0974
  Batch [12350/34966] - Loss: 0.0974
  Batch [12360/34966] - Loss: 0.0974
  Batch [12370/34966] - Loss: 0.0974
  Batch [12380/34966] - Loss: 0.0974
  Batch [12390/34966] - Loss: 0.0974
  Batch [12400/34966] - Loss: 0.0973
  Batch [12410/34966] - Loss: 0.0973
  Batch [12420/34966] - Loss: 0.0973
  Batch [12430/34966] - Loss: 0.0973
  Batch [12440/34966] - Loss: 0.0973
  Batch [12450/34966] - Loss: 0.0973
  Batch [12460/34966] - Loss: 0.0973
  Batch [12470/34966] - Loss: 0.0973
  Batch [12480/34966] - Loss: 0.0974
  Batch [12490/34966] - Loss: 0.0974
  Batch [12500/34966] - Loss: 0.0974
  Batch [12510/34966] - Loss: 0.0974
  Batch [12520/34966] - Loss: 0.0974
  Batch [12530/34966] - Loss: 0.0974
  Batch [12540/34966] - Loss: 0.0974
  Batch [12550/34966] - Loss: 0.0974
  Batch [12560/34966] - Loss: 0.0974
  Batch [12570/34966] - Loss: 0.0974
  Batch [12580/34966] - Loss: 0.0974
  Batch [12590/34966] - Loss: 0.0974
  Batch [12600/34966] - Loss: 0.0974
  Batch [12610/34966] - Loss: 0.0974
  Batch [12620/34966] - Loss: 0.0974
  Batch [12630/34966] - Loss: 0.0974
  Batch [12640/34966] - Loss: 0.0974
  Batch [12650/34966] - Loss: 0.0974
  Batch [12660/34966] - Loss: 0.0974
  Batch [12670/34966] - Loss: 0.0974
  Batch [12680/34966] - Loss: 0.0974
  Batch [12690/34966] - Loss: 0.0974
  Batch [12700/34966] - Loss: 0.0974
  Batch [12710/34966] - Loss: 0.0974
  Batch [12720/34966] - Loss: 0.0974
  Batch [12730/34966] - Loss: 0.0974
  Batch [12740/34966] - Loss: 0.0974
  Batch [12750/34966] - Loss: 0.0974
  Batch [12760/34966] - Loss: 0.0974
  Batch [12770/34966] - Loss: 0.0974
  Batch [12780/34966] - Loss: 0.0974
  Batch [12790/34966] - Loss: 0.0974
  Batch [12800/34966] - Loss: 0.0974
  Batch [12810/34966] - Loss: 0.0974
  Batch [12820/34966] - Loss: 0.0974
  Batch [12830/34966] - Loss: 0.0974
  Batch [12840/34966] - Loss: 0.0974
  Batch [12850/34966] - Loss: 0.0974
  Batch [12860/34966] - Loss: 0.0974
  Batch [12870/34966] - Loss: 0.0974
  Batch [12880/34966] - Loss: 0.0974
  Batch [12890/34966] - Loss: 0.0974
  Batch [12900/34966] - Loss: 0.0974
  Batch [12910/34966] - Loss: 0.0974
  Batch [12920/34966] - Loss: 0.0974
  Batch [12930/34966] - Loss: 0.0974
  Batch [12940/34966] - Loss: 0.0974
  Batch [12950/34966] - Loss: 0.0974
  Batch [12960/34966] - Loss: 0.0974
  Batch [12970/34966] - Loss: 0.0974
  Batch [12980/34966] - Loss: 0.0974
  Batch [12990/34966] - Loss: 0.0974
  Batch [13000/34966] - Loss: 0.0974
  Batch [13010/34966] - Loss: 0.0974
  Batch [13020/34966] - Loss: 0.0974
  Batch [13030/34966] - Loss: 0.0974
  Batch [13040/34966] - Loss: 0.0974
  Batch [13050/34966] - Loss: 0.0974
  Batch [13060/34966] - Loss: 0.0974
  Batch [13070/34966] - Loss: 0.0974
  Batch [13080/34966] - Loss: 0.0974
  Batch [13090/34966] - Loss: 0.0974
  Batch [13100/34966] - Loss: 0.0974
  Batch [13110/34966] - Loss: 0.0974
  Batch [13120/34966] - Loss: 0.0974
  Batch [13130/34966] - Loss: 0.0974
  Batch [13140/34966] - Loss: 0.0974
  Batch [13150/34966] - Loss: 0.0974
  Batch [13160/34966] - Loss: 0.0974
  Batch [13170/34966] - Loss: 0.0974
  Batch [13180/34966] - Loss: 0.0974
  Batch [13190/34966] - Loss: 0.0974
  Batch [13200/34966] - Loss: 0.0974
  Batch [13210/34966] - Loss: 0.0974
  Batch [13220/34966] - Loss: 0.0974
  Batch [13230/34966] - Loss: 0.0974
  Batch [13240/34966] - Loss: 0.0974
  Batch [13250/34966] - Loss: 0.0974
  Batch [13260/34966] - Loss: 0.0974
  Batch [13270/34966] - Loss: 0.0974
  Batch [13280/34966] - Loss: 0.0974
  Batch [13290/34966] - Loss: 0.0974
  Batch [13300/34966] - Loss: 0.0974
  Batch [13310/34966] - Loss: 0.0974
  Batch [13320/34966] - Loss: 0.0974
  Batch [13330/34966] - Loss: 0.0974
  Batch [13340/34966] - Loss: 0.0974
  Batch [13350/34966] - Loss: 0.0974
  Batch [13360/34966] - Loss: 0.0974
  Batch [13370/34966] - Loss: 0.0974
  Batch [13380/34966] - Loss: 0.0974
  Batch [13390/34966] - Loss: 0.0974
  Batch [13400/34966] - Loss: 0.0974
  Batch [13410/34966] - Loss: 0.0974
  Batch [13420/34966] - Loss: 0.0974
  Batch [13430/34966] - Loss: 0.0974
  Batch [13440/34966] - Loss: 0.0974
  Batch [13450/34966] - Loss: 0.0974
  Batch [13460/34966] - Loss: 0.0974
  Batch [13470/34966] - Loss: 0.0974
  Batch [13480/34966] - Loss: 0.0974
  Batch [13490/34966] - Loss: 0.0974
  Batch [13500/34966] - Loss: 0.0974
  Batch [13510/34966] - Loss: 0.0974
  Batch [13520/34966] - Loss: 0.0974
  Batch [13530/34966] - Loss: 0.0974
  Batch [13540/34966] - Loss: 0.0974
  Batch [13550/34966] - Loss: 0.0974
  Batch [13560/34966] - Loss: 0.0974
  Batch [13570/34966] - Loss: 0.0974
  Batch [13580/34966] - Loss: 0.0975
  Batch [13590/34966] - Loss: 0.0975
  Batch [13600/34966] - Loss: 0.0975
  Batch [13610/34966] - Loss: 0.0975
  Batch [13620/34966] - Loss: 0.0975
  Batch [13630/34966] - Loss: 0.0975
  Batch [13640/34966] - Loss: 0.0975
  Batch [13650/34966] - Loss: 0.0975
  Batch [13660/34966] - Loss: 0.0975
  Batch [13670/34966] - Loss: 0.0974
  Batch [13680/34966] - Loss: 0.0974
  Batch [13690/34966] - Loss: 0.0974
  Batch [13700/34966] - Loss: 0.0974
  Batch [13710/34966] - Loss: 0.0974
  Batch [13720/34966] - Loss: 0.0974
  Batch [13730/34966] - Loss: 0.0974
  Batch [13740/34966] - Loss: 0.0974
  Batch [13750/34966] - Loss: 0.0974
  Batch [13760/34966] - Loss: 0.0974
  Batch [13770/34966] - Loss: 0.0974
  Batch [13780/34966] - Loss: 0.0974
  Batch [13790/34966] - Loss: 0.0974
  Batch [13800/34966] - Loss: 0.0974
  Batch [13810/34966] - Loss: 0.0974
  Batch [13820/34966] - Loss: 0.0974
  Batch [13830/34966] - Loss: 0.0974
  Batch [13840/34966] - Loss: 0.0974
  Batch [13850/34966] - Loss: 0.0974
  Batch [13860/34966] - Loss: 0.0974
  Batch [13870/34966] - Loss: 0.0974
  Batch [13880/34966] - Loss: 0.0974
  Batch [13890/34966] - Loss: 0.0974
  Batch [13900/34966] - Loss: 0.0974
  Batch [13910/34966] - Loss: 0.0974
  Batch [13920/34966] - Loss: 0.0974
  Batch [13930/34966] - Loss: 0.0974
  Batch [13940/34966] - Loss: 0.0974
  Batch [13950/34966] - Loss: 0.0974
  Batch [13960/34966] - Loss: 0.0974
  Batch [13970/34966] - Loss: 0.0974
  Batch [13980/34966] - Loss: 0.0974
  Batch [13990/34966] - Loss: 0.0974
  Batch [14000/34966] - Loss: 0.0974
  Batch [14010/34966] - Loss: 0.0974
  Batch [14020/34966] - Loss: 0.0974
  Batch [14030/34966] - Loss: 0.0974
  Batch [14040/34966] - Loss: 0.0974
  Batch [14050/34966] - Loss: 0.0974
  Batch [14060/34966] - Loss: 0.0973
  Batch [14070/34966] - Loss: 0.0974
  Batch [14080/34966] - Loss: 0.0973
  Batch [14090/34966] - Loss: 0.0973
  Batch [14100/34966] - Loss: 0.0973
  Batch [14110/34966] - Loss: 0.0973
  Batch [14120/34966] - Loss: 0.0973
  Batch [14130/34966] - Loss: 0.0973
  Batch [14140/34966] - Loss: 0.0973
  Batch [14150/34966] - Loss: 0.0973
  Batch [14160/34966] - Loss: 0.0973
  Batch [14170/34966] - Loss: 0.0973
  Batch [14180/34966] - Loss: 0.0973
  Batch [14190/34966] - Loss: 0.0973
  Batch [14200/34966] - Loss: 0.0973
  Batch [14210/34966] - Loss: 0.0973
  Batch [14220/34966] - Loss: 0.0973
  Batch [14230/34966] - Loss: 0.0973
  Batch [14240/34966] - Loss: 0.0973
  Batch [14250/34966] - Loss: 0.0973
  Batch [14260/34966] - Loss: 0.0973
  Batch [14270/34966] - Loss: 0.0973
  Batch [14280/34966] - Loss: 0.0973
  Batch [14290/34966] - Loss: 0.0973
  Batch [14300/34966] - Loss: 0.0973
  Batch [14310/34966] - Loss: 0.0974
  Batch [14320/34966] - Loss: 0.0974
  Batch [14330/34966] - Loss: 0.0974
  Batch [14340/34966] - Loss: 0.0974
  Batch [14350/34966] - Loss: 0.0973
  Batch [14360/34966] - Loss: 0.0973
  Batch [14370/34966] - Loss: 0.0973
  Batch [14380/34966] - Loss: 0.0973
  Batch [14390/34966] - Loss: 0.0973
  Batch [14400/34966] - Loss: 0.0974
  Batch [14410/34966] - Loss: 0.0974
  Batch [14420/34966] - Loss: 0.0974
  Batch [14430/34966] - Loss: 0.0974
  Batch [14440/34966] - Loss: 0.0974
  Batch [14450/34966] - Loss: 0.0974
  Batch [14460/34966] - Loss: 0.0975
  Batch [14470/34966] - Loss: 0.0974
  Batch [14480/34966] - Loss: 0.0974
  Batch [14490/34966] - Loss: 0.0974
  Batch [14500/34966] - Loss: 0.0974
  Batch [14510/34966] - Loss: 0.0974
  Batch [14520/34966] - Loss: 0.0975
  Batch [14530/34966] - Loss: 0.0975
  Batch [14540/34966] - Loss: 0.0974
  Batch [14550/34966] - Loss: 0.0975
  Batch [14560/34966] - Loss: 0.0975
  Batch [14570/34966] - Loss: 0.0975
  Batch [14580/34966] - Loss: 0.0974
  Batch [14590/34966] - Loss: 0.0974
  Batch [14600/34966] - Loss: 0.0974
  Batch [14610/34966] - Loss: 0.0974
  Batch [14620/34966] - Loss: 0.0974
  Batch [14630/34966] - Loss: 0.0974
  Batch [14640/34966] - Loss: 0.0974
  Batch [14650/34966] - Loss: 0.0974
  Batch [14660/34966] - Loss: 0.0974
  Batch [14670/34966] - Loss: 0.0974
  Batch [14680/34966] - Loss: 0.0974
  Batch [14690/34966] - Loss: 0.0975
  Batch [14700/34966] - Loss: 0.0974
  Batch [14710/34966] - Loss: 0.0975
  Batch [14720/34966] - Loss: 0.0975
  Batch [14730/34966] - Loss: 0.0975
  Batch [14740/34966] - Loss: 0.0975
  Batch [14750/34966] - Loss: 0.0975
  Batch [14760/34966] - Loss: 0.0975
  Batch [14770/34966] - Loss: 0.0975
  Batch [14780/34966] - Loss: 0.0975
  Batch [14790/34966] - Loss: 0.0974
  Batch [14800/34966] - Loss: 0.0974
  Batch [14810/34966] - Loss: 0.0974
  Batch [14820/34966] - Loss: 0.0974
  Batch [14830/34966] - Loss: 0.0975
  Batch [14840/34966] - Loss: 0.0974
  Batch [14850/34966] - Loss: 0.0974
  Batch [14860/34966] - Loss: 0.0974
  Batch [14870/34966] - Loss: 0.0974
  Batch [14880/34966] - Loss: 0.0974
  Batch [14890/34966] - Loss: 0.0974
  Batch [14900/34966] - Loss: 0.0974
  Batch [14910/34966] - Loss: 0.0974
  Batch [14920/34966] - Loss: 0.0974
  Batch [14930/34966] - Loss: 0.0974
  Batch [14940/34966] - Loss: 0.0975
  Batch [14950/34966] - Loss: 0.0975
  Batch [14960/34966] - Loss: 0.0975
  Batch [14970/34966] - Loss: 0.0975
  Batch [14980/34966] - Loss: 0.0975
  Batch [14990/34966] - Loss: 0.0974
  Batch [15000/34966] - Loss: 0.0974
  Batch [15010/34966] - Loss: 0.0975
  Batch [15020/34966] - Loss: 0.0975
  Batch [15030/34966] - Loss: 0.0974
  Batch [15040/34966] - Loss: 0.0975
  Batch [15050/34966] - Loss: 0.0975
  Batch [15060/34966] - Loss: 0.0975
  Batch [15070/34966] - Loss: 0.0974
  Batch [15080/34966] - Loss: 0.0974
  Batch [15090/34966] - Loss: 0.0974
  Batch [15100/34966] - Loss: 0.0974
  Batch [15110/34966] - Loss: 0.0974
  Batch [15120/34966] - Loss: 0.0974
  Batch [15130/34966] - Loss: 0.0974
  Batch [15140/34966] - Loss: 0.0974
  Batch [15150/34966] - Loss: 0.0974
  Batch [15160/34966] - Loss: 0.0974
  Batch [15170/34966] - Loss: 0.0975
  Batch [15180/34966] - Loss: 0.0975
  Batch [15190/34966] - Loss: 0.0975
  Batch [15200/34966] - Loss: 0.0975
  Batch [15210/34966] - Loss: 0.0975
  Batch [15220/34966] - Loss: 0.0975
  Batch [15230/34966] - Loss: 0.0975
  Batch [15240/34966] - Loss: 0.0975
  Batch [15250/34966] - Loss: 0.0975
  Batch [15260/34966] - Loss: 0.0975
  Batch [15270/34966] - Loss: 0.0975
  Batch [15280/34966] - Loss: 0.0975
  Batch [15290/34966] - Loss: 0.0974
  Batch [15300/34966] - Loss: 0.0974
  Batch [15310/34966] - Loss: 0.0974
  Batch [15320/34966] - Loss: 0.0974
  Batch [15330/34966] - Loss: 0.0974
  Batch [15340/34966] - Loss: 0.0974
  Batch [15350/34966] - Loss: 0.0975
  Batch [15360/34966] - Loss: 0.0975
  Batch [15370/34966] - Loss: 0.0975
  Batch [15380/34966] - Loss: 0.0975
  Batch [15390/34966] - Loss: 0.0975
  Batch [15400/34966] - Loss: 0.0975
  Batch [15410/34966] - Loss: 0.0975
  Batch [15420/34966] - Loss: 0.0975
  Batch [15430/34966] - Loss: 0.0975
  Batch [15440/34966] - Loss: 0.0975
  Batch [15450/34966] - Loss: 0.0975
  Batch [15460/34966] - Loss: 0.0975
  Batch [15470/34966] - Loss: 0.0975
  Batch [15480/34966] - Loss: 0.0975
  Batch [15490/34966] - Loss: 0.0975
  Batch [15500/34966] - Loss: 0.0975
  Batch [15510/34966] - Loss: 0.0975
  Batch [15520/34966] - Loss: 0.0975
  Batch [15530/34966] - Loss: 0.0975
  Batch [15540/34966] - Loss: 0.0975
  Batch [15550/34966] - Loss: 0.0975
  Batch [15560/34966] - Loss: 0.0975
  Batch [15570/34966] - Loss: 0.0975
  Batch [15580/34966] - Loss: 0.0975
  Batch [15590/34966] - Loss: 0.0975
  Batch [15600/34966] - Loss: 0.0975
  Batch [15610/34966] - Loss: 0.0975
  Batch [15620/34966] - Loss: 0.0975
  Batch [15630/34966] - Loss: 0.0975
  Batch [15640/34966] - Loss: 0.0975
  Batch [15650/34966] - Loss: 0.0975
  Batch [15660/34966] - Loss: 0.0975
  Batch [15670/34966] - Loss: 0.0975
  Batch [15680/34966] - Loss: 0.0975
  Batch [15690/34966] - Loss: 0.0975
  Batch [15700/34966] - Loss: 0.0974
  Batch [15710/34966] - Loss: 0.0974
  Batch [15720/34966] - Loss: 0.0974
  Batch [15730/34966] - Loss: 0.0974
  Batch [15740/34966] - Loss: 0.0974
  Batch [15750/34966] - Loss: 0.0974
  Batch [15760/34966] - Loss: 0.0974
  Batch [15770/34966] - Loss: 0.0974
  Batch [15780/34966] - Loss: 0.0974
  Batch [15790/34966] - Loss: 0.0974
  Batch [15800/34966] - Loss: 0.0974
  Batch [15810/34966] - Loss: 0.0974
  Batch [15820/34966] - Loss: 0.0974
  Batch [15830/34966] - Loss: 0.0974
  Batch [15840/34966] - Loss: 0.0974
  Batch [15850/34966] - Loss: 0.0974
  Batch [15860/34966] - Loss: 0.0974
  Batch [15870/34966] - Loss: 0.0974
  Batch [15880/34966] - Loss: 0.0974
  Batch [15890/34966] - Loss: 0.0974
  Batch [15900/34966] - Loss: 0.0974
  Batch [15910/34966] - Loss: 0.0974
  Batch [15920/34966] - Loss: 0.0974
  Batch [15930/34966] - Loss: 0.0974
  Batch [15940/34966] - Loss: 0.0974
  Batch [15950/34966] - Loss: 0.0974
  Batch [15960/34966] - Loss: 0.0974
  Batch [15970/34966] - Loss: 0.0974
  Batch [15980/34966] - Loss: 0.0974
  Batch [15990/34966] - Loss: 0.0974
  Batch [16000/34966] - Loss: 0.0973
  Batch [16010/34966] - Loss: 0.0973
  Batch [16020/34966] - Loss: 0.0973
  Batch [16030/34966] - Loss: 0.0973
  Batch [16040/34966] - Loss: 0.0973
  Batch [16050/34966] - Loss: 0.0973
  Batch [16060/34966] - Loss: 0.0973
  Batch [16070/34966] - Loss: 0.0973
  Batch [16080/34966] - Loss: 0.0973
  Batch [16090/34966] - Loss: 0.0973
  Batch [16100/34966] - Loss: 0.0973
  Batch [16110/34966] - Loss: 0.0973
  Batch [16120/34966] - Loss: 0.0973
  Batch [16130/34966] - Loss: 0.0973
  Batch [16140/34966] - Loss: 0.0973
  Batch [16150/34966] - Loss: 0.0973
  Batch [16160/34966] - Loss: 0.0973
  Batch [16170/34966] - Loss: 0.0973
  Batch [16180/34966] - Loss: 0.0973
  Batch [16190/34966] - Loss: 0.0973
  Batch [16200/34966] - Loss: 0.0974
  Batch [16210/34966] - Loss: 0.0974
  Batch [16220/34966] - Loss: 0.0974
  Batch [16230/34966] - Loss: 0.0974
  Batch [16240/34966] - Loss: 0.0974
  Batch [16250/34966] - Loss: 0.0974
  Batch [16260/34966] - Loss: 0.0974
  Batch [16270/34966] - Loss: 0.0974
  Batch [16280/34966] - Loss: 0.0974
  Batch [16290/34966] - Loss: 0.0974
  Batch [16300/34966] - Loss: 0.0974
  Batch [16310/34966] - Loss: 0.0974
  Batch [16320/34966] - Loss: 0.0974
  Batch [16330/34966] - Loss: 0.0974
  Batch [16340/34966] - Loss: 0.0974
  Batch [16350/34966] - Loss: 0.0974
  Batch [16360/34966] - Loss: 0.0974
  Batch [16370/34966] - Loss: 0.0974
  Batch [16380/34966] - Loss: 0.0974
  Batch [16390/34966] - Loss: 0.0974
  Batch [16400/34966] - Loss: 0.0974
  Batch [16410/34966] - Loss: 0.0974
  Batch [16420/34966] - Loss: 0.0974
  Batch [16430/34966] - Loss: 0.0974
  Batch [16440/34966] - Loss: 0.0974
  Batch [16450/34966] - Loss: 0.0974
  Batch [16460/34966] - Loss: 0.0974
  Batch [16470/34966] - Loss: 0.0974
  Batch [16480/34966] - Loss: 0.0974
  Batch [16490/34966] - Loss: 0.0974
  Batch [16500/34966] - Loss: 0.0974
  Batch [16510/34966] - Loss: 0.0974
  Batch [16520/34966] - Loss: 0.0974
  Batch [16530/34966] - Loss: 0.0974
  Batch [16540/34966] - Loss: 0.0974
  Batch [16550/34966] - Loss: 0.0974
  Batch [16560/34966] - Loss: 0.0974
  Batch [16570/34966] - Loss: 0.0974
  Batch [16580/34966] - Loss: 0.0974
  Batch [16590/34966] - Loss: 0.0974
  Batch [16600/34966] - Loss: 0.0974
  Batch [16610/34966] - Loss: 0.0974
  Batch [16620/34966] - Loss: 0.0974
  Batch [16630/34966] - Loss: 0.0974
  Batch [16640/34966] - Loss: 0.0974
  Batch [16650/34966] - Loss: 0.0974
  Batch [16660/34966] - Loss: 0.0974
  Batch [16670/34966] - Loss: 0.0974
  Batch [16680/34966] - Loss: 0.0974
  Batch [16690/34966] - Loss: 0.0973
  Batch [16700/34966] - Loss: 0.0973
  Batch [16710/34966] - Loss: 0.0974
  Batch [16720/34966] - Loss: 0.0974
  Batch [16730/34966] - Loss: 0.0973
  Batch [16740/34966] - Loss: 0.0974
  Batch [16750/34966] - Loss: 0.0973
  Batch [16760/34966] - Loss: 0.0973
  Batch [16770/34966] - Loss: 0.0973
  Batch [16780/34966] - Loss: 0.0974
  Batch [16790/34966] - Loss: 0.0974
  Batch [16800/34966] - Loss: 0.0974
  Batch [16810/34966] - Loss: 0.0974
  Batch [16820/34966] - Loss: 0.0974
  Batch [16830/34966] - Loss: 0.0974
  Batch [16840/34966] - Loss: 0.0974
  Batch [16850/34966] - Loss: 0.0974
  Batch [16860/34966] - Loss: 0.0974
  Batch [16870/34966] - Loss: 0.0974
  Batch [16880/34966] - Loss: 0.0974
  Batch [16890/34966] - Loss: 0.0974
  Batch [16900/34966] - Loss: 0.0974
  Batch [16910/34966] - Loss: 0.0974
  Batch [16920/34966] - Loss: 0.0974
  Batch [16930/34966] - Loss: 0.0974
  Batch [16940/34966] - Loss: 0.0974
  Batch [16950/34966] - Loss: 0.0974
  Batch [16960/34966] - Loss: 0.0974
  Batch [16970/34966] - Loss: 0.0974
  Batch [16980/34966] - Loss: 0.0974
  Batch [16990/34966] - Loss: 0.0974
  Batch [17000/34966] - Loss: 0.0974
  Batch [17010/34966] - Loss: 0.0974
  Batch [17020/34966] - Loss: 0.0975
  Batch [17030/34966] - Loss: 0.0975
  Batch [17040/34966] - Loss: 0.0975
  Batch [17050/34966] - Loss: 0.0975
  Batch [17060/34966] - Loss: 0.0975
  Batch [17070/34966] - Loss: 0.0975
  Batch [17080/34966] - Loss: 0.0975
  Batch [17090/34966] - Loss: 0.0975
  Batch [17100/34966] - Loss: 0.0975
  Batch [17110/34966] - Loss: 0.0975
  Batch [17120/34966] - Loss: 0.0974
  Batch [17130/34966] - Loss: 0.0974
  Batch [17140/34966] - Loss: 0.0974
  Batch [17150/34966] - Loss: 0.0974
  Batch [17160/34966] - Loss: 0.0974
  Batch [17170/34966] - Loss: 0.0974
  Batch [17180/34966] - Loss: 0.0974
  Batch [17190/34966] - Loss: 0.0974
  Batch [17200/34966] - Loss: 0.0974
  Batch [17210/34966] - Loss: 0.0974
  Batch [17220/34966] - Loss: 0.0974
  Batch [17230/34966] - Loss: 0.0974
  Batch [17240/34966] - Loss: 0.0974
  Batch [17250/34966] - Loss: 0.0974
  Batch [17260/34966] - Loss: 0.0974
  Batch [17270/34966] - Loss: 0.0974
  Batch [17280/34966] - Loss: 0.0974
  Batch [17290/34966] - Loss: 0.0974
  Batch [17300/34966] - Loss: 0.0974
  Batch [17310/34966] - Loss: 0.0974
  Batch [17320/34966] - Loss: 0.0974
  Batch [17330/34966] - Loss: 0.0974
  Batch [17340/34966] - Loss: 0.0974
  Batch [17350/34966] - Loss: 0.0974
  Batch [17360/34966] - Loss: 0.0973
  Batch [17370/34966] - Loss: 0.0973
  Batch [17380/34966] - Loss: 0.0974
  Batch [17390/34966] - Loss: 0.0974
  Batch [17400/34966] - Loss: 0.0974
  Batch [17410/34966] - Loss: 0.0974
  Batch [17420/34966] - Loss: 0.0974
  Batch [17430/34966] - Loss: 0.0974
  Batch [17440/34966] - Loss: 0.0974
  Batch [17450/34966] - Loss: 0.0974
  Batch [17460/34966] - Loss: 0.0973
  Batch [17470/34966] - Loss: 0.0973
  Batch [17480/34966] - Loss: 0.0973
  Batch [17490/34966] - Loss: 0.0973
  Batch [17500/34966] - Loss: 0.0973
  Batch [17510/34966] - Loss: 0.0973
  Batch [17520/34966] - Loss: 0.0973
  Batch [17530/34966] - Loss: 0.0973
  Batch [17540/34966] - Loss: 0.0973
  Batch [17550/34966] - Loss: 0.0973
  Batch [17560/34966] - Loss: 0.0973
  Batch [17570/34966] - Loss: 0.0973
  Batch [17580/34966] - Loss: 0.0973
  Batch [17590/34966] - Loss: 0.0973
  Batch [17600/34966] - Loss: 0.0973
  Batch [17610/34966] - Loss: 0.0973
  Batch [17620/34966] - Loss: 0.0973
  Batch [17630/34966] - Loss: 0.0973
  Batch [17640/34966] - Loss: 0.0973
  Batch [17650/34966] - Loss: 0.0973
  Batch [17660/34966] - Loss: 0.0973
  Batch [17670/34966] - Loss: 0.0973
  Batch [17680/34966] - Loss: 0.0973
  Batch [17690/34966] - Loss: 0.0973
  Batch [17700/34966] - Loss: 0.0973
  Batch [17710/34966] - Loss: 0.0973
  Batch [17720/34966] - Loss: 0.0972
  Batch [17730/34966] - Loss: 0.0973
  Batch [17740/34966] - Loss: 0.0973
  Batch [17750/34966] - Loss: 0.0973
  Batch [17760/34966] - Loss: 0.0972
  Batch [17770/34966] - Loss: 0.0972
  Batch [17780/34966] - Loss: 0.0972
  Batch [17790/34966] - Loss: 0.0972
  Batch [17800/34966] - Loss: 0.0972
  Batch [17810/34966] - Loss: 0.0972
  Batch [17820/34966] - Loss: 0.0972
  Batch [17830/34966] - Loss: 0.0972
  Batch [17840/34966] - Loss: 0.0972
  Batch [17850/34966] - Loss: 0.0972
  Batch [17860/34966] - Loss: 0.0972
  Batch [17870/34966] - Loss: 0.0972
  Batch [17880/34966] - Loss: 0.0973
  Batch [17890/34966] - Loss: 0.0973
  Batch [17900/34966] - Loss: 0.0973
  Batch [17910/34966] - Loss: 0.0973
  Batch [17920/34966] - Loss: 0.0973
  Batch [17930/34966] - Loss: 0.0973
  Batch [17940/34966] - Loss: 0.0973
  Batch [17950/34966] - Loss: 0.0973
  Batch [17960/34966] - Loss: 0.0973
  Batch [17970/34966] - Loss: 0.0973
  Batch [17980/34966] - Loss: 0.0973
  Batch [17990/34966] - Loss: 0.0973
  Batch [18000/34966] - Loss: 0.0973
  Batch [18010/34966] - Loss: 0.0973
  Batch [18020/34966] - Loss: 0.0973
  Batch [18030/34966] - Loss: 0.0973
  Batch [18040/34966] - Loss: 0.0973
  Batch [18050/34966] - Loss: 0.0973
  Batch [18060/34966] - Loss: 0.0973
  Batch [18070/34966] - Loss: 0.0973
  Batch [18080/34966] - Loss: 0.0973
  Batch [18090/34966] - Loss: 0.0973
  Batch [18100/34966] - Loss: 0.0973
  Batch [18110/34966] - Loss: 0.0973
  Batch [18120/34966] - Loss: 0.0973
  Batch [18130/34966] - Loss: 0.0973
  Batch [18140/34966] - Loss: 0.0973
  Batch [18150/34966] - Loss: 0.0973
  Batch [18160/34966] - Loss: 0.0973
  Batch [18170/34966] - Loss: 0.0973
  Batch [18180/34966] - Loss: 0.0973
  Batch [18190/34966] - Loss: 0.0973
  Batch [18200/34966] - Loss: 0.0973
  Batch [18210/34966] - Loss: 0.0973
  Batch [18220/34966] - Loss: 0.0973
  Batch [18230/34966] - Loss: 0.0973
  Batch [18240/34966] - Loss: 0.0973
  Batch [18250/34966] - Loss: 0.0973
  Batch [18260/34966] - Loss: 0.0973
  Batch [18270/34966] - Loss: 0.0973
  Batch [18280/34966] - Loss: 0.0973
  Batch [18290/34966] - Loss: 0.0973
  Batch [18300/34966] - Loss: 0.0973
  Batch [18310/34966] - Loss: 0.0973
  Batch [18320/34966] - Loss: 0.0973
  Batch [18330/34966] - Loss: 0.0973
  Batch [18340/34966] - Loss: 0.0973
  Batch [18350/34966] - Loss: 0.0973
  Batch [18360/34966] - Loss: 0.0973
  Batch [18370/34966] - Loss: 0.0973
  Batch [18380/34966] - Loss: 0.0973
  Batch [18390/34966] - Loss: 0.0973
  Batch [18400/34966] - Loss: 0.0973
  Batch [18410/34966] - Loss: 0.0973
  Batch [18420/34966] - Loss: 0.0973
  Batch [18430/34966] - Loss: 0.0973
  Batch [18440/34966] - Loss: 0.0973
  Batch [18450/34966] - Loss: 0.0973
  Batch [18460/34966] - Loss: 0.0973
  Batch [18470/34966] - Loss: 0.0973
  Batch [18480/34966] - Loss: 0.0973
  Batch [18490/34966] - Loss: 0.0973
  Batch [18500/34966] - Loss: 0.0973
  Batch [18510/34966] - Loss: 0.0973
  Batch [18520/34966] - Loss: 0.0973
  Batch [18530/34966] - Loss: 0.0973
  Batch [18540/34966] - Loss: 0.0973
  Batch [18550/34966] - Loss: 0.0973
  Batch [18560/34966] - Loss: 0.0973
  Batch [18570/34966] - Loss: 0.0973
  Batch [18580/34966] - Loss: 0.0973
  Batch [18590/34966] - Loss: 0.0973
  Batch [18600/34966] - Loss: 0.0973
  Batch [18610/34966] - Loss: 0.0973
  Batch [18620/34966] - Loss: 0.0973
  Batch [18630/34966] - Loss: 0.0973
  Batch [18640/34966] - Loss: 0.0973
  Batch [18650/34966] - Loss: 0.0973
  Batch [18660/34966] - Loss: 0.0973
  Batch [18670/34966] - Loss: 0.0973
  Batch [18680/34966] - Loss: 0.0973
  Batch [18690/34966] - Loss: 0.0973
  Batch [18700/34966] - Loss: 0.0972
  Batch [18710/34966] - Loss: 0.0973
  Batch [18720/34966] - Loss: 0.0973
  Batch [18730/34966] - Loss: 0.0973
  Batch [18740/34966] - Loss: 0.0973
  Batch [18750/34966] - Loss: 0.0973
  Batch [18760/34966] - Loss: 0.0973
  Batch [18770/34966] - Loss: 0.0973
  Batch [18780/34966] - Loss: 0.0973
  Batch [18790/34966] - Loss: 0.0973
  Batch [18800/34966] - Loss: 0.0973
  Batch [18810/34966] - Loss: 0.0973
  Batch [18820/34966] - Loss: 0.0973
  Batch [18830/34966] - Loss: 0.0973
  Batch [18840/34966] - Loss: 0.0973
  Batch [18850/34966] - Loss: 0.0973
  Batch [18860/34966] - Loss: 0.0973
  Batch [18870/34966] - Loss: 0.0973
  Batch [18880/34966] - Loss: 0.0973
  Batch [18890/34966] - Loss: 0.0973
  Batch [18900/34966] - Loss: 0.0973
  Batch [18910/34966] - Loss: 0.0973
  Batch [18920/34966] - Loss: 0.0973
  Batch [18930/34966] - Loss: 0.0973
  Batch [18940/34966] - Loss: 0.0973
  Batch [18950/34966] - Loss: 0.0973
  Batch [18960/34966] - Loss: 0.0973
  Batch [18970/34966] - Loss: 0.0973
  Batch [18980/34966] - Loss: 0.0973
  Batch [18990/34966] - Loss: 0.0973
  Batch [19000/34966] - Loss: 0.0973
  Batch [19010/34966] - Loss: 0.0973
  Batch [19020/34966] - Loss: 0.0973
  Batch [19030/34966] - Loss: 0.0973
  Batch [19040/34966] - Loss: 0.0973
  Batch [19050/34966] - Loss: 0.0973
  Batch [19060/34966] - Loss: 0.0973
  Batch [19070/34966] - Loss: 0.0973
  Batch [19080/34966] - Loss: 0.0973
  Batch [19090/34966] - Loss: 0.0973
  Batch [19100/34966] - Loss: 0.0973
  Batch [19110/34966] - Loss: 0.0973
  Batch [19120/34966] - Loss: 0.0973
  Batch [19130/34966] - Loss: 0.0973
  Batch [19140/34966] - Loss: 0.0973
  Batch [19150/34966] - Loss: 0.0973
  Batch [19160/34966] - Loss: 0.0973
  Batch [19170/34966] - Loss: 0.0973
  Batch [19180/34966] - Loss: 0.0973
  Batch [19190/34966] - Loss: 0.0973
  Batch [19200/34966] - Loss: 0.0973
  Batch [19210/34966] - Loss: 0.0973
  Batch [19220/34966] - Loss: 0.0973
  Batch [19230/34966] - Loss: 0.0973
  Batch [19240/34966] - Loss: 0.0973
  Batch [19250/34966] - Loss: 0.0973
  Batch [19260/34966] - Loss: 0.0973
  Batch [19270/34966] - Loss: 0.0973
  Batch [19280/34966] - Loss: 0.0973
  Batch [19290/34966] - Loss: 0.0973
  Batch [19300/34966] - Loss: 0.0973
  Batch [19310/34966] - Loss: 0.0973
  Batch [19320/34966] - Loss: 0.0973
  Batch [19330/34966] - Loss: 0.0973
  Batch [19340/34966] - Loss: 0.0973
  Batch [19350/34966] - Loss: 0.0973
  Batch [19360/34966] - Loss: 0.0973
  Batch [19370/34966] - Loss: 0.0973
  Batch [19380/34966] - Loss: 0.0973
  Batch [19390/34966] - Loss: 0.0973
  Batch [19400/34966] - Loss: 0.0973
  Batch [19410/34966] - Loss: 0.0973
  Batch [19420/34966] - Loss: 0.0973
  Batch [19430/34966] - Loss: 0.0973
  Batch [19440/34966] - Loss: 0.0973
  Batch [19450/34966] - Loss: 0.0973
  Batch [19460/34966] - Loss: 0.0973
  Batch [19470/34966] - Loss: 0.0974
  Batch [19480/34966] - Loss: 0.0974
  Batch [19490/34966] - Loss: 0.0974
  Batch [19500/34966] - Loss: 0.0974
  Batch [19510/34966] - Loss: 0.0974
  Batch [19520/34966] - Loss: 0.0974
  Batch [19530/34966] - Loss: 0.0974
  Batch [19540/34966] - Loss: 0.0974
  Batch [19550/34966] - Loss: 0.0974
  Batch [19560/34966] - Loss: 0.0974
  Batch [19570/34966] - Loss: 0.0974
  Batch [19580/34966] - Loss: 0.0973
  Batch [19590/34966] - Loss: 0.0973
  Batch [19600/34966] - Loss: 0.0973
  Batch [19610/34966] - Loss: 0.0973
  Batch [19620/34966] - Loss: 0.0974
  Batch [19630/34966] - Loss: 0.0974
  Batch [19640/34966] - Loss: 0.0973
  Batch [19650/34966] - Loss: 0.0973
  Batch [19660/34966] - Loss: 0.0974
  Batch [19670/34966] - Loss: 0.0973
  Batch [19680/34966] - Loss: 0.0973
  Batch [19690/34966] - Loss: 0.0973
  Batch [19700/34966] - Loss: 0.0973
  Batch [19710/34966] - Loss: 0.0973
  Batch [19720/34966] - Loss: 0.0973
  Batch [19730/34966] - Loss: 0.0973
  Batch [19740/34966] - Loss: 0.0973
  Batch [19750/34966] - Loss: 0.0973
  Batch [19760/34966] - Loss: 0.0973
  Batch [19770/34966] - Loss: 0.0973
  Batch [19780/34966] - Loss: 0.0973
  Batch [19790/34966] - Loss: 0.0973
  Batch [19800/34966] - Loss: 0.0973
  Batch [19810/34966] - Loss: 0.0973
  Batch [19820/34966] - Loss: 0.0973
  Batch [19830/34966] - Loss: 0.0973
  Batch [19840/34966] - Loss: 0.0973
  Batch [19850/34966] - Loss: 0.0973
  Batch [19860/34966] - Loss: 0.0973
  Batch [19870/34966] - Loss: 0.0972
  Batch [19880/34966] - Loss: 0.0972
  Batch [19890/34966] - Loss: 0.0972
  Batch [19900/34966] - Loss: 0.0972
  Batch [19910/34966] - Loss: 0.0972
  Batch [19920/34966] - Loss: 0.0972
  Batch [19930/34966] - Loss: 0.0972
  Batch [19940/34966] - Loss: 0.0972
  Batch [19950/34966] - Loss: 0.0972
  Batch [19960/34966] - Loss: 0.0973
  Batch [19970/34966] - Loss: 0.0972
  Batch [19980/34966] - Loss: 0.0973
  Batch [19990/34966] - Loss: 0.0973
  Batch [20000/34966] - Loss: 0.0973
  Batch [20010/34966] - Loss: 0.0973
  Batch [20020/34966] - Loss: 0.0973
  Batch [20030/34966] - Loss: 0.0973
  Batch [20040/34966] - Loss: 0.0973
  Batch [20050/34966] - Loss: 0.0973
  Batch [20060/34966] - Loss: 0.0973
  Batch [20070/34966] - Loss: 0.0973
  Batch [20080/34966] - Loss: 0.0973
  Batch [20090/34966] - Loss: 0.0973
  Batch [20100/34966] - Loss: 0.0973
  Batch [20110/34966] - Loss: 0.0973
  Batch [20120/34966] - Loss: 0.0973
  Batch [20130/34966] - Loss: 0.0973
  Batch [20140/34966] - Loss: 0.0973
  Batch [20150/34966] - Loss: 0.0973
  Batch [20160/34966] - Loss: 0.0973
  Batch [20170/34966] - Loss: 0.0973
  Batch [20180/34966] - Loss: 0.0973
  Batch [20190/34966] - Loss: 0.0973
  Batch [20200/34966] - Loss: 0.0973
  Batch [20210/34966] - Loss: 0.0973
  Batch [20220/34966] - Loss: 0.0973
  Batch [20230/34966] - Loss: 0.0972
  Batch [20240/34966] - Loss: 0.0972
  Batch [20250/34966] - Loss: 0.0972
  Batch [20260/34966] - Loss: 0.0973
  Batch [20270/34966] - Loss: 0.0972
  Batch [20280/34966] - Loss: 0.0973
  Batch [20290/34966] - Loss: 0.0973
  Batch [20300/34966] - Loss: 0.0973
  Batch [20310/34966] - Loss: 0.0973
  Batch [20320/34966] - Loss: 0.0973
  Batch [20330/34966] - Loss: 0.0973
  Batch [20340/34966] - Loss: 0.0973
  Batch [20350/34966] - Loss: 0.0972
  Batch [20360/34966] - Loss: 0.0972
  Batch [20370/34966] - Loss: 0.0972
  Batch [20380/34966] - Loss: 0.0972
  Batch [20390/34966] - Loss: 0.0972
  Batch [20400/34966] - Loss: 0.0972
  Batch [20410/34966] - Loss: 0.0972
  Batch [20420/34966] - Loss: 0.0972
  Batch [20430/34966] - Loss: 0.0972
  Batch [20440/34966] - Loss: 0.0972
  Batch [20450/34966] - Loss: 0.0972
  Batch [20460/34966] - Loss: 0.0972
  Batch [20470/34966] - Loss: 0.0972
  Batch [20480/34966] - Loss: 0.0972
  Batch [20490/34966] - Loss: 0.0973
  Batch [20500/34966] - Loss: 0.0973
  Batch [20510/34966] - Loss: 0.0973
  Batch [20520/34966] - Loss: 0.0973
  Batch [20530/34966] - Loss: 0.0973
  Batch [20540/34966] - Loss: 0.0973
  Batch [20550/34966] - Loss: 0.0973
  Batch [20560/34966] - Loss: 0.0973
  Batch [20570/34966] - Loss: 0.0972
  Batch [20580/34966] - Loss: 0.0972
  Batch [20590/34966] - Loss: 0.0972
  Batch [20600/34966] - Loss: 0.0972
  Batch [20610/34966] - Loss: 0.0972
  Batch [20620/34966] - Loss: 0.0972
  Batch [20630/34966] - Loss: 0.0972
  Batch [20640/34966] - Loss: 0.0972
  Batch [20650/34966] - Loss: 0.0972
  Batch [20660/34966] - Loss: 0.0972
  Batch [20670/34966] - Loss: 0.0972
  Batch [20680/34966] - Loss: 0.0972
  Batch [20690/34966] - Loss: 0.0972
  Batch [20700/34966] - Loss: 0.0972
  Batch [20710/34966] - Loss: 0.0972
  Batch [20720/34966] - Loss: 0.0972
  Batch [20730/34966] - Loss: 0.0972
  Batch [20740/34966] - Loss: 0.0972
  Batch [20750/34966] - Loss: 0.0972
  Batch [20760/34966] - Loss: 0.0972
  Batch [20770/34966] - Loss: 0.0972
  Batch [20780/34966] - Loss: 0.0972
  Batch [20790/34966] - Loss: 0.0972
  Batch [20800/34966] - Loss: 0.0972
  Batch [20810/34966] - Loss: 0.0972
  Batch [20820/34966] - Loss: 0.0972
  Batch [20830/34966] - Loss: 0.0972
  Batch [20840/34966] - Loss: 0.0972
  Batch [20850/34966] - Loss: 0.0972
  Batch [20860/34966] - Loss: 0.0972
  Batch [20870/34966] - Loss: 0.0972
  Batch [20880/34966] - Loss: 0.0972
  Batch [20890/34966] - Loss: 0.0972
  Batch [20900/34966] - Loss: 0.0973
  Batch [20910/34966] - Loss: 0.0973
  Batch [20920/34966] - Loss: 0.0973
  Batch [20930/34966] - Loss: 0.0973
  Batch [20940/34966] - Loss: 0.0973
  Batch [20950/34966] - Loss: 0.0973
  Batch [20960/34966] - Loss: 0.0973
  Batch [20970/34966] - Loss: 0.0972
  Batch [20980/34966] - Loss: 0.0972
  Batch [20990/34966] - Loss: 0.0972
  Batch [21000/34966] - Loss: 0.0972
  Batch [21010/34966] - Loss: 0.0972
  Batch [21020/34966] - Loss: 0.0972
  Batch [21030/34966] - Loss: 0.0972
  Batch [21040/34966] - Loss: 0.0972
  Batch [21050/34966] - Loss: 0.0972
  Batch [21060/34966] - Loss: 0.0972
  Batch [21070/34966] - Loss: 0.0972
  Batch [21080/34966] - Loss: 0.0972
  Batch [21090/34966] - Loss: 0.0972
  Batch [21100/34966] - Loss: 0.0972
  Batch [21110/34966] - Loss: 0.0972
  Batch [21120/34966] - Loss: 0.0972
  Batch [21130/34966] - Loss: 0.0972
  Batch [21140/34966] - Loss: 0.0972
  Batch [21150/34966] - Loss: 0.0972
  Batch [21160/34966] - Loss: 0.0972
  Batch [21170/34966] - Loss: 0.0972
  Batch [21180/34966] - Loss: 0.0972
  Batch [21190/34966] - Loss: 0.0973
  Batch [21200/34966] - Loss: 0.0973
  Batch [21210/34966] - Loss: 0.0973
  Batch [21220/34966] - Loss: 0.0973
  Batch [21230/34966] - Loss: 0.0973
  Batch [21240/34966] - Loss: 0.0973
  Batch [21250/34966] - Loss: 0.0973
  Batch [21260/34966] - Loss: 0.0973
  Batch [21270/34966] - Loss: 0.0973
  Batch [21280/34966] - Loss: 0.0973
  Batch [21290/34966] - Loss: 0.0973
  Batch [21300/34966] - Loss: 0.0973
  Batch [21310/34966] - Loss: 0.0973
  Batch [21320/34966] - Loss: 0.0973
  Batch [21330/34966] - Loss: 0.0973
  Batch [21340/34966] - Loss: 0.0973
  Batch [21350/34966] - Loss: 0.0973
  Batch [21360/34966] - Loss: 0.0973
  Batch [21370/34966] - Loss: 0.0973
  Batch [21380/34966] - Loss: 0.0973
  Batch [21390/34966] - Loss: 0.0973
  Batch [21400/34966] - Loss: 0.0973
  Batch [21410/34966] - Loss: 0.0973
  Batch [21420/34966] - Loss: 0.0973
  Batch [21430/34966] - Loss: 0.0973
  Batch [21440/34966] - Loss: 0.0973
  Batch [21450/34966] - Loss: 0.0973
  Batch [21460/34966] - Loss: 0.0973
  Batch [21470/34966] - Loss: 0.0973
  Batch [21480/34966] - Loss: 0.0973
  Batch [21490/34966] - Loss: 0.0973
  Batch [21500/34966] - Loss: 0.0973
  Batch [21510/34966] - Loss: 0.0973
  Batch [21520/34966] - Loss: 0.0973
  Batch [21530/34966] - Loss: 0.0973
  Batch [21540/34966] - Loss: 0.0973
  Batch [21550/34966] - Loss: 0.0973
  Batch [21560/34966] - Loss: 0.0973
  Batch [21570/34966] - Loss: 0.0973
  Batch [21580/34966] - Loss: 0.0973
  Batch [21590/34966] - Loss: 0.0973
  Batch [21600/34966] - Loss: 0.0973
  Batch [21610/34966] - Loss: 0.0973
  Batch [21620/34966] - Loss: 0.0973
  Batch [21630/34966] - Loss: 0.0973
  Batch [21640/34966] - Loss: 0.0973
  Batch [21650/34966] - Loss: 0.0973
  Batch [21660/34966] - Loss: 0.0973
  Batch [21670/34966] - Loss: 0.0973
  Batch [21680/34966] - Loss: 0.0973
  Batch [21690/34966] - Loss: 0.0973
  Batch [21700/34966] - Loss: 0.0973
  Batch [21710/34966] - Loss: 0.0973
  Batch [21720/34966] - Loss: 0.0973
  Batch [21730/34966] - Loss: 0.0973
  Batch [21740/34966] - Loss: 0.0973
  Batch [21750/34966] - Loss: 0.0973
  Batch [21760/34966] - Loss: 0.0973
  Batch [21770/34966] - Loss: 0.0973
  Batch [21780/34966] - Loss: 0.0973
  Batch [21790/34966] - Loss: 0.0973
  Batch [21800/34966] - Loss: 0.0973
  Batch [21810/34966] - Loss: 0.0973
  Batch [21820/34966] - Loss: 0.0973
  Batch [21830/34966] - Loss: 0.0974
  Batch [21840/34966] - Loss: 0.0973
  Batch [21850/34966] - Loss: 0.0974
  Batch [21860/34966] - Loss: 0.0974
  Batch [21870/34966] - Loss: 0.0974
  Batch [21880/34966] - Loss: 0.0974
  Batch [21890/34966] - Loss: 0.0974
  Batch [21900/34966] - Loss: 0.0974
  Batch [21910/34966] - Loss: 0.0974
  Batch [21920/34966] - Loss: 0.0974
  Batch [21930/34966] - Loss: 0.0974
  Batch [21940/34966] - Loss: 0.0974
  Batch [21950/34966] - Loss: 0.0974
  Batch [21960/34966] - Loss: 0.0974
  Batch [21970/34966] - Loss: 0.0974
  Batch [21980/34966] - Loss: 0.0974
  Batch [21990/34966] - Loss: 0.0974
  Batch [22000/34966] - Loss: 0.0974
  Batch [22010/34966] - Loss: 0.0974
  Batch [22020/34966] - Loss: 0.0974
  Batch [22030/34966] - Loss: 0.0974
  Batch [22040/34966] - Loss: 0.0974
  Batch [22050/34966] - Loss: 0.0975
  Batch [22060/34966] - Loss: 0.0975
  Batch [22070/34966] - Loss: 0.0975
  Batch [22080/34966] - Loss: 0.0975
  Batch [22090/34966] - Loss: 0.0975
  Batch [22100/34966] - Loss: 0.0975
  Batch [22110/34966] - Loss: 0.0975
  Batch [22120/34966] - Loss: 0.0975
  Batch [22130/34966] - Loss: 0.0974
  Batch [22140/34966] - Loss: 0.0975
  Batch [22150/34966] - Loss: 0.0975
  Batch [22160/34966] - Loss: 0.0974
  Batch [22170/34966] - Loss: 0.0974
  Batch [22180/34966] - Loss: 0.0975
  Batch [22190/34966] - Loss: 0.0975
  Batch [22200/34966] - Loss: 0.0975
  Batch [22210/34966] - Loss: 0.0975
  Batch [22220/34966] - Loss: 0.0975
  Batch [22230/34966] - Loss: 0.0975
  Batch [22240/34966] - Loss: 0.0975
  Batch [22250/34966] - Loss: 0.0975
  Batch [22260/34966] - Loss: 0.0975
  Batch [22270/34966] - Loss: 0.0975
  Batch [22280/34966] - Loss: 0.0975
  Batch [22290/34966] - Loss: 0.0975
  Batch [22300/34966] - Loss: 0.0975
  Batch [22310/34966] - Loss: 0.0975
  Batch [22320/34966] - Loss: 0.0975
  Batch [22330/34966] - Loss: 0.0975
  Batch [22340/34966] - Loss: 0.0975
  Batch [22350/34966] - Loss: 0.0975
  Batch [22360/34966] - Loss: 0.0975
  Batch [22370/34966] - Loss: 0.0975
  Batch [22380/34966] - Loss: 0.0975
  Batch [22390/34966] - Loss: 0.0975
  Batch [22400/34966] - Loss: 0.0975
  Batch [22410/34966] - Loss: 0.0975
  Batch [22420/34966] - Loss: 0.0975
  Batch [22430/34966] - Loss: 0.0975
  Batch [22440/34966] - Loss: 0.0975
  Batch [22450/34966] - Loss: 0.0975
  Batch [22460/34966] - Loss: 0.0975
  Batch [22470/34966] - Loss: 0.0975
  Batch [22480/34966] - Loss: 0.0975
  Batch [22490/34966] - Loss: 0.0975
  Batch [22500/34966] - Loss: 0.0975
  Batch [22510/34966] - Loss: 0.0975
  Batch [22520/34966] - Loss: 0.0975
  Batch [22530/34966] - Loss: 0.0975
  Batch [22540/34966] - Loss: 0.0975
  Batch [22550/34966] - Loss: 0.0975
  Batch [22560/34966] - Loss: 0.0975
  Batch [22570/34966] - Loss: 0.0975
  Batch [22580/34966] - Loss: 0.0975
  Batch [22590/34966] - Loss: 0.0975
  Batch [22600/34966] - Loss: 0.0975
  Batch [22610/34966] - Loss: 0.0975
  Batch [22620/34966] - Loss: 0.0976
  Batch [22630/34966] - Loss: 0.0976
  Batch [22640/34966] - Loss: 0.0976
  Batch [22650/34966] - Loss: 0.0976
  Batch [22660/34966] - Loss: 0.0976
  Batch [22670/34966] - Loss: 0.0976
  Batch [22680/34966] - Loss: 0.0976
  Batch [22690/34966] - Loss: 0.0976
  Batch [22700/34966] - Loss: 0.0976
  Batch [22710/34966] - Loss: 0.0976
  Batch [22720/34966] - Loss: 0.0976
  Batch [22730/34966] - Loss: 0.0976
  Batch [22740/34966] - Loss: 0.0976
  Batch [22750/34966] - Loss: 0.0976
  Batch [22760/34966] - Loss: 0.0976
  Batch [22770/34966] - Loss: 0.0976
  Batch [22780/34966] - Loss: 0.0976
  Batch [22790/34966] - Loss: 0.0976
  Batch [22800/34966] - Loss: 0.0976
  Batch [22810/34966] - Loss: 0.0976
  Batch [22820/34966] - Loss: 0.0976
  Batch [22830/34966] - Loss: 0.0976
  Batch [22840/34966] - Loss: 0.0976
  Batch [22850/34966] - Loss: 0.0976
  Batch [22860/34966] - Loss: 0.0976
  Batch [22870/34966] - Loss: 0.0976
  Batch [22880/34966] - Loss: 0.0976
  Batch [22890/34966] - Loss: 0.0976
  Batch [22900/34966] - Loss: 0.0976
  Batch [22910/34966] - Loss: 0.0976
  Batch [22920/34966] - Loss: 0.0976
  Batch [22930/34966] - Loss: 0.0976
  Batch [22940/34966] - Loss: 0.0976
  Batch [22950/34966] - Loss: 0.0976
  Batch [22960/34966] - Loss: 0.0976
  Batch [22970/34966] - Loss: 0.0976
  Batch [22980/34966] - Loss: 0.0976
  Batch [22990/34966] - Loss: 0.0977
  Batch [23000/34966] - Loss: 0.0976
  Batch [23010/34966] - Loss: 0.0976
  Batch [23020/34966] - Loss: 0.0976
  Batch [23030/34966] - Loss: 0.0976
  Batch [23040/34966] - Loss: 0.0976
  Batch [23050/34966] - Loss: 0.0976
  Batch [23060/34966] - Loss: 0.0976
  Batch [23070/34966] - Loss: 0.0976
  Batch [23080/34966] - Loss: 0.0976
  Batch [23090/34966] - Loss: 0.0976
  Batch [23100/34966] - Loss: 0.0976
  Batch [23110/34966] - Loss: 0.0976
  Batch [23120/34966] - Loss: 0.0976
  Batch [23130/34966] - Loss: 0.0976
  Batch [23140/34966] - Loss: 0.0976
  Batch [23150/34966] - Loss: 0.0976
  Batch [23160/34966] - Loss: 0.0976
  Batch [23170/34966] - Loss: 0.0976
  Batch [23180/34966] - Loss: 0.0976
  Batch [23190/34966] - Loss: 0.0977
  Batch [23200/34966] - Loss: 0.0977
  Batch [23210/34966] - Loss: 0.0976
  Batch [23220/34966] - Loss: 0.0976
  Batch [23230/34966] - Loss: 0.0977
  Batch [23240/34966] - Loss: 0.0977
  Batch [23250/34966] - Loss: 0.0977
  Batch [23260/34966] - Loss: 0.0977
  Batch [23270/34966] - Loss: 0.0977
  Batch [23280/34966] - Loss: 0.0977
  Batch [23290/34966] - Loss: 0.0977
  Batch [23300/34966] - Loss: 0.0977
  Batch [23310/34966] - Loss: 0.0977
  Batch [23320/34966] - Loss: 0.0977
  Batch [23330/34966] - Loss: 0.0977
  Batch [23340/34966] - Loss: 0.0977
  Batch [23350/34966] - Loss: 0.0977
  Batch [23360/34966] - Loss: 0.0977
  Batch [23370/34966] - Loss: 0.0977
  Batch [23380/34966] - Loss: 0.0977
  Batch [23390/34966] - Loss: 0.0977
  Batch [23400/34966] - Loss: 0.0976
  Batch [23410/34966] - Loss: 0.0976
  Batch [23420/34966] - Loss: 0.0976
  Batch [23430/34966] - Loss: 0.0976
  Batch [23440/34966] - Loss: 0.0976
  Batch [23450/34966] - Loss: 0.0976
  Batch [23460/34966] - Loss: 0.0976
  Batch [23470/34966] - Loss: 0.0976
  Batch [23480/34966] - Loss: 0.0976
  Batch [23490/34966] - Loss: 0.0976
  Batch [23500/34966] - Loss: 0.0976
  Batch [23510/34966] - Loss: 0.0976
  Batch [23520/34966] - Loss: 0.0976
  Batch [23530/34966] - Loss: 0.0976
  Batch [23540/34966] - Loss: 0.0976
  Batch [23550/34966] - Loss: 0.0977
  Batch [23560/34966] - Loss: 0.0977
  Batch [23570/34966] - Loss: 0.0976
  Batch [23580/34966] - Loss: 0.0977
  Batch [23590/34966] - Loss: 0.0977
  Batch [23600/34966] - Loss: 0.0976
  Batch [23610/34966] - Loss: 0.0976
  Batch [23620/34966] - Loss: 0.0976
  Batch [23630/34966] - Loss: 0.0976
  Batch [23640/34966] - Loss: 0.0977
  Batch [23650/34966] - Loss: 0.0977
  Batch [23660/34966] - Loss: 0.0976
  Batch [23670/34966] - Loss: 0.0977
  Batch [23680/34966] - Loss: 0.0976
  Batch [23690/34966] - Loss: 0.0977
  Batch [23700/34966] - Loss: 0.0976
  Batch [23710/34966] - Loss: 0.0976
  Batch [23720/34966] - Loss: 0.0976
  Batch [23730/34966] - Loss: 0.0976
  Batch [23740/34966] - Loss: 0.0976
  Batch [23750/34966] - Loss: 0.0976
  Batch [23760/34966] - Loss: 0.0976
  Batch [23770/34966] - Loss: 0.0976
  Batch [23780/34966] - Loss: 0.0976
  Batch [23790/34966] - Loss: 0.0976
  Batch [23800/34966] - Loss: 0.0976
  Batch [23810/34966] - Loss: 0.0976
  Batch [23820/34966] - Loss: 0.0976
  Batch [23830/34966] - Loss: 0.0976
  Batch [23840/34966] - Loss: 0.0976
  Batch [23850/34966] - Loss: 0.0976
  Batch [23860/34966] - Loss: 0.0976
  Batch [23870/34966] - Loss: 0.0976
  Batch [23880/34966] - Loss: 0.0976
  Batch [23890/34966] - Loss: 0.0976
  Batch [23900/34966] - Loss: 0.0976
  Batch [23910/34966] - Loss: 0.0976
  Batch [23920/34966] - Loss: 0.0976
  Batch [23930/34966] - Loss: 0.0976
  Batch [23940/34966] - Loss: 0.0976
  Batch [23950/34966] - Loss: 0.0976
  Batch [23960/34966] - Loss: 0.0976
  Batch [23970/34966] - Loss: 0.0976
  Batch [23980/34966] - Loss: 0.0976
  Batch [23990/34966] - Loss: 0.0976
  Batch [24000/34966] - Loss: 0.0976
  Batch [24010/34966] - Loss: 0.0976
  Batch [24020/34966] - Loss: 0.0976
  Batch [24030/34966] - Loss: 0.0976
  Batch [24040/34966] - Loss: 0.0976
  Batch [24050/34966] - Loss: 0.0976
  Batch [24060/34966] - Loss: 0.0976
  Batch [24070/34966] - Loss: 0.0976
  Batch [24080/34966] - Loss: 0.0976
  Batch [24090/34966] - Loss: 0.0976
  Batch [24100/34966] - Loss: 0.0976
  Batch [24110/34966] - Loss: 0.0976
  Batch [24120/34966] - Loss: 0.0976
  Batch [24130/34966] - Loss: 0.0976
  Batch [24140/34966] - Loss: 0.0976
  Batch [24150/34966] - Loss: 0.0976
  Batch [24160/34966] - Loss: 0.0976
  Batch [24170/34966] - Loss: 0.0976
  Batch [24180/34966] - Loss: 0.0976
  Batch [24190/34966] - Loss: 0.0976
  Batch [24200/34966] - Loss: 0.0976
  Batch [24210/34966] - Loss: 0.0976
  Batch [24220/34966] - Loss: 0.0976
  Batch [24230/34966] - Loss: 0.0976
  Batch [24240/34966] - Loss: 0.0976
  Batch [24250/34966] - Loss: 0.0976
  Batch [24260/34966] - Loss: 0.0976
  Batch [24270/34966] - Loss: 0.0976
  Batch [24280/34966] - Loss: 0.0976
  Batch [24290/34966] - Loss: 0.0976
  Batch [24300/34966] - Loss: 0.0976
  Batch [24310/34966] - Loss: 0.0976
  Batch [24320/34966] - Loss: 0.0976
  Batch [24330/34966] - Loss: 0.0976
  Batch [24340/34966] - Loss: 0.0976
  Batch [24350/34966] - Loss: 0.0976
  Batch [24360/34966] - Loss: 0.0976
  Batch [24370/34966] - Loss: 0.0976
  Batch [24380/34966] - Loss: 0.0976
  Batch [24390/34966] - Loss: 0.0976
  Batch [24400/34966] - Loss: 0.0976
  Batch [24410/34966] - Loss: 0.0976
  Batch [24420/34966] - Loss: 0.0976
  Batch [24430/34966] - Loss: 0.0976
  Batch [24440/34966] - Loss: 0.0976
  Batch [24450/34966] - Loss: 0.0976
  Batch [24460/34966] - Loss: 0.0976
  Batch [24470/34966] - Loss: 0.0976
  Batch [24480/34966] - Loss: 0.0976
  Batch [24490/34966] - Loss: 0.0976
  Batch [24500/34966] - Loss: 0.0976
  Batch [24510/34966] - Loss: 0.0976
  Batch [24520/34966] - Loss: 0.0976
  Batch [24530/34966] - Loss: 0.0976
  Batch [24540/34966] - Loss: 0.0976
  Batch [24550/34966] - Loss: 0.0976
  Batch [24560/34966] - Loss: 0.0976
  Batch [24570/34966] - Loss: 0.0976
  Batch [24580/34966] - Loss: 0.0976
  Batch [24590/34966] - Loss: 0.0977
  Batch [24600/34966] - Loss: 0.0977
  Batch [24610/34966] - Loss: 0.0977
  Batch [24620/34966] - Loss: 0.0977
  Batch [24630/34966] - Loss: 0.0977
  Batch [24640/34966] - Loss: 0.0977
  Batch [24650/34966] - Loss: 0.0977
  Batch [24660/34966] - Loss: 0.0977
  Batch [24670/34966] - Loss: 0.0977
  Batch [24680/34966] - Loss: 0.0977
  Batch [24690/34966] - Loss: 0.0977
  Batch [24700/34966] - Loss: 0.0977
  Batch [24710/34966] - Loss: 0.0977
  Batch [24720/34966] - Loss: 0.0977
  Batch [24730/34966] - Loss: 0.0977
  Batch [24740/34966] - Loss: 0.0977
  Batch [24750/34966] - Loss: 0.0977
  Batch [24760/34966] - Loss: 0.0977
  Batch [24770/34966] - Loss: 0.0977
  Batch [24780/34966] - Loss: 0.0977
  Batch [24790/34966] - Loss: 0.0977
  Batch [24800/34966] - Loss: 0.0977
  Batch [24810/34966] - Loss: 0.0977
  Batch [24820/34966] - Loss: 0.0977
  Batch [24830/34966] - Loss: 0.0977
  Batch [24840/34966] - Loss: 0.0977
  Batch [24850/34966] - Loss: 0.0977
  Batch [24860/34966] - Loss: 0.0977
  Batch [24870/34966] - Loss: 0.0977
  Batch [24880/34966] - Loss: 0.0977
  Batch [24890/34966] - Loss: 0.0977
  Batch [24900/34966] - Loss: 0.0977
  Batch [24910/34966] - Loss: 0.0977
  Batch [24920/34966] - Loss: 0.0977
  Batch [24930/34966] - Loss: 0.0977
  Batch [24940/34966] - Loss: 0.0977
  Batch [24950/34966] - Loss: 0.0977
  Batch [24960/34966] - Loss: 0.0977
  Batch [24970/34966] - Loss: 0.0977
  Batch [24980/34966] - Loss: 0.0977
  Batch [24990/34966] - Loss: 0.0977
  Batch [25000/34966] - Loss: 0.0977
  Batch [25010/34966] - Loss: 0.0977
  Batch [25020/34966] - Loss: 0.0977
  Batch [25030/34966] - Loss: 0.0977
  Batch [25040/34966] - Loss: 0.0977
  Batch [25050/34966] - Loss: 0.0977
  Batch [25060/34966] - Loss: 0.0977
  Batch [25070/34966] - Loss: 0.0977
  Batch [25080/34966] - Loss: 0.0977
  Batch [25090/34966] - Loss: 0.0977
  Batch [25100/34966] - Loss: 0.0977
  Batch [25110/34966] - Loss: 0.0977
  Batch [25120/34966] - Loss: 0.0977
  Batch [25130/34966] - Loss: 0.0977
  Batch [25140/34966] - Loss: 0.0977
  Batch [25150/34966] - Loss: 0.0977
  Batch [25160/34966] - Loss: 0.0977
  Batch [25170/34966] - Loss: 0.0977
  Batch [25180/34966] - Loss: 0.0978
  Batch [25190/34966] - Loss: 0.0977
  Batch [25200/34966] - Loss: 0.0977
  Batch [25210/34966] - Loss: 0.0977
  Batch [25220/34966] - Loss: 0.0978
  Batch [25230/34966] - Loss: 0.0977
  Batch [25240/34966] - Loss: 0.0977
  Batch [25250/34966] - Loss: 0.0977
  Batch [25260/34966] - Loss: 0.0977
  Batch [25270/34966] - Loss: 0.0977
  Batch [25280/34966] - Loss: 0.0977
  Batch [25290/34966] - Loss: 0.0977
  Batch [25300/34966] - Loss: 0.0977
  Batch [25310/34966] - Loss: 0.0977
  Batch [25320/34966] - Loss: 0.0977
  Batch [25330/34966] - Loss: 0.0977
  Batch [25340/34966] - Loss: 0.0977
  Batch [25350/34966] - Loss: 0.0977
  Batch [25360/34966] - Loss: 0.0978
  Batch [25370/34966] - Loss: 0.0978
  Batch [25380/34966] - Loss: 0.0978
  Batch [25390/34966] - Loss: 0.0978
  Batch [25400/34966] - Loss: 0.0978
  Batch [25410/34966] - Loss: 0.0978
  Batch [25420/34966] - Loss: 0.0978
  Batch [25430/34966] - Loss: 0.0978
  Batch [25440/34966] - Loss: 0.0978
  Batch [25450/34966] - Loss: 0.0977
  Batch [25460/34966] - Loss: 0.0977
  Batch [25470/34966] - Loss: 0.0977
  Batch [25480/34966] - Loss: 0.0977
  Batch [25490/34966] - Loss: 0.0977
  Batch [25500/34966] - Loss: 0.0977
  Batch [25510/34966] - Loss: 0.0977
  Batch [25520/34966] - Loss: 0.0977
  Batch [25530/34966] - Loss: 0.0977
  Batch [25540/34966] - Loss: 0.0977
  Batch [25550/34966] - Loss: 0.0977
  Batch [25560/34966] - Loss: 0.0977
  Batch [25570/34966] - Loss: 0.0977
  Batch [25580/34966] - Loss: 0.0977
  Batch [25590/34966] - Loss: 0.0977
  Batch [25600/34966] - Loss: 0.0977
  Batch [25610/34966] - Loss: 0.0977
  Batch [25620/34966] - Loss: 0.0977
  Batch [25630/34966] - Loss: 0.0977
  Batch [25640/34966] - Loss: 0.0977
  Batch [25650/34966] - Loss: 0.0977
  Batch [25660/34966] - Loss: 0.0977
  Batch [25670/34966] - Loss: 0.0977
  Batch [25680/34966] - Loss: 0.0977
  Batch [25690/34966] - Loss: 0.0977
  Batch [25700/34966] - Loss: 0.0977
  Batch [25710/34966] - Loss: 0.0977
  Batch [25720/34966] - Loss: 0.0977
  Batch [25730/34966] - Loss: 0.0977
  Batch [25740/34966] - Loss: 0.0977
  Batch [25750/34966] - Loss: 0.0977
  Batch [25760/34966] - Loss: 0.0977
  Batch [25770/34966] - Loss: 0.0977
  Batch [25780/34966] - Loss: 0.0977
  Batch [25790/34966] - Loss: 0.0977
  Batch [25800/34966] - Loss: 0.0977
  Batch [25810/34966] - Loss: 0.0977
  Batch [25820/34966] - Loss: 0.0977
  Batch [25830/34966] - Loss: 0.0977
  Batch [25840/34966] - Loss: 0.0977
  Batch [25850/34966] - Loss: 0.0977
  Batch [25860/34966] - Loss: 0.0977
  Batch [25870/34966] - Loss: 0.0977
  Batch [25880/34966] - Loss: 0.0977
  Batch [25890/34966] - Loss: 0.0977
  Batch [25900/34966] - Loss: 0.0977
  Batch [25910/34966] - Loss: 0.0977
  Batch [25920/34966] - Loss: 0.0977
  Batch [25930/34966] - Loss: 0.0977
  Batch [25940/34966] - Loss: 0.0977
  Batch [25950/34966] - Loss: 0.0977
  Batch [25960/34966] - Loss: 0.0977
  Batch [25970/34966] - Loss: 0.0977
  Batch [25980/34966] - Loss: 0.0977
  Batch [25990/34966] - Loss: 0.0978
  Batch [26000/34966] - Loss: 0.0978
  Batch [26010/34966] - Loss: 0.0978
  Batch [26020/34966] - Loss: 0.0978
  Batch [26030/34966] - Loss: 0.0978
  Batch [26040/34966] - Loss: 0.0978
  Batch [26050/34966] - Loss: 0.0978
  Batch [26060/34966] - Loss: 0.0978
  Batch [26070/34966] - Loss: 0.0978
  Batch [26080/34966] - Loss: 0.0978
  Batch [26090/34966] - Loss: 0.0978
  Batch [26100/34966] - Loss: 0.0978
  Batch [26110/34966] - Loss: 0.0978
  Batch [26120/34966] - Loss: 0.0978
  Batch [26130/34966] - Loss: 0.0978
  Batch [26140/34966] - Loss: 0.0978
  Batch [26150/34966] - Loss: 0.0978
  Batch [26160/34966] - Loss: 0.0978
  Batch [26170/34966] - Loss: 0.0978
  Batch [26180/34966] - Loss: 0.0978
  Batch [26190/34966] - Loss: 0.0978
  Batch [26200/34966] - Loss: 0.0978
  Batch [26210/34966] - Loss: 0.0978
  Batch [26220/34966] - Loss: 0.0978
  Batch [26230/34966] - Loss: 0.0978
  Batch [26240/34966] - Loss: 0.0978
  Batch [26250/34966] - Loss: 0.0978
  Batch [26260/34966] - Loss: 0.0978
  Batch [26270/34966] - Loss: 0.0978
  Batch [26280/34966] - Loss: 0.0978
  Batch [26290/34966] - Loss: 0.0978
  Batch [26300/34966] - Loss: 0.0978
  Batch [26310/34966] - Loss: 0.0978
  Batch [26320/34966] - Loss: 0.0978
  Batch [26330/34966] - Loss: 0.0978
  Batch [26340/34966] - Loss: 0.0978
  Batch [26350/34966] - Loss: 0.0978
  Batch [26360/34966] - Loss: 0.0978
  Batch [26370/34966] - Loss: 0.0978
  Batch [26380/34966] - Loss: 0.0978
  Batch [26390/34966] - Loss: 0.0978
  Batch [26400/34966] - Loss: 0.0978
  Batch [26410/34966] - Loss: 0.0978
  Batch [26420/34966] - Loss: 0.0978
  Batch [26430/34966] - Loss: 0.0978
  Batch [26440/34966] - Loss: 0.0978
  Batch [26450/34966] - Loss: 0.0978
  Batch [26460/34966] - Loss: 0.0978
  Batch [26470/34966] - Loss: 0.0978
  Batch [26480/34966] - Loss: 0.0978
  Batch [26490/34966] - Loss: 0.0978
  Batch [26500/34966] - Loss: 0.0978
  Batch [26510/34966] - Loss: 0.0978
  Batch [26520/34966] - Loss: 0.0978
  Batch [26530/34966] - Loss: 0.0978
  Batch [26540/34966] - Loss: 0.0978
  Batch [26550/34966] - Loss: 0.0978
  Batch [26560/34966] - Loss: 0.0978
  Batch [26570/34966] - Loss: 0.0978
  Batch [26580/34966] - Loss: 0.0978
  Batch [26590/34966] - Loss: 0.0978
  Batch [26600/34966] - Loss: 0.0978
  Batch [26610/34966] - Loss: 0.0978
  Batch [26620/34966] - Loss: 0.0978
  Batch [26630/34966] - Loss: 0.0978
  Batch [26640/34966] - Loss: 0.0978
  Batch [26650/34966] - Loss: 0.0978
  Batch [26660/34966] - Loss: 0.0978
  Batch [26670/34966] - Loss: 0.0978
  Batch [26680/34966] - Loss: 0.0978
  Batch [26690/34966] - Loss: 0.0978
  Batch [26700/34966] - Loss: 0.0978
  Batch [26710/34966] - Loss: 0.0978
  Batch [26720/34966] - Loss: 0.0978
  Batch [26730/34966] - Loss: 0.0978
  Batch [26740/34966] - Loss: 0.0978
  Batch [26750/34966] - Loss: 0.0978
  Batch [26760/34966] - Loss: 0.0978
  Batch [26770/34966] - Loss: 0.0978
  Batch [26780/34966] - Loss: 0.0978
  Batch [26790/34966] - Loss: 0.0978
  Batch [26800/34966] - Loss: 0.0978
  Batch [26810/34966] - Loss: 0.0978
  Batch [26820/34966] - Loss: 0.0978
  Batch [26830/34966] - Loss: 0.0978
  Batch [26840/34966] - Loss: 0.0978
  Batch [26850/34966] - Loss: 0.0978
  Batch [26860/34966] - Loss: 0.0978
  Batch [26870/34966] - Loss: 0.0978
  Batch [26880/34966] - Loss: 0.0978
  Batch [26890/34966] - Loss: 0.0978
  Batch [26900/34966] - Loss: 0.0978
  Batch [26910/34966] - Loss: 0.0978
  Batch [26920/34966] - Loss: 0.0978
  Batch [26930/34966] - Loss: 0.0978
  Batch [26940/34966] - Loss: 0.0978
  Batch [26950/34966] - Loss: 0.0978
  Batch [26960/34966] - Loss: 0.0978
  Batch [26970/34966] - Loss: 0.0978
  Batch [26980/34966] - Loss: 0.0978
  Batch [26990/34966] - Loss: 0.0978
  Batch [27000/34966] - Loss: 0.0978
  Batch [27010/34966] - Loss: 0.0978
  Batch [27020/34966] - Loss: 0.0978
  Batch [27030/34966] - Loss: 0.0978
  Batch [27040/34966] - Loss: 0.0978
  Batch [27050/34966] - Loss: 0.0978
  Batch [27060/34966] - Loss: 0.0978
  Batch [27070/34966] - Loss: 0.0978
  Batch [27080/34966] - Loss: 0.0978
  Batch [27090/34966] - Loss: 0.0978
  Batch [27100/34966] - Loss: 0.0978
  Batch [27110/34966] - Loss: 0.0978
  Batch [27120/34966] - Loss: 0.0978
  Batch [27130/34966] - Loss: 0.0978
  Batch [27140/34966] - Loss: 0.0978
  Batch [27150/34966] - Loss: 0.0978
  Batch [27160/34966] - Loss: 0.0978
  Batch [27170/34966] - Loss: 0.0978
  Batch [27180/34966] - Loss: 0.0978
  Batch [27190/34966] - Loss: 0.0978
  Batch [27200/34966] - Loss: 0.0978
  Batch [27210/34966] - Loss: 0.0978
  Batch [27220/34966] - Loss: 0.0978
  Batch [27230/34966] - Loss: 0.0978
  Batch [27240/34966] - Loss: 0.0978
  Batch [27250/34966] - Loss: 0.0978
  Batch [27260/34966] - Loss: 0.0978
  Batch [27270/34966] - Loss: 0.0978
  Batch [27280/34966] - Loss: 0.0978
  Batch [27290/34966] - Loss: 0.0978
  Batch [27300/34966] - Loss: 0.0978
  Batch [27310/34966] - Loss: 0.0978
  Batch [27320/34966] - Loss: 0.0978
  Batch [27330/34966] - Loss: 0.0978
  Batch [27340/34966] - Loss: 0.0978
  Batch [27350/34966] - Loss: 0.0978
  Batch [27360/34966] - Loss: 0.0978
  Batch [27370/34966] - Loss: 0.0978
  Batch [27380/34966] - Loss: 0.0978
  Batch [27390/34966] - Loss: 0.0978
  Batch [27400/34966] - Loss: 0.0978
  Batch [27410/34966] - Loss: 0.0978
  Batch [27420/34966] - Loss: 0.0978
  Batch [27430/34966] - Loss: 0.0978
  Batch [27440/34966] - Loss: 0.0978
  Batch [27450/34966] - Loss: 0.0978
  Batch [27460/34966] - Loss: 0.0978
  Batch [27470/34966] - Loss: 0.0978
  Batch [27480/34966] - Loss: 0.0978
  Batch [27490/34966] - Loss: 0.0978
  Batch [27500/34966] - Loss: 0.0978
  Batch [27510/34966] - Loss: 0.0978
  Batch [27520/34966] - Loss: 0.0978
  Batch [27530/34966] - Loss: 0.0978
  Batch [27540/34966] - Loss: 0.0978
  Batch [27550/34966] - Loss: 0.0978
  Batch [27560/34966] - Loss: 0.0978
  Batch [27570/34966] - Loss: 0.0978
  Batch [27580/34966] - Loss: 0.0978
  Batch [27590/34966] - Loss: 0.0978
  Batch [27600/34966] - Loss: 0.0978
  Batch [27610/34966] - Loss: 0.0978
  Batch [27620/34966] - Loss: 0.0978
  Batch [27630/34966] - Loss: 0.0978
  Batch [27640/34966] - Loss: 0.0978
  Batch [27650/34966] - Loss: 0.0978
  Batch [27660/34966] - Loss: 0.0978
  Batch [27670/34966] - Loss: 0.0978
  Batch [27680/34966] - Loss: 0.0978
  Batch [27690/34966] - Loss: 0.0978
  Batch [27700/34966] - Loss: 0.0978
  Batch [27710/34966] - Loss: 0.0978
  Batch [27720/34966] - Loss: 0.0978
  Batch [27730/34966] - Loss: 0.0978
  Batch [27740/34966] - Loss: 0.0978
  Batch [27750/34966] - Loss: 0.0978
  Batch [27760/34966] - Loss: 0.0978
  Batch [27770/34966] - Loss: 0.0978
  Batch [27780/34966] - Loss: 0.0978
  Batch [27790/34966] - Loss: 0.0978
  Batch [27800/34966] - Loss: 0.0978
  Batch [27810/34966] - Loss: 0.0978
  Batch [27820/34966] - Loss: 0.0978
  Batch [27830/34966] - Loss: 0.0978
  Batch [27840/34966] - Loss: 0.0978
  Batch [27850/34966] - Loss: 0.0978
  Batch [27860/34966] - Loss: 0.0978
  Batch [27870/34966] - Loss: 0.0978
  Batch [27880/34966] - Loss: 0.0978
  Batch [27890/34966] - Loss: 0.0978
  Batch [27900/34966] - Loss: 0.0978
  Batch [27910/34966] - Loss: 0.0978
  Batch [27920/34966] - Loss: 0.0978
  Batch [27930/34966] - Loss: 0.0978
  Batch [27940/34966] - Loss: 0.0978
  Batch [27950/34966] - Loss: 0.0978
  Batch [27960/34966] - Loss: 0.0978
  Batch [27970/34966] - Loss: 0.0978
  Batch [27980/34966] - Loss: 0.0978
  Batch [27990/34966] - Loss: 0.0978
  Batch [28000/34966] - Loss: 0.0978
  Batch [28010/34966] - Loss: 0.0978
  Batch [28020/34966] - Loss: 0.0978
  Batch [28030/34966] - Loss: 0.0978
  Batch [28040/34966] - Loss: 0.0978
  Batch [28050/34966] - Loss: 0.0978
  Batch [28060/34966] - Loss: 0.0978
  Batch [28070/34966] - Loss: 0.0978
  Batch [28080/34966] - Loss: 0.0978
  Batch [28090/34966] - Loss: 0.0979
  Batch [28100/34966] - Loss: 0.0979
  Batch [28110/34966] - Loss: 0.0978
  Batch [28120/34966] - Loss: 0.0978
  Batch [28130/34966] - Loss: 0.0978
  Batch [28140/34966] - Loss: 0.0978
  Batch [28150/34966] - Loss: 0.0978
  Batch [28160/34966] - Loss: 0.0978
  Batch [28170/34966] - Loss: 0.0978
  Batch [28180/34966] - Loss: 0.0978
  Batch [28190/34966] - Loss: 0.0978
  Batch [28200/34966] - Loss: 0.0979
  Batch [28210/34966] - Loss: 0.0979
  Batch [28220/34966] - Loss: 0.0978
  Batch [28230/34966] - Loss: 0.0979
  Batch [28240/34966] - Loss: 0.0979
  Batch [28250/34966] - Loss: 0.0979
  Batch [28260/34966] - Loss: 0.0979
  Batch [28270/34966] - Loss: 0.0979
  Batch [28280/34966] - Loss: 0.0979
  Batch [28290/34966] - Loss: 0.0978
  Batch [28300/34966] - Loss: 0.0978
  Batch [28310/34966] - Loss: 0.0978
  Batch [28320/34966] - Loss: 0.0978
  Batch [28330/34966] - Loss: 0.0978
  Batch [28340/34966] - Loss: 0.0978
  Batch [28350/34966] - Loss: 0.0979
  Batch [28360/34966] - Loss: 0.0979
  Batch [28370/34966] - Loss: 0.0979
  Batch [28380/34966] - Loss: 0.0979
  Batch [28390/34966] - Loss: 0.0979
  Batch [28400/34966] - Loss: 0.0979
  Batch [28410/34966] - Loss: 0.0979
  Batch [28420/34966] - Loss: 0.0979
  Batch [28430/34966] - Loss: 0.0979
  Batch [28440/34966] - Loss: 0.0979
  Batch [28450/34966] - Loss: 0.0979
  Batch [28460/34966] - Loss: 0.0979
  Batch [28470/34966] - Loss: 0.0979
  Batch [28480/34966] - Loss: 0.0979
  Batch [28490/34966] - Loss: 0.0979
  Batch [28500/34966] - Loss: 0.0979
  Batch [28510/34966] - Loss: 0.0979
  Batch [28520/34966] - Loss: 0.0979
  Batch [28530/34966] - Loss: 0.0979
  Batch [28540/34966] - Loss: 0.0979
  Batch [28550/34966] - Loss: 0.0979
  Batch [28560/34966] - Loss: 0.0979
  Batch [28570/34966] - Loss: 0.0979
  Batch [28580/34966] - Loss: 0.0979
  Batch [28590/34966] - Loss: 0.0979
  Batch [28600/34966] - Loss: 0.0979
  Batch [28610/34966] - Loss: 0.0979
  Batch [28620/34966] - Loss: 0.0979
  Batch [28630/34966] - Loss: 0.0979
  Batch [28640/34966] - Loss: 0.0979
  Batch [28650/34966] - Loss: 0.0979
  Batch [28660/34966] - Loss: 0.0979
  Batch [28670/34966] - Loss: 0.0979
  Batch [28680/34966] - Loss: 0.0979
  Batch [28690/34966] - Loss: 0.0979
  Batch [28700/34966] - Loss: 0.0979
  Batch [28710/34966] - Loss: 0.0979
  Batch [28720/34966] - Loss: 0.0979
  Batch [28730/34966] - Loss: 0.0979
  Batch [28740/34966] - Loss: 0.0979
  Batch [28750/34966] - Loss: 0.0979
  Batch [28760/34966] - Loss: 0.0979
  Batch [28770/34966] - Loss: 0.0979
  Batch [28780/34966] - Loss: 0.0979
  Batch [28790/34966] - Loss: 0.0979
  Batch [28800/34966] - Loss: 0.0979
  Batch [28810/34966] - Loss: 0.0979
  Batch [28820/34966] - Loss: 0.0979
  Batch [28830/34966] - Loss: 0.0979
  Batch [28840/34966] - Loss: 0.0979
  Batch [28850/34966] - Loss: 0.0979
  Batch [28860/34966] - Loss: 0.0979
  Batch [28870/34966] - Loss: 0.0979
  Batch [28880/34966] - Loss: 0.0979
  Batch [28890/34966] - Loss: 0.0979
  Batch [28900/34966] - Loss: 0.0979
  Batch [28910/34966] - Loss: 0.0979
  Batch [28920/34966] - Loss: 0.0979
  Batch [28930/34966] - Loss: 0.0979
  Batch [28940/34966] - Loss: 0.0979
  Batch [28950/34966] - Loss: 0.0979
  Batch [28960/34966] - Loss: 0.0979
  Batch [28970/34966] - Loss: 0.0979
  Batch [28980/34966] - Loss: 0.0979
  Batch [28990/34966] - Loss: 0.0979
  Batch [29000/34966] - Loss: 0.0979
  Batch [29010/34966] - Loss: 0.0979
  Batch [29020/34966] - Loss: 0.0979
  Batch [29030/34966] - Loss: 0.0979
  Batch [29040/34966] - Loss: 0.0979
  Batch [29050/34966] - Loss: 0.0979
  Batch [29060/34966] - Loss: 0.0979
  Batch [29070/34966] - Loss: 0.0979
  Batch [29080/34966] - Loss: 0.0979
  Batch [29090/34966] - Loss: 0.0979
  Batch [29100/34966] - Loss: 0.0979
  Batch [29110/34966] - Loss: 0.0979
  Batch [29120/34966] - Loss: 0.0979
  Batch [29130/34966] - Loss: 0.0979
  Batch [29140/34966] - Loss: 0.0979
  Batch [29150/34966] - Loss: 0.0979
  Batch [29160/34966] - Loss: 0.0979
  Batch [29170/34966] - Loss: 0.0980
  Batch [29180/34966] - Loss: 0.0980
  Batch [29190/34966] - Loss: 0.0980
  Batch [29200/34966] - Loss: 0.0980
  Batch [29210/34966] - Loss: 0.0980
  Batch [29220/34966] - Loss: 0.0980
  Batch [29230/34966] - Loss: 0.0980
  Batch [29240/34966] - Loss: 0.0980
  Batch [29250/34966] - Loss: 0.0980
  Batch [29260/34966] - Loss: 0.0980
  Batch [29270/34966] - Loss: 0.0980
  Batch [29280/34966] - Loss: 0.0980
  Batch [29290/34966] - Loss: 0.0980
  Batch [29300/34966] - Loss: 0.0980
  Batch [29310/34966] - Loss: 0.0980
  Batch [29320/34966] - Loss: 0.0980
  Batch [29330/34966] - Loss: 0.0980
  Batch [29340/34966] - Loss: 0.0980
  Batch [29350/34966] - Loss: 0.0980
  Batch [29360/34966] - Loss: 0.0980
  Batch [29370/34966] - Loss: 0.0980
  Batch [29380/34966] - Loss: 0.0980
  Batch [29390/34966] - Loss: 0.0980
  Batch [29400/34966] - Loss: 0.0980
  Batch [29410/34966] - Loss: 0.0980
  Batch [29420/34966] - Loss: 0.0980
  Batch [29430/34966] - Loss: 0.0980
  Batch [29440/34966] - Loss: 0.0980
  Batch [29450/34966] - Loss: 0.0980
  Batch [29460/34966] - Loss: 0.0980
  Batch [29470/34966] - Loss: 0.0980
  Batch [29480/34966] - Loss: 0.0980
  Batch [29490/34966] - Loss: 0.0980
  Batch [29500/34966] - Loss: 0.0980
  Batch [29510/34966] - Loss: 0.0980
  Batch [29520/34966] - Loss: 0.0980
  Batch [29530/34966] - Loss: 0.0980
  Batch [29540/34966] - Loss: 0.0980
  Batch [29550/34966] - Loss: 0.0980
  Batch [29560/34966] - Loss: 0.0980
  Batch [29570/34966] - Loss: 0.0980
  Batch [29580/34966] - Loss: 0.0980
  Batch [29590/34966] - Loss: 0.0980
  Batch [29600/34966] - Loss: 0.0980
  Batch [29610/34966] - Loss: 0.0980
  Batch [29620/34966] - Loss: 0.0980
  Batch [29630/34966] - Loss: 0.0980
  Batch [29640/34966] - Loss: 0.0980
  Batch [29650/34966] - Loss: 0.0980
  Batch [29660/34966] - Loss: 0.0980
  Batch [29670/34966] - Loss: 0.0980
  Batch [29680/34966] - Loss: 0.0980
  Batch [29690/34966] - Loss: 0.0980
  Batch [29700/34966] - Loss: 0.0980
  Batch [29710/34966] - Loss: 0.0980
  Batch [29720/34966] - Loss: 0.0980
  Batch [29730/34966] - Loss: 0.0980
  Batch [29740/34966] - Loss: 0.0981
  Batch [29750/34966] - Loss: 0.0980
  Batch [29760/34966] - Loss: 0.0980
  Batch [29770/34966] - Loss: 0.0980
  Batch [29780/34966] - Loss: 0.0980
  Batch [29790/34966] - Loss: 0.0980
  Batch [29800/34966] - Loss: 0.0980
  Batch [29810/34966] - Loss: 0.0980
  Batch [29820/34966] - Loss: 0.0980
  Batch [29830/34966] - Loss: 0.0980
  Batch [29840/34966] - Loss: 0.0980
  Batch [29850/34966] - Loss: 0.0980
  Batch [29860/34966] - Loss: 0.0980
  Batch [29870/34966] - Loss: 0.0980
  Batch [29880/34966] - Loss: 0.0980
  Batch [29890/34966] - Loss: 0.0980
  Batch [29900/34966] - Loss: 0.0980
  Batch [29910/34966] - Loss: 0.0980
  Batch [29920/34966] - Loss: 0.0980
  Batch [29930/34966] - Loss: 0.0980
  Batch [29940/34966] - Loss: 0.0980
  Batch [29950/34966] - Loss: 0.0980
  Batch [29960/34966] - Loss: 0.0980
  Batch [29970/34966] - Loss: 0.0980
  Batch [29980/34966] - Loss: 0.0980
  Batch [29990/34966] - Loss: 0.0980
  Batch [30000/34966] - Loss: 0.0980
  Batch [30010/34966] - Loss: 0.0980
  Batch [30020/34966] - Loss: 0.0980
  Batch [30030/34966] - Loss: 0.0980
  Batch [30040/34966] - Loss: 0.0980
  Batch [30050/34966] - Loss: 0.0981
  Batch [30060/34966] - Loss: 0.0981
  Batch [30070/34966] - Loss: 0.0980
  Batch [30080/34966] - Loss: 0.0981
  Batch [30090/34966] - Loss: 0.0981
  Batch [30100/34966] - Loss: 0.0981
  Batch [30110/34966] - Loss: 0.0980
  Batch [30120/34966] - Loss: 0.0981
  Batch [30130/34966] - Loss: 0.0981
  Batch [30140/34966] - Loss: 0.0981
  Batch [30150/34966] - Loss: 0.0981
  Batch [30160/34966] - Loss: 0.0981
  Batch [30170/34966] - Loss: 0.0981
  Batch [30180/34966] - Loss: 0.0981
  Batch [30190/34966] - Loss: 0.0981
  Batch [30200/34966] - Loss: 0.0981
  Batch [30210/34966] - Loss: 0.0980
  Batch [30220/34966] - Loss: 0.0981
  Batch [30230/34966] - Loss: 0.0981
  Batch [30240/34966] - Loss: 0.0980
  Batch [30250/34966] - Loss: 0.0980
  Batch [30260/34966] - Loss: 0.0981
  Batch [30270/34966] - Loss: 0.0981
  Batch [30280/34966] - Loss: 0.0981
  Batch [30290/34966] - Loss: 0.0981
  Batch [30300/34966] - Loss: 0.0981
  Batch [30310/34966] - Loss: 0.0981
  Batch [30320/34966] - Loss: 0.0981
  Batch [30330/34966] - Loss: 0.0981
  Batch [30340/34966] - Loss: 0.0980
  Batch [30350/34966] - Loss: 0.0980
  Batch [30360/34966] - Loss: 0.0980
  Batch [30370/34966] - Loss: 0.0980
  Batch [30380/34966] - Loss: 0.0980
  Batch [30390/34966] - Loss: 0.0980
  Batch [30400/34966] - Loss: 0.0980
  Batch [30410/34966] - Loss: 0.0980
  Batch [30420/34966] - Loss: 0.0980
  Batch [30430/34966] - Loss: 0.0980
  Batch [30440/34966] - Loss: 0.0980
  Batch [30450/34966] - Loss: 0.0980
  Batch [30460/34966] - Loss: 0.0980
  Batch [30470/34966] - Loss: 0.0980
  Batch [30480/34966] - Loss: 0.0980
  Batch [30490/34966] - Loss: 0.0980
  Batch [30500/34966] - Loss: 0.0980
  Batch [30510/34966] - Loss: 0.0980
  Batch [30520/34966] - Loss: 0.0980
  Batch [30530/34966] - Loss: 0.0980
  Batch [30540/34966] - Loss: 0.0980
  Batch [30550/34966] - Loss: 0.0980
  Batch [30560/34966] - Loss: 0.0980
  Batch [30570/34966] - Loss: 0.0980
  Batch [30580/34966] - Loss: 0.0980
  Batch [30590/34966] - Loss: 0.0980
  Batch [30600/34966] - Loss: 0.0980
  Batch [30610/34966] - Loss: 0.0980
  Batch [30620/34966] - Loss: 0.0980
  Batch [30630/34966] - Loss: 0.0980
  Batch [30640/34966] - Loss: 0.0980
  Batch [30650/34966] - Loss: 0.0980
  Batch [30660/34966] - Loss: 0.0980
  Batch [30670/34966] - Loss: 0.0980
  Batch [30680/34966] - Loss: 0.0980
  Batch [30690/34966] - Loss: 0.0980
  Batch [30700/34966] - Loss: 0.0980
  Batch [30710/34966] - Loss: 0.0980
  Batch [30720/34966] - Loss: 0.0980
  Batch [30730/34966] - Loss: 0.0980
  Batch [30740/34966] - Loss: 0.0980
  Batch [30750/34966] - Loss: 0.0980
  Batch [30760/34966] - Loss: 0.0980
  Batch [30770/34966] - Loss: 0.0980
  Batch [30780/34966] - Loss: 0.0980
  Batch [30790/34966] - Loss: 0.0980
  Batch [30800/34966] - Loss: 0.0980
  Batch [30810/34966] - Loss: 0.0980
  Batch [30820/34966] - Loss: 0.0980
  Batch [30830/34966] - Loss: 0.0980
  Batch [30840/34966] - Loss: 0.0980
  Batch [30850/34966] - Loss: 0.0980
  Batch [30860/34966] - Loss: 0.0980
  Batch [30870/34966] - Loss: 0.0980
  Batch [30880/34966] - Loss: 0.0980
  Batch [30890/34966] - Loss: 0.0980
  Batch [30900/34966] - Loss: 0.0980
  Batch [30910/34966] - Loss: 0.0980
  Batch [30920/34966] - Loss: 0.0980
  Batch [30930/34966] - Loss: 0.0980
  Batch [30940/34966] - Loss: 0.0980
  Batch [30950/34966] - Loss: 0.0980
  Batch [30960/34966] - Loss: 0.0980
  Batch [30970/34966] - Loss: 0.0980
  Batch [30980/34966] - Loss: 0.0980
  Batch [30990/34966] - Loss: 0.0980
  Batch [31000/34966] - Loss: 0.0980
  Batch [31010/34966] - Loss: 0.0980
  Batch [31020/34966] - Loss: 0.0979
  Batch [31030/34966] - Loss: 0.0980
  Batch [31040/34966] - Loss: 0.0980
  Batch [31050/34966] - Loss: 0.0979
  Batch [31060/34966] - Loss: 0.0979
  Batch [31070/34966] - Loss: 0.0979
  Batch [31080/34966] - Loss: 0.0979
  Batch [31090/34966] - Loss: 0.0979
  Batch [31100/34966] - Loss: 0.0979
  Batch [31110/34966] - Loss: 0.0980
  Batch [31120/34966] - Loss: 0.0980
  Batch [31130/34966] - Loss: 0.0980
  Batch [31140/34966] - Loss: 0.0980
  Batch [31150/34966] - Loss: 0.0979
  Batch [31160/34966] - Loss: 0.0979
  Batch [31170/34966] - Loss: 0.0980
  Batch [31180/34966] - Loss: 0.0980
  Batch [31190/34966] - Loss: 0.0980
  Batch [31200/34966] - Loss: 0.0980
  Batch [31210/34966] - Loss: 0.0980
  Batch [31220/34966] - Loss: 0.0979
  Batch [31230/34966] - Loss: 0.0979
  Batch [31240/34966] - Loss: 0.0979
  Batch [31250/34966] - Loss: 0.0979
  Batch [31260/34966] - Loss: 0.0979
  Batch [31270/34966] - Loss: 0.0979
  Batch [31280/34966] - Loss: 0.0980
  Batch [31290/34966] - Loss: 0.0980
  Batch [31300/34966] - Loss: 0.0980
  Batch [31310/34966] - Loss: 0.0980
  Batch [31320/34966] - Loss: 0.0980
  Batch [31330/34966] - Loss: 0.0980
  Batch [31340/34966] - Loss: 0.0980
  Batch [31350/34966] - Loss: 0.0980
  Batch [31360/34966] - Loss: 0.0980
  Batch [31370/34966] - Loss: 0.0980
  Batch [31380/34966] - Loss: 0.0980
  Batch [31390/34966] - Loss: 0.0980
  Batch [31400/34966] - Loss: 0.0980
  Batch [31410/34966] - Loss: 0.0980
  Batch [31420/34966] - Loss: 0.0980
  Batch [31430/34966] - Loss: 0.0980
  Batch [31440/34966] - Loss: 0.0980
  Batch [31450/34966] - Loss: 0.0980
  Batch [31460/34966] - Loss: 0.0980
  Batch [31470/34966] - Loss: 0.0980
  Batch [31480/34966] - Loss: 0.0980
  Batch [31490/34966] - Loss: 0.0980
  Batch [31500/34966] - Loss: 0.0980
  Batch [31510/34966] - Loss: 0.0980
  Batch [31520/34966] - Loss: 0.0980
  Batch [31530/34966] - Loss: 0.0980
  Batch [31540/34966] - Loss: 0.0980
  Batch [31550/34966] - Loss: 0.0980
  Batch [31560/34966] - Loss: 0.0980
  Batch [31570/34966] - Loss: 0.0980
  Batch [31580/34966] - Loss: 0.0980
  Batch [31590/34966] - Loss: 0.0980
  Batch [31600/34966] - Loss: 0.0980
  Batch [31610/34966] - Loss: 0.0980
  Batch [31620/34966] - Loss: 0.0980
  Batch [31630/34966] - Loss: 0.0980
  Batch [31640/34966] - Loss: 0.0980
  Batch [31650/34966] - Loss: 0.0980
  Batch [31660/34966] - Loss: 0.0980
  Batch [31670/34966] - Loss: 0.0980
  Batch [31680/34966] - Loss: 0.0980
  Batch [31690/34966] - Loss: 0.0980
  Batch [31700/34966] - Loss: 0.0980
  Batch [31710/34966] - Loss: 0.0980
  Batch [31720/34966] - Loss: 0.0980
  Batch [31730/34966] - Loss: 0.0980
  Batch [31740/34966] - Loss: 0.0980
  Batch [31750/34966] - Loss: 0.0980
  Batch [31760/34966] - Loss: 0.0980
  Batch [31770/34966] - Loss: 0.0980
  Batch [31780/34966] - Loss: 0.0980
  Batch [31790/34966] - Loss: 0.0980
  Batch [31800/34966] - Loss: 0.0980
  Batch [31810/34966] - Loss: 0.0980
  Batch [31820/34966] - Loss: 0.0980
  Batch [31830/34966] - Loss: 0.0980
  Batch [31840/34966] - Loss: 0.0980
  Batch [31850/34966] - Loss: 0.0980
  Batch [31860/34966] - Loss: 0.0980
  Batch [31870/34966] - Loss: 0.0980
  Batch [31880/34966] - Loss: 0.0980
  Batch [31890/34966] - Loss: 0.0980
  Batch [31900/34966] - Loss: 0.0980
  Batch [31910/34966] - Loss: 0.0980
  Batch [31920/34966] - Loss: 0.0980
  Batch [31930/34966] - Loss: 0.0980
  Batch [31940/34966] - Loss: 0.0980
  Batch [31950/34966] - Loss: 0.0980
  Batch [31960/34966] - Loss: 0.0980
  Batch [31970/34966] - Loss: 0.0980
  Batch [31980/34966] - Loss: 0.0980
  Batch [31990/34966] - Loss: 0.0980
  Batch [32000/34966] - Loss: 0.0980
  Batch [32010/34966] - Loss: 0.0980
  Batch [32020/34966] - Loss: 0.0980
  Batch [32030/34966] - Loss: 0.0980
  Batch [32040/34966] - Loss: 0.0980
  Batch [32050/34966] - Loss: 0.0980
  Batch [32060/34966] - Loss: 0.0980
  Batch [32070/34966] - Loss: 0.0980
  Batch [32080/34966] - Loss: 0.0980
  Batch [32090/34966] - Loss: 0.0980
  Batch [32100/34966] - Loss: 0.0980
  Batch [32110/34966] - Loss: 0.0980
  Batch [32120/34966] - Loss: 0.0980
  Batch [32130/34966] - Loss: 0.0980
  Batch [32140/34966] - Loss: 0.0980
  Batch [32150/34966] - Loss: 0.0980
  Batch [32160/34966] - Loss: 0.0980
  Batch [32170/34966] - Loss: 0.0980
  Batch [32180/34966] - Loss: 0.0980
  Batch [32190/34966] - Loss: 0.0980
  Batch [32200/34966] - Loss: 0.0980
  Batch [32210/34966] - Loss: 0.0981
  Batch [32220/34966] - Loss: 0.0980
  Batch [32230/34966] - Loss: 0.0980
  Batch [32240/34966] - Loss: 0.0980
  Batch [32250/34966] - Loss: 0.0980
  Batch [32260/34966] - Loss: 0.0980
  Batch [32270/34966] - Loss: 0.0980
  Batch [32280/34966] - Loss: 0.0981
  Batch [32290/34966] - Loss: 0.0981
  Batch [32300/34966] - Loss: 0.0981
  Batch [32310/34966] - Loss: 0.0981
  Batch [32320/34966] - Loss: 0.0981
  Batch [32330/34966] - Loss: 0.0981
  Batch [32340/34966] - Loss: 0.0981
  Batch [32350/34966] - Loss: 0.0981
  Batch [32360/34966] - Loss: 0.0981
  Batch [32370/34966] - Loss: 0.0981
  Batch [32380/34966] - Loss: 0.0981
  Batch [32390/34966] - Loss: 0.0980
  Batch [32400/34966] - Loss: 0.0980
  Batch [32410/34966] - Loss: 0.0980
  Batch [32420/34966] - Loss: 0.0980
  Batch [32430/34966] - Loss: 0.0980
  Batch [32440/34966] - Loss: 0.0980
  Batch [32450/34966] - Loss: 0.0980
  Batch [32460/34966] - Loss: 0.0980
  Batch [32470/34966] - Loss: 0.0980
  Batch [32480/34966] - Loss: 0.0980
  Batch [32490/34966] - Loss: 0.0980
  Batch [32500/34966] - Loss: 0.0980
  Batch [32510/34966] - Loss: 0.0980
  Batch [32520/34966] - Loss: 0.0980
  Batch [32530/34966] - Loss: 0.0980
  Batch [32540/34966] - Loss: 0.0980
  Batch [32550/34966] - Loss: 0.0980
  Batch [32560/34966] - Loss: 0.0980
  Batch [32570/34966] - Loss: 0.0980
  Batch [32580/34966] - Loss: 0.0981
  Batch [32590/34966] - Loss: 0.0981
  Batch [32600/34966] - Loss: 0.0981
  Batch [32610/34966] - Loss: 0.0981
  Batch [32620/34966] - Loss: 0.0981
  Batch [32630/34966] - Loss: 0.0981
  Batch [32640/34966] - Loss: 0.0981
  Batch [32650/34966] - Loss: 0.0981
  Batch [32660/34966] - Loss: 0.0981
  Batch [32670/34966] - Loss: 0.0981
  Batch [32680/34966] - Loss: 0.0981
  Batch [32690/34966] - Loss: 0.0981
  Batch [32700/34966] - Loss: 0.0981
  Batch [32710/34966] - Loss: 0.0981
  Batch [32720/34966] - Loss: 0.0981
  Batch [32730/34966] - Loss: 0.0981
  Batch [32740/34966] - Loss: 0.0981
  Batch [32750/34966] - Loss: 0.0981
  Batch [32760/34966] - Loss: 0.0981
  Batch [32770/34966] - Loss: 0.0981
  Batch [32780/34966] - Loss: 0.0981
  Batch [32790/34966] - Loss: 0.0981
  Batch [32800/34966] - Loss: 0.0981
  Batch [32810/34966] - Loss: 0.0981
  Batch [32820/34966] - Loss: 0.0981
  Batch [32830/34966] - Loss: 0.0981
  Batch [32840/34966] - Loss: 0.0981
  Batch [32850/34966] - Loss: 0.0981
  Batch [32860/34966] - Loss: 0.0981
  Batch [32870/34966] - Loss: 0.0981
  Batch [32880/34966] - Loss: 0.0981
  Batch [32890/34966] - Loss: 0.0981
  Batch [32900/34966] - Loss: 0.0981
  Batch [32910/34966] - Loss: 0.0981
  Batch [32920/34966] - Loss: 0.0981
  Batch [32930/34966] - Loss: 0.0981
  Batch [32940/34966] - Loss: 0.0981
  Batch [32950/34966] - Loss: 0.0981
  Batch [32960/34966] - Loss: 0.0981
  Batch [32970/34966] - Loss: 0.0981
  Batch [32980/34966] - Loss: 0.0981
  Batch [32990/34966] - Loss: 0.0981
  Batch [33000/34966] - Loss: 0.0981
  Batch [33010/34966] - Loss: 0.0981
  Batch [33020/34966] - Loss: 0.0981
  Batch [33030/34966] - Loss: 0.0981
  Batch [33040/34966] - Loss: 0.0981
  Batch [33050/34966] - Loss: 0.0981
  Batch [33060/34966] - Loss: 0.0981
  Batch [33070/34966] - Loss: 0.0981
  Batch [33080/34966] - Loss: 0.0981
  Batch [33090/34966] - Loss: 0.0981
  Batch [33100/34966] - Loss: 0.0981
  Batch [33110/34966] - Loss: 0.0981
  Batch [33120/34966] - Loss: 0.0981
  Batch [33130/34966] - Loss: 0.0981
  Batch [33140/34966] - Loss: 0.0981
  Batch [33150/34966] - Loss: 0.0981
  Batch [33160/34966] - Loss: 0.0981
  Batch [33170/34966] - Loss: 0.0981
  Batch [33180/34966] - Loss: 0.0981
  Batch [33190/34966] - Loss: 0.0981
  Batch [33200/34966] - Loss: 0.0981
  Batch [33210/34966] - Loss: 0.0981
  Batch [33220/34966] - Loss: 0.0981
  Batch [33230/34966] - Loss: 0.0981
  Batch [33240/34966] - Loss: 0.0981
  Batch [33250/34966] - Loss: 0.0981
  Batch [33260/34966] - Loss: 0.0981
  Batch [33270/34966] - Loss: 0.0981
  Batch [33280/34966] - Loss: 0.0981
  Batch [33290/34966] - Loss: 0.0981
  Batch [33300/34966] - Loss: 0.0981
  Batch [33310/34966] - Loss: 0.0981
  Batch [33320/34966] - Loss: 0.0981
  Batch [33330/34966] - Loss: 0.0981
  Batch [33340/34966] - Loss: 0.0981
  Batch [33350/34966] - Loss: 0.0981
  Batch [33360/34966] - Loss: 0.0981
  Batch [33370/34966] - Loss: 0.0981
  Batch [33380/34966] - Loss: 0.0981
  Batch [33390/34966] - Loss: 0.0981
  Batch [33400/34966] - Loss: 0.0981
  Batch [33410/34966] - Loss: 0.0981
  Batch [33420/34966] - Loss: 0.0981
  Batch [33430/34966] - Loss: 0.0981
  Batch [33440/34966] - Loss: 0.0981
  Batch [33450/34966] - Loss: 0.0981
  Batch [33460/34966] - Loss: 0.0981
  Batch [33470/34966] - Loss: 0.0981
  Batch [33480/34966] - Loss: 0.0981
  Batch [33490/34966] - Loss: 0.0981
  Batch [33500/34966] - Loss: 0.0981
  Batch [33510/34966] - Loss: 0.0981
  Batch [33520/34966] - Loss: 0.0981
  Batch [33530/34966] - Loss: 0.0981
  Batch [33540/34966] - Loss: 0.0981
  Batch [33550/34966] - Loss: 0.0981
  Batch [33560/34966] - Loss: 0.0981
  Batch [33570/34966] - Loss: 0.0981
  Batch [33580/34966] - Loss: 0.0981
  Batch [33590/34966] - Loss: 0.0981
  Batch [33600/34966] - Loss: 0.0981
  Batch [33610/34966] - Loss: 0.0981
  Batch [33620/34966] - Loss: 0.0981
  Batch [33630/34966] - Loss: 0.0981
  Batch [33640/34966] - Loss: 0.0981
  Batch [33650/34966] - Loss: 0.0981
  Batch [33660/34966] - Loss: 0.0981
  Batch [33670/34966] - Loss: 0.0981
  Batch [33680/34966] - Loss: 0.0981
  Batch [33690/34966] - Loss: 0.0982
  Batch [33700/34966] - Loss: 0.0981
  Batch [33710/34966] - Loss: 0.0981
  Batch [33720/34966] - Loss: 0.0981
  Batch [33730/34966] - Loss: 0.0981
  Batch [33740/34966] - Loss: 0.0981
  Batch [33750/34966] - Loss: 0.0981
  Batch [33760/34966] - Loss: 0.0981
  Batch [33770/34966] - Loss: 0.0981
  Batch [33780/34966] - Loss: 0.0982
  Batch [33790/34966] - Loss: 0.0981
  Batch [33800/34966] - Loss: 0.0981
  Batch [33810/34966] - Loss: 0.0981
  Batch [33820/34966] - Loss: 0.0981
  Batch [33830/34966] - Loss: 0.0981
  Batch [33840/34966] - Loss: 0.0981
  Batch [33850/34966] - Loss: 0.0981
  Batch [33860/34966] - Loss: 0.0981
  Batch [33870/34966] - Loss: 0.0982
  Batch [33880/34966] - Loss: 0.0981
  Batch [33890/34966] - Loss: 0.0981
  Batch [33900/34966] - Loss: 0.0981
  Batch [33910/34966] - Loss: 0.0981
  Batch [33920/34966] - Loss: 0.0981
  Batch [33930/34966] - Loss: 0.0981
  Batch [33940/34966] - Loss: 0.0981
  Batch [33950/34966] - Loss: 0.0981
  Batch [33960/34966] - Loss: 0.0981
  Batch [33970/34966] - Loss: 0.0981
  Batch [33980/34966] - Loss: 0.0982
  Batch [33990/34966] - Loss: 0.0982
  Batch [34000/34966] - Loss: 0.0982
  Batch [34010/34966] - Loss: 0.0982
  Batch [34020/34966] - Loss: 0.0982
  Batch [34030/34966] - Loss: 0.0982
  Batch [34040/34966] - Loss: 0.0982
  Batch [34050/34966] - Loss: 0.0982
  Batch [34060/34966] - Loss: 0.0982
  Batch [34070/34966] - Loss: 0.0982
  Batch [34080/34966] - Loss: 0.0982
  Batch [34090/34966] - Loss: 0.0981
  Batch [34100/34966] - Loss: 0.0981
  Batch [34110/34966] - Loss: 0.0981
  Batch [34120/34966] - Loss: 0.0981
  Batch [34130/34966] - Loss: 0.0981
  Batch [34140/34966] - Loss: 0.0981
  Batch [34150/34966] - Loss: 0.0981
  Batch [34160/34966] - Loss: 0.0981
  Batch [34170/34966] - Loss: 0.0981
  Batch [34180/34966] - Loss: 0.0981
  Batch [34190/34966] - Loss: 0.0982
  Batch [34200/34966] - Loss: 0.0982
  Batch [34210/34966] - Loss: 0.0982
  Batch [34220/34966] - Loss: 0.0982
  Batch [34230/34966] - Loss: 0.0982
  Batch [34240/34966] - Loss: 0.0982
  Batch [34250/34966] - Loss: 0.0982
  Batch [34260/34966] - Loss: 0.0982
  Batch [34270/34966] - Loss: 0.0982
  Batch [34280/34966] - Loss: 0.0982
  Batch [34290/34966] - Loss: 0.0982
  Batch [34300/34966] - Loss: 0.0982
  Batch [34310/34966] - Loss: 0.0982
  Batch [34320/34966] - Loss: 0.0982
  Batch [34330/34966] - Loss: 0.0982
  Batch [34340/34966] - Loss: 0.0982
  Batch [34350/34966] - Loss: 0.0982
  Batch [34360/34966] - Loss: 0.0982
  Batch [34370/34966] - Loss: 0.0982
  Batch [34380/34966] - Loss: 0.0982
  Batch [34390/34966] - Loss: 0.0982
  Batch [34400/34966] - Loss: 0.0982
  Batch [34410/34966] - Loss: 0.0982
  Batch [34420/34966] - Loss: 0.0982
  Batch [34430/34966] - Loss: 0.0982
  Batch [34440/34966] - Loss: 0.0982
  Batch [34450/34966] - Loss: 0.0982
  Batch [34460/34966] - Loss: 0.0982
  Batch [34470/34966] - Loss: 0.0982
  Batch [34480/34966] - Loss: 0.0982
  Batch [34490/34966] - Loss: 0.0982
  Batch [34500/34966] - Loss: 0.0982
  Batch [34510/34966] - Loss: 0.0982
  Batch [34520/34966] - Loss: 0.0982
  Batch [34530/34966] - Loss: 0.0982
  Batch [34540/34966] - Loss: 0.0982
  Batch [34550/34966] - Loss: 0.0982
  Batch [34560/34966] - Loss: 0.0982
  Batch [34570/34966] - Loss: 0.0982
  Batch [34580/34966] - Loss: 0.0982
  Batch [34590/34966] - Loss: 0.0982
  Batch [34600/34966] - Loss: 0.0982
  Batch [34610/34966] - Loss: 0.0982
  Batch [34620/34966] - Loss: 0.0982
  Batch [34630/34966] - Loss: 0.0982
  Batch [34640/34966] - Loss: 0.0982
  Batch [34650/34966] - Loss: 0.0982
  Batch [34660/34966] - Loss: 0.0982
  Batch [34670/34966] - Loss: 0.0982
  Batch [34680/34966] - Loss: 0.0982
  Batch [34690/34966] - Loss: 0.0982
  Batch [34700/34966] - Loss: 0.0982
  Batch [34710/34966] - Loss: 0.0982
  Batch [34720/34966] - Loss: 0.0982
  Batch [34730/34966] - Loss: 0.0982
  Batch [34740/34966] - Loss: 0.0982
  Batch [34750/34966] - Loss: 0.0982
  Batch [34760/34966] - Loss: 0.0982
  Batch [34770/34966] - Loss: 0.0982
  Batch [34780/34966] - Loss: 0.0982
  Batch [34790/34966] - Loss: 0.0982
  Batch [34800/34966] - Loss: 0.0982
  Batch [34810/34966] - Loss: 0.0982
  Batch [34820/34966] - Loss: 0.0982
  Batch [34830/34966] - Loss: 0.0982
  Batch [34840/34966] - Loss: 0.0982
  Batch [34850/34966] - Loss: 0.0982
  Batch [34860/34966] - Loss: 0.0982
  Batch [34870/34966] - Loss: 0.0982
  Batch [34880/34966] - Loss: 0.0982
  Batch [34890/34966] - Loss: 0.0982
  Batch [34900/34966] - Loss: 0.0982
  Batch [34910/34966] - Loss: 0.0982
  Batch [34920/34966] - Loss: 0.0981
  Batch [34930/34966] - Loss: 0.0982
  Batch [34940/34966] - Loss: 0.0982
  Batch [34950/34966] - Loss: 0.0981
  Batch [34960/34966] - Loss: 0.0981

Epoch 5 Results:
  Train Loss: 0.0981
  Val Loss: 0.1537
  Val Accuracy: 0.9566 (95.66%)
  Val Recall: 0.8787 (87.87%)
  Val Precision: 0.9192 (91.92%)

======================================================================
QAT Fine-Tuning Complete!
======================================================================

======================================================================
Converting to Quantized INT8 Model
======================================================================
✓ Conversion complete!
  - Model is now fully INT8 quantized
  - Weights and activations are INT8
  - Inference will be ~4× faster with ~4× size reduction

======================================================================
Evaluating Quantized Model (INT8)
======================================================================

================================================
JOB COMPLETED
================================================
Finished at: Mon Jan 12 01:07:15 IST 2026
Exit code: 1
