================================================
QUANTIZATION-AWARE TRAINING (QAT)
================================================
Job ID: 344910
Config: qat_s03_seed42.json
Starting at: Mon 12 Jan 2026 02:35:12 PM IST
Node: lambda3

Python: /home/badran.abed/miniconda3/envs/imugr/bin/python
Conda env: imugr

================================================
STARTING QAT TRAINING
================================================
======================================================================
Quantization-Aware Training (QAT)
======================================================================

Loading config from: config/quantization/qat_s03_seed42.json
Using device: cuda:0

Loading data (LOSO subject 3)...
Loading dataset...
Applying ema filter to sensor data...
Filter settings: EMA with alpha=0.3
Filtering training data...
Filtering test data...
Low-pass filtering complete.
Removing irrelevant data...
Concatenating samples...
Normalizaing inputs...
Total samples for train: 2280081.
Total samples for test: 216842.
✓ Data loaded:
  Train samples: 2280081
  Val samples: 216842

Loading pruned model from: outputs/pruning/ema_s03_prune40pct_seed42/pruned_final.pt
  Detected pruned architecture: FC1 has 42 neurons (from checkpoint)
  Architecture mismatch: Model has 64 neurons, checkpoint has 42
  Rebuilding model to match pruned architecture...
  ✓ FC layers rebuilt: 200 → 42 → 5
  ✓ Checkpoint loaded successfully
✓ Pruned model loaded: 38.32 KB

======================================================================
Evaluating Pruned Baseline (Before QAT)
======================================================================
Baseline Metrics (Pruned FP32):
  Accuracy:  0.9628 (96.28%)
  Recall:    0.8937 (89.37%)
  Precision: 0.9440 (94.40%)
  F1 Score:  0.9182 (91.82%)

======================================================================
Preparing Model for QAT
======================================================================
Quantization backend: qnnpack

1. Inserting fake quantization nodes...
  ✓ Fake quantization nodes inserted
  - Simulating INT8 quantization during training
  - Model stays in FP32 but learns quantization-friendly weights

======================================================================

======================================================================
QAT Fine-Tuning
======================================================================

Hyperparameters:
  Epochs: 5
  Learning Rate: 1e-05
  Batch Size: 64
  Weight Decay: 5e-05

──────────────────────────────────────────────────────────────────────
Epoch 1/5
──────────────────────────────────────────────────────────────────────
  Batch [10/35627] - Loss: 0.0671
  Batch [20/35627] - Loss: 0.0759
  Batch [30/35627] - Loss: 0.0738
  Batch [40/35627] - Loss: 0.0842
  Batch [50/35627] - Loss: 0.0975
  Batch [60/35627] - Loss: 0.0992
  Batch [70/35627] - Loss: 0.0943
  Batch [80/35627] - Loss: 0.0950
  Batch [90/35627] - Loss: 0.0990
  Batch [100/35627] - Loss: 0.0985
  Batch [110/35627] - Loss: 0.1011
  Batch [120/35627] - Loss: 0.0997
  Batch [130/35627] - Loss: 0.0993
  Batch [140/35627] - Loss: 0.0997
  Batch [150/35627] - Loss: 0.0995
  Batch [160/35627] - Loss: 0.0984
  Batch [170/35627] - Loss: 0.0979
  Batch [180/35627] - Loss: 0.0981
  Batch [190/35627] - Loss: 0.0982
  Batch [200/35627] - Loss: 0.1003
  Batch [210/35627] - Loss: 0.1005
  Batch [220/35627] - Loss: 0.1029
  Batch [230/35627] - Loss: 0.1024
  Batch [240/35627] - Loss: 0.1015
  Batch [250/35627] - Loss: 0.1007
  Batch [260/35627] - Loss: 0.1014
  Batch [270/35627] - Loss: 0.1017
  Batch [280/35627] - Loss: 0.1014
  Batch [290/35627] - Loss: 0.1016
  Batch [300/35627] - Loss: 0.1029
  Batch [310/35627] - Loss: 0.1029
  Batch [320/35627] - Loss: 0.1022
  Batch [330/35627] - Loss: 0.1040
  Batch [340/35627] - Loss: 0.1041
  Batch [350/35627] - Loss: 0.1032
  Batch [360/35627] - Loss: 0.1025
  Batch [370/35627] - Loss: 0.1024
  Batch [380/35627] - Loss: 0.1031
  Batch [390/35627] - Loss: 0.1034
  Batch [400/35627] - Loss: 0.1037
  Batch [410/35627] - Loss: 0.1047
  Batch [420/35627] - Loss: 0.1043
  Batch [430/35627] - Loss: 0.1045
  Batch [440/35627] - Loss: 0.1044
  Batch [450/35627] - Loss: 0.1047
  Batch [460/35627] - Loss: 0.1048
  Batch [470/35627] - Loss: 0.1041
  Batch [480/35627] - Loss: 0.1050
  Batch [490/35627] - Loss: 0.1048
  Batch [500/35627] - Loss: 0.1041
  Batch [510/35627] - Loss: 0.1039
  Batch [520/35627] - Loss: 0.1036
  Batch [530/35627] - Loss: 0.1034
  Batch [540/35627] - Loss: 0.1034
  Batch [550/35627] - Loss: 0.1031
  Batch [560/35627] - Loss: 0.1026
  Batch [570/35627] - Loss: 0.1033
  Batch [580/35627] - Loss: 0.1038
  Batch [590/35627] - Loss: 0.1038
  Batch [600/35627] - Loss: 0.1039
  Batch [610/35627] - Loss: 0.1035
  Batch [620/35627] - Loss: 0.1032
  Batch [630/35627] - Loss: 0.1034
  Batch [640/35627] - Loss: 0.1035
  Batch [650/35627] - Loss: 0.1034
  Batch [660/35627] - Loss: 0.1031
  Batch [670/35627] - Loss: 0.1029
  Batch [680/35627] - Loss: 0.1031
  Batch [690/35627] - Loss: 0.1031
  Batch [700/35627] - Loss: 0.1034
  Batch [710/35627] - Loss: 0.1032
  Batch [720/35627] - Loss: 0.1028
  Batch [730/35627] - Loss: 0.1026
  Batch [740/35627] - Loss: 0.1026
  Batch [750/35627] - Loss: 0.1024
  Batch [760/35627] - Loss: 0.1024
  Batch [770/35627] - Loss: 0.1026
  Batch [780/35627] - Loss: 0.1023
  Batch [790/35627] - Loss: 0.1020
  Batch [800/35627] - Loss: 0.1025
  Batch [810/35627] - Loss: 0.1023
  Batch [820/35627] - Loss: 0.1021
  Batch [830/35627] - Loss: 0.1020
  Batch [840/35627] - Loss: 0.1019
  Batch [850/35627] - Loss: 0.1021
  Batch [860/35627] - Loss: 0.1017
  Batch [870/35627] - Loss: 0.1020
  Batch [880/35627] - Loss: 0.1019
  Batch [890/35627] - Loss: 0.1020
  Batch [900/35627] - Loss: 0.1020
  Batch [910/35627] - Loss: 0.1020
  Batch [920/35627] - Loss: 0.1020
  Batch [930/35627] - Loss: 0.1023
  Batch [940/35627] - Loss: 0.1024
  Batch [950/35627] - Loss: 0.1023
  Batch [960/35627] - Loss: 0.1022
  Batch [970/35627] - Loss: 0.1023
  Batch [980/35627] - Loss: 0.1020
  Batch [990/35627] - Loss: 0.1019
  Batch [1000/35627] - Loss: 0.1019
  Batch [1010/35627] - Loss: 0.1021
  Batch [1020/35627] - Loss: 0.1018
  Batch [1030/35627] - Loss: 0.1019
  Batch [1040/35627] - Loss: 0.1017
  Batch [1050/35627] - Loss: 0.1015
  Batch [1060/35627] - Loss: 0.1015
  Batch [1070/35627] - Loss: 0.1012
  Batch [1080/35627] - Loss: 0.1015
  Batch [1090/35627] - Loss: 0.1017
  Batch [1100/35627] - Loss: 0.1020
  Batch [1110/35627] - Loss: 0.1020
  Batch [1120/35627] - Loss: 0.1021
  Batch [1130/35627] - Loss: 0.1022
  Batch [1140/35627] - Loss: 0.1022
  Batch [1150/35627] - Loss: 0.1022
  Batch [1160/35627] - Loss: 0.1025
  Batch [1170/35627] - Loss: 0.1026
  Batch [1180/35627] - Loss: 0.1028
  Batch [1190/35627] - Loss: 0.1028
  Batch [1200/35627] - Loss: 0.1025
  Batch [1210/35627] - Loss: 0.1027
  Batch [1220/35627] - Loss: 0.1026
  Batch [1230/35627] - Loss: 0.1025
  Batch [1240/35627] - Loss: 0.1023
  Batch [1250/35627] - Loss: 0.1023
  Batch [1260/35627] - Loss: 0.1025
  Batch [1270/35627] - Loss: 0.1023
  Batch [1280/35627] - Loss: 0.1023
  Batch [1290/35627] - Loss: 0.1022
  Batch [1300/35627] - Loss: 0.1023
  Batch [1310/35627] - Loss: 0.1021
  Batch [1320/35627] - Loss: 0.1019
  Batch [1330/35627] - Loss: 0.1019
  Batch [1340/35627] - Loss: 0.1023
  Batch [1350/35627] - Loss: 0.1024
  Batch [1360/35627] - Loss: 0.1026
  Batch [1370/35627] - Loss: 0.1028
  Batch [1380/35627] - Loss: 0.1027
  Batch [1390/35627] - Loss: 0.1027
  Batch [1400/35627] - Loss: 0.1027
  Batch [1410/35627] - Loss: 0.1027
  Batch [1420/35627] - Loss: 0.1029
  Batch [1430/35627] - Loss: 0.1029
  Batch [1440/35627] - Loss: 0.1029
  Batch [1450/35627] - Loss: 0.1028
  Batch [1460/35627] - Loss: 0.1029
  Batch [1470/35627] - Loss: 0.1029
  Batch [1480/35627] - Loss: 0.1029
  Batch [1490/35627] - Loss: 0.1028
  Batch [1500/35627] - Loss: 0.1028
  Batch [1510/35627] - Loss: 0.1027
  Batch [1520/35627] - Loss: 0.1026
  Batch [1530/35627] - Loss: 0.1028
  Batch [1540/35627] - Loss: 0.1028
  Batch [1550/35627] - Loss: 0.1030
  Batch [1560/35627] - Loss: 0.1032
  Batch [1570/35627] - Loss: 0.1031
  Batch [1580/35627] - Loss: 0.1033
  Batch [1590/35627] - Loss: 0.1032
  Batch [1600/35627] - Loss: 0.1032
  Batch [1610/35627] - Loss: 0.1031
  Batch [1620/35627] - Loss: 0.1029
  Batch [1630/35627] - Loss: 0.1031
  Batch [1640/35627] - Loss: 0.1033
  Batch [1650/35627] - Loss: 0.1033
  Batch [1660/35627] - Loss: 0.1032
  Batch [1670/35627] - Loss: 0.1033
  Batch [1680/35627] - Loss: 0.1035
  Batch [1690/35627] - Loss: 0.1033
  Batch [1700/35627] - Loss: 0.1035
  Batch [1710/35627] - Loss: 0.1034
  Batch [1720/35627] - Loss: 0.1034
  Batch [1730/35627] - Loss: 0.1036
  Batch [1740/35627] - Loss: 0.1034
  Batch [1750/35627] - Loss: 0.1033
  Batch [1760/35627] - Loss: 0.1033
  Batch [1770/35627] - Loss: 0.1032
  Batch [1780/35627] - Loss: 0.1032
  Batch [1790/35627] - Loss: 0.1032
  Batch [1800/35627] - Loss: 0.1033
  Batch [1810/35627] - Loss: 0.1034
  Batch [1820/35627] - Loss: 0.1037
  Batch [1830/35627] - Loss: 0.1040
  Batch [1840/35627] - Loss: 0.1038
  Batch [1850/35627] - Loss: 0.1037
  Batch [1860/35627] - Loss: 0.1040
  Batch [1870/35627] - Loss: 0.1040
  Batch [1880/35627] - Loss: 0.1041
  Batch [1890/35627] - Loss: 0.1040
  Batch [1900/35627] - Loss: 0.1040
  Batch [1910/35627] - Loss: 0.1040
  Batch [1920/35627] - Loss: 0.1042
  Batch [1930/35627] - Loss: 0.1041
  Batch [1940/35627] - Loss: 0.1040
  Batch [1950/35627] - Loss: 0.1039
  Batch [1960/35627] - Loss: 0.1039
  Batch [1970/35627] - Loss: 0.1038
  Batch [1980/35627] - Loss: 0.1039
  Batch [1990/35627] - Loss: 0.1038
  Batch [2000/35627] - Loss: 0.1037
  Batch [2010/35627] - Loss: 0.1038
  Batch [2020/35627] - Loss: 0.1037
  Batch [2030/35627] - Loss: 0.1036
  Batch [2040/35627] - Loss: 0.1035
  Batch [2050/35627] - Loss: 0.1036
  Batch [2060/35627] - Loss: 0.1036
  Batch [2070/35627] - Loss: 0.1035
  Batch [2080/35627] - Loss: 0.1036
  Batch [2090/35627] - Loss: 0.1035
  Batch [2100/35627] - Loss: 0.1034
  Batch [2110/35627] - Loss: 0.1034
  Batch [2120/35627] - Loss: 0.1034
  Batch [2130/35627] - Loss: 0.1033
  Batch [2140/35627] - Loss: 0.1035
  Batch [2150/35627] - Loss: 0.1035
  Batch [2160/35627] - Loss: 0.1037
  Batch [2170/35627] - Loss: 0.1037
  Batch [2180/35627] - Loss: 0.1036
  Batch [2190/35627] - Loss: 0.1036
  Batch [2200/35627] - Loss: 0.1035
  Batch [2210/35627] - Loss: 0.1036
  Batch [2220/35627] - Loss: 0.1035
  Batch [2230/35627] - Loss: 0.1036
  Batch [2240/35627] - Loss: 0.1036
  Batch [2250/35627] - Loss: 0.1039
  Batch [2260/35627] - Loss: 0.1040
  Batch [2270/35627] - Loss: 0.1040
  Batch [2280/35627] - Loss: 0.1038
  Batch [2290/35627] - Loss: 0.1037
  Batch [2300/35627] - Loss: 0.1038
  Batch [2310/35627] - Loss: 0.1037
  Batch [2320/35627] - Loss: 0.1037
  Batch [2330/35627] - Loss: 0.1037
  Batch [2340/35627] - Loss: 0.1036
  Batch [2350/35627] - Loss: 0.1037
  Batch [2360/35627] - Loss: 0.1037
  Batch [2370/35627] - Loss: 0.1037
  Batch [2380/35627] - Loss: 0.1038
  Batch [2390/35627] - Loss: 0.1037
  Batch [2400/35627] - Loss: 0.1037
  Batch [2410/35627] - Loss: 0.1037
  Batch [2420/35627] - Loss: 0.1037
  Batch [2430/35627] - Loss: 0.1038
  Batch [2440/35627] - Loss: 0.1038
  Batch [2450/35627] - Loss: 0.1036
  Batch [2460/35627] - Loss: 0.1035
  Batch [2470/35627] - Loss: 0.1035
  Batch [2480/35627] - Loss: 0.1034
  Batch [2490/35627] - Loss: 0.1034
  Batch [2500/35627] - Loss: 0.1033
  Batch [2510/35627] - Loss: 0.1034
  Batch [2520/35627] - Loss: 0.1032
  Batch [2530/35627] - Loss: 0.1032
  Batch [2540/35627] - Loss: 0.1034
  Batch [2550/35627] - Loss: 0.1032
  Batch [2560/35627] - Loss: 0.1032
  Batch [2570/35627] - Loss: 0.1033
  Batch [2580/35627] - Loss: 0.1032
  Batch [2590/35627] - Loss: 0.1032
  Batch [2600/35627] - Loss: 0.1031
  Batch [2610/35627] - Loss: 0.1033
  Batch [2620/35627] - Loss: 0.1033
  Batch [2630/35627] - Loss: 0.1034
  Batch [2640/35627] - Loss: 0.1034
  Batch [2650/35627] - Loss: 0.1035
  Batch [2660/35627] - Loss: 0.1035
  Batch [2670/35627] - Loss: 0.1035
  Batch [2680/35627] - Loss: 0.1036
  Batch [2690/35627] - Loss: 0.1037
  Batch [2700/35627] - Loss: 0.1036
  Batch [2710/35627] - Loss: 0.1036
  Batch [2720/35627] - Loss: 0.1037
  Batch [2730/35627] - Loss: 0.1038
  Batch [2740/35627] - Loss: 0.1038
  Batch [2750/35627] - Loss: 0.1038
  Batch [2760/35627] - Loss: 0.1039
  Batch [2770/35627] - Loss: 0.1039
  Batch [2780/35627] - Loss: 0.1039
  Batch [2790/35627] - Loss: 0.1039
  Batch [2800/35627] - Loss: 0.1039
  Batch [2810/35627] - Loss: 0.1039
  Batch [2820/35627] - Loss: 0.1038
  Batch [2830/35627] - Loss: 0.1039
  Batch [2840/35627] - Loss: 0.1040
  Batch [2850/35627] - Loss: 0.1041
  Batch [2860/35627] - Loss: 0.1040
  Batch [2870/35627] - Loss: 0.1041
  Batch [2880/35627] - Loss: 0.1041
  Batch [2890/35627] - Loss: 0.1041
  Batch [2900/35627] - Loss: 0.1040
  Batch [2910/35627] - Loss: 0.1040
  Batch [2920/35627] - Loss: 0.1041
  Batch [2930/35627] - Loss: 0.1041
  Batch [2940/35627] - Loss: 0.1040
  Batch [2950/35627] - Loss: 0.1041
  Batch [2960/35627] - Loss: 0.1040
  Batch [2970/35627] - Loss: 0.1039
  Batch [2980/35627] - Loss: 0.1040
  Batch [2990/35627] - Loss: 0.1040
  Batch [3000/35627] - Loss: 0.1040
  Batch [3010/35627] - Loss: 0.1041
  Batch [3020/35627] - Loss: 0.1041
  Batch [3030/35627] - Loss: 0.1041
  Batch [3040/35627] - Loss: 0.1041
  Batch [3050/35627] - Loss: 0.1041
  Batch [3060/35627] - Loss: 0.1041
  Batch [3070/35627] - Loss: 0.1040
  Batch [3080/35627] - Loss: 0.1040
  Batch [3090/35627] - Loss: 0.1040
  Batch [3100/35627] - Loss: 0.1039
  Batch [3110/35627] - Loss: 0.1038
  Batch [3120/35627] - Loss: 0.1039
  Batch [3130/35627] - Loss: 0.1040
  Batch [3140/35627] - Loss: 0.1040
  Batch [3150/35627] - Loss: 0.1039
  Batch [3160/35627] - Loss: 0.1039
  Batch [3170/35627] - Loss: 0.1040
  Batch [3180/35627] - Loss: 0.1040
  Batch [3190/35627] - Loss: 0.1040
  Batch [3200/35627] - Loss: 0.1039
  Batch [3210/35627] - Loss: 0.1038
  Batch [3220/35627] - Loss: 0.1037
  Batch [3230/35627] - Loss: 0.1036
  Batch [3240/35627] - Loss: 0.1037
  Batch [3250/35627] - Loss: 0.1037
  Batch [3260/35627] - Loss: 0.1037
  Batch [3270/35627] - Loss: 0.1037
  Batch [3280/35627] - Loss: 0.1036
  Batch [3290/35627] - Loss: 0.1036
  Batch [3300/35627] - Loss: 0.1036
  Batch [3310/35627] - Loss: 0.1036
  Batch [3320/35627] - Loss: 0.1036
  Batch [3330/35627] - Loss: 0.1036
  Batch [3340/35627] - Loss: 0.1036
  Batch [3350/35627] - Loss: 0.1035
  Batch [3360/35627] - Loss: 0.1036
  Batch [3370/35627] - Loss: 0.1036
  Batch [3380/35627] - Loss: 0.1036
  Batch [3390/35627] - Loss: 0.1035
  Batch [3400/35627] - Loss: 0.1035
  Batch [3410/35627] - Loss: 0.1035
  Batch [3420/35627] - Loss: 0.1036
  Batch [3430/35627] - Loss: 0.1037
  Batch [3440/35627] - Loss: 0.1037
  Batch [3450/35627] - Loss: 0.1038
  Batch [3460/35627] - Loss: 0.1038
  Batch [3470/35627] - Loss: 0.1038
  Batch [3480/35627] - Loss: 0.1038
  Batch [3490/35627] - Loss: 0.1038
  Batch [3500/35627] - Loss: 0.1037
  Batch [3510/35627] - Loss: 0.1038
  Batch [3520/35627] - Loss: 0.1039
  Batch [3530/35627] - Loss: 0.1038
  Batch [3540/35627] - Loss: 0.1038
  Batch [3550/35627] - Loss: 0.1039
  Batch [3560/35627] - Loss: 0.1038
  Batch [3570/35627] - Loss: 0.1038
  Batch [3580/35627] - Loss: 0.1038
  Batch [3590/35627] - Loss: 0.1039
  Batch [3600/35627] - Loss: 0.1038
  Batch [3610/35627] - Loss: 0.1037
  Batch [3620/35627] - Loss: 0.1038
  Batch [3630/35627] - Loss: 0.1038
  Batch [3640/35627] - Loss: 0.1038
  Batch [3650/35627] - Loss: 0.1038
  Batch [3660/35627] - Loss: 0.1038
  Batch [3670/35627] - Loss: 0.1038
  Batch [3680/35627] - Loss: 0.1037
  Batch [3690/35627] - Loss: 0.1038
  Batch [3700/35627] - Loss: 0.1038
  Batch [3710/35627] - Loss: 0.1037
  Batch [3720/35627] - Loss: 0.1038
  Batch [3730/35627] - Loss: 0.1038
  Batch [3740/35627] - Loss: 0.1038
  Batch [3750/35627] - Loss: 0.1038
  Batch [3760/35627] - Loss: 0.1038
  Batch [3770/35627] - Loss: 0.1038
  Batch [3780/35627] - Loss: 0.1037
  Batch [3790/35627] - Loss: 0.1037
  Batch [3800/35627] - Loss: 0.1038
  Batch [3810/35627] - Loss: 0.1038
  Batch [3820/35627] - Loss: 0.1038
  Batch [3830/35627] - Loss: 0.1038
  Batch [3840/35627] - Loss: 0.1038
  Batch [3850/35627] - Loss: 0.1037
  Batch [3860/35627] - Loss: 0.1038
  Batch [3870/35627] - Loss: 0.1038
  Batch [3880/35627] - Loss: 0.1037
  Batch [3890/35627] - Loss: 0.1037
  Batch [3900/35627] - Loss: 0.1037
  Batch [3910/35627] - Loss: 0.1038
  Batch [3920/35627] - Loss: 0.1038
  Batch [3930/35627] - Loss: 0.1038
  Batch [3940/35627] - Loss: 0.1038
  Batch [3950/35627] - Loss: 0.1038
  Batch [3960/35627] - Loss: 0.1038
  Batch [3970/35627] - Loss: 0.1038
  Batch [3980/35627] - Loss: 0.1038
  Batch [3990/35627] - Loss: 0.1038
  Batch [4000/35627] - Loss: 0.1038
  Batch [4010/35627] - Loss: 0.1039
  Batch [4020/35627] - Loss: 0.1038
  Batch [4030/35627] - Loss: 0.1039
  Batch [4040/35627] - Loss: 0.1039
  Batch [4050/35627] - Loss: 0.1040
  Batch [4060/35627] - Loss: 0.1039
  Batch [4070/35627] - Loss: 0.1040
  Batch [4080/35627] - Loss: 0.1040
  Batch [4090/35627] - Loss: 0.1039
  Batch [4100/35627] - Loss: 0.1040
  Batch [4110/35627] - Loss: 0.1040
  Batch [4120/35627] - Loss: 0.1039
  Batch [4130/35627] - Loss: 0.1041
  Batch [4140/35627] - Loss: 0.1040
  Batch [4150/35627] - Loss: 0.1040
  Batch [4160/35627] - Loss: 0.1039
  Batch [4170/35627] - Loss: 0.1040
  Batch [4180/35627] - Loss: 0.1040
  Batch [4190/35627] - Loss: 0.1041
  Batch [4200/35627] - Loss: 0.1042
  Batch [4210/35627] - Loss: 0.1042
  Batch [4220/35627] - Loss: 0.1042
  Batch [4230/35627] - Loss: 0.1042
  Batch [4240/35627] - Loss: 0.1043
  Batch [4250/35627] - Loss: 0.1043
  Batch [4260/35627] - Loss: 0.1043
  Batch [4270/35627] - Loss: 0.1043
  Batch [4280/35627] - Loss: 0.1043
  Batch [4290/35627] - Loss: 0.1043
  Batch [4300/35627] - Loss: 0.1043
  Batch [4310/35627] - Loss: 0.1043
  Batch [4320/35627] - Loss: 0.1042
  Batch [4330/35627] - Loss: 0.1042
  Batch [4340/35627] - Loss: 0.1042
  Batch [4350/35627] - Loss: 0.1042
  Batch [4360/35627] - Loss: 0.1043
  Batch [4370/35627] - Loss: 0.1042
  Batch [4380/35627] - Loss: 0.1041
  Batch [4390/35627] - Loss: 0.1041
  Batch [4400/35627] - Loss: 0.1041
  Batch [4410/35627] - Loss: 0.1041
  Batch [4420/35627] - Loss: 0.1041
  Batch [4430/35627] - Loss: 0.1042
  Batch [4440/35627] - Loss: 0.1042
  Batch [4450/35627] - Loss: 0.1041
  Batch [4460/35627] - Loss: 0.1041
  Batch [4470/35627] - Loss: 0.1041
  Batch [4480/35627] - Loss: 0.1042
  Batch [4490/35627] - Loss: 0.1042
  Batch [4500/35627] - Loss: 0.1042
  Batch [4510/35627] - Loss: 0.1042
  Batch [4520/35627] - Loss: 0.1042
  Batch [4530/35627] - Loss: 0.1041
  Batch [4540/35627] - Loss: 0.1041
  Batch [4550/35627] - Loss: 0.1041
  Batch [4560/35627] - Loss: 0.1041
  Batch [4570/35627] - Loss: 0.1041
  Batch [4580/35627] - Loss: 0.1041
  Batch [4590/35627] - Loss: 0.1041
  Batch [4600/35627] - Loss: 0.1041
  Batch [4610/35627] - Loss: 0.1040
  Batch [4620/35627] - Loss: 0.1041
  Batch [4630/35627] - Loss: 0.1041
  Batch [4640/35627] - Loss: 0.1041
  Batch [4650/35627] - Loss: 0.1040
  Batch [4660/35627] - Loss: 0.1040
  Batch [4670/35627] - Loss: 0.1040
  Batch [4680/35627] - Loss: 0.1040
  Batch [4690/35627] - Loss: 0.1041
  Batch [4700/35627] - Loss: 0.1040
  Batch [4710/35627] - Loss: 0.1040
  Batch [4720/35627] - Loss: 0.1041
  Batch [4730/35627] - Loss: 0.1041
  Batch [4740/35627] - Loss: 0.1041
  Batch [4750/35627] - Loss: 0.1042
  Batch [4760/35627] - Loss: 0.1041
  Batch [4770/35627] - Loss: 0.1042
  Batch [4780/35627] - Loss: 0.1042
  Batch [4790/35627] - Loss: 0.1042
  Batch [4800/35627] - Loss: 0.1042
  Batch [4810/35627] - Loss: 0.1042
  Batch [4820/35627] - Loss: 0.1042
  Batch [4830/35627] - Loss: 0.1042
  Batch [4840/35627] - Loss: 0.1041
  Batch [4850/35627] - Loss: 0.1041
  Batch [4860/35627] - Loss: 0.1040
  Batch [4870/35627] - Loss: 0.1041
  Batch [4880/35627] - Loss: 0.1041
  Batch [4890/35627] - Loss: 0.1040
  Batch [4900/35627] - Loss: 0.1040
  Batch [4910/35627] - Loss: 0.1041
  Batch [4920/35627] - Loss: 0.1041
  Batch [4930/35627] - Loss: 0.1042
  Batch [4940/35627] - Loss: 0.1042
  Batch [4950/35627] - Loss: 0.1042
  Batch [4960/35627] - Loss: 0.1042
  Batch [4970/35627] - Loss: 0.1042
  Batch [4980/35627] - Loss: 0.1042
  Batch [4990/35627] - Loss: 0.1042
  Batch [5000/35627] - Loss: 0.1042
  Batch [5010/35627] - Loss: 0.1042
  Batch [5020/35627] - Loss: 0.1042
  Batch [5030/35627] - Loss: 0.1042
  Batch [5040/35627] - Loss: 0.1042
  Batch [5050/35627] - Loss: 0.1043
  Batch [5060/35627] - Loss: 0.1042
  Batch [5070/35627] - Loss: 0.1042
  Batch [5080/35627] - Loss: 0.1042
  Batch [5090/35627] - Loss: 0.1043
  Batch [5100/35627] - Loss: 0.1043
  Batch [5110/35627] - Loss: 0.1043
  Batch [5120/35627] - Loss: 0.1043
  Batch [5130/35627] - Loss: 0.1043
  Batch [5140/35627] - Loss: 0.1043
  Batch [5150/35627] - Loss: 0.1043
  Batch [5160/35627] - Loss: 0.1043
  Batch [5170/35627] - Loss: 0.1043
  Batch [5180/35627] - Loss: 0.1043
  Batch [5190/35627] - Loss: 0.1043
  Batch [5200/35627] - Loss: 0.1043
  Batch [5210/35627] - Loss: 0.1043
  Batch [5220/35627] - Loss: 0.1044
  Batch [5230/35627] - Loss: 0.1044
  Batch [5240/35627] - Loss: 0.1044
  Batch [5250/35627] - Loss: 0.1044
  Batch [5260/35627] - Loss: 0.1044
  Batch [5270/35627] - Loss: 0.1044
  Batch [5280/35627] - Loss: 0.1045
  Batch [5290/35627] - Loss: 0.1045
  Batch [5300/35627] - Loss: 0.1046
  Batch [5310/35627] - Loss: 0.1045
  Batch [5320/35627] - Loss: 0.1045
  Batch [5330/35627] - Loss: 0.1045
  Batch [5340/35627] - Loss: 0.1045
  Batch [5350/35627] - Loss: 0.1045
  Batch [5360/35627] - Loss: 0.1044
  Batch [5370/35627] - Loss: 0.1044
  Batch [5380/35627] - Loss: 0.1044
  Batch [5390/35627] - Loss: 0.1043
  Batch [5400/35627] - Loss: 0.1044
  Batch [5410/35627] - Loss: 0.1044
  Batch [5420/35627] - Loss: 0.1043
  Batch [5430/35627] - Loss: 0.1043
  Batch [5440/35627] - Loss: 0.1043
  Batch [5450/35627] - Loss: 0.1043
  Batch [5460/35627] - Loss: 0.1042
  Batch [5470/35627] - Loss: 0.1043
  Batch [5480/35627] - Loss: 0.1043
  Batch [5490/35627] - Loss: 0.1043
  Batch [5500/35627] - Loss: 0.1043
  Batch [5510/35627] - Loss: 0.1044
  Batch [5520/35627] - Loss: 0.1044
  Batch [5530/35627] - Loss: 0.1044
  Batch [5540/35627] - Loss: 0.1044
  Batch [5550/35627] - Loss: 0.1044
  Batch [5560/35627] - Loss: 0.1044
  Batch [5570/35627] - Loss: 0.1043
  Batch [5580/35627] - Loss: 0.1044
  Batch [5590/35627] - Loss: 0.1043
  Batch [5600/35627] - Loss: 0.1043
  Batch [5610/35627] - Loss: 0.1043
  Batch [5620/35627] - Loss: 0.1043
  Batch [5630/35627] - Loss: 0.1043
  Batch [5640/35627] - Loss: 0.1043
  Batch [5650/35627] - Loss: 0.1043
  Batch [5660/35627] - Loss: 0.1043
  Batch [5670/35627] - Loss: 0.1043
  Batch [5680/35627] - Loss: 0.1043
  Batch [5690/35627] - Loss: 0.1043
  Batch [5700/35627] - Loss: 0.1043
  Batch [5710/35627] - Loss: 0.1043
  Batch [5720/35627] - Loss: 0.1043
  Batch [5730/35627] - Loss: 0.1044
  Batch [5740/35627] - Loss: 0.1044
  Batch [5750/35627] - Loss: 0.1045
  Batch [5760/35627] - Loss: 0.1044
  Batch [5770/35627] - Loss: 0.1045
  Batch [5780/35627] - Loss: 0.1045
  Batch [5790/35627] - Loss: 0.1045
  Batch [5800/35627] - Loss: 0.1044
  Batch [5810/35627] - Loss: 0.1044
  Batch [5820/35627] - Loss: 0.1044
  Batch [5830/35627] - Loss: 0.1044
  Batch [5840/35627] - Loss: 0.1044
  Batch [5850/35627] - Loss: 0.1044
  Batch [5860/35627] - Loss: 0.1044
  Batch [5870/35627] - Loss: 0.1044
  Batch [5880/35627] - Loss: 0.1044
  Batch [5890/35627] - Loss: 0.1043
  Batch [5900/35627] - Loss: 0.1043
  Batch [5910/35627] - Loss: 0.1043
  Batch [5920/35627] - Loss: 0.1043
  Batch [5930/35627] - Loss: 0.1043
  Batch [5940/35627] - Loss: 0.1042
  Batch [5950/35627] - Loss: 0.1042
  Batch [5960/35627] - Loss: 0.1042
  Batch [5970/35627] - Loss: 0.1041
  Batch [5980/35627] - Loss: 0.1041
  Batch [5990/35627] - Loss: 0.1041
  Batch [6000/35627] - Loss: 0.1040
  Batch [6010/35627] - Loss: 0.1040
  Batch [6020/35627] - Loss: 0.1040
  Batch [6030/35627] - Loss: 0.1040
  Batch [6040/35627] - Loss: 0.1040
  Batch [6050/35627] - Loss: 0.1039
  Batch [6060/35627] - Loss: 0.1039
  Batch [6070/35627] - Loss: 0.1038
  Batch [6080/35627] - Loss: 0.1039
  Batch [6090/35627] - Loss: 0.1039
  Batch [6100/35627] - Loss: 0.1038
  Batch [6110/35627] - Loss: 0.1038
  Batch [6120/35627] - Loss: 0.1038
  Batch [6130/35627] - Loss: 0.1038
  Batch [6140/35627] - Loss: 0.1038
  Batch [6150/35627] - Loss: 0.1038
  Batch [6160/35627] - Loss: 0.1038
  Batch [6170/35627] - Loss: 0.1038
  Batch [6180/35627] - Loss: 0.1038
  Batch [6190/35627] - Loss: 0.1038
  Batch [6200/35627] - Loss: 0.1038
  Batch [6210/35627] - Loss: 0.1037
  Batch [6220/35627] - Loss: 0.1038
  Batch [6230/35627] - Loss: 0.1038
  Batch [6240/35627] - Loss: 0.1038
  Batch [6250/35627] - Loss: 0.1038
  Batch [6260/35627] - Loss: 0.1038
  Batch [6270/35627] - Loss: 0.1038
  Batch [6280/35627] - Loss: 0.1038
  Batch [6290/35627] - Loss: 0.1038
  Batch [6300/35627] - Loss: 0.1038
  Batch [6310/35627] - Loss: 0.1038
  Batch [6320/35627] - Loss: 0.1038
  Batch [6330/35627] - Loss: 0.1038
  Batch [6340/35627] - Loss: 0.1038
  Batch [6350/35627] - Loss: 0.1039
  Batch [6360/35627] - Loss: 0.1039
  Batch [6370/35627] - Loss: 0.1038
  Batch [6380/35627] - Loss: 0.1038
  Batch [6390/35627] - Loss: 0.1038
  Batch [6400/35627] - Loss: 0.1038
  Batch [6410/35627] - Loss: 0.1038
  Batch [6420/35627] - Loss: 0.1038
  Batch [6430/35627] - Loss: 0.1038
  Batch [6440/35627] - Loss: 0.1038
  Batch [6450/35627] - Loss: 0.1039
  Batch [6460/35627] - Loss: 0.1039
  Batch [6470/35627] - Loss: 0.1040
  Batch [6480/35627] - Loss: 0.1039
  Batch [6490/35627] - Loss: 0.1039
  Batch [6500/35627] - Loss: 0.1039
  Batch [6510/35627] - Loss: 0.1039
  Batch [6520/35627] - Loss: 0.1040
  Batch [6530/35627] - Loss: 0.1040
  Batch [6540/35627] - Loss: 0.1040
  Batch [6550/35627] - Loss: 0.1040
  Batch [6560/35627] - Loss: 0.1039
  Batch [6570/35627] - Loss: 0.1039
  Batch [6580/35627] - Loss: 0.1039
  Batch [6590/35627] - Loss: 0.1039
  Batch [6600/35627] - Loss: 0.1038
  Batch [6610/35627] - Loss: 0.1038
  Batch [6620/35627] - Loss: 0.1039
  Batch [6630/35627] - Loss: 0.1040
  Batch [6640/35627] - Loss: 0.1040
  Batch [6650/35627] - Loss: 0.1039
  Batch [6660/35627] - Loss: 0.1040
  Batch [6670/35627] - Loss: 0.1040
  Batch [6680/35627] - Loss: 0.1040
  Batch [6690/35627] - Loss: 0.1040
  Batch [6700/35627] - Loss: 0.1040
  Batch [6710/35627] - Loss: 0.1041
  Batch [6720/35627] - Loss: 0.1040
  Batch [6730/35627] - Loss: 0.1040
  Batch [6740/35627] - Loss: 0.1040
  Batch [6750/35627] - Loss: 0.1040
  Batch [6760/35627] - Loss: 0.1040
  Batch [6770/35627] - Loss: 0.1039
  Batch [6780/35627] - Loss: 0.1039
  Batch [6790/35627] - Loss: 0.1039
  Batch [6800/35627] - Loss: 0.1039
  Batch [6810/35627] - Loss: 0.1039
  Batch [6820/35627] - Loss: 0.1039
  Batch [6830/35627] - Loss: 0.1038
  Batch [6840/35627] - Loss: 0.1038
  Batch [6850/35627] - Loss: 0.1038
  Batch [6860/35627] - Loss: 0.1038
  Batch [6870/35627] - Loss: 0.1038
  Batch [6880/35627] - Loss: 0.1038
  Batch [6890/35627] - Loss: 0.1038
  Batch [6900/35627] - Loss: 0.1038
  Batch [6910/35627] - Loss: 0.1038
  Batch [6920/35627] - Loss: 0.1038
  Batch [6930/35627] - Loss: 0.1038
  Batch [6940/35627] - Loss: 0.1038
  Batch [6950/35627] - Loss: 0.1038
  Batch [6960/35627] - Loss: 0.1038
  Batch [6970/35627] - Loss: 0.1039
  Batch [6980/35627] - Loss: 0.1038
  Batch [6990/35627] - Loss: 0.1038
  Batch [7000/35627] - Loss: 0.1038
  Batch [7010/35627] - Loss: 0.1038
  Batch [7020/35627] - Loss: 0.1038
  Batch [7030/35627] - Loss: 0.1038
  Batch [7040/35627] - Loss: 0.1039
  Batch [7050/35627] - Loss: 0.1038
  Batch [7060/35627] - Loss: 0.1038
  Batch [7070/35627] - Loss: 0.1039
  Batch [7080/35627] - Loss: 0.1039
  Batch [7090/35627] - Loss: 0.1039
  Batch [7100/35627] - Loss: 0.1039
  Batch [7110/35627] - Loss: 0.1039
  Batch [7120/35627] - Loss: 0.1039
  Batch [7130/35627] - Loss: 0.1039
  Batch [7140/35627] - Loss: 0.1039
  Batch [7150/35627] - Loss: 0.1039
  Batch [7160/35627] - Loss: 0.1038
  Batch [7170/35627] - Loss: 0.1038
  Batch [7180/35627] - Loss: 0.1038
  Batch [7190/35627] - Loss: 0.1037
  Batch [7200/35627] - Loss: 0.1037
  Batch [7210/35627] - Loss: 0.1037
  Batch [7220/35627] - Loss: 0.1038
  Batch [7230/35627] - Loss: 0.1038
  Batch [7240/35627] - Loss: 0.1038
  Batch [7250/35627] - Loss: 0.1037
  Batch [7260/35627] - Loss: 0.1038
  Batch [7270/35627] - Loss: 0.1038
  Batch [7280/35627] - Loss: 0.1038
  Batch [7290/35627] - Loss: 0.1038
  Batch [7300/35627] - Loss: 0.1039
  Batch [7310/35627] - Loss: 0.1039
  Batch [7320/35627] - Loss: 0.1039
  Batch [7330/35627] - Loss: 0.1039
  Batch [7340/35627] - Loss: 0.1038
  Batch [7350/35627] - Loss: 0.1039
  Batch [7360/35627] - Loss: 0.1039
  Batch [7370/35627] - Loss: 0.1039
  Batch [7380/35627] - Loss: 0.1039
  Batch [7390/35627] - Loss: 0.1039
  Batch [7400/35627] - Loss: 0.1039
  Batch [7410/35627] - Loss: 0.1039
  Batch [7420/35627] - Loss: 0.1039
  Batch [7430/35627] - Loss: 0.1039
  Batch [7440/35627] - Loss: 0.1039
  Batch [7450/35627] - Loss: 0.1039
  Batch [7460/35627] - Loss: 0.1039
  Batch [7470/35627] - Loss: 0.1039
  Batch [7480/35627] - Loss: 0.1039
  Batch [7490/35627] - Loss: 0.1039
  Batch [7500/35627] - Loss: 0.1038
  Batch [7510/35627] - Loss: 0.1039
  Batch [7520/35627] - Loss: 0.1039
  Batch [7530/35627] - Loss: 0.1039
  Batch [7540/35627] - Loss: 0.1038
  Batch [7550/35627] - Loss: 0.1038
  Batch [7560/35627] - Loss: 0.1038
  Batch [7570/35627] - Loss: 0.1038
  Batch [7580/35627] - Loss: 0.1038
  Batch [7590/35627] - Loss: 0.1038
  Batch [7600/35627] - Loss: 0.1037
  Batch [7610/35627] - Loss: 0.1037
  Batch [7620/35627] - Loss: 0.1037
  Batch [7630/35627] - Loss: 0.1037
  Batch [7640/35627] - Loss: 0.1037
  Batch [7650/35627] - Loss: 0.1037
  Batch [7660/35627] - Loss: 0.1037
  Batch [7670/35627] - Loss: 0.1037
  Batch [7680/35627] - Loss: 0.1038
  Batch [7690/35627] - Loss: 0.1037
  Batch [7700/35627] - Loss: 0.1038
  Batch [7710/35627] - Loss: 0.1038
  Batch [7720/35627] - Loss: 0.1038
  Batch [7730/35627] - Loss: 0.1038
  Batch [7740/35627] - Loss: 0.1038
  Batch [7750/35627] - Loss: 0.1038
  Batch [7760/35627] - Loss: 0.1037
  Batch [7770/35627] - Loss: 0.1038
  Batch [7780/35627] - Loss: 0.1037
  Batch [7790/35627] - Loss: 0.1037
  Batch [7800/35627] - Loss: 0.1037
  Batch [7810/35627] - Loss: 0.1037
  Batch [7820/35627] - Loss: 0.1037
  Batch [7830/35627] - Loss: 0.1037
  Batch [7840/35627] - Loss: 0.1037
  Batch [7850/35627] - Loss: 0.1036
  Batch [7860/35627] - Loss: 0.1036
  Batch [7870/35627] - Loss: 0.1036
  Batch [7880/35627] - Loss: 0.1036
  Batch [7890/35627] - Loss: 0.1036
  Batch [7900/35627] - Loss: 0.1036
  Batch [7910/35627] - Loss: 0.1036
  Batch [7920/35627] - Loss: 0.1035
  Batch [7930/35627] - Loss: 0.1036
  Batch [7940/35627] - Loss: 0.1036
  Batch [7950/35627] - Loss: 0.1036
  Batch [7960/35627] - Loss: 0.1036
  Batch [7970/35627] - Loss: 0.1036
  Batch [7980/35627] - Loss: 0.1036
  Batch [7990/35627] - Loss: 0.1036
  Batch [8000/35627] - Loss: 0.1035
  Batch [8010/35627] - Loss: 0.1036
  Batch [8020/35627] - Loss: 0.1036
  Batch [8030/35627] - Loss: 0.1035
  Batch [8040/35627] - Loss: 0.1036
  Batch [8050/35627] - Loss: 0.1036
  Batch [8060/35627] - Loss: 0.1036
  Batch [8070/35627] - Loss: 0.1036
  Batch [8080/35627] - Loss: 0.1036
  Batch [8090/35627] - Loss: 0.1036
  Batch [8100/35627] - Loss: 0.1036
  Batch [8110/35627] - Loss: 0.1036
  Batch [8120/35627] - Loss: 0.1036
  Batch [8130/35627] - Loss: 0.1036
  Batch [8140/35627] - Loss: 0.1036
  Batch [8150/35627] - Loss: 0.1037
  Batch [8160/35627] - Loss: 0.1037
  Batch [8170/35627] - Loss: 0.1037
  Batch [8180/35627] - Loss: 0.1037
  Batch [8190/35627] - Loss: 0.1037
  Batch [8200/35627] - Loss: 0.1037
  Batch [8210/35627] - Loss: 0.1037
  Batch [8220/35627] - Loss: 0.1037
  Batch [8230/35627] - Loss: 0.1038
  Batch [8240/35627] - Loss: 0.1037
  Batch [8250/35627] - Loss: 0.1037
  Batch [8260/35627] - Loss: 0.1037
  Batch [8270/35627] - Loss: 0.1037
  Batch [8280/35627] - Loss: 0.1037
  Batch [8290/35627] - Loss: 0.1037
  Batch [8300/35627] - Loss: 0.1037
  Batch [8310/35627] - Loss: 0.1037
  Batch [8320/35627] - Loss: 0.1037
  Batch [8330/35627] - Loss: 0.1037
  Batch [8340/35627] - Loss: 0.1037
  Batch [8350/35627] - Loss: 0.1037
  Batch [8360/35627] - Loss: 0.1037
  Batch [8370/35627] - Loss: 0.1037
  Batch [8380/35627] - Loss: 0.1037
  Batch [8390/35627] - Loss: 0.1037
  Batch [8400/35627] - Loss: 0.1036
  Batch [8410/35627] - Loss: 0.1036
  Batch [8420/35627] - Loss: 0.1036
  Batch [8430/35627] - Loss: 0.1037
  Batch [8440/35627] - Loss: 0.1037
  Batch [8450/35627] - Loss: 0.1037
  Batch [8460/35627] - Loss: 0.1037
  Batch [8470/35627] - Loss: 0.1037
  Batch [8480/35627] - Loss: 0.1037
  Batch [8490/35627] - Loss: 0.1037
  Batch [8500/35627] - Loss: 0.1037
  Batch [8510/35627] - Loss: 0.1036
  Batch [8520/35627] - Loss: 0.1036
  Batch [8530/35627] - Loss: 0.1036
  Batch [8540/35627] - Loss: 0.1036
  Batch [8550/35627] - Loss: 0.1036
  Batch [8560/35627] - Loss: 0.1036
  Batch [8570/35627] - Loss: 0.1036
  Batch [8580/35627] - Loss: 0.1036
  Batch [8590/35627] - Loss: 0.1036
  Batch [8600/35627] - Loss: 0.1036
  Batch [8610/35627] - Loss: 0.1036
  Batch [8620/35627] - Loss: 0.1036
  Batch [8630/35627] - Loss: 0.1036
  Batch [8640/35627] - Loss: 0.1036
  Batch [8650/35627] - Loss: 0.1036
  Batch [8660/35627] - Loss: 0.1036
  Batch [8670/35627] - Loss: 0.1036
  Batch [8680/35627] - Loss: 0.1036
  Batch [8690/35627] - Loss: 0.1036
  Batch [8700/35627] - Loss: 0.1037
  Batch [8710/35627] - Loss: 0.1036
  Batch [8720/35627] - Loss: 0.1036
  Batch [8730/35627] - Loss: 0.1037
  Batch [8740/35627] - Loss: 0.1036
  Batch [8750/35627] - Loss: 0.1036
  Batch [8760/35627] - Loss: 0.1036
  Batch [8770/35627] - Loss: 0.1036
  Batch [8780/35627] - Loss: 0.1036
  Batch [8790/35627] - Loss: 0.1037
  Batch [8800/35627] - Loss: 0.1037
  Batch [8810/35627] - Loss: 0.1037
  Batch [8820/35627] - Loss: 0.1037
  Batch [8830/35627] - Loss: 0.1037
  Batch [8840/35627] - Loss: 0.1037
  Batch [8850/35627] - Loss: 0.1038
  Batch [8860/35627] - Loss: 0.1038
  Batch [8870/35627] - Loss: 0.1038
  Batch [8880/35627] - Loss: 0.1038
  Batch [8890/35627] - Loss: 0.1038
  Batch [8900/35627] - Loss: 0.1038
  Batch [8910/35627] - Loss: 0.1038
  Batch [8920/35627] - Loss: 0.1038
  Batch [8930/35627] - Loss: 0.1038
  Batch [8940/35627] - Loss: 0.1038
  Batch [8950/35627] - Loss: 0.1038
  Batch [8960/35627] - Loss: 0.1038
  Batch [8970/35627] - Loss: 0.1038
  Batch [8980/35627] - Loss: 0.1038
  Batch [8990/35627] - Loss: 0.1038
  Batch [9000/35627] - Loss: 0.1038
  Batch [9010/35627] - Loss: 0.1038
  Batch [9020/35627] - Loss: 0.1038
  Batch [9030/35627] - Loss: 0.1039
  Batch [9040/35627] - Loss: 0.1039
  Batch [9050/35627] - Loss: 0.1039
  Batch [9060/35627] - Loss: 0.1039
  Batch [9070/35627] - Loss: 0.1039
  Batch [9080/35627] - Loss: 0.1039
  Batch [9090/35627] - Loss: 0.1038
  Batch [9100/35627] - Loss: 0.1038
  Batch [9110/35627] - Loss: 0.1038
  Batch [9120/35627] - Loss: 0.1038
  Batch [9130/35627] - Loss: 0.1039
  Batch [9140/35627] - Loss: 0.1039
  Batch [9150/35627] - Loss: 0.1039
  Batch [9160/35627] - Loss: 0.1039
  Batch [9170/35627] - Loss: 0.1038
  Batch [9180/35627] - Loss: 0.1038
  Batch [9190/35627] - Loss: 0.1038
  Batch [9200/35627] - Loss: 0.1038
  Batch [9210/35627] - Loss: 0.1038
  Batch [9220/35627] - Loss: 0.1038
  Batch [9230/35627] - Loss: 0.1038
  Batch [9240/35627] - Loss: 0.1038
  Batch [9250/35627] - Loss: 0.1038
  Batch [9260/35627] - Loss: 0.1038
  Batch [9270/35627] - Loss: 0.1037
  Batch [9280/35627] - Loss: 0.1038
  Batch [9290/35627] - Loss: 0.1038
  Batch [9300/35627] - Loss: 0.1038
  Batch [9310/35627] - Loss: 0.1038
  Batch [9320/35627] - Loss: 0.1038
  Batch [9330/35627] - Loss: 0.1039
  Batch [9340/35627] - Loss: 0.1038
  Batch [9350/35627] - Loss: 0.1038
  Batch [9360/35627] - Loss: 0.1038
  Batch [9370/35627] - Loss: 0.1038
  Batch [9380/35627] - Loss: 0.1038
  Batch [9390/35627] - Loss: 0.1037
  Batch [9400/35627] - Loss: 0.1037
  Batch [9410/35627] - Loss: 0.1037
  Batch [9420/35627] - Loss: 0.1037
  Batch [9430/35627] - Loss: 0.1037
  Batch [9440/35627] - Loss: 0.1037
  Batch [9450/35627] - Loss: 0.1037
  Batch [9460/35627] - Loss: 0.1037
  Batch [9470/35627] - Loss: 0.1037
  Batch [9480/35627] - Loss: 0.1037
  Batch [9490/35627] - Loss: 0.1037
  Batch [9500/35627] - Loss: 0.1037
  Batch [9510/35627] - Loss: 0.1037
  Batch [9520/35627] - Loss: 0.1036
  Batch [9530/35627] - Loss: 0.1037
  Batch [9540/35627] - Loss: 0.1037
  Batch [9550/35627] - Loss: 0.1037
  Batch [9560/35627] - Loss: 0.1036
  Batch [9570/35627] - Loss: 0.1036
  Batch [9580/35627] - Loss: 0.1036
  Batch [9590/35627] - Loss: 0.1036
  Batch [9600/35627] - Loss: 0.1036
  Batch [9610/35627] - Loss: 0.1036
  Batch [9620/35627] - Loss: 0.1036
  Batch [9630/35627] - Loss: 0.1036
  Batch [9640/35627] - Loss: 0.1036
  Batch [9650/35627] - Loss: 0.1036
  Batch [9660/35627] - Loss: 0.1035
  Batch [9670/35627] - Loss: 0.1036
  Batch [9680/35627] - Loss: 0.1035
  Batch [9690/35627] - Loss: 0.1035
  Batch [9700/35627] - Loss: 0.1035
  Batch [9710/35627] - Loss: 0.1036
  Batch [9720/35627] - Loss: 0.1036
  Batch [9730/35627] - Loss: 0.1036
  Batch [9740/35627] - Loss: 0.1036
  Batch [9750/35627] - Loss: 0.1036
  Batch [9760/35627] - Loss: 0.1036
  Batch [9770/35627] - Loss: 0.1037
  Batch [9780/35627] - Loss: 0.1036
  Batch [9790/35627] - Loss: 0.1036
  Batch [9800/35627] - Loss: 0.1036
  Batch [9810/35627] - Loss: 0.1036
  Batch [9820/35627] - Loss: 0.1037
  Batch [9830/35627] - Loss: 0.1036
  Batch [9840/35627] - Loss: 0.1036
  Batch [9850/35627] - Loss: 0.1037
  Batch [9860/35627] - Loss: 0.1037
  Batch [9870/35627] - Loss: 0.1037
  Batch [9880/35627] - Loss: 0.1037
  Batch [9890/35627] - Loss: 0.1037
  Batch [9900/35627] - Loss: 0.1036
  Batch [9910/35627] - Loss: 0.1037
  Batch [9920/35627] - Loss: 0.1037
  Batch [9930/35627] - Loss: 0.1036
  Batch [9940/35627] - Loss: 0.1036
  Batch [9950/35627] - Loss: 0.1037
  Batch [9960/35627] - Loss: 0.1037
  Batch [9970/35627] - Loss: 0.1037
  Batch [9980/35627] - Loss: 0.1037
  Batch [9990/35627] - Loss: 0.1037
  Batch [10000/35627] - Loss: 0.1037
  Batch [10010/35627] - Loss: 0.1037
  Batch [10020/35627] - Loss: 0.1037
  Batch [10030/35627] - Loss: 0.1037
  Batch [10040/35627] - Loss: 0.1037
  Batch [10050/35627] - Loss: 0.1037
  Batch [10060/35627] - Loss: 0.1037
  Batch [10070/35627] - Loss: 0.1037
  Batch [10080/35627] - Loss: 0.1037
  Batch [10090/35627] - Loss: 0.1037
  Batch [10100/35627] - Loss: 0.1037
  Batch [10110/35627] - Loss: 0.1037
  Batch [10120/35627] - Loss: 0.1037
  Batch [10130/35627] - Loss: 0.1037
  Batch [10140/35627] - Loss: 0.1037
  Batch [10150/35627] - Loss: 0.1037
  Batch [10160/35627] - Loss: 0.1037
  Batch [10170/35627] - Loss: 0.1037
  Batch [10180/35627] - Loss: 0.1037
  Batch [10190/35627] - Loss: 0.1037
  Batch [10200/35627] - Loss: 0.1037
  Batch [10210/35627] - Loss: 0.1037
  Batch [10220/35627] - Loss: 0.1037
  Batch [10230/35627] - Loss: 0.1037
  Batch [10240/35627] - Loss: 0.1037
  Batch [10250/35627] - Loss: 0.1037
  Batch [10260/35627] - Loss: 0.1037
  Batch [10270/35627] - Loss: 0.1037
  Batch [10280/35627] - Loss: 0.1037
  Batch [10290/35627] - Loss: 0.1037
  Batch [10300/35627] - Loss: 0.1037
  Batch [10310/35627] - Loss: 0.1037
  Batch [10320/35627] - Loss: 0.1037
  Batch [10330/35627] - Loss: 0.1037
  Batch [10340/35627] - Loss: 0.1037
  Batch [10350/35627] - Loss: 0.1037
  Batch [10360/35627] - Loss: 0.1037
  Batch [10370/35627] - Loss: 0.1037
  Batch [10380/35627] - Loss: 0.1037
  Batch [10390/35627] - Loss: 0.1037
  Batch [10400/35627] - Loss: 0.1037
  Batch [10410/35627] - Loss: 0.1037
  Batch [10420/35627] - Loss: 0.1037
  Batch [10430/35627] - Loss: 0.1037
  Batch [10440/35627] - Loss: 0.1037
  Batch [10450/35627] - Loss: 0.1037
  Batch [10460/35627] - Loss: 0.1037
  Batch [10470/35627] - Loss: 0.1037
  Batch [10480/35627] - Loss: 0.1038
  Batch [10490/35627] - Loss: 0.1038
  Batch [10500/35627] - Loss: 0.1038
  Batch [10510/35627] - Loss: 0.1038
  Batch [10520/35627] - Loss: 0.1038
  Batch [10530/35627] - Loss: 0.1038
  Batch [10540/35627] - Loss: 0.1037
  Batch [10550/35627] - Loss: 0.1037
  Batch [10560/35627] - Loss: 0.1037
  Batch [10570/35627] - Loss: 0.1037
  Batch [10580/35627] - Loss: 0.1037
  Batch [10590/35627] - Loss: 0.1037
  Batch [10600/35627] - Loss: 0.1037
  Batch [10610/35627] - Loss: 0.1037
  Batch [10620/35627] - Loss: 0.1037
  Batch [10630/35627] - Loss: 0.1037
  Batch [10640/35627] - Loss: 0.1037
  Batch [10650/35627] - Loss: 0.1036
  Batch [10660/35627] - Loss: 0.1037
  Batch [10670/35627] - Loss: 0.1037
  Batch [10680/35627] - Loss: 0.1037
  Batch [10690/35627] - Loss: 0.1036
  Batch [10700/35627] - Loss: 0.1037
  Batch [10710/35627] - Loss: 0.1037
  Batch [10720/35627] - Loss: 0.1037
  Batch [10730/35627] - Loss: 0.1037
  Batch [10740/35627] - Loss: 0.1037
  Batch [10750/35627] - Loss: 0.1038
  Batch [10760/35627] - Loss: 0.1038
  Batch [10770/35627] - Loss: 0.1038
  Batch [10780/35627] - Loss: 0.1038
  Batch [10790/35627] - Loss: 0.1038
  Batch [10800/35627] - Loss: 0.1038
  Batch [10810/35627] - Loss: 0.1038
  Batch [10820/35627] - Loss: 0.1038
  Batch [10830/35627] - Loss: 0.1037
  Batch [10840/35627] - Loss: 0.1037
  Batch [10850/35627] - Loss: 0.1037
  Batch [10860/35627] - Loss: 0.1037
  Batch [10870/35627] - Loss: 0.1037
  Batch [10880/35627] - Loss: 0.1037
  Batch [10890/35627] - Loss: 0.1038
  Batch [10900/35627] - Loss: 0.1038
  Batch [10910/35627] - Loss: 0.1038
  Batch [10920/35627] - Loss: 0.1038
  Batch [10930/35627] - Loss: 0.1038
  Batch [10940/35627] - Loss: 0.1038
  Batch [10950/35627] - Loss: 0.1038
  Batch [10960/35627] - Loss: 0.1037
  Batch [10970/35627] - Loss: 0.1038
  Batch [10980/35627] - Loss: 0.1038
  Batch [10990/35627] - Loss: 0.1038
  Batch [11000/35627] - Loss: 0.1038
  Batch [11010/35627] - Loss: 0.1037
  Batch [11020/35627] - Loss: 0.1037
  Batch [11030/35627] - Loss: 0.1037
  Batch [11040/35627] - Loss: 0.1037
  Batch [11050/35627] - Loss: 0.1037
  Batch [11060/35627] - Loss: 0.1037
  Batch [11070/35627] - Loss: 0.1037
  Batch [11080/35627] - Loss: 0.1037
  Batch [11090/35627] - Loss: 0.1037
  Batch [11100/35627] - Loss: 0.1037
  Batch [11110/35627] - Loss: 0.1038
  Batch [11120/35627] - Loss: 0.1037
  Batch [11130/35627] - Loss: 0.1037
  Batch [11140/35627] - Loss: 0.1038
  Batch [11150/35627] - Loss: 0.1038
  Batch [11160/35627] - Loss: 0.1038
  Batch [11170/35627] - Loss: 0.1038
  Batch [11180/35627] - Loss: 0.1038
  Batch [11190/35627] - Loss: 0.1038
  Batch [11200/35627] - Loss: 0.1038
  Batch [11210/35627] - Loss: 0.1038
  Batch [11220/35627] - Loss: 0.1038
  Batch [11230/35627] - Loss: 0.1038
  Batch [11240/35627] - Loss: 0.1038
  Batch [11250/35627] - Loss: 0.1038
  Batch [11260/35627] - Loss: 0.1038
  Batch [11270/35627] - Loss: 0.1038
  Batch [11280/35627] - Loss: 0.1038
  Batch [11290/35627] - Loss: 0.1038
  Batch [11300/35627] - Loss: 0.1038
  Batch [11310/35627] - Loss: 0.1039
  Batch [11320/35627] - Loss: 0.1039
  Batch [11330/35627] - Loss: 0.1039
  Batch [11340/35627] - Loss: 0.1039
  Batch [11350/35627] - Loss: 0.1039
  Batch [11360/35627] - Loss: 0.1039
  Batch [11370/35627] - Loss: 0.1039
  Batch [11380/35627] - Loss: 0.1039
  Batch [11390/35627] - Loss: 0.1038
  Batch [11400/35627] - Loss: 0.1038
  Batch [11410/35627] - Loss: 0.1038
  Batch [11420/35627] - Loss: 0.1038
  Batch [11430/35627] - Loss: 0.1038
  Batch [11440/35627] - Loss: 0.1037
  Batch [11450/35627] - Loss: 0.1037
  Batch [11460/35627] - Loss: 0.1038
  Batch [11470/35627] - Loss: 0.1037
  Batch [11480/35627] - Loss: 0.1037
  Batch [11490/35627] - Loss: 0.1037
  Batch [11500/35627] - Loss: 0.1037
  Batch [11510/35627] - Loss: 0.1037
  Batch [11520/35627] - Loss: 0.1037
  Batch [11530/35627] - Loss: 0.1036
  Batch [11540/35627] - Loss: 0.1037
  Batch [11550/35627] - Loss: 0.1037
  Batch [11560/35627] - Loss: 0.1037
  Batch [11570/35627] - Loss: 0.1036
  Batch [11580/35627] - Loss: 0.1036
  Batch [11590/35627] - Loss: 0.1036
  Batch [11600/35627] - Loss: 0.1037
  Batch [11610/35627] - Loss: 0.1037
  Batch [11620/35627] - Loss: 0.1036
  Batch [11630/35627] - Loss: 0.1036
  Batch [11640/35627] - Loss: 0.1036
  Batch [11650/35627] - Loss: 0.1036
  Batch [11660/35627] - Loss: 0.1036
  Batch [11670/35627] - Loss: 0.1036
  Batch [11680/35627] - Loss: 0.1036
  Batch [11690/35627] - Loss: 0.1036
  Batch [11700/35627] - Loss: 0.1036
  Batch [11710/35627] - Loss: 0.1036
  Batch [11720/35627] - Loss: 0.1036
  Batch [11730/35627] - Loss: 0.1036
  Batch [11740/35627] - Loss: 0.1036
  Batch [11750/35627] - Loss: 0.1036
  Batch [11760/35627] - Loss: 0.1036
  Batch [11770/35627] - Loss: 0.1036
  Batch [11780/35627] - Loss: 0.1036
  Batch [11790/35627] - Loss: 0.1036
  Batch [11800/35627] - Loss: 0.1036
  Batch [11810/35627] - Loss: 0.1036
  Batch [11820/35627] - Loss: 0.1036
  Batch [11830/35627] - Loss: 0.1036
  Batch [11840/35627] - Loss: 0.1036
  Batch [11850/35627] - Loss: 0.1036
  Batch [11860/35627] - Loss: 0.1036
  Batch [11870/35627] - Loss: 0.1035
  Batch [11880/35627] - Loss: 0.1035
  Batch [11890/35627] - Loss: 0.1036
  Batch [11900/35627] - Loss: 0.1036
  Batch [11910/35627] - Loss: 0.1036
  Batch [11920/35627] - Loss: 0.1035
  Batch [11930/35627] - Loss: 0.1035
  Batch [11940/35627] - Loss: 0.1035
  Batch [11950/35627] - Loss: 0.1035
  Batch [11960/35627] - Loss: 0.1035
  Batch [11970/35627] - Loss: 0.1035
  Batch [11980/35627] - Loss: 0.1036
  Batch [11990/35627] - Loss: 0.1036
  Batch [12000/35627] - Loss: 0.1036
  Batch [12010/35627] - Loss: 0.1035
  Batch [12020/35627] - Loss: 0.1035
  Batch [12030/35627] - Loss: 0.1035
  Batch [12040/35627] - Loss: 0.1035
  Batch [12050/35627] - Loss: 0.1035
  Batch [12060/35627] - Loss: 0.1035
  Batch [12070/35627] - Loss: 0.1035
  Batch [12080/35627] - Loss: 0.1035
  Batch [12090/35627] - Loss: 0.1035
  Batch [12100/35627] - Loss: 0.1035
  Batch [12110/35627] - Loss: 0.1035
  Batch [12120/35627] - Loss: 0.1035
  Batch [12130/35627] - Loss: 0.1035
  Batch [12140/35627] - Loss: 0.1035
  Batch [12150/35627] - Loss: 0.1035
  Batch [12160/35627] - Loss: 0.1035
  Batch [12170/35627] - Loss: 0.1035
  Batch [12180/35627] - Loss: 0.1035
  Batch [12190/35627] - Loss: 0.1035
  Batch [12200/35627] - Loss: 0.1035
  Batch [12210/35627] - Loss: 0.1035
  Batch [12220/35627] - Loss: 0.1035
  Batch [12230/35627] - Loss: 0.1035
  Batch [12240/35627] - Loss: 0.1035
  Batch [12250/35627] - Loss: 0.1035
  Batch [12260/35627] - Loss: 0.1035
  Batch [12270/35627] - Loss: 0.1035
  Batch [12280/35627] - Loss: 0.1035
  Batch [12290/35627] - Loss: 0.1036
  Batch [12300/35627] - Loss: 0.1036
  Batch [12310/35627] - Loss: 0.1036
  Batch [12320/35627] - Loss: 0.1036
  Batch [12330/35627] - Loss: 0.1036
  Batch [12340/35627] - Loss: 0.1036
  Batch [12350/35627] - Loss: 0.1036
  Batch [12360/35627] - Loss: 0.1036
  Batch [12370/35627] - Loss: 0.1036
  Batch [12380/35627] - Loss: 0.1036
  Batch [12390/35627] - Loss: 0.1036
  Batch [12400/35627] - Loss: 0.1036
  Batch [12410/35627] - Loss: 0.1036
  Batch [12420/35627] - Loss: 0.1036
  Batch [12430/35627] - Loss: 0.1036
  Batch [12440/35627] - Loss: 0.1036
  Batch [12450/35627] - Loss: 0.1036
  Batch [12460/35627] - Loss: 0.1037
  Batch [12470/35627] - Loss: 0.1037
  Batch [12480/35627] - Loss: 0.1037
  Batch [12490/35627] - Loss: 0.1036
  Batch [12500/35627] - Loss: 0.1036
  Batch [12510/35627] - Loss: 0.1036
  Batch [12520/35627] - Loss: 0.1036
  Batch [12530/35627] - Loss: 0.1036
  Batch [12540/35627] - Loss: 0.1036
  Batch [12550/35627] - Loss: 0.1036
  Batch [12560/35627] - Loss: 0.1036
  Batch [12570/35627] - Loss: 0.1036
  Batch [12580/35627] - Loss: 0.1036
  Batch [12590/35627] - Loss: 0.1036
  Batch [12600/35627] - Loss: 0.1036
  Batch [12610/35627] - Loss: 0.1036
  Batch [12620/35627] - Loss: 0.1036
  Batch [12630/35627] - Loss: 0.1036
  Batch [12640/35627] - Loss: 0.1036
  Batch [12650/35627] - Loss: 0.1036
  Batch [12660/35627] - Loss: 0.1036
  Batch [12670/35627] - Loss: 0.1036
  Batch [12680/35627] - Loss: 0.1036
  Batch [12690/35627] - Loss: 0.1036
  Batch [12700/35627] - Loss: 0.1036
  Batch [12710/35627] - Loss: 0.1036
  Batch [12720/35627] - Loss: 0.1036
  Batch [12730/35627] - Loss: 0.1035
  Batch [12740/35627] - Loss: 0.1036
  Batch [12750/35627] - Loss: 0.1035
  Batch [12760/35627] - Loss: 0.1035
  Batch [12770/35627] - Loss: 0.1035
  Batch [12780/35627] - Loss: 0.1035
  Batch [12790/35627] - Loss: 0.1035
  Batch [12800/35627] - Loss: 0.1036
  Batch [12810/35627] - Loss: 0.1036
  Batch [12820/35627] - Loss: 0.1036
  Batch [12830/35627] - Loss: 0.1036
  Batch [12840/35627] - Loss: 0.1035
  Batch [12850/35627] - Loss: 0.1035
  Batch [12860/35627] - Loss: 0.1035
  Batch [12870/35627] - Loss: 0.1035
  Batch [12880/35627] - Loss: 0.1035
  Batch [12890/35627] - Loss: 0.1035
  Batch [12900/35627] - Loss: 0.1035
  Batch [12910/35627] - Loss: 0.1035
  Batch [12920/35627] - Loss: 0.1035
  Batch [12930/35627] - Loss: 0.1035
  Batch [12940/35627] - Loss: 0.1035
  Batch [12950/35627] - Loss: 0.1035
  Batch [12960/35627] - Loss: 0.1035
  Batch [12970/35627] - Loss: 0.1035
  Batch [12980/35627] - Loss: 0.1035
  Batch [12990/35627] - Loss: 0.1035
  Batch [13000/35627] - Loss: 0.1035
  Batch [13010/35627] - Loss: 0.1035
  Batch [13020/35627] - Loss: 0.1035
  Batch [13030/35627] - Loss: 0.1035
  Batch [13040/35627] - Loss: 0.1035
  Batch [13050/35627] - Loss: 0.1035
  Batch [13060/35627] - Loss: 0.1034
  Batch [13070/35627] - Loss: 0.1034
  Batch [13080/35627] - Loss: 0.1034
  Batch [13090/35627] - Loss: 0.1034
  Batch [13100/35627] - Loss: 0.1035
  Batch [13110/35627] - Loss: 0.1035
  Batch [13120/35627] - Loss: 0.1035
  Batch [13130/35627] - Loss: 0.1035
  Batch [13140/35627] - Loss: 0.1034
  Batch [13150/35627] - Loss: 0.1034
  Batch [13160/35627] - Loss: 0.1034
  Batch [13170/35627] - Loss: 0.1034
  Batch [13180/35627] - Loss: 0.1034
  Batch [13190/35627] - Loss: 0.1034
  Batch [13200/35627] - Loss: 0.1035
  Batch [13210/35627] - Loss: 0.1034
  Batch [13220/35627] - Loss: 0.1034
  Batch [13230/35627] - Loss: 0.1034
  Batch [13240/35627] - Loss: 0.1034
  Batch [13250/35627] - Loss: 0.1034
  Batch [13260/35627] - Loss: 0.1034
  Batch [13270/35627] - Loss: 0.1034
  Batch [13280/35627] - Loss: 0.1034
  Batch [13290/35627] - Loss: 0.1034
  Batch [13300/35627] - Loss: 0.1034
  Batch [13310/35627] - Loss: 0.1034
  Batch [13320/35627] - Loss: 0.1035
  Batch [13330/35627] - Loss: 0.1034
  Batch [13340/35627] - Loss: 0.1035
  Batch [13350/35627] - Loss: 0.1035
  Batch [13360/35627] - Loss: 0.1034
  Batch [13370/35627] - Loss: 0.1034
  Batch [13380/35627] - Loss: 0.1034
  Batch [13390/35627] - Loss: 0.1034
  Batch [13400/35627] - Loss: 0.1034
  Batch [13410/35627] - Loss: 0.1034
  Batch [13420/35627] - Loss: 0.1034
  Batch [13430/35627] - Loss: 0.1034
  Batch [13440/35627] - Loss: 0.1034
  Batch [13450/35627] - Loss: 0.1034
  Batch [13460/35627] - Loss: 0.1035
  Batch [13470/35627] - Loss: 0.1034
  Batch [13480/35627] - Loss: 0.1034
  Batch [13490/35627] - Loss: 0.1034
  Batch [13500/35627] - Loss: 0.1034
  Batch [13510/35627] - Loss: 0.1034
  Batch [13520/35627] - Loss: 0.1034
  Batch [13530/35627] - Loss: 0.1034
  Batch [13540/35627] - Loss: 0.1034
  Batch [13550/35627] - Loss: 0.1034
  Batch [13560/35627] - Loss: 0.1034
  Batch [13570/35627] - Loss: 0.1034
  Batch [13580/35627] - Loss: 0.1034
  Batch [13590/35627] - Loss: 0.1034
  Batch [13600/35627] - Loss: 0.1034
  Batch [13610/35627] - Loss: 0.1034
  Batch [13620/35627] - Loss: 0.1034
  Batch [13630/35627] - Loss: 0.1034
  Batch [13640/35627] - Loss: 0.1034
  Batch [13650/35627] - Loss: 0.1034
  Batch [13660/35627] - Loss: 0.1034
  Batch [13670/35627] - Loss: 0.1034
  Batch [13680/35627] - Loss: 0.1035
  Batch [13690/35627] - Loss: 0.1035
  Batch [13700/35627] - Loss: 0.1035
  Batch [13710/35627] - Loss: 0.1035
  Batch [13720/35627] - Loss: 0.1034
  Batch [13730/35627] - Loss: 0.1035
  Batch [13740/35627] - Loss: 0.1035
  Batch [13750/35627] - Loss: 0.1035
  Batch [13760/35627] - Loss: 0.1035
  Batch [13770/35627] - Loss: 0.1035
  Batch [13780/35627] - Loss: 0.1035
  Batch [13790/35627] - Loss: 0.1035
  Batch [13800/35627] - Loss: 0.1035
  Batch [13810/35627] - Loss: 0.1035
  Batch [13820/35627] - Loss: 0.1035
  Batch [13830/35627] - Loss: 0.1035
  Batch [13840/35627] - Loss: 0.1035
  Batch [13850/35627] - Loss: 0.1035
  Batch [13860/35627] - Loss: 0.1035
  Batch [13870/35627] - Loss: 0.1035
  Batch [13880/35627] - Loss: 0.1035
  Batch [13890/35627] - Loss: 0.1035
  Batch [13900/35627] - Loss: 0.1035
  Batch [13910/35627] - Loss: 0.1035
  Batch [13920/35627] - Loss: 0.1035
  Batch [13930/35627] - Loss: 0.1035
  Batch [13940/35627] - Loss: 0.1035
  Batch [13950/35627] - Loss: 0.1035
  Batch [13960/35627] - Loss: 0.1035
  Batch [13970/35627] - Loss: 0.1035
  Batch [13980/35627] - Loss: 0.1035
  Batch [13990/35627] - Loss: 0.1035
  Batch [14000/35627] - Loss: 0.1035
  Batch [14010/35627] - Loss: 0.1035
  Batch [14020/35627] - Loss: 0.1035
  Batch [14030/35627] - Loss: 0.1035
  Batch [14040/35627] - Loss: 0.1035
  Batch [14050/35627] - Loss: 0.1035
  Batch [14060/35627] - Loss: 0.1035
  Batch [14070/35627] - Loss: 0.1035
  Batch [14080/35627] - Loss: 0.1035
  Batch [14090/35627] - Loss: 0.1035
  Batch [14100/35627] - Loss: 0.1035
  Batch [14110/35627] - Loss: 0.1035
  Batch [14120/35627] - Loss: 0.1035
  Batch [14130/35627] - Loss: 0.1034
  Batch [14140/35627] - Loss: 0.1034
  Batch [14150/35627] - Loss: 0.1034
  Batch [14160/35627] - Loss: 0.1034
  Batch [14170/35627] - Loss: 0.1034
  Batch [14180/35627] - Loss: 0.1034
  Batch [14190/35627] - Loss: 0.1034
  Batch [14200/35627] - Loss: 0.1034
  Batch [14210/35627] - Loss: 0.1034
  Batch [14220/35627] - Loss: 0.1034
  Batch [14230/35627] - Loss: 0.1034
  Batch [14240/35627] - Loss: 0.1034
  Batch [14250/35627] - Loss: 0.1034
  Batch [14260/35627] - Loss: 0.1034
  Batch [14270/35627] - Loss: 0.1034
  Batch [14280/35627] - Loss: 0.1034
  Batch [14290/35627] - Loss: 0.1033
  Batch [14300/35627] - Loss: 0.1033
  Batch [14310/35627] - Loss: 0.1033
  Batch [14320/35627] - Loss: 0.1033
  Batch [14330/35627] - Loss: 0.1033
  Batch [14340/35627] - Loss: 0.1034
  Batch [14350/35627] - Loss: 0.1034
  Batch [14360/35627] - Loss: 0.1034
  Batch [14370/35627] - Loss: 0.1034
  Batch [14380/35627] - Loss: 0.1034
  Batch [14390/35627] - Loss: 0.1034
  Batch [14400/35627] - Loss: 0.1034
  Batch [14410/35627] - Loss: 0.1034
  Batch [14420/35627] - Loss: 0.1034
  Batch [14430/35627] - Loss: 0.1034
  Batch [14440/35627] - Loss: 0.1034
  Batch [14450/35627] - Loss: 0.1034
  Batch [14460/35627] - Loss: 0.1034
  Batch [14470/35627] - Loss: 0.1034
  Batch [14480/35627] - Loss: 0.1033
  Batch [14490/35627] - Loss: 0.1034
  Batch [14500/35627] - Loss: 0.1034
  Batch [14510/35627] - Loss: 0.1034
  Batch [14520/35627] - Loss: 0.1034
  Batch [14530/35627] - Loss: 0.1033
  Batch [14540/35627] - Loss: 0.1033
  Batch [14550/35627] - Loss: 0.1033
  Batch [14560/35627] - Loss: 0.1033
  Batch [14570/35627] - Loss: 0.1033
  Batch [14580/35627] - Loss: 0.1033
  Batch [14590/35627] - Loss: 0.1033
  Batch [14600/35627] - Loss: 0.1033
  Batch [14610/35627] - Loss: 0.1033
  Batch [14620/35627] - Loss: 0.1033
  Batch [14630/35627] - Loss: 0.1033
  Batch [14640/35627] - Loss: 0.1033
  Batch [14650/35627] - Loss: 0.1033
  Batch [14660/35627] - Loss: 0.1033
  Batch [14670/35627] - Loss: 0.1033
  Batch [14680/35627] - Loss: 0.1033
  Batch [14690/35627] - Loss: 0.1033
  Batch [14700/35627] - Loss: 0.1033
  Batch [14710/35627] - Loss: 0.1033
  Batch [14720/35627] - Loss: 0.1033
  Batch [14730/35627] - Loss: 0.1033
  Batch [14740/35627] - Loss: 0.1033
  Batch [14750/35627] - Loss: 0.1033
  Batch [14760/35627] - Loss: 0.1033
  Batch [14770/35627] - Loss: 0.1033
  Batch [14780/35627] - Loss: 0.1034
  Batch [14790/35627] - Loss: 0.1034
  Batch [14800/35627] - Loss: 0.1034
  Batch [14810/35627] - Loss: 0.1034
  Batch [14820/35627] - Loss: 0.1034
  Batch [14830/35627] - Loss: 0.1034
  Batch [14840/35627] - Loss: 0.1034
  Batch [14850/35627] - Loss: 0.1034
  Batch [14860/35627] - Loss: 0.1033
  Batch [14870/35627] - Loss: 0.1033
  Batch [14880/35627] - Loss: 0.1033
  Batch [14890/35627] - Loss: 0.1033
  Batch [14900/35627] - Loss: 0.1033
  Batch [14910/35627] - Loss: 0.1033
  Batch [14920/35627] - Loss: 0.1033
  Batch [14930/35627] - Loss: 0.1033
  Batch [14940/35627] - Loss: 0.1033
  Batch [14950/35627] - Loss: 0.1033
  Batch [14960/35627] - Loss: 0.1033
  Batch [14970/35627] - Loss: 0.1032
  Batch [14980/35627] - Loss: 0.1032
  Batch [14990/35627] - Loss: 0.1032
  Batch [15000/35627] - Loss: 0.1032
  Batch [15010/35627] - Loss: 0.1032
  Batch [15020/35627] - Loss: 0.1032
  Batch [15030/35627] - Loss: 0.1032
  Batch [15040/35627] - Loss: 0.1032
  Batch [15050/35627] - Loss: 0.1032
  Batch [15060/35627] - Loss: 0.1032
  Batch [15070/35627] - Loss: 0.1032
  Batch [15080/35627] - Loss: 0.1032
  Batch [15090/35627] - Loss: 0.1033
  Batch [15100/35627] - Loss: 0.1032
  Batch [15110/35627] - Loss: 0.1032
  Batch [15120/35627] - Loss: 0.1033
  Batch [15130/35627] - Loss: 0.1032
  Batch [15140/35627] - Loss: 0.1032
  Batch [15150/35627] - Loss: 0.1032
  Batch [15160/35627] - Loss: 0.1033
  Batch [15170/35627] - Loss: 0.1033
  Batch [15180/35627] - Loss: 0.1033
  Batch [15190/35627] - Loss: 0.1032
  Batch [15200/35627] - Loss: 0.1033
  Batch [15210/35627] - Loss: 0.1032
  Batch [15220/35627] - Loss: 0.1032
  Batch [15230/35627] - Loss: 0.1033
  Batch [15240/35627] - Loss: 0.1033
  Batch [15250/35627] - Loss: 0.1033
  Batch [15260/35627] - Loss: 0.1033
  Batch [15270/35627] - Loss: 0.1033
  Batch [15280/35627] - Loss: 0.1033
  Batch [15290/35627] - Loss: 0.1034
  Batch [15300/35627] - Loss: 0.1034
  Batch [15310/35627] - Loss: 0.1034
  Batch [15320/35627] - Loss: 0.1034
  Batch [15330/35627] - Loss: 0.1034
  Batch [15340/35627] - Loss: 0.1034
  Batch [15350/35627] - Loss: 0.1034
  Batch [15360/35627] - Loss: 0.1034
  Batch [15370/35627] - Loss: 0.1034
  Batch [15380/35627] - Loss: 0.1033
  Batch [15390/35627] - Loss: 0.1033
  Batch [15400/35627] - Loss: 0.1033
  Batch [15410/35627] - Loss: 0.1033
  Batch [15420/35627] - Loss: 0.1033
  Batch [15430/35627] - Loss: 0.1033
  Batch [15440/35627] - Loss: 0.1033
  Batch [15450/35627] - Loss: 0.1033
  Batch [15460/35627] - Loss: 0.1033
  Batch [15470/35627] - Loss: 0.1033
  Batch [15480/35627] - Loss: 0.1033
  Batch [15490/35627] - Loss: 0.1033
  Batch [15500/35627] - Loss: 0.1033
  Batch [15510/35627] - Loss: 0.1033
  Batch [15520/35627] - Loss: 0.1033
  Batch [15530/35627] - Loss: 0.1033
  Batch [15540/35627] - Loss: 0.1033
  Batch [15550/35627] - Loss: 0.1033
  Batch [15560/35627] - Loss: 0.1033
  Batch [15570/35627] - Loss: 0.1033
  Batch [15580/35627] - Loss: 0.1033
  Batch [15590/35627] - Loss: 0.1033
  Batch [15600/35627] - Loss: 0.1033
  Batch [15610/35627] - Loss: 0.1033
  Batch [15620/35627] - Loss: 0.1033
  Batch [15630/35627] - Loss: 0.1033
  Batch [15640/35627] - Loss: 0.1033
  Batch [15650/35627] - Loss: 0.1033
  Batch [15660/35627] - Loss: 0.1033
  Batch [15670/35627] - Loss: 0.1033
  Batch [15680/35627] - Loss: 0.1033
  Batch [15690/35627] - Loss: 0.1033
  Batch [15700/35627] - Loss: 0.1033
  Batch [15710/35627] - Loss: 0.1033
  Batch [15720/35627] - Loss: 0.1033
  Batch [15730/35627] - Loss: 0.1033
  Batch [15740/35627] - Loss: 0.1033
  Batch [15750/35627] - Loss: 0.1033
  Batch [15760/35627] - Loss: 0.1033
  Batch [15770/35627] - Loss: 0.1033
  Batch [15780/35627] - Loss: 0.1033
  Batch [15790/35627] - Loss: 0.1033
  Batch [15800/35627] - Loss: 0.1033
  Batch [15810/35627] - Loss: 0.1033
  Batch [15820/35627] - Loss: 0.1032
  Batch [15830/35627] - Loss: 0.1032
  Batch [15840/35627] - Loss: 0.1032
  Batch [15850/35627] - Loss: 0.1033
  Batch [15860/35627] - Loss: 0.1032
  Batch [15870/35627] - Loss: 0.1033
  Batch [15880/35627] - Loss: 0.1032
  Batch [15890/35627] - Loss: 0.1032
  Batch [15900/35627] - Loss: 0.1032
  Batch [15910/35627] - Loss: 0.1032
  Batch [15920/35627] - Loss: 0.1032
  Batch [15930/35627] - Loss: 0.1032
  Batch [15940/35627] - Loss: 0.1032
  Batch [15950/35627] - Loss: 0.1032
  Batch [15960/35627] - Loss: 0.1032
  Batch [15970/35627] - Loss: 0.1033
  Batch [15980/35627] - Loss: 0.1033
  Batch [15990/35627] - Loss: 0.1033
  Batch [16000/35627] - Loss: 0.1033
  Batch [16010/35627] - Loss: 0.1032
  Batch [16020/35627] - Loss: 0.1033
  Batch [16030/35627] - Loss: 0.1032
  Batch [16040/35627] - Loss: 0.1032
  Batch [16050/35627] - Loss: 0.1032
  Batch [16060/35627] - Loss: 0.1032
  Batch [16070/35627] - Loss: 0.1032
  Batch [16080/35627] - Loss: 0.1032
  Batch [16090/35627] - Loss: 0.1032
  Batch [16100/35627] - Loss: 0.1032
  Batch [16110/35627] - Loss: 0.1032
  Batch [16120/35627] - Loss: 0.1032
  Batch [16130/35627] - Loss: 0.1032
  Batch [16140/35627] - Loss: 0.1032
  Batch [16150/35627] - Loss: 0.1032
  Batch [16160/35627] - Loss: 0.1032
  Batch [16170/35627] - Loss: 0.1032
  Batch [16180/35627] - Loss: 0.1032
  Batch [16190/35627] - Loss: 0.1031
  Batch [16200/35627] - Loss: 0.1032
  Batch [16210/35627] - Loss: 0.1032
  Batch [16220/35627] - Loss: 0.1032
  Batch [16230/35627] - Loss: 0.1032
  Batch [16240/35627] - Loss: 0.1031
  Batch [16250/35627] - Loss: 0.1031
  Batch [16260/35627] - Loss: 0.1031
  Batch [16270/35627] - Loss: 0.1031
  Batch [16280/35627] - Loss: 0.1031
  Batch [16290/35627] - Loss: 0.1031
  Batch [16300/35627] - Loss: 0.1031
  Batch [16310/35627] - Loss: 0.1031
  Batch [16320/35627] - Loss: 0.1031
  Batch [16330/35627] - Loss: 0.1031
  Batch [16340/35627] - Loss: 0.1031
  Batch [16350/35627] - Loss: 0.1031
  Batch [16360/35627] - Loss: 0.1031
  Batch [16370/35627] - Loss: 0.1031
  Batch [16380/35627] - Loss: 0.1030
  Batch [16390/35627] - Loss: 0.1031
  Batch [16400/35627] - Loss: 0.1030
  Batch [16410/35627] - Loss: 0.1030
  Batch [16420/35627] - Loss: 0.1030
  Batch [16430/35627] - Loss: 0.1030
  Batch [16440/35627] - Loss: 0.1031
  Batch [16450/35627] - Loss: 0.1030
  Batch [16460/35627] - Loss: 0.1031
  Batch [16470/35627] - Loss: 0.1031
  Batch [16480/35627] - Loss: 0.1030
  Batch [16490/35627] - Loss: 0.1030
  Batch [16500/35627] - Loss: 0.1030
  Batch [16510/35627] - Loss: 0.1030
  Batch [16520/35627] - Loss: 0.1031
  Batch [16530/35627] - Loss: 0.1031
  Batch [16540/35627] - Loss: 0.1031
  Batch [16550/35627] - Loss: 0.1031
  Batch [16560/35627] - Loss: 0.1031
  Batch [16570/35627] - Loss: 0.1031
  Batch [16580/35627] - Loss: 0.1031
  Batch [16590/35627] - Loss: 0.1031
  Batch [16600/35627] - Loss: 0.1031
  Batch [16610/35627] - Loss: 0.1031
  Batch [16620/35627] - Loss: 0.1031
  Batch [16630/35627] - Loss: 0.1031
  Batch [16640/35627] - Loss: 0.1031
  Batch [16650/35627] - Loss: 0.1031
  Batch [16660/35627] - Loss: 0.1030
  Batch [16670/35627] - Loss: 0.1030
  Batch [16680/35627] - Loss: 0.1030
  Batch [16690/35627] - Loss: 0.1030
  Batch [16700/35627] - Loss: 0.1030
  Batch [16710/35627] - Loss: 0.1030
  Batch [16720/35627] - Loss: 0.1030
  Batch [16730/35627] - Loss: 0.1030
  Batch [16740/35627] - Loss: 0.1030
  Batch [16750/35627] - Loss: 0.1030
  Batch [16760/35627] - Loss: 0.1030
  Batch [16770/35627] - Loss: 0.1030
  Batch [16780/35627] - Loss: 0.1030
  Batch [16790/35627] - Loss: 0.1030
  Batch [16800/35627] - Loss: 0.1029
  Batch [16810/35627] - Loss: 0.1030
  Batch [16820/35627] - Loss: 0.1030
  Batch [16830/35627] - Loss: 0.1029
  Batch [16840/35627] - Loss: 0.1029
  Batch [16850/35627] - Loss: 0.1029
  Batch [16860/35627] - Loss: 0.1030
  Batch [16870/35627] - Loss: 0.1030
  Batch [16880/35627] - Loss: 0.1030
  Batch [16890/35627] - Loss: 0.1030
  Batch [16900/35627] - Loss: 0.1030
  Batch [16910/35627] - Loss: 0.1030
  Batch [16920/35627] - Loss: 0.1030
  Batch [16930/35627] - Loss: 0.1030
  Batch [16940/35627] - Loss: 0.1030
  Batch [16950/35627] - Loss: 0.1030
  Batch [16960/35627] - Loss: 0.1030
  Batch [16970/35627] - Loss: 0.1030
  Batch [16980/35627] - Loss: 0.1030
  Batch [16990/35627] - Loss: 0.1030
  Batch [17000/35627] - Loss: 0.1030
  Batch [17010/35627] - Loss: 0.1030
  Batch [17020/35627] - Loss: 0.1030
  Batch [17030/35627] - Loss: 0.1030
  Batch [17040/35627] - Loss: 0.1030
  Batch [17050/35627] - Loss: 0.1030
  Batch [17060/35627] - Loss: 0.1030
  Batch [17070/35627] - Loss: 0.1030
  Batch [17080/35627] - Loss: 0.1030
  Batch [17090/35627] - Loss: 0.1030
  Batch [17100/35627] - Loss: 0.1030
  Batch [17110/35627] - Loss: 0.1030
  Batch [17120/35627] - Loss: 0.1030
  Batch [17130/35627] - Loss: 0.1030
  Batch [17140/35627] - Loss: 0.1030
  Batch [17150/35627] - Loss: 0.1030
  Batch [17160/35627] - Loss: 0.1030
  Batch [17170/35627] - Loss: 0.1030
  Batch [17180/35627] - Loss: 0.1030
  Batch [17190/35627] - Loss: 0.1030
  Batch [17200/35627] - Loss: 0.1030
  Batch [17210/35627] - Loss: 0.1030
  Batch [17220/35627] - Loss: 0.1030
  Batch [17230/35627] - Loss: 0.1030
  Batch [17240/35627] - Loss: 0.1030
  Batch [17250/35627] - Loss: 0.1030
  Batch [17260/35627] - Loss: 0.1031
  Batch [17270/35627] - Loss: 0.1031
  Batch [17280/35627] - Loss: 0.1031
  Batch [17290/35627] - Loss: 0.1031
  Batch [17300/35627] - Loss: 0.1031
  Batch [17310/35627] - Loss: 0.1031
  Batch [17320/35627] - Loss: 0.1031
  Batch [17330/35627] - Loss: 0.1031
  Batch [17340/35627] - Loss: 0.1031
  Batch [17350/35627] - Loss: 0.1031
  Batch [17360/35627] - Loss: 0.1031
  Batch [17370/35627] - Loss: 0.1031
  Batch [17380/35627] - Loss: 0.1031
  Batch [17390/35627] - Loss: 0.1031
  Batch [17400/35627] - Loss: 0.1031
  Batch [17410/35627] - Loss: 0.1031
  Batch [17420/35627] - Loss: 0.1031
  Batch [17430/35627] - Loss: 0.1031
  Batch [17440/35627] - Loss: 0.1031
  Batch [17450/35627] - Loss: 0.1031
  Batch [17460/35627] - Loss: 0.1031
  Batch [17470/35627] - Loss: 0.1031
  Batch [17480/35627] - Loss: 0.1031
  Batch [17490/35627] - Loss: 0.1031
  Batch [17500/35627] - Loss: 0.1030
  Batch [17510/35627] - Loss: 0.1031
  Batch [17520/35627] - Loss: 0.1030
  Batch [17530/35627] - Loss: 0.1031
  Batch [17540/35627] - Loss: 0.1030
  Batch [17550/35627] - Loss: 0.1030
  Batch [17560/35627] - Loss: 0.1030
  Batch [17570/35627] - Loss: 0.1030
  Batch [17580/35627] - Loss: 0.1031
  Batch [17590/35627] - Loss: 0.1031
  Batch [17600/35627] - Loss: 0.1030
  Batch [17610/35627] - Loss: 0.1030
  Batch [17620/35627] - Loss: 0.1030
  Batch [17630/35627] - Loss: 0.1030
  Batch [17640/35627] - Loss: 0.1030
  Batch [17650/35627] - Loss: 0.1030
  Batch [17660/35627] - Loss: 0.1030
  Batch [17670/35627] - Loss: 0.1030
  Batch [17680/35627] - Loss: 0.1030
  Batch [17690/35627] - Loss: 0.1030
  Batch [17700/35627] - Loss: 0.1030
  Batch [17710/35627] - Loss: 0.1030
  Batch [17720/35627] - Loss: 0.1030
  Batch [17730/35627] - Loss: 0.1030
  Batch [17740/35627] - Loss: 0.1030
  Batch [17750/35627] - Loss: 0.1030
  Batch [17760/35627] - Loss: 0.1030
  Batch [17770/35627] - Loss: 0.1030
  Batch [17780/35627] - Loss: 0.1030
  Batch [17790/35627] - Loss: 0.1030
  Batch [17800/35627] - Loss: 0.1030
  Batch [17810/35627] - Loss: 0.1030
  Batch [17820/35627] - Loss: 0.1031
  Batch [17830/35627] - Loss: 0.1031
  Batch [17840/35627] - Loss: 0.1030
  Batch [17850/35627] - Loss: 0.1030
  Batch [17860/35627] - Loss: 0.1031
  Batch [17870/35627] - Loss: 0.1031
  Batch [17880/35627] - Loss: 0.1031
  Batch [17890/35627] - Loss: 0.1031
  Batch [17900/35627] - Loss: 0.1031
  Batch [17910/35627] - Loss: 0.1031
  Batch [17920/35627] - Loss: 0.1031
  Batch [17930/35627] - Loss: 0.1031
  Batch [17940/35627] - Loss: 0.1031
  Batch [17950/35627] - Loss: 0.1031
  Batch [17960/35627] - Loss: 0.1031
  Batch [17970/35627] - Loss: 0.1031
  Batch [17980/35627] - Loss: 0.1031
  Batch [17990/35627] - Loss: 0.1031
  Batch [18000/35627] - Loss: 0.1031
  Batch [18010/35627] - Loss: 0.1031
  Batch [18020/35627] - Loss: 0.1031
  Batch [18030/35627] - Loss: 0.1031
  Batch [18040/35627] - Loss: 0.1031
  Batch [18050/35627] - Loss: 0.1031
  Batch [18060/35627] - Loss: 0.1031
  Batch [18070/35627] - Loss: 0.1031
  Batch [18080/35627] - Loss: 0.1031
  Batch [18090/35627] - Loss: 0.1031
  Batch [18100/35627] - Loss: 0.1031
  Batch [18110/35627] - Loss: 0.1031
  Batch [18120/35627] - Loss: 0.1031
  Batch [18130/35627] - Loss: 0.1031
  Batch [18140/35627] - Loss: 0.1031
  Batch [18150/35627] - Loss: 0.1031
  Batch [18160/35627] - Loss: 0.1031
  Batch [18170/35627] - Loss: 0.1031
  Batch [18180/35627] - Loss: 0.1031
  Batch [18190/35627] - Loss: 0.1031
  Batch [18200/35627] - Loss: 0.1031
  Batch [18210/35627] - Loss: 0.1031
  Batch [18220/35627] - Loss: 0.1031
  Batch [18230/35627] - Loss: 0.1031
  Batch [18240/35627] - Loss: 0.1031
  Batch [18250/35627] - Loss: 0.1031
  Batch [18260/35627] - Loss: 0.1031
  Batch [18270/35627] - Loss: 0.1031
  Batch [18280/35627] - Loss: 0.1031
  Batch [18290/35627] - Loss: 0.1031
  Batch [18300/35627] - Loss: 0.1031
  Batch [18310/35627] - Loss: 0.1031
  Batch [18320/35627] - Loss: 0.1031
  Batch [18330/35627] - Loss: 0.1031
  Batch [18340/35627] - Loss: 0.1031
  Batch [18350/35627] - Loss: 0.1031
  Batch [18360/35627] - Loss: 0.1031
  Batch [18370/35627] - Loss: 0.1031
  Batch [18380/35627] - Loss: 0.1031
  Batch [18390/35627] - Loss: 0.1031
  Batch [18400/35627] - Loss: 0.1031
  Batch [18410/35627] - Loss: 0.1031
  Batch [18420/35627] - Loss: 0.1031
  Batch [18430/35627] - Loss: 0.1031
  Batch [18440/35627] - Loss: 0.1031
  Batch [18450/35627] - Loss: 0.1031
  Batch [18460/35627] - Loss: 0.1031
  Batch [18470/35627] - Loss: 0.1031
  Batch [18480/35627] - Loss: 0.1031
  Batch [18490/35627] - Loss: 0.1031
  Batch [18500/35627] - Loss: 0.1031
  Batch [18510/35627] - Loss: 0.1031
  Batch [18520/35627] - Loss: 0.1031
  Batch [18530/35627] - Loss: 0.1031
  Batch [18540/35627] - Loss: 0.1031
  Batch [18550/35627] - Loss: 0.1031
  Batch [18560/35627] - Loss: 0.1031
  Batch [18570/35627] - Loss: 0.1031
  Batch [18580/35627] - Loss: 0.1031
  Batch [18590/35627] - Loss: 0.1031
  Batch [18600/35627] - Loss: 0.1031
  Batch [18610/35627] - Loss: 0.1031
  Batch [18620/35627] - Loss: 0.1031
  Batch [18630/35627] - Loss: 0.1031
  Batch [18640/35627] - Loss: 0.1031
  Batch [18650/35627] - Loss: 0.1031
  Batch [18660/35627] - Loss: 0.1031
  Batch [18670/35627] - Loss: 0.1031
  Batch [18680/35627] - Loss: 0.1031
  Batch [18690/35627] - Loss: 0.1031
  Batch [18700/35627] - Loss: 0.1031
  Batch [18710/35627] - Loss: 0.1031
  Batch [18720/35627] - Loss: 0.1031
  Batch [18730/35627] - Loss: 0.1031
  Batch [18740/35627] - Loss: 0.1031
  Batch [18750/35627] - Loss: 0.1031
  Batch [18760/35627] - Loss: 0.1031
  Batch [18770/35627] - Loss: 0.1031
  Batch [18780/35627] - Loss: 0.1031
  Batch [18790/35627] - Loss: 0.1031
  Batch [18800/35627] - Loss: 0.1031
  Batch [18810/35627] - Loss: 0.1031
  Batch [18820/35627] - Loss: 0.1031
  Batch [18830/35627] - Loss: 0.1031
  Batch [18840/35627] - Loss: 0.1031
  Batch [18850/35627] - Loss: 0.1031
  Batch [18860/35627] - Loss: 0.1031
  Batch [18870/35627] - Loss: 0.1031
  Batch [18880/35627] - Loss: 0.1031
  Batch [18890/35627] - Loss: 0.1031
  Batch [18900/35627] - Loss: 0.1031
  Batch [18910/35627] - Loss: 0.1031
  Batch [18920/35627] - Loss: 0.1031
  Batch [18930/35627] - Loss: 0.1031
  Batch [18940/35627] - Loss: 0.1031
  Batch [18950/35627] - Loss: 0.1031
  Batch [18960/35627] - Loss: 0.1030
  Batch [18970/35627] - Loss: 0.1030
  Batch [18980/35627] - Loss: 0.1030
  Batch [18990/35627] - Loss: 0.1030
  Batch [19000/35627] - Loss: 0.1030
  Batch [19010/35627] - Loss: 0.1030
  Batch [19020/35627] - Loss: 0.1030
  Batch [19030/35627] - Loss: 0.1031
  Batch [19040/35627] - Loss: 0.1031
  Batch [19050/35627] - Loss: 0.1031
  Batch [19060/35627] - Loss: 0.1030
  Batch [19070/35627] - Loss: 0.1030
  Batch [19080/35627] - Loss: 0.1030
  Batch [19090/35627] - Loss: 0.1030
  Batch [19100/35627] - Loss: 0.1030
  Batch [19110/35627] - Loss: 0.1030
  Batch [19120/35627] - Loss: 0.1030
  Batch [19130/35627] - Loss: 0.1030
  Batch [19140/35627] - Loss: 0.1030
  Batch [19150/35627] - Loss: 0.1030
  Batch [19160/35627] - Loss: 0.1030
  Batch [19170/35627] - Loss: 0.1030
  Batch [19180/35627] - Loss: 0.1030
  Batch [19190/35627] - Loss: 0.1030
  Batch [19200/35627] - Loss: 0.1030
  Batch [19210/35627] - Loss: 0.1030
  Batch [19220/35627] - Loss: 0.1030
  Batch [19230/35627] - Loss: 0.1030
  Batch [19240/35627] - Loss: 0.1030
  Batch [19250/35627] - Loss: 0.1030
  Batch [19260/35627] - Loss: 0.1030
  Batch [19270/35627] - Loss: 0.1030
  Batch [19280/35627] - Loss: 0.1030
  Batch [19290/35627] - Loss: 0.1030
  Batch [19300/35627] - Loss: 0.1030
  Batch [19310/35627] - Loss: 0.1030
  Batch [19320/35627] - Loss: 0.1030
  Batch [19330/35627] - Loss: 0.1030
  Batch [19340/35627] - Loss: 0.1030
  Batch [19350/35627] - Loss: 0.1030
  Batch [19360/35627] - Loss: 0.1029
  Batch [19370/35627] - Loss: 0.1029
  Batch [19380/35627] - Loss: 0.1030
  Batch [19390/35627] - Loss: 0.1029
  Batch [19400/35627] - Loss: 0.1029
  Batch [19410/35627] - Loss: 0.1029
  Batch [19420/35627] - Loss: 0.1029
  Batch [19430/35627] - Loss: 0.1029
  Batch [19440/35627] - Loss: 0.1030
  Batch [19450/35627] - Loss: 0.1029
  Batch [19460/35627] - Loss: 0.1029
  Batch [19470/35627] - Loss: 0.1029
  Batch [19480/35627] - Loss: 0.1029
  Batch [19490/35627] - Loss: 0.1029
  Batch [19500/35627] - Loss: 0.1029
  Batch [19510/35627] - Loss: 0.1029
  Batch [19520/35627] - Loss: 0.1029
  Batch [19530/35627] - Loss: 0.1029
  Batch [19540/35627] - Loss: 0.1029
  Batch [19550/35627] - Loss: 0.1029
  Batch [19560/35627] - Loss: 0.1029
  Batch [19570/35627] - Loss: 0.1029
  Batch [19580/35627] - Loss: 0.1029
  Batch [19590/35627] - Loss: 0.1029
  Batch [19600/35627] - Loss: 0.1029
  Batch [19610/35627] - Loss: 0.1029
  Batch [19620/35627] - Loss: 0.1029
  Batch [19630/35627] - Loss: 0.1029
  Batch [19640/35627] - Loss: 0.1029
  Batch [19650/35627] - Loss: 0.1029
  Batch [19660/35627] - Loss: 0.1029
  Batch [19670/35627] - Loss: 0.1029
  Batch [19680/35627] - Loss: 0.1029
  Batch [19690/35627] - Loss: 0.1029
  Batch [19700/35627] - Loss: 0.1029
  Batch [19710/35627] - Loss: 0.1029
  Batch [19720/35627] - Loss: 0.1029
  Batch [19730/35627] - Loss: 0.1029
  Batch [19740/35627] - Loss: 0.1029
  Batch [19750/35627] - Loss: 0.1029
  Batch [19760/35627] - Loss: 0.1030
  Batch [19770/35627] - Loss: 0.1030
  Batch [19780/35627] - Loss: 0.1030
  Batch [19790/35627] - Loss: 0.1030
  Batch [19800/35627] - Loss: 0.1029
  Batch [19810/35627] - Loss: 0.1029
  Batch [19820/35627] - Loss: 0.1029
  Batch [19830/35627] - Loss: 0.1029
  Batch [19840/35627] - Loss: 0.1029
  Batch [19850/35627] - Loss: 0.1029
  Batch [19860/35627] - Loss: 0.1029
  Batch [19870/35627] - Loss: 0.1029
  Batch [19880/35627] - Loss: 0.1029
  Batch [19890/35627] - Loss: 0.1029
  Batch [19900/35627] - Loss: 0.1029
  Batch [19910/35627] - Loss: 0.1029
  Batch [19920/35627] - Loss: 0.1029
  Batch [19930/35627] - Loss: 0.1028
  Batch [19940/35627] - Loss: 0.1028
  Batch [19950/35627] - Loss: 0.1029
  Batch [19960/35627] - Loss: 0.1029
  Batch [19970/35627] - Loss: 0.1029
  Batch [19980/35627] - Loss: 0.1029
  Batch [19990/35627] - Loss: 0.1029
  Batch [20000/35627] - Loss: 0.1029
  Batch [20010/35627] - Loss: 0.1029
  Batch [20020/35627] - Loss: 0.1029
  Batch [20030/35627] - Loss: 0.1029
  Batch [20040/35627] - Loss: 0.1029
  Batch [20050/35627] - Loss: 0.1029
  Batch [20060/35627] - Loss: 0.1029
  Batch [20070/35627] - Loss: 0.1029
  Batch [20080/35627] - Loss: 0.1029
  Batch [20090/35627] - Loss: 0.1029
  Batch [20100/35627] - Loss: 0.1029
  Batch [20110/35627] - Loss: 0.1029
  Batch [20120/35627] - Loss: 0.1029
  Batch [20130/35627] - Loss: 0.1029
  Batch [20140/35627] - Loss: 0.1029
  Batch [20150/35627] - Loss: 0.1029
  Batch [20160/35627] - Loss: 0.1029
  Batch [20170/35627] - Loss: 0.1029
  Batch [20180/35627] - Loss: 0.1029
  Batch [20190/35627] - Loss: 0.1029
  Batch [20200/35627] - Loss: 0.1029
  Batch [20210/35627] - Loss: 0.1029
  Batch [20220/35627] - Loss: 0.1029
  Batch [20230/35627] - Loss: 0.1029
  Batch [20240/35627] - Loss: 0.1029
  Batch [20250/35627] - Loss: 0.1029
  Batch [20260/35627] - Loss: 0.1030
  Batch [20270/35627] - Loss: 0.1030
  Batch [20280/35627] - Loss: 0.1030
  Batch [20290/35627] - Loss: 0.1030
  Batch [20300/35627] - Loss: 0.1030
  Batch [20310/35627] - Loss: 0.1030
  Batch [20320/35627] - Loss: 0.1030
  Batch [20330/35627] - Loss: 0.1030
  Batch [20340/35627] - Loss: 0.1030
  Batch [20350/35627] - Loss: 0.1030
  Batch [20360/35627] - Loss: 0.1030
  Batch [20370/35627] - Loss: 0.1030
  Batch [20380/35627] - Loss: 0.1030
  Batch [20390/35627] - Loss: 0.1030
  Batch [20400/35627] - Loss: 0.1030
  Batch [20410/35627] - Loss: 0.1030
  Batch [20420/35627] - Loss: 0.1030
  Batch [20430/35627] - Loss: 0.1030
  Batch [20440/35627] - Loss: 0.1030
  Batch [20450/35627] - Loss: 0.1030
  Batch [20460/35627] - Loss: 0.1030
  Batch [20470/35627] - Loss: 0.1030
  Batch [20480/35627] - Loss: 0.1030
  Batch [20490/35627] - Loss: 0.1030
  Batch [20500/35627] - Loss: 0.1030
  Batch [20510/35627] - Loss: 0.1030
  Batch [20520/35627] - Loss: 0.1030
  Batch [20530/35627] - Loss: 0.1030
  Batch [20540/35627] - Loss: 0.1030
  Batch [20550/35627] - Loss: 0.1030
  Batch [20560/35627] - Loss: 0.1030
  Batch [20570/35627] - Loss: 0.1030
  Batch [20580/35627] - Loss: 0.1030
  Batch [20590/35627] - Loss: 0.1030
  Batch [20600/35627] - Loss: 0.1030
  Batch [20610/35627] - Loss: 0.1030
  Batch [20620/35627] - Loss: 0.1030
  Batch [20630/35627] - Loss: 0.1030
  Batch [20640/35627] - Loss: 0.1030
  Batch [20650/35627] - Loss: 0.1030
  Batch [20660/35627] - Loss: 0.1030
  Batch [20670/35627] - Loss: 0.1030
  Batch [20680/35627] - Loss: 0.1030
  Batch [20690/35627] - Loss: 0.1030
  Batch [20700/35627] - Loss: 0.1030
  Batch [20710/35627] - Loss: 0.1030
  Batch [20720/35627] - Loss: 0.1030
  Batch [20730/35627] - Loss: 0.1030
  Batch [20740/35627] - Loss: 0.1030
  Batch [20750/35627] - Loss: 0.1030
  Batch [20760/35627] - Loss: 0.1030
  Batch [20770/35627] - Loss: 0.1030
  Batch [20780/35627] - Loss: 0.1030
  Batch [20790/35627] - Loss: 0.1030
  Batch [20800/35627] - Loss: 0.1030
  Batch [20810/35627] - Loss: 0.1030
  Batch [20820/35627] - Loss: 0.1030
  Batch [20830/35627] - Loss: 0.1030
  Batch [20840/35627] - Loss: 0.1030
  Batch [20850/35627] - Loss: 0.1030
  Batch [20860/35627] - Loss: 0.1030
  Batch [20870/35627] - Loss: 0.1030
  Batch [20880/35627] - Loss: 0.1030
  Batch [20890/35627] - Loss: 0.1030
  Batch [20900/35627] - Loss: 0.1030
  Batch [20910/35627] - Loss: 0.1030
  Batch [20920/35627] - Loss: 0.1030
  Batch [20930/35627] - Loss: 0.1030
  Batch [20940/35627] - Loss: 0.1030
  Batch [20950/35627] - Loss: 0.1030
  Batch [20960/35627] - Loss: 0.1030
  Batch [20970/35627] - Loss: 0.1030
  Batch [20980/35627] - Loss: 0.1030
  Batch [20990/35627] - Loss: 0.1030
  Batch [21000/35627] - Loss: 0.1030
  Batch [21010/35627] - Loss: 0.1030
  Batch [21020/35627] - Loss: 0.1030
  Batch [21030/35627] - Loss: 0.1030
  Batch [21040/35627] - Loss: 0.1030
  Batch [21050/35627] - Loss: 0.1030
  Batch [21060/35627] - Loss: 0.1030
  Batch [21070/35627] - Loss: 0.1030
  Batch [21080/35627] - Loss: 0.1030
  Batch [21090/35627] - Loss: 0.1030
  Batch [21100/35627] - Loss: 0.1030
  Batch [21110/35627] - Loss: 0.1030
  Batch [21120/35627] - Loss: 0.1030
  Batch [21130/35627] - Loss: 0.1030
  Batch [21140/35627] - Loss: 0.1030
  Batch [21150/35627] - Loss: 0.1030
  Batch [21160/35627] - Loss: 0.1030
  Batch [21170/35627] - Loss: 0.1029
  Batch [21180/35627] - Loss: 0.1029
  Batch [21190/35627] - Loss: 0.1029
  Batch [21200/35627] - Loss: 0.1029
  Batch [21210/35627] - Loss: 0.1029
  Batch [21220/35627] - Loss: 0.1029
  Batch [21230/35627] - Loss: 0.1029
  Batch [21240/35627] - Loss: 0.1029
  Batch [21250/35627] - Loss: 0.1029
  Batch [21260/35627] - Loss: 0.1029
  Batch [21270/35627] - Loss: 0.1029
  Batch [21280/35627] - Loss: 0.1029
  Batch [21290/35627] - Loss: 0.1029
  Batch [21300/35627] - Loss: 0.1029
  Batch [21310/35627] - Loss: 0.1029
  Batch [21320/35627] - Loss: 0.1029
  Batch [21330/35627] - Loss: 0.1029
  Batch [21340/35627] - Loss: 0.1029
  Batch [21350/35627] - Loss: 0.1029
  Batch [21360/35627] - Loss: 0.1029
  Batch [21370/35627] - Loss: 0.1029
  Batch [21380/35627] - Loss: 0.1029
  Batch [21390/35627] - Loss: 0.1030
  Batch [21400/35627] - Loss: 0.1029
  Batch [21410/35627] - Loss: 0.1029
  Batch [21420/35627] - Loss: 0.1029
  Batch [21430/35627] - Loss: 0.1030
  Batch [21440/35627] - Loss: 0.1030
  Batch [21450/35627] - Loss: 0.1030
  Batch [21460/35627] - Loss: 0.1030
  Batch [21470/35627] - Loss: 0.1030
  Batch [21480/35627] - Loss: 0.1030
  Batch [21490/35627] - Loss: 0.1030
  Batch [21500/35627] - Loss: 0.1030
  Batch [21510/35627] - Loss: 0.1030
  Batch [21520/35627] - Loss: 0.1030
  Batch [21530/35627] - Loss: 0.1030
  Batch [21540/35627] - Loss: 0.1030
  Batch [21550/35627] - Loss: 0.1030
  Batch [21560/35627] - Loss: 0.1030
  Batch [21570/35627] - Loss: 0.1030
  Batch [21580/35627] - Loss: 0.1029
  Batch [21590/35627] - Loss: 0.1029
  Batch [21600/35627] - Loss: 0.1029
  Batch [21610/35627] - Loss: 0.1029
  Batch [21620/35627] - Loss: 0.1029
  Batch [21630/35627] - Loss: 0.1029
  Batch [21640/35627] - Loss: 0.1029
  Batch [21650/35627] - Loss: 0.1029
  Batch [21660/35627] - Loss: 0.1029
  Batch [21670/35627] - Loss: 0.1029
  Batch [21680/35627] - Loss: 0.1030
  Batch [21690/35627] - Loss: 0.1029
  Batch [21700/35627] - Loss: 0.1029
  Batch [21710/35627] - Loss: 0.1029
  Batch [21720/35627] - Loss: 0.1029
  Batch [21730/35627] - Loss: 0.1029
  Batch [21740/35627] - Loss: 0.1029
  Batch [21750/35627] - Loss: 0.1029
  Batch [21760/35627] - Loss: 0.1029
  Batch [21770/35627] - Loss: 0.1030
  Batch [21780/35627] - Loss: 0.1030
  Batch [21790/35627] - Loss: 0.1030
  Batch [21800/35627] - Loss: 0.1030
  Batch [21810/35627] - Loss: 0.1030
  Batch [21820/35627] - Loss: 0.1030
  Batch [21830/35627] - Loss: 0.1030
  Batch [21840/35627] - Loss: 0.1030
  Batch [21850/35627] - Loss: 0.1029
  Batch [21860/35627] - Loss: 0.1029
  Batch [21870/35627] - Loss: 0.1029
  Batch [21880/35627] - Loss: 0.1029
  Batch [21890/35627] - Loss: 0.1029
  Batch [21900/35627] - Loss: 0.1029
  Batch [21910/35627] - Loss: 0.1029
  Batch [21920/35627] - Loss: 0.1029
  Batch [21930/35627] - Loss: 0.1029
  Batch [21940/35627] - Loss: 0.1029
  Batch [21950/35627] - Loss: 0.1029
  Batch [21960/35627] - Loss: 0.1029
  Batch [21970/35627] - Loss: 0.1029
  Batch [21980/35627] - Loss: 0.1030
  Batch [21990/35627] - Loss: 0.1030
  Batch [22000/35627] - Loss: 0.1030
  Batch [22010/35627] - Loss: 0.1030
  Batch [22020/35627] - Loss: 0.1030
  Batch [22030/35627] - Loss: 0.1030
  Batch [22040/35627] - Loss: 0.1030
  Batch [22050/35627] - Loss: 0.1030
  Batch [22060/35627] - Loss: 0.1030
  Batch [22070/35627] - Loss: 0.1030
  Batch [22080/35627] - Loss: 0.1030
  Batch [22090/35627] - Loss: 0.1030
  Batch [22100/35627] - Loss: 0.1030
  Batch [22110/35627] - Loss: 0.1030
  Batch [22120/35627] - Loss: 0.1030
  Batch [22130/35627] - Loss: 0.1030
  Batch [22140/35627] - Loss: 0.1030
  Batch [22150/35627] - Loss: 0.1030
  Batch [22160/35627] - Loss: 0.1030
  Batch [22170/35627] - Loss: 0.1030
  Batch [22180/35627] - Loss: 0.1030
  Batch [22190/35627] - Loss: 0.1030
  Batch [22200/35627] - Loss: 0.1030
  Batch [22210/35627] - Loss: 0.1030
  Batch [22220/35627] - Loss: 0.1030
  Batch [22230/35627] - Loss: 0.1030
  Batch [22240/35627] - Loss: 0.1030
  Batch [22250/35627] - Loss: 0.1030
  Batch [22260/35627] - Loss: 0.1030
  Batch [22270/35627] - Loss: 0.1030
  Batch [22280/35627] - Loss: 0.1030
  Batch [22290/35627] - Loss: 0.1030
  Batch [22300/35627] - Loss: 0.1030
  Batch [22310/35627] - Loss: 0.1030
  Batch [22320/35627] - Loss: 0.1030
  Batch [22330/35627] - Loss: 0.1030
  Batch [22340/35627] - Loss: 0.1030
  Batch [22350/35627] - Loss: 0.1030
  Batch [22360/35627] - Loss: 0.1030
  Batch [22370/35627] - Loss: 0.1030
  Batch [22380/35627] - Loss: 0.1030
  Batch [22390/35627] - Loss: 0.1030
  Batch [22400/35627] - Loss: 0.1030
  Batch [22410/35627] - Loss: 0.1030
  Batch [22420/35627] - Loss: 0.1030
  Batch [22430/35627] - Loss: 0.1030
  Batch [22440/35627] - Loss: 0.1030
  Batch [22450/35627] - Loss: 0.1030
  Batch [22460/35627] - Loss: 0.1030
  Batch [22470/35627] - Loss: 0.1030
  Batch [22480/35627] - Loss: 0.1030
  Batch [22490/35627] - Loss: 0.1030
  Batch [22500/35627] - Loss: 0.1030
  Batch [22510/35627] - Loss: 0.1030
  Batch [22520/35627] - Loss: 0.1030
  Batch [22530/35627] - Loss: 0.1030
  Batch [22540/35627] - Loss: 0.1030
  Batch [22550/35627] - Loss: 0.1030
  Batch [22560/35627] - Loss: 0.1030
  Batch [22570/35627] - Loss: 0.1030
  Batch [22580/35627] - Loss: 0.1029
  Batch [22590/35627] - Loss: 0.1030
  Batch [22600/35627] - Loss: 0.1030
  Batch [22610/35627] - Loss: 0.1030
  Batch [22620/35627] - Loss: 0.1030
  Batch [22630/35627] - Loss: 0.1030
  Batch [22640/35627] - Loss: 0.1029
  Batch [22650/35627] - Loss: 0.1029
  Batch [22660/35627] - Loss: 0.1030
  Batch [22670/35627] - Loss: 0.1030
  Batch [22680/35627] - Loss: 0.1030
  Batch [22690/35627] - Loss: 0.1030
  Batch [22700/35627] - Loss: 0.1030
  Batch [22710/35627] - Loss: 0.1030
  Batch [22720/35627] - Loss: 0.1030
  Batch [22730/35627] - Loss: 0.1030
  Batch [22740/35627] - Loss: 0.1030
  Batch [22750/35627] - Loss: 0.1030
  Batch [22760/35627] - Loss: 0.1030
  Batch [22770/35627] - Loss: 0.1030
  Batch [22780/35627] - Loss: 0.1030
  Batch [22790/35627] - Loss: 0.1030
  Batch [22800/35627] - Loss: 0.1030
  Batch [22810/35627] - Loss: 0.1030
  Batch [22820/35627] - Loss: 0.1030
  Batch [22830/35627] - Loss: 0.1030
  Batch [22840/35627] - Loss: 0.1030
  Batch [22850/35627] - Loss: 0.1031
  Batch [22860/35627] - Loss: 0.1031
  Batch [22870/35627] - Loss: 0.1031
  Batch [22880/35627] - Loss: 0.1031
  Batch [22890/35627] - Loss: 0.1030
  Batch [22900/35627] - Loss: 0.1030
  Batch [22910/35627] - Loss: 0.1030
  Batch [22920/35627] - Loss: 0.1030
  Batch [22930/35627] - Loss: 0.1031
  Batch [22940/35627] - Loss: 0.1031
  Batch [22950/35627] - Loss: 0.1031
  Batch [22960/35627] - Loss: 0.1031
  Batch [22970/35627] - Loss: 0.1031
  Batch [22980/35627] - Loss: 0.1031
  Batch [22990/35627] - Loss: 0.1031
  Batch [23000/35627] - Loss: 0.1031
  Batch [23010/35627] - Loss: 0.1031
  Batch [23020/35627] - Loss: 0.1031
  Batch [23030/35627] - Loss: 0.1031
  Batch [23040/35627] - Loss: 0.1030
  Batch [23050/35627] - Loss: 0.1030
  Batch [23060/35627] - Loss: 0.1030
  Batch [23070/35627] - Loss: 0.1031
  Batch [23080/35627] - Loss: 0.1031
  Batch [23090/35627] - Loss: 0.1030
  Batch [23100/35627] - Loss: 0.1031
  Batch [23110/35627] - Loss: 0.1031
  Batch [23120/35627] - Loss: 0.1031
  Batch [23130/35627] - Loss: 0.1031
  Batch [23140/35627] - Loss: 0.1031
  Batch [23150/35627] - Loss: 0.1031
  Batch [23160/35627] - Loss: 0.1031
  Batch [23170/35627] - Loss: 0.1031
  Batch [23180/35627] - Loss: 0.1031
  Batch [23190/35627] - Loss: 0.1031
  Batch [23200/35627] - Loss: 0.1031
  Batch [23210/35627] - Loss: 0.1031
  Batch [23220/35627] - Loss: 0.1031
  Batch [23230/35627] - Loss: 0.1031
  Batch [23240/35627] - Loss: 0.1031
  Batch [23250/35627] - Loss: 0.1031
  Batch [23260/35627] - Loss: 0.1031
  Batch [23270/35627] - Loss: 0.1031
  Batch [23280/35627] - Loss: 0.1031
  Batch [23290/35627] - Loss: 0.1031
  Batch [23300/35627] - Loss: 0.1031
  Batch [23310/35627] - Loss: 0.1031
  Batch [23320/35627] - Loss: 0.1031
  Batch [23330/35627] - Loss: 0.1031
  Batch [23340/35627] - Loss: 0.1031
  Batch [23350/35627] - Loss: 0.1031
  Batch [23360/35627] - Loss: 0.1031
  Batch [23370/35627] - Loss: 0.1031
  Batch [23380/35627] - Loss: 0.1031
  Batch [23390/35627] - Loss: 0.1031
  Batch [23400/35627] - Loss: 0.1031
  Batch [23410/35627] - Loss: 0.1031
  Batch [23420/35627] - Loss: 0.1031
  Batch [23430/35627] - Loss: 0.1031
  Batch [23440/35627] - Loss: 0.1031
  Batch [23450/35627] - Loss: 0.1031
  Batch [23460/35627] - Loss: 0.1031
  Batch [23470/35627] - Loss: 0.1031
  Batch [23480/35627] - Loss: 0.1031
  Batch [23490/35627] - Loss: 0.1031
  Batch [23500/35627] - Loss: 0.1031
  Batch [23510/35627] - Loss: 0.1031
  Batch [23520/35627] - Loss: 0.1031
  Batch [23530/35627] - Loss: 0.1031
  Batch [23540/35627] - Loss: 0.1031
  Batch [23550/35627] - Loss: 0.1031
  Batch [23560/35627] - Loss: 0.1031
  Batch [23570/35627] - Loss: 0.1031
  Batch [23580/35627] - Loss: 0.1031
  Batch [23590/35627] - Loss: 0.1031
  Batch [23600/35627] - Loss: 0.1030
  Batch [23610/35627] - Loss: 0.1031
  Batch [23620/35627] - Loss: 0.1031
  Batch [23630/35627] - Loss: 0.1031
  Batch [23640/35627] - Loss: 0.1030
  Batch [23650/35627] - Loss: 0.1030
  Batch [23660/35627] - Loss: 0.1030
  Batch [23670/35627] - Loss: 0.1030
  Batch [23680/35627] - Loss: 0.1030
  Batch [23690/35627] - Loss: 0.1030
  Batch [23700/35627] - Loss: 0.1030
  Batch [23710/35627] - Loss: 0.1031
  Batch [23720/35627] - Loss: 0.1031
  Batch [23730/35627] - Loss: 0.1031
  Batch [23740/35627] - Loss: 0.1031
  Batch [23750/35627] - Loss: 0.1031
  Batch [23760/35627] - Loss: 0.1030
  Batch [23770/35627] - Loss: 0.1031
  Batch [23780/35627] - Loss: 0.1031
  Batch [23790/35627] - Loss: 0.1031
  Batch [23800/35627] - Loss: 0.1031
  Batch [23810/35627] - Loss: 0.1030
  Batch [23820/35627] - Loss: 0.1030
  Batch [23830/35627] - Loss: 0.1030
  Batch [23840/35627] - Loss: 0.1030
  Batch [23850/35627] - Loss: 0.1030
  Batch [23860/35627] - Loss: 0.1030
  Batch [23870/35627] - Loss: 0.1030
  Batch [23880/35627] - Loss: 0.1030
  Batch [23890/35627] - Loss: 0.1030
  Batch [23900/35627] - Loss: 0.1030
  Batch [23910/35627] - Loss: 0.1030
  Batch [23920/35627] - Loss: 0.1030
  Batch [23930/35627] - Loss: 0.1031
  Batch [23940/35627] - Loss: 0.1030
  Batch [23950/35627] - Loss: 0.1030
  Batch [23960/35627] - Loss: 0.1031
  Batch [23970/35627] - Loss: 0.1031
  Batch [23980/35627] - Loss: 0.1031
  Batch [23990/35627] - Loss: 0.1031
  Batch [24000/35627] - Loss: 0.1031
  Batch [24010/35627] - Loss: 0.1031
  Batch [24020/35627] - Loss: 0.1030
  Batch [24030/35627] - Loss: 0.1030
  Batch [24040/35627] - Loss: 0.1030
  Batch [24050/35627] - Loss: 0.1030
  Batch [24060/35627] - Loss: 0.1030
  Batch [24070/35627] - Loss: 0.1030
  Batch [24080/35627] - Loss: 0.1030
  Batch [24090/35627] - Loss: 0.1030
  Batch [24100/35627] - Loss: 0.1030
  Batch [24110/35627] - Loss: 0.1030
  Batch [24120/35627] - Loss: 0.1030
  Batch [24130/35627] - Loss: 0.1030
  Batch [24140/35627] - Loss: 0.1030
  Batch [24150/35627] - Loss: 0.1030
  Batch [24160/35627] - Loss: 0.1030
  Batch [24170/35627] - Loss: 0.1030
  Batch [24180/35627] - Loss: 0.1030
  Batch [24190/35627] - Loss: 0.1030
  Batch [24200/35627] - Loss: 0.1030
  Batch [24210/35627] - Loss: 0.1030
  Batch [24220/35627] - Loss: 0.1030
  Batch [24230/35627] - Loss: 0.1030
  Batch [24240/35627] - Loss: 0.1030
  Batch [24250/35627] - Loss: 0.1030
  Batch [24260/35627] - Loss: 0.1031
  Batch [24270/35627] - Loss: 0.1031
  Batch [24280/35627] - Loss: 0.1031
  Batch [24290/35627] - Loss: 0.1031
  Batch [24300/35627] - Loss: 0.1031
  Batch [24310/35627] - Loss: 0.1031
  Batch [24320/35627] - Loss: 0.1031
  Batch [24330/35627] - Loss: 0.1031
  Batch [24340/35627] - Loss: 0.1031
  Batch [24350/35627] - Loss: 0.1031
  Batch [24360/35627] - Loss: 0.1031
  Batch [24370/35627] - Loss: 0.1031
  Batch [24380/35627] - Loss: 0.1031
  Batch [24390/35627] - Loss: 0.1031
  Batch [24400/35627] - Loss: 0.1031
  Batch [24410/35627] - Loss: 0.1031
  Batch [24420/35627] - Loss: 0.1031
  Batch [24430/35627] - Loss: 0.1031
  Batch [24440/35627] - Loss: 0.1031
  Batch [24450/35627] - Loss: 0.1031
  Batch [24460/35627] - Loss: 0.1031
  Batch [24470/35627] - Loss: 0.1031
  Batch [24480/35627] - Loss: 0.1031
  Batch [24490/35627] - Loss: 0.1031
  Batch [24500/35627] - Loss: 0.1031
  Batch [24510/35627] - Loss: 0.1031
  Batch [24520/35627] - Loss: 0.1031
  Batch [24530/35627] - Loss: 0.1031
  Batch [24540/35627] - Loss: 0.1031
  Batch [24550/35627] - Loss: 0.1031
  Batch [24560/35627] - Loss: 0.1031
  Batch [24570/35627] - Loss: 0.1030
  Batch [24580/35627] - Loss: 0.1031
  Batch [24590/35627] - Loss: 0.1031
  Batch [24600/35627] - Loss: 0.1031
  Batch [24610/35627] - Loss: 0.1031
  Batch [24620/35627] - Loss: 0.1031
  Batch [24630/35627] - Loss: 0.1031
  Batch [24640/35627] - Loss: 0.1031
  Batch [24650/35627] - Loss: 0.1031
  Batch [24660/35627] - Loss: 0.1031
  Batch [24670/35627] - Loss: 0.1031
  Batch [24680/35627] - Loss: 0.1031
  Batch [24690/35627] - Loss: 0.1031
  Batch [24700/35627] - Loss: 0.1031
  Batch [24710/35627] - Loss: 0.1031
  Batch [24720/35627] - Loss: 0.1031
  Batch [24730/35627] - Loss: 0.1031
  Batch [24740/35627] - Loss: 0.1031
  Batch [24750/35627] - Loss: 0.1031
  Batch [24760/35627] - Loss: 0.1031
  Batch [24770/35627] - Loss: 0.1031
  Batch [24780/35627] - Loss: 0.1031
  Batch [24790/35627] - Loss: 0.1031
  Batch [24800/35627] - Loss: 0.1031
  Batch [24810/35627] - Loss: 0.1031
  Batch [24820/35627] - Loss: 0.1031
  Batch [24830/35627] - Loss: 0.1030
  Batch [24840/35627] - Loss: 0.1030
  Batch [24850/35627] - Loss: 0.1030
  Batch [24860/35627] - Loss: 0.1030
  Batch [24870/35627] - Loss: 0.1030
  Batch [24880/35627] - Loss: 0.1030
  Batch [24890/35627] - Loss: 0.1030
  Batch [24900/35627] - Loss: 0.1030
  Batch [24910/35627] - Loss: 0.1031
  Batch [24920/35627] - Loss: 0.1031
  Batch [24930/35627] - Loss: 0.1031
  Batch [24940/35627] - Loss: 0.1031
  Batch [24950/35627] - Loss: 0.1031
  Batch [24960/35627] - Loss: 0.1031
  Batch [24970/35627] - Loss: 0.1031
  Batch [24980/35627] - Loss: 0.1031
  Batch [24990/35627] - Loss: 0.1031
  Batch [25000/35627] - Loss: 0.1031
  Batch [25010/35627] - Loss: 0.1031
  Batch [25020/35627] - Loss: 0.1031
  Batch [25030/35627] - Loss: 0.1031
  Batch [25040/35627] - Loss: 0.1031
  Batch [25050/35627] - Loss: 0.1031
  Batch [25060/35627] - Loss: 0.1031
  Batch [25070/35627] - Loss: 0.1031
  Batch [25080/35627] - Loss: 0.1031
  Batch [25090/35627] - Loss: 0.1031
  Batch [25100/35627] - Loss: 0.1031
  Batch [25110/35627] - Loss: 0.1031
  Batch [25120/35627] - Loss: 0.1031
  Batch [25130/35627] - Loss: 0.1031
  Batch [25140/35627] - Loss: 0.1031
  Batch [25150/35627] - Loss: 0.1031
  Batch [25160/35627] - Loss: 0.1031
  Batch [25170/35627] - Loss: 0.1031
  Batch [25180/35627] - Loss: 0.1031
  Batch [25190/35627] - Loss: 0.1031
  Batch [25200/35627] - Loss: 0.1031
  Batch [25210/35627] - Loss: 0.1031
  Batch [25220/35627] - Loss: 0.1031
  Batch [25230/35627] - Loss: 0.1031
  Batch [25240/35627] - Loss: 0.1031
  Batch [25250/35627] - Loss: 0.1031
  Batch [25260/35627] - Loss: 0.1031
  Batch [25270/35627] - Loss: 0.1031
  Batch [25280/35627] - Loss: 0.1031
  Batch [25290/35627] - Loss: 0.1031
  Batch [25300/35627] - Loss: 0.1031
  Batch [25310/35627] - Loss: 0.1031
  Batch [25320/35627] - Loss: 0.1031
  Batch [25330/35627] - Loss: 0.1031
  Batch [25340/35627] - Loss: 0.1031
  Batch [25350/35627] - Loss: 0.1031
  Batch [25360/35627] - Loss: 0.1031
  Batch [25370/35627] - Loss: 0.1031
  Batch [25380/35627] - Loss: 0.1031
  Batch [25390/35627] - Loss: 0.1032
  Batch [25400/35627] - Loss: 0.1032
  Batch [25410/35627] - Loss: 0.1032
  Batch [25420/35627] - Loss: 0.1032
  Batch [25430/35627] - Loss: 0.1032
  Batch [25440/35627] - Loss: 0.1032
  Batch [25450/35627] - Loss: 0.1032
  Batch [25460/35627] - Loss: 0.1032
  Batch [25470/35627] - Loss: 0.1032
  Batch [25480/35627] - Loss: 0.1032
  Batch [25490/35627] - Loss: 0.1032
  Batch [25500/35627] - Loss: 0.1032
  Batch [25510/35627] - Loss: 0.1032
  Batch [25520/35627] - Loss: 0.1032
  Batch [25530/35627] - Loss: 0.1032
  Batch [25540/35627] - Loss: 0.1032
  Batch [25550/35627] - Loss: 0.1032
  Batch [25560/35627] - Loss: 0.1032
  Batch [25570/35627] - Loss: 0.1032
  Batch [25580/35627] - Loss: 0.1032
  Batch [25590/35627] - Loss: 0.1032
  Batch [25600/35627] - Loss: 0.1032
  Batch [25610/35627] - Loss: 0.1032
  Batch [25620/35627] - Loss: 0.1032
  Batch [25630/35627] - Loss: 0.1031
  Batch [25640/35627] - Loss: 0.1031
  Batch [25650/35627] - Loss: 0.1032
  Batch [25660/35627] - Loss: 0.1031
  Batch [25670/35627] - Loss: 0.1032
  Batch [25680/35627] - Loss: 0.1032
  Batch [25690/35627] - Loss: 0.1031
  Batch [25700/35627] - Loss: 0.1031
  Batch [25710/35627] - Loss: 0.1031
  Batch [25720/35627] - Loss: 0.1031
  Batch [25730/35627] - Loss: 0.1031
  Batch [25740/35627] - Loss: 0.1031
  Batch [25750/35627] - Loss: 0.1032
  Batch [25760/35627] - Loss: 0.1031
  Batch [25770/35627] - Loss: 0.1032
  Batch [25780/35627] - Loss: 0.1031
  Batch [25790/35627] - Loss: 0.1031
  Batch [25800/35627] - Loss: 0.1031
  Batch [25810/35627] - Loss: 0.1031
  Batch [25820/35627] - Loss: 0.1031
  Batch [25830/35627] - Loss: 0.1031
  Batch [25840/35627] - Loss: 0.1031
  Batch [25850/35627] - Loss: 0.1031
  Batch [25860/35627] - Loss: 0.1031
  Batch [25870/35627] - Loss: 0.1031
  Batch [25880/35627] - Loss: 0.1031
  Batch [25890/35627] - Loss: 0.1031
  Batch [25900/35627] - Loss: 0.1031
  Batch [25910/35627] - Loss: 0.1031
  Batch [25920/35627] - Loss: 0.1031
  Batch [25930/35627] - Loss: 0.1031
  Batch [25940/35627] - Loss: 0.1031
  Batch [25950/35627] - Loss: 0.1031
  Batch [25960/35627] - Loss: 0.1031
  Batch [25970/35627] - Loss: 0.1031
  Batch [25980/35627] - Loss: 0.1031
  Batch [25990/35627] - Loss: 0.1031
  Batch [26000/35627] - Loss: 0.1031
  Batch [26010/35627] - Loss: 0.1031
  Batch [26020/35627] - Loss: 0.1031
  Batch [26030/35627] - Loss: 0.1031
  Batch [26040/35627] - Loss: 0.1031
  Batch [26050/35627] - Loss: 0.1031
  Batch [26060/35627] - Loss: 0.1031
  Batch [26070/35627] - Loss: 0.1031
  Batch [26080/35627] - Loss: 0.1031
  Batch [26090/35627] - Loss: 0.1031
  Batch [26100/35627] - Loss: 0.1031
  Batch [26110/35627] - Loss: 0.1031
  Batch [26120/35627] - Loss: 0.1031
  Batch [26130/35627] - Loss: 0.1031
  Batch [26140/35627] - Loss: 0.1031
  Batch [26150/35627] - Loss: 0.1031
  Batch [26160/35627] - Loss: 0.1031
  Batch [26170/35627] - Loss: 0.1031
  Batch [26180/35627] - Loss: 0.1031
  Batch [26190/35627] - Loss: 0.1031
  Batch [26200/35627] - Loss: 0.1031
  Batch [26210/35627] - Loss: 0.1031
  Batch [26220/35627] - Loss: 0.1031
  Batch [26230/35627] - Loss: 0.1031
  Batch [26240/35627] - Loss: 0.1031
  Batch [26250/35627] - Loss: 0.1031
  Batch [26260/35627] - Loss: 0.1031
  Batch [26270/35627] - Loss: 0.1031
  Batch [26280/35627] - Loss: 0.1031
  Batch [26290/35627] - Loss: 0.1031
  Batch [26300/35627] - Loss: 0.1031
  Batch [26310/35627] - Loss: 0.1031
  Batch [26320/35627] - Loss: 0.1031
  Batch [26330/35627] - Loss: 0.1031
  Batch [26340/35627] - Loss: 0.1031
  Batch [26350/35627] - Loss: 0.1031
  Batch [26360/35627] - Loss: 0.1031
  Batch [26370/35627] - Loss: 0.1031
  Batch [26380/35627] - Loss: 0.1031
  Batch [26390/35627] - Loss: 0.1031
  Batch [26400/35627] - Loss: 0.1031
  Batch [26410/35627] - Loss: 0.1031
  Batch [26420/35627] - Loss: 0.1031
  Batch [26430/35627] - Loss: 0.1031
  Batch [26440/35627] - Loss: 0.1031
  Batch [26450/35627] - Loss: 0.1031
  Batch [26460/35627] - Loss: 0.1031
  Batch [26470/35627] - Loss: 0.1031
  Batch [26480/35627] - Loss: 0.1031
  Batch [26490/35627] - Loss: 0.1031
  Batch [26500/35627] - Loss: 0.1031
  Batch [26510/35627] - Loss: 0.1031
  Batch [26520/35627] - Loss: 0.1031
  Batch [26530/35627] - Loss: 0.1031
  Batch [26540/35627] - Loss: 0.1031
  Batch [26550/35627] - Loss: 0.1031
  Batch [26560/35627] - Loss: 0.1031
  Batch [26570/35627] - Loss: 0.1031
  Batch [26580/35627] - Loss: 0.1031
  Batch [26590/35627] - Loss: 0.1031
  Batch [26600/35627] - Loss: 0.1031
  Batch [26610/35627] - Loss: 0.1031
  Batch [26620/35627] - Loss: 0.1031
  Batch [26630/35627] - Loss: 0.1031
  Batch [26640/35627] - Loss: 0.1031
  Batch [26650/35627] - Loss: 0.1031
  Batch [26660/35627] - Loss: 0.1031
  Batch [26670/35627] - Loss: 0.1031
  Batch [26680/35627] - Loss: 0.1031
  Batch [26690/35627] - Loss: 0.1031
  Batch [26700/35627] - Loss: 0.1031
  Batch [26710/35627] - Loss: 0.1031
  Batch [26720/35627] - Loss: 0.1031
  Batch [26730/35627] - Loss: 0.1031
  Batch [26740/35627] - Loss: 0.1031
  Batch [26750/35627] - Loss: 0.1031
  Batch [26760/35627] - Loss: 0.1031
  Batch [26770/35627] - Loss: 0.1031
  Batch [26780/35627] - Loss: 0.1031
  Batch [26790/35627] - Loss: 0.1031
  Batch [26800/35627] - Loss: 0.1031
  Batch [26810/35627] - Loss: 0.1031
  Batch [26820/35627] - Loss: 0.1031
  Batch [26830/35627] - Loss: 0.1031
  Batch [26840/35627] - Loss: 0.1031
  Batch [26850/35627] - Loss: 0.1031
  Batch [26860/35627] - Loss: 0.1031
  Batch [26870/35627] - Loss: 0.1031
  Batch [26880/35627] - Loss: 0.1031
  Batch [26890/35627] - Loss: 0.1031
  Batch [26900/35627] - Loss: 0.1031
  Batch [26910/35627] - Loss: 0.1031
  Batch [26920/35627] - Loss: 0.1031
  Batch [26930/35627] - Loss: 0.1031
  Batch [26940/35627] - Loss: 0.1031
  Batch [26950/35627] - Loss: 0.1031
  Batch [26960/35627] - Loss: 0.1031
  Batch [26970/35627] - Loss: 0.1031
  Batch [26980/35627] - Loss: 0.1031
  Batch [26990/35627] - Loss: 0.1031
  Batch [27000/35627] - Loss: 0.1031
  Batch [27010/35627] - Loss: 0.1031
  Batch [27020/35627] - Loss: 0.1031
  Batch [27030/35627] - Loss: 0.1031
  Batch [27040/35627] - Loss: 0.1031
  Batch [27050/35627] - Loss: 0.1031
  Batch [27060/35627] - Loss: 0.1031
  Batch [27070/35627] - Loss: 0.1030
  Batch [27080/35627] - Loss: 0.1030
  Batch [27090/35627] - Loss: 0.1030
  Batch [27100/35627] - Loss: 0.1030
  Batch [27110/35627] - Loss: 0.1030
  Batch [27120/35627] - Loss: 0.1030
  Batch [27130/35627] - Loss: 0.1030
  Batch [27140/35627] - Loss: 0.1030
  Batch [27150/35627] - Loss: 0.1030
  Batch [27160/35627] - Loss: 0.1030
  Batch [27170/35627] - Loss: 0.1030
  Batch [27180/35627] - Loss: 0.1030
  Batch [27190/35627] - Loss: 0.1030
  Batch [27200/35627] - Loss: 0.1030
  Batch [27210/35627] - Loss: 0.1030
  Batch [27220/35627] - Loss: 0.1030
  Batch [27230/35627] - Loss: 0.1030
  Batch [27240/35627] - Loss: 0.1031
  Batch [27250/35627] - Loss: 0.1030
  Batch [27260/35627] - Loss: 0.1030
  Batch [27270/35627] - Loss: 0.1030
  Batch [27280/35627] - Loss: 0.1030
  Batch [27290/35627] - Loss: 0.1030
  Batch [27300/35627] - Loss: 0.1030
  Batch [27310/35627] - Loss: 0.1030
  Batch [27320/35627] - Loss: 0.1030
  Batch [27330/35627] - Loss: 0.1030
  Batch [27340/35627] - Loss: 0.1030
  Batch [27350/35627] - Loss: 0.1030
  Batch [27360/35627] - Loss: 0.1030
  Batch [27370/35627] - Loss: 0.1030
  Batch [27380/35627] - Loss: 0.1030
  Batch [27390/35627] - Loss: 0.1030
  Batch [27400/35627] - Loss: 0.1030
  Batch [27410/35627] - Loss: 0.1030
  Batch [27420/35627] - Loss: 0.1030
  Batch [27430/35627] - Loss: 0.1030
  Batch [27440/35627] - Loss: 0.1030
  Batch [27450/35627] - Loss: 0.1030
  Batch [27460/35627] - Loss: 0.1030
  Batch [27470/35627] - Loss: 0.1030
  Batch [27480/35627] - Loss: 0.1030
  Batch [27490/35627] - Loss: 0.1030
  Batch [27500/35627] - Loss: 0.1030
  Batch [27510/35627] - Loss: 0.1030
  Batch [27520/35627] - Loss: 0.1030
  Batch [27530/35627] - Loss: 0.1030
  Batch [27540/35627] - Loss: 0.1030
  Batch [27550/35627] - Loss: 0.1030
  Batch [27560/35627] - Loss: 0.1030
  Batch [27570/35627] - Loss: 0.1030
  Batch [27580/35627] - Loss: 0.1030
  Batch [27590/35627] - Loss: 0.1030
  Batch [27600/35627] - Loss: 0.1030
  Batch [27610/35627] - Loss: 0.1030
  Batch [27620/35627] - Loss: 0.1030
  Batch [27630/35627] - Loss: 0.1030
  Batch [27640/35627] - Loss: 0.1030
  Batch [27650/35627] - Loss: 0.1030
  Batch [27660/35627] - Loss: 0.1030
  Batch [27670/35627] - Loss: 0.1030
  Batch [27680/35627] - Loss: 0.1030
  Batch [27690/35627] - Loss: 0.1030
  Batch [27700/35627] - Loss: 0.1030
  Batch [27710/35627] - Loss: 0.1030
  Batch [27720/35627] - Loss: 0.1030
  Batch [27730/35627] - Loss: 0.1030
  Batch [27740/35627] - Loss: 0.1030
  Batch [27750/35627] - Loss: 0.1030
  Batch [27760/35627] - Loss: 0.1030
  Batch [27770/35627] - Loss: 0.1030
  Batch [27780/35627] - Loss: 0.1030
  Batch [27790/35627] - Loss: 0.1030
  Batch [27800/35627] - Loss: 0.1030
  Batch [27810/35627] - Loss: 0.1030
  Batch [27820/35627] - Loss: 0.1030
  Batch [27830/35627] - Loss: 0.1030
  Batch [27840/35627] - Loss: 0.1030
  Batch [27850/35627] - Loss: 0.1030
  Batch [27860/35627] - Loss: 0.1030
  Batch [27870/35627] - Loss: 0.1030
  Batch [27880/35627] - Loss: 0.1030
  Batch [27890/35627] - Loss: 0.1030
  Batch [27900/35627] - Loss: 0.1030
  Batch [27910/35627] - Loss: 0.1030
  Batch [27920/35627] - Loss: 0.1030
  Batch [27930/35627] - Loss: 0.1030
  Batch [27940/35627] - Loss: 0.1030
  Batch [27950/35627] - Loss: 0.1029
  Batch [27960/35627] - Loss: 0.1029
  Batch [27970/35627] - Loss: 0.1029
  Batch [27980/35627] - Loss: 0.1029
  Batch [27990/35627] - Loss: 0.1029
  Batch [28000/35627] - Loss: 0.1029
  Batch [28010/35627] - Loss: 0.1029
  Batch [28020/35627] - Loss: 0.1029
  Batch [28030/35627] - Loss: 0.1029
  Batch [28040/35627] - Loss: 0.1029
  Batch [28050/35627] - Loss: 0.1029
  Batch [28060/35627] - Loss: 0.1030
  Batch [28070/35627] - Loss: 0.1030
  Batch [28080/35627] - Loss: 0.1030
  Batch [28090/35627] - Loss: 0.1030
  Batch [28100/35627] - Loss: 0.1030
  Batch [28110/35627] - Loss: 0.1030
  Batch [28120/35627] - Loss: 0.1030
  Batch [28130/35627] - Loss: 0.1030
  Batch [28140/35627] - Loss: 0.1030
  Batch [28150/35627] - Loss: 0.1030
  Batch [28160/35627] - Loss: 0.1030
  Batch [28170/35627] - Loss: 0.1030
  Batch [28180/35627] - Loss: 0.1030
  Batch [28190/35627] - Loss: 0.1030
  Batch [28200/35627] - Loss: 0.1030
  Batch [28210/35627] - Loss: 0.1030
  Batch [28220/35627] - Loss: 0.1030
  Batch [28230/35627] - Loss: 0.1030
  Batch [28240/35627] - Loss: 0.1030
  Batch [28250/35627] - Loss: 0.1030
  Batch [28260/35627] - Loss: 0.1030
  Batch [28270/35627] - Loss: 0.1030
  Batch [28280/35627] - Loss: 0.1030
  Batch [28290/35627] - Loss: 0.1030
  Batch [28300/35627] - Loss: 0.1030
  Batch [28310/35627] - Loss: 0.1030
  Batch [28320/35627] - Loss: 0.1030
  Batch [28330/35627] - Loss: 0.1030
  Batch [28340/35627] - Loss: 0.1030
  Batch [28350/35627] - Loss: 0.1030
  Batch [28360/35627] - Loss: 0.1030
  Batch [28370/35627] - Loss: 0.1030
  Batch [28380/35627] - Loss: 0.1030
  Batch [28390/35627] - Loss: 0.1030
  Batch [28400/35627] - Loss: 0.1030
  Batch [28410/35627] - Loss: 0.1030
  Batch [28420/35627] - Loss: 0.1030
  Batch [28430/35627] - Loss: 0.1030
  Batch [28440/35627] - Loss: 0.1030
  Batch [28450/35627] - Loss: 0.1030
  Batch [28460/35627] - Loss: 0.1030
  Batch [28470/35627] - Loss: 0.1030
  Batch [28480/35627] - Loss: 0.1030
  Batch [28490/35627] - Loss: 0.1030
  Batch [28500/35627] - Loss: 0.1030
  Batch [28510/35627] - Loss: 0.1030
  Batch [28520/35627] - Loss: 0.1030
  Batch [28530/35627] - Loss: 0.1030
  Batch [28540/35627] - Loss: 0.1030
  Batch [28550/35627] - Loss: 0.1030
  Batch [28560/35627] - Loss: 0.1030
  Batch [28570/35627] - Loss: 0.1030
  Batch [28580/35627] - Loss: 0.1030
  Batch [28590/35627] - Loss: 0.1030
  Batch [28600/35627] - Loss: 0.1030
  Batch [28610/35627] - Loss: 0.1030
  Batch [28620/35627] - Loss: 0.1030
  Batch [28630/35627] - Loss: 0.1030
  Batch [28640/35627] - Loss: 0.1030
  Batch [28650/35627] - Loss: 0.1030
  Batch [28660/35627] - Loss: 0.1030
  Batch [28670/35627] - Loss: 0.1030
  Batch [28680/35627] - Loss: 0.1030
  Batch [28690/35627] - Loss: 0.1030
  Batch [28700/35627] - Loss: 0.1030
  Batch [28710/35627] - Loss: 0.1030
  Batch [28720/35627] - Loss: 0.1030
  Batch [28730/35627] - Loss: 0.1030
  Batch [28740/35627] - Loss: 0.1030
  Batch [28750/35627] - Loss: 0.1030
  Batch [28760/35627] - Loss: 0.1030
  Batch [28770/35627] - Loss: 0.1030
  Batch [28780/35627] - Loss: 0.1030
  Batch [28790/35627] - Loss: 0.1030
  Batch [28800/35627] - Loss: 0.1030
  Batch [28810/35627] - Loss: 0.1030
  Batch [28820/35627] - Loss: 0.1030
  Batch [28830/35627] - Loss: 0.1030
  Batch [28840/35627] - Loss: 0.1030
  Batch [28850/35627] - Loss: 0.1029
  Batch [28860/35627] - Loss: 0.1029
  Batch [28870/35627] - Loss: 0.1029
  Batch [28880/35627] - Loss: 0.1029
  Batch [28890/35627] - Loss: 0.1029
  Batch [28900/35627] - Loss: 0.1029
  Batch [28910/35627] - Loss: 0.1029
  Batch [28920/35627] - Loss: 0.1029
  Batch [28930/35627] - Loss: 0.1029
  Batch [28940/35627] - Loss: 0.1029
  Batch [28950/35627] - Loss: 0.1029
  Batch [28960/35627] - Loss: 0.1029
  Batch [28970/35627] - Loss: 0.1029
  Batch [28980/35627] - Loss: 0.1029
  Batch [28990/35627] - Loss: 0.1029
  Batch [29000/35627] - Loss: 0.1029
  Batch [29010/35627] - Loss: 0.1029
  Batch [29020/35627] - Loss: 0.1029
  Batch [29030/35627] - Loss: 0.1029
  Batch [29040/35627] - Loss: 0.1029
  Batch [29050/35627] - Loss: 0.1029
  Batch [29060/35627] - Loss: 0.1029
  Batch [29070/35627] - Loss: 0.1029
  Batch [29080/35627] - Loss: 0.1029
  Batch [29090/35627] - Loss: 0.1029
  Batch [29100/35627] - Loss: 0.1029
  Batch [29110/35627] - Loss: 0.1029
  Batch [29120/35627] - Loss: 0.1029
  Batch [29130/35627] - Loss: 0.1029
  Batch [29140/35627] - Loss: 0.1029
  Batch [29150/35627] - Loss: 0.1029
  Batch [29160/35627] - Loss: 0.1029
  Batch [29170/35627] - Loss: 0.1029
  Batch [29180/35627] - Loss: 0.1029
  Batch [29190/35627] - Loss: 0.1029
  Batch [29200/35627] - Loss: 0.1029
  Batch [29210/35627] - Loss: 0.1029
  Batch [29220/35627] - Loss: 0.1029
  Batch [29230/35627] - Loss: 0.1029
  Batch [29240/35627] - Loss: 0.1029
  Batch [29250/35627] - Loss: 0.1029
  Batch [29260/35627] - Loss: 0.1029
  Batch [29270/35627] - Loss: 0.1029
  Batch [29280/35627] - Loss: 0.1029
  Batch [29290/35627] - Loss: 0.1029
  Batch [29300/35627] - Loss: 0.1029
  Batch [29310/35627] - Loss: 0.1030
  Batch [29320/35627] - Loss: 0.1030
  Batch [29330/35627] - Loss: 0.1030
  Batch [29340/35627] - Loss: 0.1030
  Batch [29350/35627] - Loss: 0.1030
  Batch [29360/35627] - Loss: 0.1030
  Batch [29370/35627] - Loss: 0.1030
  Batch [29380/35627] - Loss: 0.1030
  Batch [29390/35627] - Loss: 0.1030
  Batch [29400/35627] - Loss: 0.1030
  Batch [29410/35627] - Loss: 0.1030
  Batch [29420/35627] - Loss: 0.1030
  Batch [29430/35627] - Loss: 0.1030
  Batch [29440/35627] - Loss: 0.1030
  Batch [29450/35627] - Loss: 0.1030
  Batch [29460/35627] - Loss: 0.1030
  Batch [29470/35627] - Loss: 0.1030
  Batch [29480/35627] - Loss: 0.1030
  Batch [29490/35627] - Loss: 0.1030
  Batch [29500/35627] - Loss: 0.1030
  Batch [29510/35627] - Loss: 0.1030
  Batch [29520/35627] - Loss: 0.1030
  Batch [29530/35627] - Loss: 0.1030
  Batch [29540/35627] - Loss: 0.1030
  Batch [29550/35627] - Loss: 0.1030
  Batch [29560/35627] - Loss: 0.1030
  Batch [29570/35627] - Loss: 0.1030
  Batch [29580/35627] - Loss: 0.1030
  Batch [29590/35627] - Loss: 0.1030
  Batch [29600/35627] - Loss: 0.1030
  Batch [29610/35627] - Loss: 0.1030
  Batch [29620/35627] - Loss: 0.1030
  Batch [29630/35627] - Loss: 0.1030
  Batch [29640/35627] - Loss: 0.1030
  Batch [29650/35627] - Loss: 0.1030
  Batch [29660/35627] - Loss: 0.1030
  Batch [29670/35627] - Loss: 0.1030
  Batch [29680/35627] - Loss: 0.1030
  Batch [29690/35627] - Loss: 0.1030
  Batch [29700/35627] - Loss: 0.1030
  Batch [29710/35627] - Loss: 0.1030
  Batch [29720/35627] - Loss: 0.1030
  Batch [29730/35627] - Loss: 0.1030
  Batch [29740/35627] - Loss: 0.1030
  Batch [29750/35627] - Loss: 0.1030
  Batch [29760/35627] - Loss: 0.1030
  Batch [29770/35627] - Loss: 0.1030
  Batch [29780/35627] - Loss: 0.1030
  Batch [29790/35627] - Loss: 0.1030
  Batch [29800/35627] - Loss: 0.1030
  Batch [29810/35627] - Loss: 0.1030
  Batch [29820/35627] - Loss: 0.1030
  Batch [29830/35627] - Loss: 0.1030
  Batch [29840/35627] - Loss: 0.1030
  Batch [29850/35627] - Loss: 0.1030
  Batch [29860/35627] - Loss: 0.1030
  Batch [29870/35627] - Loss: 0.1030
  Batch [29880/35627] - Loss: 0.1030
  Batch [29890/35627] - Loss: 0.1030
  Batch [29900/35627] - Loss: 0.1030
  Batch [29910/35627] - Loss: 0.1030
  Batch [29920/35627] - Loss: 0.1030
  Batch [29930/35627] - Loss: 0.1030
  Batch [29940/35627] - Loss: 0.1030
  Batch [29950/35627] - Loss: 0.1030
  Batch [29960/35627] - Loss: 0.1030
  Batch [29970/35627] - Loss: 0.1029
  Batch [29980/35627] - Loss: 0.1029
  Batch [29990/35627] - Loss: 0.1029
  Batch [30000/35627] - Loss: 0.1029
  Batch [30010/35627] - Loss: 0.1029
  Batch [30020/35627] - Loss: 0.1029
  Batch [30030/35627] - Loss: 0.1029
  Batch [30040/35627] - Loss: 0.1029
  Batch [30050/35627] - Loss: 0.1029
  Batch [30060/35627] - Loss: 0.1029
  Batch [30070/35627] - Loss: 0.1029
  Batch [30080/35627] - Loss: 0.1029
  Batch [30090/35627] - Loss: 0.1029
  Batch [30100/35627] - Loss: 0.1029
  Batch [30110/35627] - Loss: 0.1029
  Batch [30120/35627] - Loss: 0.1029
  Batch [30130/35627] - Loss: 0.1029
  Batch [30140/35627] - Loss: 0.1029
  Batch [30150/35627] - Loss: 0.1029
  Batch [30160/35627] - Loss: 0.1029
  Batch [30170/35627] - Loss: 0.1029
  Batch [30180/35627] - Loss: 0.1029
  Batch [30190/35627] - Loss: 0.1029
  Batch [30200/35627] - Loss: 0.1029
  Batch [30210/35627] - Loss: 0.1029
  Batch [30220/35627] - Loss: 0.1029
  Batch [30230/35627] - Loss: 0.1029
  Batch [30240/35627] - Loss: 0.1029
  Batch [30250/35627] - Loss: 0.1029
  Batch [30260/35627] - Loss: 0.1029
  Batch [30270/35627] - Loss: 0.1029
  Batch [30280/35627] - Loss: 0.1029
  Batch [30290/35627] - Loss: 0.1029
  Batch [30300/35627] - Loss: 0.1029
  Batch [30310/35627] - Loss: 0.1029
  Batch [30320/35627] - Loss: 0.1029
  Batch [30330/35627] - Loss: 0.1029
  Batch [30340/35627] - Loss: 0.1029
  Batch [30350/35627] - Loss: 0.1029
  Batch [30360/35627] - Loss: 0.1029
  Batch [30370/35627] - Loss: 0.1029
  Batch [30380/35627] - Loss: 0.1029
  Batch [30390/35627] - Loss: 0.1029
  Batch [30400/35627] - Loss: 0.1029
  Batch [30410/35627] - Loss: 0.1029
  Batch [30420/35627] - Loss: 0.1029
  Batch [30430/35627] - Loss: 0.1029
  Batch [30440/35627] - Loss: 0.1029
  Batch [30450/35627] - Loss: 0.1029
  Batch [30460/35627] - Loss: 0.1029
  Batch [30470/35627] - Loss: 0.1029
  Batch [30480/35627] - Loss: 0.1029
  Batch [30490/35627] - Loss: 0.1029
  Batch [30500/35627] - Loss: 0.1029
  Batch [30510/35627] - Loss: 0.1029
  Batch [30520/35627] - Loss: 0.1029
  Batch [30530/35627] - Loss: 0.1029
  Batch [30540/35627] - Loss: 0.1029
  Batch [30550/35627] - Loss: 0.1029
  Batch [30560/35627] - Loss: 0.1029
  Batch [30570/35627] - Loss: 0.1029
  Batch [30580/35627] - Loss: 0.1029
  Batch [30590/35627] - Loss: 0.1029
  Batch [30600/35627] - Loss: 0.1029
  Batch [30610/35627] - Loss: 0.1029
  Batch [30620/35627] - Loss: 0.1029
  Batch [30630/35627] - Loss: 0.1029
  Batch [30640/35627] - Loss: 0.1029
  Batch [30650/35627] - Loss: 0.1029
  Batch [30660/35627] - Loss: 0.1029
  Batch [30670/35627] - Loss: 0.1029
  Batch [30680/35627] - Loss: 0.1029
  Batch [30690/35627] - Loss: 0.1029
  Batch [30700/35627] - Loss: 0.1029
  Batch [30710/35627] - Loss: 0.1029
  Batch [30720/35627] - Loss: 0.1029
  Batch [30730/35627] - Loss: 0.1029
  Batch [30740/35627] - Loss: 0.1029
  Batch [30750/35627] - Loss: 0.1029
  Batch [30760/35627] - Loss: 0.1029
  Batch [30770/35627] - Loss: 0.1029
  Batch [30780/35627] - Loss: 0.1029
  Batch [30790/35627] - Loss: 0.1029
  Batch [30800/35627] - Loss: 0.1029
  Batch [30810/35627] - Loss: 0.1029
  Batch [30820/35627] - Loss: 0.1029
  Batch [30830/35627] - Loss: 0.1029
  Batch [30840/35627] - Loss: 0.1029
  Batch [30850/35627] - Loss: 0.1029
  Batch [30860/35627] - Loss: 0.1029
  Batch [30870/35627] - Loss: 0.1029
  Batch [30880/35627] - Loss: 0.1029
  Batch [30890/35627] - Loss: 0.1029
  Batch [30900/35627] - Loss: 0.1029
  Batch [30910/35627] - Loss: 0.1029
  Batch [30920/35627] - Loss: 0.1029
  Batch [30930/35627] - Loss: 0.1029
  Batch [30940/35627] - Loss: 0.1029
  Batch [30950/35627] - Loss: 0.1029
  Batch [30960/35627] - Loss: 0.1029
  Batch [30970/35627] - Loss: 0.1029
  Batch [30980/35627] - Loss: 0.1029
  Batch [30990/35627] - Loss: 0.1029
  Batch [31000/35627] - Loss: 0.1029
  Batch [31010/35627] - Loss: 0.1029
  Batch [31020/35627] - Loss: 0.1029
  Batch [31030/35627] - Loss: 0.1029
  Batch [31040/35627] - Loss: 0.1029
  Batch [31050/35627] - Loss: 0.1029
  Batch [31060/35627] - Loss: 0.1029
  Batch [31070/35627] - Loss: 0.1029
  Batch [31080/35627] - Loss: 0.1029
  Batch [31090/35627] - Loss: 0.1029
  Batch [31100/35627] - Loss: 0.1029
  Batch [31110/35627] - Loss: 0.1029
  Batch [31120/35627] - Loss: 0.1029
  Batch [31130/35627] - Loss: 0.1029
  Batch [31140/35627] - Loss: 0.1029
  Batch [31150/35627] - Loss: 0.1029
  Batch [31160/35627] - Loss: 0.1029
  Batch [31170/35627] - Loss: 0.1029
  Batch [31180/35627] - Loss: 0.1029
  Batch [31190/35627] - Loss: 0.1028
  Batch [31200/35627] - Loss: 0.1028
  Batch [31210/35627] - Loss: 0.1028
  Batch [31220/35627] - Loss: 0.1028
  Batch [31230/35627] - Loss: 0.1028
  Batch [31240/35627] - Loss: 0.1028
  Batch [31250/35627] - Loss: 0.1028
  Batch [31260/35627] - Loss: 0.1028
  Batch [31270/35627] - Loss: 0.1028
  Batch [31280/35627] - Loss: 0.1028
  Batch [31290/35627] - Loss: 0.1028
  Batch [31300/35627] - Loss: 0.1028
  Batch [31310/35627] - Loss: 0.1028
  Batch [31320/35627] - Loss: 0.1028
  Batch [31330/35627] - Loss: 0.1029
  Batch [31340/35627] - Loss: 0.1029
  Batch [31350/35627] - Loss: 0.1028
  Batch [31360/35627] - Loss: 0.1028
  Batch [31370/35627] - Loss: 0.1028
  Batch [31380/35627] - Loss: 0.1028
  Batch [31390/35627] - Loss: 0.1028
  Batch [31400/35627] - Loss: 0.1028
  Batch [31410/35627] - Loss: 0.1028
  Batch [31420/35627] - Loss: 0.1028
  Batch [31430/35627] - Loss: 0.1028
  Batch [31440/35627] - Loss: 0.1028
  Batch [31450/35627] - Loss: 0.1028
  Batch [31460/35627] - Loss: 0.1028
  Batch [31470/35627] - Loss: 0.1028
  Batch [31480/35627] - Loss: 0.1028
  Batch [31490/35627] - Loss: 0.1028
  Batch [31500/35627] - Loss: 0.1028
  Batch [31510/35627] - Loss: 0.1028
  Batch [31520/35627] - Loss: 0.1028
  Batch [31530/35627] - Loss: 0.1028
  Batch [31540/35627] - Loss: 0.1028
  Batch [31550/35627] - Loss: 0.1028
  Batch [31560/35627] - Loss: 0.1028
  Batch [31570/35627] - Loss: 0.1028
  Batch [31580/35627] - Loss: 0.1028
  Batch [31590/35627] - Loss: 0.1028
  Batch [31600/35627] - Loss: 0.1028
  Batch [31610/35627] - Loss: 0.1028
  Batch [31620/35627] - Loss: 0.1028
  Batch [31630/35627] - Loss: 0.1028
  Batch [31640/35627] - Loss: 0.1028
  Batch [31650/35627] - Loss: 0.1028
  Batch [31660/35627] - Loss: 0.1028
  Batch [31670/35627] - Loss: 0.1028
  Batch [31680/35627] - Loss: 0.1028
  Batch [31690/35627] - Loss: 0.1028
  Batch [31700/35627] - Loss: 0.1028
  Batch [31710/35627] - Loss: 0.1028
  Batch [31720/35627] - Loss: 0.1028
  Batch [31730/35627] - Loss: 0.1028
  Batch [31740/35627] - Loss: 0.1028
  Batch [31750/35627] - Loss: 0.1028
  Batch [31760/35627] - Loss: 0.1028
  Batch [31770/35627] - Loss: 0.1028
  Batch [31780/35627] - Loss: 0.1028
  Batch [31790/35627] - Loss: 0.1028
  Batch [31800/35627] - Loss: 0.1028
  Batch [31810/35627] - Loss: 0.1028
  Batch [31820/35627] - Loss: 0.1028
  Batch [31830/35627] - Loss: 0.1028
  Batch [31840/35627] - Loss: 0.1028
  Batch [31850/35627] - Loss: 0.1028
  Batch [31860/35627] - Loss: 0.1028
  Batch [31870/35627] - Loss: 0.1028
  Batch [31880/35627] - Loss: 0.1028
  Batch [31890/35627] - Loss: 0.1028
  Batch [31900/35627] - Loss: 0.1028
  Batch [31910/35627] - Loss: 0.1028
  Batch [31920/35627] - Loss: 0.1028
  Batch [31930/35627] - Loss: 0.1028
  Batch [31940/35627] - Loss: 0.1028
  Batch [31950/35627] - Loss: 0.1028
  Batch [31960/35627] - Loss: 0.1028
  Batch [31970/35627] - Loss: 0.1028
  Batch [31980/35627] - Loss: 0.1028
  Batch [31990/35627] - Loss: 0.1028
  Batch [32000/35627] - Loss: 0.1028
  Batch [32010/35627] - Loss: 0.1028
  Batch [32020/35627] - Loss: 0.1028
  Batch [32030/35627] - Loss: 0.1028
  Batch [32040/35627] - Loss: 0.1028
  Batch [32050/35627] - Loss: 0.1028
  Batch [32060/35627] - Loss: 0.1028
  Batch [32070/35627] - Loss: 0.1028
  Batch [32080/35627] - Loss: 0.1028
  Batch [32090/35627] - Loss: 0.1028
  Batch [32100/35627] - Loss: 0.1028
  Batch [32110/35627] - Loss: 0.1028
  Batch [32120/35627] - Loss: 0.1028
  Batch [32130/35627] - Loss: 0.1028
  Batch [32140/35627] - Loss: 0.1028
  Batch [32150/35627] - Loss: 0.1028
  Batch [32160/35627] - Loss: 0.1028
  Batch [32170/35627] - Loss: 0.1028
  Batch [32180/35627] - Loss: 0.1028
  Batch [32190/35627] - Loss: 0.1028
  Batch [32200/35627] - Loss: 0.1028
  Batch [32210/35627] - Loss: 0.1028
  Batch [32220/35627] - Loss: 0.1028
  Batch [32230/35627] - Loss: 0.1028
  Batch [32240/35627] - Loss: 0.1028
  Batch [32250/35627] - Loss: 0.1028
  Batch [32260/35627] - Loss: 0.1028
  Batch [32270/35627] - Loss: 0.1028
  Batch [32280/35627] - Loss: 0.1028
  Batch [32290/35627] - Loss: 0.1028
  Batch [32300/35627] - Loss: 0.1028
  Batch [32310/35627] - Loss: 0.1028
  Batch [32320/35627] - Loss: 0.1028
  Batch [32330/35627] - Loss: 0.1028
  Batch [32340/35627] - Loss: 0.1028
  Batch [32350/35627] - Loss: 0.1028
  Batch [32360/35627] - Loss: 0.1028
  Batch [32370/35627] - Loss: 0.1028
  Batch [32380/35627] - Loss: 0.1028
  Batch [32390/35627] - Loss: 0.1028
  Batch [32400/35627] - Loss: 0.1028
  Batch [32410/35627] - Loss: 0.1028
  Batch [32420/35627] - Loss: 0.1028
  Batch [32430/35627] - Loss: 0.1028
  Batch [32440/35627] - Loss: 0.1028
  Batch [32450/35627] - Loss: 0.1028
  Batch [32460/35627] - Loss: 0.1028
  Batch [32470/35627] - Loss: 0.1028
  Batch [32480/35627] - Loss: 0.1028
  Batch [32490/35627] - Loss: 0.1028
  Batch [32500/35627] - Loss: 0.1028
  Batch [32510/35627] - Loss: 0.1028
  Batch [32520/35627] - Loss: 0.1028
  Batch [32530/35627] - Loss: 0.1028
  Batch [32540/35627] - Loss: 0.1028
  Batch [32550/35627] - Loss: 0.1028
  Batch [32560/35627] - Loss: 0.1028
  Batch [32570/35627] - Loss: 0.1028
  Batch [32580/35627] - Loss: 0.1028
  Batch [32590/35627] - Loss: 0.1028
  Batch [32600/35627] - Loss: 0.1028
  Batch [32610/35627] - Loss: 0.1028
  Batch [32620/35627] - Loss: 0.1027
  Batch [32630/35627] - Loss: 0.1027
  Batch [32640/35627] - Loss: 0.1027
  Batch [32650/35627] - Loss: 0.1027
  Batch [32660/35627] - Loss: 0.1027
  Batch [32670/35627] - Loss: 0.1027
  Batch [32680/35627] - Loss: 0.1027
  Batch [32690/35627] - Loss: 0.1027
  Batch [32700/35627] - Loss: 0.1027
  Batch [32710/35627] - Loss: 0.1027
  Batch [32720/35627] - Loss: 0.1027
  Batch [32730/35627] - Loss: 0.1027
  Batch [32740/35627] - Loss: 0.1027
  Batch [32750/35627] - Loss: 0.1027
  Batch [32760/35627] - Loss: 0.1027
  Batch [32770/35627] - Loss: 0.1027
  Batch [32780/35627] - Loss: 0.1027
  Batch [32790/35627] - Loss: 0.1027
  Batch [32800/35627] - Loss: 0.1027
  Batch [32810/35627] - Loss: 0.1027
  Batch [32820/35627] - Loss: 0.1027
  Batch [32830/35627] - Loss: 0.1027
  Batch [32840/35627] - Loss: 0.1027
  Batch [32850/35627] - Loss: 0.1027
  Batch [32860/35627] - Loss: 0.1027
  Batch [32870/35627] - Loss: 0.1027
  Batch [32880/35627] - Loss: 0.1027
  Batch [32890/35627] - Loss: 0.1027
  Batch [32900/35627] - Loss: 0.1027
  Batch [32910/35627] - Loss: 0.1027
  Batch [32920/35627] - Loss: 0.1027
  Batch [32930/35627] - Loss: 0.1027
  Batch [32940/35627] - Loss: 0.1027
  Batch [32950/35627] - Loss: 0.1027
  Batch [32960/35627] - Loss: 0.1027
  Batch [32970/35627] - Loss: 0.1027
  Batch [32980/35627] - Loss: 0.1027
  Batch [32990/35627] - Loss: 0.1027
  Batch [33000/35627] - Loss: 0.1027
  Batch [33010/35627] - Loss: 0.1027
  Batch [33020/35627] - Loss: 0.1027
  Batch [33030/35627] - Loss: 0.1027
  Batch [33040/35627] - Loss: 0.1027
  Batch [33050/35627] - Loss: 0.1027
  Batch [33060/35627] - Loss: 0.1027
  Batch [33070/35627] - Loss: 0.1027
  Batch [33080/35627] - Loss: 0.1027
  Batch [33090/35627] - Loss: 0.1027
  Batch [33100/35627] - Loss: 0.1027
  Batch [33110/35627] - Loss: 0.1027
  Batch [33120/35627] - Loss: 0.1027
  Batch [33130/35627] - Loss: 0.1027
  Batch [33140/35627] - Loss: 0.1027
  Batch [33150/35627] - Loss: 0.1027
  Batch [33160/35627] - Loss: 0.1027
  Batch [33170/35627] - Loss: 0.1027
  Batch [33180/35627] - Loss: 0.1027
  Batch [33190/35627] - Loss: 0.1027
  Batch [33200/35627] - Loss: 0.1028
  Batch [33210/35627] - Loss: 0.1028
  Batch [33220/35627] - Loss: 0.1028
  Batch [33230/35627] - Loss: 0.1027
  Batch [33240/35627] - Loss: 0.1028
  Batch [33250/35627] - Loss: 0.1027
  Batch [33260/35627] - Loss: 0.1027
  Batch [33270/35627] - Loss: 0.1027
  Batch [33280/35627] - Loss: 0.1027
  Batch [33290/35627] - Loss: 0.1027
  Batch [33300/35627] - Loss: 0.1028
  Batch [33310/35627] - Loss: 0.1028
  Batch [33320/35627] - Loss: 0.1028
  Batch [33330/35627] - Loss: 0.1028
  Batch [33340/35627] - Loss: 0.1027
  Batch [33350/35627] - Loss: 0.1028
  Batch [33360/35627] - Loss: 0.1028
  Batch [33370/35627] - Loss: 0.1027
  Batch [33380/35627] - Loss: 0.1028
  Batch [33390/35627] - Loss: 0.1028
  Batch [33400/35627] - Loss: 0.1027
  Batch [33410/35627] - Loss: 0.1027
  Batch [33420/35627] - Loss: 0.1028
  Batch [33430/35627] - Loss: 0.1027
  Batch [33440/35627] - Loss: 0.1027
  Batch [33450/35627] - Loss: 0.1027
  Batch [33460/35627] - Loss: 0.1028
  Batch [33470/35627] - Loss: 0.1028
  Batch [33480/35627] - Loss: 0.1028
  Batch [33490/35627] - Loss: 0.1027
  Batch [33500/35627] - Loss: 0.1027
  Batch [33510/35627] - Loss: 0.1027
  Batch [33520/35627] - Loss: 0.1027
  Batch [33530/35627] - Loss: 0.1027
  Batch [33540/35627] - Loss: 0.1027
  Batch [33550/35627] - Loss: 0.1027
  Batch [33560/35627] - Loss: 0.1027
  Batch [33570/35627] - Loss: 0.1027
  Batch [33580/35627] - Loss: 0.1027
  Batch [33590/35627] - Loss: 0.1027
  Batch [33600/35627] - Loss: 0.1027
  Batch [33610/35627] - Loss: 0.1027
  Batch [33620/35627] - Loss: 0.1027
  Batch [33630/35627] - Loss: 0.1027
  Batch [33640/35627] - Loss: 0.1027
  Batch [33650/35627] - Loss: 0.1027
  Batch [33660/35627] - Loss: 0.1028
  Batch [33670/35627] - Loss: 0.1028
  Batch [33680/35627] - Loss: 0.1028
  Batch [33690/35627] - Loss: 0.1027
  Batch [33700/35627] - Loss: 0.1028
  Batch [33710/35627] - Loss: 0.1028
  Batch [33720/35627] - Loss: 0.1028
  Batch [33730/35627] - Loss: 0.1028
  Batch [33740/35627] - Loss: 0.1028
  Batch [33750/35627] - Loss: 0.1028
  Batch [33760/35627] - Loss: 0.1028
  Batch [33770/35627] - Loss: 0.1028
  Batch [33780/35627] - Loss: 0.1028
  Batch [33790/35627] - Loss: 0.1028
  Batch [33800/35627] - Loss: 0.1028
  Batch [33810/35627] - Loss: 0.1028
  Batch [33820/35627] - Loss: 0.1028
  Batch [33830/35627] - Loss: 0.1028
  Batch [33840/35627] - Loss: 0.1028
  Batch [33850/35627] - Loss: 0.1028
  Batch [33860/35627] - Loss: 0.1028
  Batch [33870/35627] - Loss: 0.1028
  Batch [33880/35627] - Loss: 0.1028
  Batch [33890/35627] - Loss: 0.1028
  Batch [33900/35627] - Loss: 0.1028
  Batch [33910/35627] - Loss: 0.1028
  Batch [33920/35627] - Loss: 0.1028
  Batch [33930/35627] - Loss: 0.1028
  Batch [33940/35627] - Loss: 0.1028
  Batch [33950/35627] - Loss: 0.1028
  Batch [33960/35627] - Loss: 0.1027
  Batch [33970/35627] - Loss: 0.1027
  Batch [33980/35627] - Loss: 0.1027
  Batch [33990/35627] - Loss: 0.1027
  Batch [34000/35627] - Loss: 0.1027
  Batch [34010/35627] - Loss: 0.1027
  Batch [34020/35627] - Loss: 0.1027
  Batch [34030/35627] - Loss: 0.1027
  Batch [34040/35627] - Loss: 0.1027
  Batch [34050/35627] - Loss: 0.1027
  Batch [34060/35627] - Loss: 0.1027
  Batch [34070/35627] - Loss: 0.1027
  Batch [34080/35627] - Loss: 0.1027
  Batch [34090/35627] - Loss: 0.1027
  Batch [34100/35627] - Loss: 0.1027
  Batch [34110/35627] - Loss: 0.1027
  Batch [34120/35627] - Loss: 0.1027
  Batch [34130/35627] - Loss: 0.1027
  Batch [34140/35627] - Loss: 0.1027
  Batch [34150/35627] - Loss: 0.1027
  Batch [34160/35627] - Loss: 0.1027
  Batch [34170/35627] - Loss: 0.1027
  Batch [34180/35627] - Loss: 0.1027
  Batch [34190/35627] - Loss: 0.1027
  Batch [34200/35627] - Loss: 0.1027
  Batch [34210/35627] - Loss: 0.1027
  Batch [34220/35627] - Loss: 0.1027
  Batch [34230/35627] - Loss: 0.1027
  Batch [34240/35627] - Loss: 0.1027
  Batch [34250/35627] - Loss: 0.1027
  Batch [34260/35627] - Loss: 0.1027
  Batch [34270/35627] - Loss: 0.1027
  Batch [34280/35627] - Loss: 0.1027
  Batch [34290/35627] - Loss: 0.1027
  Batch [34300/35627] - Loss: 0.1027
  Batch [34310/35627] - Loss: 0.1027
  Batch [34320/35627] - Loss: 0.1027
  Batch [34330/35627] - Loss: 0.1027
  Batch [34340/35627] - Loss: 0.1027
  Batch [34350/35627] - Loss: 0.1027
  Batch [34360/35627] - Loss: 0.1027
  Batch [34370/35627] - Loss: 0.1027
  Batch [34380/35627] - Loss: 0.1027
  Batch [34390/35627] - Loss: 0.1027
  Batch [34400/35627] - Loss: 0.1027
  Batch [34410/35627] - Loss: 0.1027
  Batch [34420/35627] - Loss: 0.1027
  Batch [34430/35627] - Loss: 0.1027
  Batch [34440/35627] - Loss: 0.1027
  Batch [34450/35627] - Loss: 0.1027
  Batch [34460/35627] - Loss: 0.1027
  Batch [34470/35627] - Loss: 0.1027
  Batch [34480/35627] - Loss: 0.1027
  Batch [34490/35627] - Loss: 0.1027
  Batch [34500/35627] - Loss: 0.1027
  Batch [34510/35627] - Loss: 0.1027
  Batch [34520/35627] - Loss: 0.1027
  Batch [34530/35627] - Loss: 0.1027
  Batch [34540/35627] - Loss: 0.1027
  Batch [34550/35627] - Loss: 0.1027
  Batch [34560/35627] - Loss: 0.1027
  Batch [34570/35627] - Loss: 0.1027
  Batch [34580/35627] - Loss: 0.1027
  Batch [34590/35627] - Loss: 0.1027
  Batch [34600/35627] - Loss: 0.1027
  Batch [34610/35627] - Loss: 0.1027
  Batch [34620/35627] - Loss: 0.1027
  Batch [34630/35627] - Loss: 0.1027
  Batch [34640/35627] - Loss: 0.1027
  Batch [34650/35627] - Loss: 0.1027
  Batch [34660/35627] - Loss: 0.1027
  Batch [34670/35627] - Loss: 0.1027
  Batch [34680/35627] - Loss: 0.1027
  Batch [34690/35627] - Loss: 0.1027
  Batch [34700/35627] - Loss: 0.1027
  Batch [34710/35627] - Loss: 0.1027
  Batch [34720/35627] - Loss: 0.1027
  Batch [34730/35627] - Loss: 0.1027
  Batch [34740/35627] - Loss: 0.1027
  Batch [34750/35627] - Loss: 0.1027
  Batch [34760/35627] - Loss: 0.1027
  Batch [34770/35627] - Loss: 0.1027
  Batch [34780/35627] - Loss: 0.1027
  Batch [34790/35627] - Loss: 0.1027
  Batch [34800/35627] - Loss: 0.1027
  Batch [34810/35627] - Loss: 0.1027
  Batch [34820/35627] - Loss: 0.1027
  Batch [34830/35627] - Loss: 0.1027
  Batch [34840/35627] - Loss: 0.1027
  Batch [34850/35627] - Loss: 0.1027
  Batch [34860/35627] - Loss: 0.1027
  Batch [34870/35627] - Loss: 0.1027
  Batch [34880/35627] - Loss: 0.1027
  Batch [34890/35627] - Loss: 0.1027
  Batch [34900/35627] - Loss: 0.1027
  Batch [34910/35627] - Loss: 0.1027
  Batch [34920/35627] - Loss: 0.1027
  Batch [34930/35627] - Loss: 0.1027
  Batch [34940/35627] - Loss: 0.1027
  Batch [34950/35627] - Loss: 0.1027
  Batch [34960/35627] - Loss: 0.1027
  Batch [34970/35627] - Loss: 0.1027
  Batch [34980/35627] - Loss: 0.1027
  Batch [34990/35627] - Loss: 0.1027
  Batch [35000/35627] - Loss: 0.1027
  Batch [35010/35627] - Loss: 0.1027
  Batch [35020/35627] - Loss: 0.1027
  Batch [35030/35627] - Loss: 0.1027
  Batch [35040/35627] - Loss: 0.1027
  Batch [35050/35627] - Loss: 0.1027
  Batch [35060/35627] - Loss: 0.1027
  Batch [35070/35627] - Loss: 0.1027
  Batch [35080/35627] - Loss: 0.1027
  Batch [35090/35627] - Loss: 0.1027
  Batch [35100/35627] - Loss: 0.1027
  Batch [35110/35627] - Loss: 0.1027
  Batch [35120/35627] - Loss: 0.1027
  Batch [35130/35627] - Loss: 0.1027
  Batch [35140/35627] - Loss: 0.1027
  Batch [35150/35627] - Loss: 0.1027
  Batch [35160/35627] - Loss: 0.1027
  Batch [35170/35627] - Loss: 0.1027
  Batch [35180/35627] - Loss: 0.1027
  Batch [35190/35627] - Loss: 0.1027
  Batch [35200/35627] - Loss: 0.1027
  Batch [35210/35627] - Loss: 0.1027
  Batch [35220/35627] - Loss: 0.1027
  Batch [35230/35627] - Loss: 0.1027
  Batch [35240/35627] - Loss: 0.1027
  Batch [35250/35627] - Loss: 0.1026
  Batch [35260/35627] - Loss: 0.1026
  Batch [35270/35627] - Loss: 0.1026
  Batch [35280/35627] - Loss: 0.1026
  Batch [35290/35627] - Loss: 0.1026
  Batch [35300/35627] - Loss: 0.1026
  Batch [35310/35627] - Loss: 0.1026
  Batch [35320/35627] - Loss: 0.1026
  Batch [35330/35627] - Loss: 0.1026
  Batch [35340/35627] - Loss: 0.1026
  Batch [35350/35627] - Loss: 0.1026
  Batch [35360/35627] - Loss: 0.1026
  Batch [35370/35627] - Loss: 0.1026
  Batch [35380/35627] - Loss: 0.1026
  Batch [35390/35627] - Loss: 0.1026
  Batch [35400/35627] - Loss: 0.1026
  Batch [35410/35627] - Loss: 0.1026
  Batch [35420/35627] - Loss: 0.1026
  Batch [35430/35627] - Loss: 0.1027
  Batch [35440/35627] - Loss: 0.1027
  Batch [35450/35627] - Loss: 0.1027
  Batch [35460/35627] - Loss: 0.1027
  Batch [35470/35627] - Loss: 0.1027
  Batch [35480/35627] - Loss: 0.1027
  Batch [35490/35627] - Loss: 0.1027
  Batch [35500/35627] - Loss: 0.1027
  Batch [35510/35627] - Loss: 0.1027
  Batch [35520/35627] - Loss: 0.1027
  Batch [35530/35627] - Loss: 0.1027
  Batch [35540/35627] - Loss: 0.1027
  Batch [35550/35627] - Loss: 0.1027
  Batch [35560/35627] - Loss: 0.1027
  Batch [35570/35627] - Loss: 0.1027
  Batch [35580/35627] - Loss: 0.1027
  Batch [35590/35627] - Loss: 0.1027
  Batch [35600/35627] - Loss: 0.1027
  Batch [35610/35627] - Loss: 0.1027
  Batch [35620/35627] - Loss: 0.1027

Epoch 1 Results:
  Train Loss: 0.1027
  Val Loss: 0.1211
  Val Accuracy: 0.9604 (96.04%)
  Val Recall: 0.8759 (87.59%)
  Val Precision: 0.9517 (95.17%)

──────────────────────────────────────────────────────────────────────
Epoch 2/5
──────────────────────────────────────────────────────────────────────
  Batch [10/35627] - Loss: 0.0863
  Batch [20/35627] - Loss: 0.0959
  Batch [30/35627] - Loss: 0.0914
  Batch [40/35627] - Loss: 0.0963
  Batch [50/35627] - Loss: 0.0941
  Batch [60/35627] - Loss: 0.0930
  Batch [70/35627] - Loss: 0.0933
  Batch [80/35627] - Loss: 0.0941
  Batch [90/35627] - Loss: 0.0926
  Batch [100/35627] - Loss: 0.0943
  Batch [110/35627] - Loss: 0.0932
  Batch [120/35627] - Loss: 0.0923
  Batch [130/35627] - Loss: 0.0947
  Batch [140/35627] - Loss: 0.0952
  Batch [150/35627] - Loss: 0.0965
  Batch [160/35627] - Loss: 0.0982
  Batch [170/35627] - Loss: 0.0997
  Batch [180/35627] - Loss: 0.0999
  Batch [190/35627] - Loss: 0.0992
  Batch [200/35627] - Loss: 0.0990
  Batch [210/35627] - Loss: 0.0976
  Batch [220/35627] - Loss: 0.0990
  Batch [230/35627] - Loss: 0.1004
  Batch [240/35627] - Loss: 0.1002
  Batch [250/35627] - Loss: 0.1000
  Batch [260/35627] - Loss: 0.0996
  Batch [270/35627] - Loss: 0.1008
  Batch [280/35627] - Loss: 0.1013
  Batch [290/35627] - Loss: 0.1020
  Batch [300/35627] - Loss: 0.1022
  Batch [310/35627] - Loss: 0.1009
  Batch [320/35627] - Loss: 0.0997
  Batch [330/35627] - Loss: 0.0996
  Batch [340/35627] - Loss: 0.1003
  Batch [350/35627] - Loss: 0.1009
  Batch [360/35627] - Loss: 0.1004
  Batch [370/35627] - Loss: 0.1000
  Batch [380/35627] - Loss: 0.1005
  Batch [390/35627] - Loss: 0.1015
  Batch [400/35627] - Loss: 0.1021
  Batch [410/35627] - Loss: 0.1025
  Batch [420/35627] - Loss: 0.1017
  Batch [430/35627] - Loss: 0.1013
  Batch [440/35627] - Loss: 0.1008
  Batch [450/35627] - Loss: 0.1004
  Batch [460/35627] - Loss: 0.1000
  Batch [470/35627] - Loss: 0.1002
  Batch [480/35627] - Loss: 0.0999
  Batch [490/35627] - Loss: 0.1001
  Batch [500/35627] - Loss: 0.1010
  Batch [510/35627] - Loss: 0.1011
  Batch [520/35627] - Loss: 0.1007
  Batch [530/35627] - Loss: 0.1004
  Batch [540/35627] - Loss: 0.1002
  Batch [550/35627] - Loss: 0.0996
  Batch [560/35627] - Loss: 0.0999
  Batch [570/35627] - Loss: 0.0994
  Batch [580/35627] - Loss: 0.0989
  Batch [590/35627] - Loss: 0.0987
  Batch [600/35627] - Loss: 0.0989
  Batch [610/35627] - Loss: 0.0987
  Batch [620/35627] - Loss: 0.0982
  Batch [630/35627] - Loss: 0.0983
  Batch [640/35627] - Loss: 0.0984
  Batch [650/35627] - Loss: 0.0983
  Batch [660/35627] - Loss: 0.0987
  Batch [670/35627] - Loss: 0.0986
  Batch [680/35627] - Loss: 0.0989
  Batch [690/35627] - Loss: 0.0992
  Batch [700/35627] - Loss: 0.0988
  Batch [710/35627] - Loss: 0.0989
  Batch [720/35627] - Loss: 0.0987
  Batch [730/35627] - Loss: 0.0987
  Batch [740/35627] - Loss: 0.0993
  Batch [750/35627] - Loss: 0.0993
  Batch [760/35627] - Loss: 0.0995
  Batch [770/35627] - Loss: 0.0998
  Batch [780/35627] - Loss: 0.1000
  Batch [790/35627] - Loss: 0.1002
  Batch [800/35627] - Loss: 0.0999
  Batch [810/35627] - Loss: 0.1001
  Batch [820/35627] - Loss: 0.1006
  Batch [830/35627] - Loss: 0.1006
  Batch [840/35627] - Loss: 0.1007
  Batch [850/35627] - Loss: 0.1004
  Batch [860/35627] - Loss: 0.1006
  Batch [870/35627] - Loss: 0.1005
  Batch [880/35627] - Loss: 0.1011
  Batch [890/35627] - Loss: 0.1013
  Batch [900/35627] - Loss: 0.1016
  Batch [910/35627] - Loss: 0.1016
  Batch [920/35627] - Loss: 0.1017
  Batch [930/35627] - Loss: 0.1018
  Batch [940/35627] - Loss: 0.1015
  Batch [950/35627] - Loss: 0.1013
  Batch [960/35627] - Loss: 0.1015
  Batch [970/35627] - Loss: 0.1014
  Batch [980/35627] - Loss: 0.1016
  Batch [990/35627] - Loss: 0.1015
  Batch [1000/35627] - Loss: 0.1014
  Batch [1010/35627] - Loss: 0.1018
  Batch [1020/35627] - Loss: 0.1018
  Batch [1030/35627] - Loss: 0.1017
  Batch [1040/35627] - Loss: 0.1018
  Batch [1050/35627] - Loss: 0.1021
  Batch [1060/35627] - Loss: 0.1020
  Batch [1070/35627] - Loss: 0.1022
  Batch [1080/35627] - Loss: 0.1022
  Batch [1090/35627] - Loss: 0.1022
  Batch [1100/35627] - Loss: 0.1021
  Batch [1110/35627] - Loss: 0.1020
  Batch [1120/35627] - Loss: 0.1019
  Batch [1130/35627] - Loss: 0.1019
  Batch [1140/35627] - Loss: 0.1018
  Batch [1150/35627] - Loss: 0.1020
  Batch [1160/35627] - Loss: 0.1021
  Batch [1170/35627] - Loss: 0.1025
  Batch [1180/35627] - Loss: 0.1023
  Batch [1190/35627] - Loss: 0.1023
  Batch [1200/35627] - Loss: 0.1024
  Batch [1210/35627] - Loss: 0.1025
  Batch [1220/35627] - Loss: 0.1023
  Batch [1230/35627] - Loss: 0.1024
  Batch [1240/35627] - Loss: 0.1023
  Batch [1250/35627] - Loss: 0.1022
  Batch [1260/35627] - Loss: 0.1022
  Batch [1270/35627] - Loss: 0.1023
  Batch [1280/35627] - Loss: 0.1021
  Batch [1290/35627] - Loss: 0.1021
  Batch [1300/35627] - Loss: 0.1023
  Batch [1310/35627] - Loss: 0.1024
  Batch [1320/35627] - Loss: 0.1024
  Batch [1330/35627] - Loss: 0.1025
  Batch [1340/35627] - Loss: 0.1029
  Batch [1350/35627] - Loss: 0.1029
  Batch [1360/35627] - Loss: 0.1025
  Batch [1370/35627] - Loss: 0.1026
  Batch [1380/35627] - Loss: 0.1027
  Batch [1390/35627] - Loss: 0.1027
  Batch [1400/35627] - Loss: 0.1025
  Batch [1410/35627] - Loss: 0.1024
  Batch [1420/35627] - Loss: 0.1024
  Batch [1430/35627] - Loss: 0.1022
  Batch [1440/35627] - Loss: 0.1023
  Batch [1450/35627] - Loss: 0.1023
  Batch [1460/35627] - Loss: 0.1023
  Batch [1470/35627] - Loss: 0.1021
  Batch [1480/35627] - Loss: 0.1022
  Batch [1490/35627] - Loss: 0.1022
  Batch [1500/35627] - Loss: 0.1021
  Batch [1510/35627] - Loss: 0.1020
  Batch [1520/35627] - Loss: 0.1020
  Batch [1530/35627] - Loss: 0.1019
  Batch [1540/35627] - Loss: 0.1019
  Batch [1550/35627] - Loss: 0.1018
  Batch [1560/35627] - Loss: 0.1018
  Batch [1570/35627] - Loss: 0.1019
  Batch [1580/35627] - Loss: 0.1019
  Batch [1590/35627] - Loss: 0.1019
  Batch [1600/35627] - Loss: 0.1022
  Batch [1610/35627] - Loss: 0.1022
  Batch [1620/35627] - Loss: 0.1022
  Batch [1630/35627] - Loss: 0.1023
  Batch [1640/35627] - Loss: 0.1022
  Batch [1650/35627] - Loss: 0.1021
  Batch [1660/35627] - Loss: 0.1019
  Batch [1670/35627] - Loss: 0.1020
  Batch [1680/35627] - Loss: 0.1019
  Batch [1690/35627] - Loss: 0.1019
  Batch [1700/35627] - Loss: 0.1017
  Batch [1710/35627] - Loss: 0.1018
  Batch [1720/35627] - Loss: 0.1018
  Batch [1730/35627] - Loss: 0.1018
  Batch [1740/35627] - Loss: 0.1019
  Batch [1750/35627] - Loss: 0.1020
  Batch [1760/35627] - Loss: 0.1019
  Batch [1770/35627] - Loss: 0.1020
  Batch [1780/35627] - Loss: 0.1021
  Batch [1790/35627] - Loss: 0.1019
  Batch [1800/35627] - Loss: 0.1018
  Batch [1810/35627] - Loss: 0.1016
  Batch [1820/35627] - Loss: 0.1017
  Batch [1830/35627] - Loss: 0.1016
  Batch [1840/35627] - Loss: 0.1017
  Batch [1850/35627] - Loss: 0.1017
  Batch [1860/35627] - Loss: 0.1018
  Batch [1870/35627] - Loss: 0.1018
  Batch [1880/35627] - Loss: 0.1018
  Batch [1890/35627] - Loss: 0.1018
  Batch [1900/35627] - Loss: 0.1017
  Batch [1910/35627] - Loss: 0.1016
  Batch [1920/35627] - Loss: 0.1016
  Batch [1930/35627] - Loss: 0.1015
  Batch [1940/35627] - Loss: 0.1015
  Batch [1950/35627] - Loss: 0.1014
  Batch [1960/35627] - Loss: 0.1013
  Batch [1970/35627] - Loss: 0.1013
  Batch [1980/35627] - Loss: 0.1013
  Batch [1990/35627] - Loss: 0.1012
  Batch [2000/35627] - Loss: 0.1012
  Batch [2010/35627] - Loss: 0.1010
  Batch [2020/35627] - Loss: 0.1009
  Batch [2030/35627] - Loss: 0.1008
  Batch [2040/35627] - Loss: 0.1009
  Batch [2050/35627] - Loss: 0.1010
  Batch [2060/35627] - Loss: 0.1010
  Batch [2070/35627] - Loss: 0.1010
  Batch [2080/35627] - Loss: 0.1013
  Batch [2090/35627] - Loss: 0.1012
  Batch [2100/35627] - Loss: 0.1013
  Batch [2110/35627] - Loss: 0.1012
  Batch [2120/35627] - Loss: 0.1012
  Batch [2130/35627] - Loss: 0.1012
  Batch [2140/35627] - Loss: 0.1011
  Batch [2150/35627] - Loss: 0.1012
  Batch [2160/35627] - Loss: 0.1013
  Batch [2170/35627] - Loss: 0.1013
  Batch [2180/35627] - Loss: 0.1012
  Batch [2190/35627] - Loss: 0.1013
  Batch [2200/35627] - Loss: 0.1012
  Batch [2210/35627] - Loss: 0.1013
  Batch [2220/35627] - Loss: 0.1014
  Batch [2230/35627] - Loss: 0.1014
  Batch [2240/35627] - Loss: 0.1014
  Batch [2250/35627] - Loss: 0.1013
  Batch [2260/35627] - Loss: 0.1014
  Batch [2270/35627] - Loss: 0.1014
  Batch [2280/35627] - Loss: 0.1013
  Batch [2290/35627] - Loss: 0.1013
  Batch [2300/35627] - Loss: 0.1011
  Batch [2310/35627] - Loss: 0.1012
  Batch [2320/35627] - Loss: 0.1011
  Batch [2330/35627] - Loss: 0.1011
  Batch [2340/35627] - Loss: 0.1013
  Batch [2350/35627] - Loss: 0.1013
  Batch [2360/35627] - Loss: 0.1013
  Batch [2370/35627] - Loss: 0.1013
  Batch [2380/35627] - Loss: 0.1012
  Batch [2390/35627] - Loss: 0.1012
  Batch [2400/35627] - Loss: 0.1013
  Batch [2410/35627] - Loss: 0.1013
  Batch [2420/35627] - Loss: 0.1013
  Batch [2430/35627] - Loss: 0.1012
  Batch [2440/35627] - Loss: 0.1012
  Batch [2450/35627] - Loss: 0.1011
  Batch [2460/35627] - Loss: 0.1012
  Batch [2470/35627] - Loss: 0.1013
  Batch [2480/35627] - Loss: 0.1013
  Batch [2490/35627] - Loss: 0.1013
  Batch [2500/35627] - Loss: 0.1014
  Batch [2510/35627] - Loss: 0.1013
  Batch [2520/35627] - Loss: 0.1013
  Batch [2530/35627] - Loss: 0.1012
  Batch [2540/35627] - Loss: 0.1012
  Batch [2550/35627] - Loss: 0.1011
  Batch [2560/35627] - Loss: 0.1010
  Batch [2570/35627] - Loss: 0.1010
  Batch [2580/35627] - Loss: 0.1010
  Batch [2590/35627] - Loss: 0.1011
  Batch [2600/35627] - Loss: 0.1011
  Batch [2610/35627] - Loss: 0.1011
  Batch [2620/35627] - Loss: 0.1011
  Batch [2630/35627] - Loss: 0.1011
  Batch [2640/35627] - Loss: 0.1010
  Batch [2650/35627] - Loss: 0.1010
  Batch [2660/35627] - Loss: 0.1011
  Batch [2670/35627] - Loss: 0.1010
  Batch [2680/35627] - Loss: 0.1010
  Batch [2690/35627] - Loss: 0.1009
  Batch [2700/35627] - Loss: 0.1009
  Batch [2710/35627] - Loss: 0.1010
  Batch [2720/35627] - Loss: 0.1010
  Batch [2730/35627] - Loss: 0.1011
  Batch [2740/35627] - Loss: 0.1011
  Batch [2750/35627] - Loss: 0.1012
  Batch [2760/35627] - Loss: 0.1015
  Batch [2770/35627] - Loss: 0.1015
  Batch [2780/35627] - Loss: 0.1015
  Batch [2790/35627] - Loss: 0.1015
  Batch [2800/35627] - Loss: 0.1015
  Batch [2810/35627] - Loss: 0.1016
  Batch [2820/35627] - Loss: 0.1017
  Batch [2830/35627] - Loss: 0.1017
  Batch [2840/35627] - Loss: 0.1017
  Batch [2850/35627] - Loss: 0.1018
  Batch [2860/35627] - Loss: 0.1017
  Batch [2870/35627] - Loss: 0.1016
  Batch [2880/35627] - Loss: 0.1016
  Batch [2890/35627] - Loss: 0.1017
  Batch [2900/35627] - Loss: 0.1016
  Batch [2910/35627] - Loss: 0.1016
  Batch [2920/35627] - Loss: 0.1015
  Batch [2930/35627] - Loss: 0.1016
  Batch [2940/35627] - Loss: 0.1016
  Batch [2950/35627] - Loss: 0.1016
  Batch [2960/35627] - Loss: 0.1017
  Batch [2970/35627] - Loss: 0.1019
  Batch [2980/35627] - Loss: 0.1018
  Batch [2990/35627] - Loss: 0.1018
  Batch [3000/35627] - Loss: 0.1018
  Batch [3010/35627] - Loss: 0.1018
  Batch [3020/35627] - Loss: 0.1018
  Batch [3030/35627] - Loss: 0.1018
  Batch [3040/35627] - Loss: 0.1017
  Batch [3050/35627] - Loss: 0.1018
  Batch [3060/35627] - Loss: 0.1018
  Batch [3070/35627] - Loss: 0.1018
  Batch [3080/35627] - Loss: 0.1018
  Batch [3090/35627] - Loss: 0.1019
  Batch [3100/35627] - Loss: 0.1019
  Batch [3110/35627] - Loss: 0.1019
  Batch [3120/35627] - Loss: 0.1019
  Batch [3130/35627] - Loss: 0.1017
  Batch [3140/35627] - Loss: 0.1017
  Batch [3150/35627] - Loss: 0.1016
  Batch [3160/35627] - Loss: 0.1016
  Batch [3170/35627] - Loss: 0.1015
  Batch [3180/35627] - Loss: 0.1015
  Batch [3190/35627] - Loss: 0.1015
  Batch [3200/35627] - Loss: 0.1015
  Batch [3210/35627] - Loss: 0.1015
  Batch [3220/35627] - Loss: 0.1016
  Batch [3230/35627] - Loss: 0.1016
  Batch [3240/35627] - Loss: 0.1017
  Batch [3250/35627] - Loss: 0.1017
  Batch [3260/35627] - Loss: 0.1017
  Batch [3270/35627] - Loss: 0.1017
  Batch [3280/35627] - Loss: 0.1016
  Batch [3290/35627] - Loss: 0.1016
  Batch [3300/35627] - Loss: 0.1016
  Batch [3310/35627] - Loss: 0.1015
  Batch [3320/35627] - Loss: 0.1014
  Batch [3330/35627] - Loss: 0.1014
  Batch [3340/35627] - Loss: 0.1014
  Batch [3350/35627] - Loss: 0.1013
  Batch [3360/35627] - Loss: 0.1013
  Batch [3370/35627] - Loss: 0.1012
  Batch [3380/35627] - Loss: 0.1012
  Batch [3390/35627] - Loss: 0.1013
  Batch [3400/35627] - Loss: 0.1013
  Batch [3410/35627] - Loss: 0.1014
  Batch [3420/35627] - Loss: 0.1014
  Batch [3430/35627] - Loss: 0.1015
  Batch [3440/35627] - Loss: 0.1014
  Batch [3450/35627] - Loss: 0.1016
  Batch [3460/35627] - Loss: 0.1015
  Batch [3470/35627] - Loss: 0.1015
  Batch [3480/35627] - Loss: 0.1015
  Batch [3490/35627] - Loss: 0.1014
  Batch [3500/35627] - Loss: 0.1014
  Batch [3510/35627] - Loss: 0.1014
  Batch [3520/35627] - Loss: 0.1014
  Batch [3530/35627] - Loss: 0.1014
  Batch [3540/35627] - Loss: 0.1013
  Batch [3550/35627] - Loss: 0.1013
  Batch [3560/35627] - Loss: 0.1013
  Batch [3570/35627] - Loss: 0.1013
  Batch [3580/35627] - Loss: 0.1013
  Batch [3590/35627] - Loss: 0.1014
  Batch [3600/35627] - Loss: 0.1014
  Batch [3610/35627] - Loss: 0.1015
  Batch [3620/35627] - Loss: 0.1015
  Batch [3630/35627] - Loss: 0.1015
  Batch [3640/35627] - Loss: 0.1015
  Batch [3650/35627] - Loss: 0.1015
  Batch [3660/35627] - Loss: 0.1016
  Batch [3670/35627] - Loss: 0.1016
  Batch [3680/35627] - Loss: 0.1016
  Batch [3690/35627] - Loss: 0.1016
  Batch [3700/35627] - Loss: 0.1016
  Batch [3710/35627] - Loss: 0.1016
  Batch [3720/35627] - Loss: 0.1016
  Batch [3730/35627] - Loss: 0.1016
  Batch [3740/35627] - Loss: 0.1016
  Batch [3750/35627] - Loss: 0.1016
  Batch [3760/35627] - Loss: 0.1017
  Batch [3770/35627] - Loss: 0.1017
  Batch [3780/35627] - Loss: 0.1017
  Batch [3790/35627] - Loss: 0.1017
  Batch [3800/35627] - Loss: 0.1016
  Batch [3810/35627] - Loss: 0.1015
  Batch [3820/35627] - Loss: 0.1015
  Batch [3830/35627] - Loss: 0.1014
  Batch [3840/35627] - Loss: 0.1014
  Batch [3850/35627] - Loss: 0.1014
  Batch [3860/35627] - Loss: 0.1015
  Batch [3870/35627] - Loss: 0.1016
  Batch [3880/35627] - Loss: 0.1017
  Batch [3890/35627] - Loss: 0.1016
  Batch [3900/35627] - Loss: 0.1016
  Batch [3910/35627] - Loss: 0.1016
  Batch [3920/35627] - Loss: 0.1015
  Batch [3930/35627] - Loss: 0.1015
  Batch [3940/35627] - Loss: 0.1015
  Batch [3950/35627] - Loss: 0.1015
  Batch [3960/35627] - Loss: 0.1015
  Batch [3970/35627] - Loss: 0.1015
  Batch [3980/35627] - Loss: 0.1015
  Batch [3990/35627] - Loss: 0.1014
  Batch [4000/35627] - Loss: 0.1016
  Batch [4010/35627] - Loss: 0.1015
  Batch [4020/35627] - Loss: 0.1015
  Batch [4030/35627] - Loss: 0.1014
  Batch [4040/35627] - Loss: 0.1015
  Batch [4050/35627] - Loss: 0.1015
  Batch [4060/35627] - Loss: 0.1015
  Batch [4070/35627] - Loss: 0.1015
  Batch [4080/35627] - Loss: 0.1015
  Batch [4090/35627] - Loss: 0.1016
  Batch [4100/35627] - Loss: 0.1015
  Batch [4110/35627] - Loss: 0.1016
  Batch [4120/35627] - Loss: 0.1016
  Batch [4130/35627] - Loss: 0.1015
  Batch [4140/35627] - Loss: 0.1015
  Batch [4150/35627] - Loss: 0.1014
  Batch [4160/35627] - Loss: 0.1013
  Batch [4170/35627] - Loss: 0.1014
  Batch [4180/35627] - Loss: 0.1014
  Batch [4190/35627] - Loss: 0.1015
  Batch [4200/35627] - Loss: 0.1015
  Batch [4210/35627] - Loss: 0.1014
  Batch [4220/35627] - Loss: 0.1015
  Batch [4230/35627] - Loss: 0.1014
  Batch [4240/35627] - Loss: 0.1014
  Batch [4250/35627] - Loss: 0.1015
  Batch [4260/35627] - Loss: 0.1014
  Batch [4270/35627] - Loss: 0.1013
  Batch [4280/35627] - Loss: 0.1013
  Batch [4290/35627] - Loss: 0.1013
  Batch [4300/35627] - Loss: 0.1013
  Batch [4310/35627] - Loss: 0.1012
  Batch [4320/35627] - Loss: 0.1012
  Batch [4330/35627] - Loss: 0.1011
  Batch [4340/35627] - Loss: 0.1012
  Batch [4350/35627] - Loss: 0.1012
  Batch [4360/35627] - Loss: 0.1012
  Batch [4370/35627] - Loss: 0.1012
  Batch [4380/35627] - Loss: 0.1011
  Batch [4390/35627] - Loss: 0.1010
  Batch [4400/35627] - Loss: 0.1010
  Batch [4410/35627] - Loss: 0.1010
  Batch [4420/35627] - Loss: 0.1011
  Batch [4430/35627] - Loss: 0.1010
  Batch [4440/35627] - Loss: 0.1010
  Batch [4450/35627] - Loss: 0.1010
  Batch [4460/35627] - Loss: 0.1010
  Batch [4470/35627] - Loss: 0.1010
  Batch [4480/35627] - Loss: 0.1010
  Batch [4490/35627] - Loss: 0.1011
  Batch [4500/35627] - Loss: 0.1010
  Batch [4510/35627] - Loss: 0.1010
  Batch [4520/35627] - Loss: 0.1012
  Batch [4530/35627] - Loss: 0.1012
  Batch [4540/35627] - Loss: 0.1012
  Batch [4550/35627] - Loss: 0.1012
  Batch [4560/35627] - Loss: 0.1012
  Batch [4570/35627] - Loss: 0.1012
  Batch [4580/35627] - Loss: 0.1012
  Batch [4590/35627] - Loss: 0.1012
  Batch [4600/35627] - Loss: 0.1012
  Batch [4610/35627] - Loss: 0.1012
  Batch [4620/35627] - Loss: 0.1012
  Batch [4630/35627] - Loss: 0.1011
  Batch [4640/35627] - Loss: 0.1011
  Batch [4650/35627] - Loss: 0.1011
  Batch [4660/35627] - Loss: 0.1011
  Batch [4670/35627] - Loss: 0.1011
  Batch [4680/35627] - Loss: 0.1011
  Batch [4690/35627] - Loss: 0.1010
  Batch [4700/35627] - Loss: 0.1010
  Batch [4710/35627] - Loss: 0.1011
  Batch [4720/35627] - Loss: 0.1011
  Batch [4730/35627] - Loss: 0.1011
  Batch [4740/35627] - Loss: 0.1010
  Batch [4750/35627] - Loss: 0.1010
  Batch [4760/35627] - Loss: 0.1010
  Batch [4770/35627] - Loss: 0.1010
  Batch [4780/35627] - Loss: 0.1010
  Batch [4790/35627] - Loss: 0.1010
  Batch [4800/35627] - Loss: 0.1010
  Batch [4810/35627] - Loss: 0.1010
  Batch [4820/35627] - Loss: 0.1010
  Batch [4830/35627] - Loss: 0.1009
  Batch [4840/35627] - Loss: 0.1009
  Batch [4850/35627] - Loss: 0.1009
  Batch [4860/35627] - Loss: 0.1010
  Batch [4870/35627] - Loss: 0.1010
  Batch [4880/35627] - Loss: 0.1011
  Batch [4890/35627] - Loss: 0.1011
  Batch [4900/35627] - Loss: 0.1010
  Batch [4910/35627] - Loss: 0.1010
  Batch [4920/35627] - Loss: 0.1010
  Batch [4930/35627] - Loss: 0.1010
  Batch [4940/35627] - Loss: 0.1010
  Batch [4950/35627] - Loss: 0.1010
  Batch [4960/35627] - Loss: 0.1010
  Batch [4970/35627] - Loss: 0.1010
  Batch [4980/35627] - Loss: 0.1010
  Batch [4990/35627] - Loss: 0.1010
  Batch [5000/35627] - Loss: 0.1010
  Batch [5010/35627] - Loss: 0.1009
  Batch [5020/35627] - Loss: 0.1009
  Batch [5030/35627] - Loss: 0.1009
  Batch [5040/35627] - Loss: 0.1009
  Batch [5050/35627] - Loss: 0.1010
  Batch [5060/35627] - Loss: 0.1010
  Batch [5070/35627] - Loss: 0.1009
  Batch [5080/35627] - Loss: 0.1009
  Batch [5090/35627] - Loss: 0.1009
  Batch [5100/35627] - Loss: 0.1010
  Batch [5110/35627] - Loss: 0.1010
  Batch [5120/35627] - Loss: 0.1010
  Batch [5130/35627] - Loss: 0.1010
  Batch [5140/35627] - Loss: 0.1011
  Batch [5150/35627] - Loss: 0.1010
  Batch [5160/35627] - Loss: 0.1011
  Batch [5170/35627] - Loss: 0.1010
  Batch [5180/35627] - Loss: 0.1010
  Batch [5190/35627] - Loss: 0.1011
  Batch [5200/35627] - Loss: 0.1011
  Batch [5210/35627] - Loss: 0.1011
  Batch [5220/35627] - Loss: 0.1011
  Batch [5230/35627] - Loss: 0.1011
  Batch [5240/35627] - Loss: 0.1011
  Batch [5250/35627] - Loss: 0.1011
  Batch [5260/35627] - Loss: 0.1011
  Batch [5270/35627] - Loss: 0.1011
  Batch [5280/35627] - Loss: 0.1011
  Batch [5290/35627] - Loss: 0.1012
  Batch [5300/35627] - Loss: 0.1012
  Batch [5310/35627] - Loss: 0.1012
  Batch [5320/35627] - Loss: 0.1012
  Batch [5330/35627] - Loss: 0.1011
  Batch [5340/35627] - Loss: 0.1012
  Batch [5350/35627] - Loss: 0.1012
  Batch [5360/35627] - Loss: 0.1011
  Batch [5370/35627] - Loss: 0.1011
  Batch [5380/35627] - Loss: 0.1012
  Batch [5390/35627] - Loss: 0.1012
  Batch [5400/35627] - Loss: 0.1011
  Batch [5410/35627] - Loss: 0.1011
  Batch [5420/35627] - Loss: 0.1011
  Batch [5430/35627] - Loss: 0.1011
  Batch [5440/35627] - Loss: 0.1012
  Batch [5450/35627] - Loss: 0.1012
  Batch [5460/35627] - Loss: 0.1012
  Batch [5470/35627] - Loss: 0.1012
  Batch [5480/35627] - Loss: 0.1012
  Batch [5490/35627] - Loss: 0.1012
  Batch [5500/35627] - Loss: 0.1012
  Batch [5510/35627] - Loss: 0.1012
  Batch [5520/35627] - Loss: 0.1011
  Batch [5530/35627] - Loss: 0.1011
  Batch [5540/35627] - Loss: 0.1012
  Batch [5550/35627] - Loss: 0.1012
  Batch [5560/35627] - Loss: 0.1011
  Batch [5570/35627] - Loss: 0.1011
  Batch [5580/35627] - Loss: 0.1010
  Batch [5590/35627] - Loss: 0.1010
  Batch [5600/35627] - Loss: 0.1010
  Batch [5610/35627] - Loss: 0.1010
  Batch [5620/35627] - Loss: 0.1010
  Batch [5630/35627] - Loss: 0.1010
  Batch [5640/35627] - Loss: 0.1010
  Batch [5650/35627] - Loss: 0.1009
  Batch [5660/35627] - Loss: 0.1009
  Batch [5670/35627] - Loss: 0.1009
  Batch [5680/35627] - Loss: 0.1009
  Batch [5690/35627] - Loss: 0.1008
  Batch [5700/35627] - Loss: 0.1009
  Batch [5710/35627] - Loss: 0.1009
  Batch [5720/35627] - Loss: 0.1009
  Batch [5730/35627] - Loss: 0.1009
  Batch [5740/35627] - Loss: 0.1010
  Batch [5750/35627] - Loss: 0.1010
  Batch [5760/35627] - Loss: 0.1010
  Batch [5770/35627] - Loss: 0.1009
  Batch [5780/35627] - Loss: 0.1009
  Batch [5790/35627] - Loss: 0.1009
  Batch [5800/35627] - Loss: 0.1009
  Batch [5810/35627] - Loss: 0.1008
  Batch [5820/35627] - Loss: 0.1008
  Batch [5830/35627] - Loss: 0.1009
  Batch [5840/35627] - Loss: 0.1009
  Batch [5850/35627] - Loss: 0.1009
  Batch [5860/35627] - Loss: 0.1009
  Batch [5870/35627] - Loss: 0.1009
  Batch [5880/35627] - Loss: 0.1008
  Batch [5890/35627] - Loss: 0.1008
  Batch [5900/35627] - Loss: 0.1008
  Batch [5910/35627] - Loss: 0.1008
  Batch [5920/35627] - Loss: 0.1007
  Batch [5930/35627] - Loss: 0.1007
  Batch [5940/35627] - Loss: 0.1008
  Batch [5950/35627] - Loss: 0.1008
  Batch [5960/35627] - Loss: 0.1007
  Batch [5970/35627] - Loss: 0.1008
  Batch [5980/35627] - Loss: 0.1008
  Batch [5990/35627] - Loss: 0.1008
  Batch [6000/35627] - Loss: 0.1008
  Batch [6010/35627] - Loss: 0.1008
  Batch [6020/35627] - Loss: 0.1008
  Batch [6030/35627] - Loss: 0.1008
  Batch [6040/35627] - Loss: 0.1009
  Batch [6050/35627] - Loss: 0.1009
  Batch [6060/35627] - Loss: 0.1009
  Batch [6070/35627] - Loss: 0.1009
  Batch [6080/35627] - Loss: 0.1010
  Batch [6090/35627] - Loss: 0.1010
  Batch [6100/35627] - Loss: 0.1009
  Batch [6110/35627] - Loss: 0.1009
  Batch [6120/35627] - Loss: 0.1009
  Batch [6130/35627] - Loss: 0.1010
  Batch [6140/35627] - Loss: 0.1010
  Batch [6150/35627] - Loss: 0.1010
  Batch [6160/35627] - Loss: 0.1009
  Batch [6170/35627] - Loss: 0.1009
  Batch [6180/35627] - Loss: 0.1009
  Batch [6190/35627] - Loss: 0.1009
  Batch [6200/35627] - Loss: 0.1009
  Batch [6210/35627] - Loss: 0.1009
  Batch [6220/35627] - Loss: 0.1009
  Batch [6230/35627] - Loss: 0.1009
  Batch [6240/35627] - Loss: 0.1009
  Batch [6250/35627] - Loss: 0.1008
  Batch [6260/35627] - Loss: 0.1008
  Batch [6270/35627] - Loss: 0.1009
  Batch [6280/35627] - Loss: 0.1009
  Batch [6290/35627] - Loss: 0.1010
  Batch [6300/35627] - Loss: 0.1009
  Batch [6310/35627] - Loss: 0.1009
  Batch [6320/35627] - Loss: 0.1009
  Batch [6330/35627] - Loss: 0.1009
  Batch [6340/35627] - Loss: 0.1010
  Batch [6350/35627] - Loss: 0.1010
  Batch [6360/35627] - Loss: 0.1010
  Batch [6370/35627] - Loss: 0.1010
  Batch [6380/35627] - Loss: 0.1011
  Batch [6390/35627] - Loss: 0.1011
  Batch [6400/35627] - Loss: 0.1010
  Batch [6410/35627] - Loss: 0.1012
  Batch [6420/35627] - Loss: 0.1012
  Batch [6430/35627] - Loss: 0.1012
  Batch [6440/35627] - Loss: 0.1011
  Batch [6450/35627] - Loss: 0.1011
  Batch [6460/35627] - Loss: 0.1012
  Batch [6470/35627] - Loss: 0.1012
  Batch [6480/35627] - Loss: 0.1012
  Batch [6490/35627] - Loss: 0.1011
  Batch [6500/35627] - Loss: 0.1011
  Batch [6510/35627] - Loss: 0.1011
  Batch [6520/35627] - Loss: 0.1012
  Batch [6530/35627] - Loss: 0.1011
  Batch [6540/35627] - Loss: 0.1011
  Batch [6550/35627] - Loss: 0.1011
  Batch [6560/35627] - Loss: 0.1011
  Batch [6570/35627] - Loss: 0.1011
  Batch [6580/35627] - Loss: 0.1011
  Batch [6590/35627] - Loss: 0.1011
  Batch [6600/35627] - Loss: 0.1011
  Batch [6610/35627] - Loss: 0.1011
  Batch [6620/35627] - Loss: 0.1012
  Batch [6630/35627] - Loss: 0.1012
  Batch [6640/35627] - Loss: 0.1012
  Batch [6650/35627] - Loss: 0.1012
  Batch [6660/35627] - Loss: 0.1012
  Batch [6670/35627] - Loss: 0.1012
  Batch [6680/35627] - Loss: 0.1012
  Batch [6690/35627] - Loss: 0.1012
  Batch [6700/35627] - Loss: 0.1012
  Batch [6710/35627] - Loss: 0.1013
  Batch [6720/35627] - Loss: 0.1012
  Batch [6730/35627] - Loss: 0.1012
  Batch [6740/35627] - Loss: 0.1012
  Batch [6750/35627] - Loss: 0.1011
  Batch [6760/35627] - Loss: 0.1011
  Batch [6770/35627] - Loss: 0.1012
  Batch [6780/35627] - Loss: 0.1012
  Batch [6790/35627] - Loss: 0.1012
  Batch [6800/35627] - Loss: 0.1011
  Batch [6810/35627] - Loss: 0.1012
  Batch [6820/35627] - Loss: 0.1012
  Batch [6830/35627] - Loss: 0.1012
  Batch [6840/35627] - Loss: 0.1012
  Batch [6850/35627] - Loss: 0.1012
  Batch [6860/35627] - Loss: 0.1012
  Batch [6870/35627] - Loss: 0.1012
  Batch [6880/35627] - Loss: 0.1012
  Batch [6890/35627] - Loss: 0.1012
  Batch [6900/35627] - Loss: 0.1012
  Batch [6910/35627] - Loss: 0.1012
  Batch [6920/35627] - Loss: 0.1012
  Batch [6930/35627] - Loss: 0.1012
  Batch [6940/35627] - Loss: 0.1012
  Batch [6950/35627] - Loss: 0.1012
  Batch [6960/35627] - Loss: 0.1012
  Batch [6970/35627] - Loss: 0.1013
  Batch [6980/35627] - Loss: 0.1013
  Batch [6990/35627] - Loss: 0.1013
  Batch [7000/35627] - Loss: 0.1013
  Batch [7010/35627] - Loss: 0.1014
  Batch [7020/35627] - Loss: 0.1014
  Batch [7030/35627] - Loss: 0.1014
  Batch [7040/35627] - Loss: 0.1014
  Batch [7050/35627] - Loss: 0.1014
  Batch [7060/35627] - Loss: 0.1014
  Batch [7070/35627] - Loss: 0.1013
  Batch [7080/35627] - Loss: 0.1013
  Batch [7090/35627] - Loss: 0.1013
  Batch [7100/35627] - Loss: 0.1013
  Batch [7110/35627] - Loss: 0.1013
  Batch [7120/35627] - Loss: 0.1013
  Batch [7130/35627] - Loss: 0.1014
  Batch [7140/35627] - Loss: 0.1014
  Batch [7150/35627] - Loss: 0.1014
  Batch [7160/35627] - Loss: 0.1014
  Batch [7170/35627] - Loss: 0.1014
  Batch [7180/35627] - Loss: 0.1015
  Batch [7190/35627] - Loss: 0.1015
  Batch [7200/35627] - Loss: 0.1015
  Batch [7210/35627] - Loss: 0.1015
  Batch [7220/35627] - Loss: 0.1015
  Batch [7230/35627] - Loss: 0.1015
  Batch [7240/35627] - Loss: 0.1016
  Batch [7250/35627] - Loss: 0.1016
  Batch [7260/35627] - Loss: 0.1016
  Batch [7270/35627] - Loss: 0.1016
  Batch [7280/35627] - Loss: 0.1016
  Batch [7290/35627] - Loss: 0.1015
  Batch [7300/35627] - Loss: 0.1015
  Batch [7310/35627] - Loss: 0.1015
  Batch [7320/35627] - Loss: 0.1015
  Batch [7330/35627] - Loss: 0.1015
  Batch [7340/35627] - Loss: 0.1014
  Batch [7350/35627] - Loss: 0.1015
  Batch [7360/35627] - Loss: 0.1014
  Batch [7370/35627] - Loss: 0.1015
  Batch [7380/35627] - Loss: 0.1015
  Batch [7390/35627] - Loss: 0.1015
  Batch [7400/35627] - Loss: 0.1015
  Batch [7410/35627] - Loss: 0.1015
  Batch [7420/35627] - Loss: 0.1015
  Batch [7430/35627] - Loss: 0.1015
  Batch [7440/35627] - Loss: 0.1015
  Batch [7450/35627] - Loss: 0.1016
  Batch [7460/35627] - Loss: 0.1016
  Batch [7470/35627] - Loss: 0.1017
  Batch [7480/35627] - Loss: 0.1017
  Batch [7490/35627] - Loss: 0.1017
  Batch [7500/35627] - Loss: 0.1017
  Batch [7510/35627] - Loss: 0.1016
  Batch [7520/35627] - Loss: 0.1016
  Batch [7530/35627] - Loss: 0.1016
  Batch [7540/35627] - Loss: 0.1016
  Batch [7550/35627] - Loss: 0.1015
  Batch [7560/35627] - Loss: 0.1015
  Batch [7570/35627] - Loss: 0.1016
  Batch [7580/35627] - Loss: 0.1016
  Batch [7590/35627] - Loss: 0.1017
  Batch [7600/35627] - Loss: 0.1017
  Batch [7610/35627] - Loss: 0.1017
  Batch [7620/35627] - Loss: 0.1017
  Batch [7630/35627] - Loss: 0.1017
  Batch [7640/35627] - Loss: 0.1017
  Batch [7650/35627] - Loss: 0.1016
  Batch [7660/35627] - Loss: 0.1016
  Batch [7670/35627] - Loss: 0.1016
  Batch [7680/35627] - Loss: 0.1016
  Batch [7690/35627] - Loss: 0.1016
  Batch [7700/35627] - Loss: 0.1016
  Batch [7710/35627] - Loss: 0.1016
  Batch [7720/35627] - Loss: 0.1016
  Batch [7730/35627] - Loss: 0.1016
  Batch [7740/35627] - Loss: 0.1016
  Batch [7750/35627] - Loss: 0.1016
  Batch [7760/35627] - Loss: 0.1016
  Batch [7770/35627] - Loss: 0.1017
  Batch [7780/35627] - Loss: 0.1017
  Batch [7790/35627] - Loss: 0.1017
  Batch [7800/35627] - Loss: 0.1017
  Batch [7810/35627] - Loss: 0.1017
  Batch [7820/35627] - Loss: 0.1017
  Batch [7830/35627] - Loss: 0.1017
  Batch [7840/35627] - Loss: 0.1017
  Batch [7850/35627] - Loss: 0.1017
  Batch [7860/35627] - Loss: 0.1017
  Batch [7870/35627] - Loss: 0.1017
  Batch [7880/35627] - Loss: 0.1017
  Batch [7890/35627] - Loss: 0.1017
  Batch [7900/35627] - Loss: 0.1017
  Batch [7910/35627] - Loss: 0.1017
  Batch [7920/35627] - Loss: 0.1017
  Batch [7930/35627] - Loss: 0.1017
  Batch [7940/35627] - Loss: 0.1017
  Batch [7950/35627] - Loss: 0.1017
  Batch [7960/35627] - Loss: 0.1017
  Batch [7970/35627] - Loss: 0.1017
  Batch [7980/35627] - Loss: 0.1017
  Batch [7990/35627] - Loss: 0.1017
  Batch [8000/35627] - Loss: 0.1017
  Batch [8010/35627] - Loss: 0.1017
  Batch [8020/35627] - Loss: 0.1017
  Batch [8030/35627] - Loss: 0.1017
  Batch [8040/35627] - Loss: 0.1017
  Batch [8050/35627] - Loss: 0.1017
  Batch [8060/35627] - Loss: 0.1017
  Batch [8070/35627] - Loss: 0.1017
  Batch [8080/35627] - Loss: 0.1017
  Batch [8090/35627] - Loss: 0.1017
  Batch [8100/35627] - Loss: 0.1017
  Batch [8110/35627] - Loss: 0.1017
  Batch [8120/35627] - Loss: 0.1017
  Batch [8130/35627] - Loss: 0.1017
  Batch [8140/35627] - Loss: 0.1017
  Batch [8150/35627] - Loss: 0.1017
  Batch [8160/35627] - Loss: 0.1017
  Batch [8170/35627] - Loss: 0.1017
  Batch [8180/35627] - Loss: 0.1017
  Batch [8190/35627] - Loss: 0.1017
  Batch [8200/35627] - Loss: 0.1017
  Batch [8210/35627] - Loss: 0.1017
  Batch [8220/35627] - Loss: 0.1017
  Batch [8230/35627] - Loss: 0.1017
  Batch [8240/35627] - Loss: 0.1017
  Batch [8250/35627] - Loss: 0.1017
  Batch [8260/35627] - Loss: 0.1017
  Batch [8270/35627] - Loss: 0.1017
  Batch [8280/35627] - Loss: 0.1017
  Batch [8290/35627] - Loss: 0.1017
  Batch [8300/35627] - Loss: 0.1017
  Batch [8310/35627] - Loss: 0.1017
  Batch [8320/35627] - Loss: 0.1017
  Batch [8330/35627] - Loss: 0.1017
  Batch [8340/35627] - Loss: 0.1017
  Batch [8350/35627] - Loss: 0.1017
  Batch [8360/35627] - Loss: 0.1017
  Batch [8370/35627] - Loss: 0.1017
  Batch [8380/35627] - Loss: 0.1017
  Batch [8390/35627] - Loss: 0.1017
  Batch [8400/35627] - Loss: 0.1017
  Batch [8410/35627] - Loss: 0.1017
  Batch [8420/35627] - Loss: 0.1017
  Batch [8430/35627] - Loss: 0.1017
  Batch [8440/35627] - Loss: 0.1016
  Batch [8450/35627] - Loss: 0.1017
  Batch [8460/35627] - Loss: 0.1017
  Batch [8470/35627] - Loss: 0.1017
  Batch [8480/35627] - Loss: 0.1017
  Batch [8490/35627] - Loss: 0.1017
  Batch [8500/35627] - Loss: 0.1017
  Batch [8510/35627] - Loss: 0.1017
  Batch [8520/35627] - Loss: 0.1017
  Batch [8530/35627] - Loss: 0.1018
  Batch [8540/35627] - Loss: 0.1018
  Batch [8550/35627] - Loss: 0.1018
  Batch [8560/35627] - Loss: 0.1019
  Batch [8570/35627] - Loss: 0.1019
  Batch [8580/35627] - Loss: 0.1019
  Batch [8590/35627] - Loss: 0.1019
  Batch [8600/35627] - Loss: 0.1019
  Batch [8610/35627] - Loss: 0.1019
  Batch [8620/35627] - Loss: 0.1019
  Batch [8630/35627] - Loss: 0.1019
  Batch [8640/35627] - Loss: 0.1019
  Batch [8650/35627] - Loss: 0.1019
  Batch [8660/35627] - Loss: 0.1019
  Batch [8670/35627] - Loss: 0.1019
  Batch [8680/35627] - Loss: 0.1019
  Batch [8690/35627] - Loss: 0.1019
  Batch [8700/35627] - Loss: 0.1020
  Batch [8710/35627] - Loss: 0.1019
  Batch [8720/35627] - Loss: 0.1019
  Batch [8730/35627] - Loss: 0.1019
  Batch [8740/35627] - Loss: 0.1019
  Batch [8750/35627] - Loss: 0.1018
  Batch [8760/35627] - Loss: 0.1018
  Batch [8770/35627] - Loss: 0.1018
  Batch [8780/35627] - Loss: 0.1018
  Batch [8790/35627] - Loss: 0.1018
  Batch [8800/35627] - Loss: 0.1017
  Batch [8810/35627] - Loss: 0.1017
  Batch [8820/35627] - Loss: 0.1018
  Batch [8830/35627] - Loss: 0.1018
  Batch [8840/35627] - Loss: 0.1018
  Batch [8850/35627] - Loss: 0.1018
  Batch [8860/35627] - Loss: 0.1018
  Batch [8870/35627] - Loss: 0.1018
  Batch [8880/35627] - Loss: 0.1019
  Batch [8890/35627] - Loss: 0.1019
  Batch [8900/35627] - Loss: 0.1019
  Batch [8910/35627] - Loss: 0.1019
  Batch [8920/35627] - Loss: 0.1019
  Batch [8930/35627] - Loss: 0.1019
  Batch [8940/35627] - Loss: 0.1019
  Batch [8950/35627] - Loss: 0.1019
  Batch [8960/35627] - Loss: 0.1018
  Batch [8970/35627] - Loss: 0.1019
  Batch [8980/35627] - Loss: 0.1019
  Batch [8990/35627] - Loss: 0.1019
  Batch [9000/35627] - Loss: 0.1019
  Batch [9010/35627] - Loss: 0.1019
  Batch [9020/35627] - Loss: 0.1019
  Batch [9030/35627] - Loss: 0.1019
  Batch [9040/35627] - Loss: 0.1020
  Batch [9050/35627] - Loss: 0.1020
  Batch [9060/35627] - Loss: 0.1020
  Batch [9070/35627] - Loss: 0.1020
  Batch [9080/35627] - Loss: 0.1020
  Batch [9090/35627] - Loss: 0.1020
  Batch [9100/35627] - Loss: 0.1020
  Batch [9110/35627] - Loss: 0.1020
  Batch [9120/35627] - Loss: 0.1020
  Batch [9130/35627] - Loss: 0.1020
  Batch [9140/35627] - Loss: 0.1020
  Batch [9150/35627] - Loss: 0.1020
  Batch [9160/35627] - Loss: 0.1020
  Batch [9170/35627] - Loss: 0.1019
  Batch [9180/35627] - Loss: 0.1019
  Batch [9190/35627] - Loss: 0.1019
  Batch [9200/35627] - Loss: 0.1020
  Batch [9210/35627] - Loss: 0.1020
  Batch [9220/35627] - Loss: 0.1020
  Batch [9230/35627] - Loss: 0.1020
  Batch [9240/35627] - Loss: 0.1020
  Batch [9250/35627] - Loss: 0.1020
  Batch [9260/35627] - Loss: 0.1020
  Batch [9270/35627] - Loss: 0.1021
  Batch [9280/35627] - Loss: 0.1021
  Batch [9290/35627] - Loss: 0.1020
  Batch [9300/35627] - Loss: 0.1020
  Batch [9310/35627] - Loss: 0.1021
  Batch [9320/35627] - Loss: 0.1021
  Batch [9330/35627] - Loss: 0.1021
  Batch [9340/35627] - Loss: 0.1021
  Batch [9350/35627] - Loss: 0.1020
  Batch [9360/35627] - Loss: 0.1020
  Batch [9370/35627] - Loss: 0.1020
  Batch [9380/35627] - Loss: 0.1020
  Batch [9390/35627] - Loss: 0.1020
  Batch [9400/35627] - Loss: 0.1021
  Batch [9410/35627] - Loss: 0.1021
  Batch [9420/35627] - Loss: 0.1021
  Batch [9430/35627] - Loss: 0.1020
  Batch [9440/35627] - Loss: 0.1021
  Batch [9450/35627] - Loss: 0.1021
  Batch [9460/35627] - Loss: 0.1021
  Batch [9470/35627] - Loss: 0.1021
  Batch [9480/35627] - Loss: 0.1021
  Batch [9490/35627] - Loss: 0.1021
  Batch [9500/35627] - Loss: 0.1021
  Batch [9510/35627] - Loss: 0.1021
  Batch [9520/35627] - Loss: 0.1021
  Batch [9530/35627] - Loss: 0.1021
  Batch [9540/35627] - Loss: 0.1021
  Batch [9550/35627] - Loss: 0.1020
  Batch [9560/35627] - Loss: 0.1020
  Batch [9570/35627] - Loss: 0.1021
  Batch [9580/35627] - Loss: 0.1021
  Batch [9590/35627] - Loss: 0.1020
  Batch [9600/35627] - Loss: 0.1020
  Batch [9610/35627] - Loss: 0.1020
  Batch [9620/35627] - Loss: 0.1020
  Batch [9630/35627] - Loss: 0.1021
  Batch [9640/35627] - Loss: 0.1021
  Batch [9650/35627] - Loss: 0.1021
  Batch [9660/35627] - Loss: 0.1021
  Batch [9670/35627] - Loss: 0.1021
  Batch [9680/35627] - Loss: 0.1021
  Batch [9690/35627] - Loss: 0.1021
  Batch [9700/35627] - Loss: 0.1021
  Batch [9710/35627] - Loss: 0.1021
  Batch [9720/35627] - Loss: 0.1021
  Batch [9730/35627] - Loss: 0.1021
  Batch [9740/35627] - Loss: 0.1021
  Batch [9750/35627] - Loss: 0.1021
  Batch [9760/35627] - Loss: 0.1021
  Batch [9770/35627] - Loss: 0.1021
  Batch [9780/35627] - Loss: 0.1021
  Batch [9790/35627] - Loss: 0.1021
  Batch [9800/35627] - Loss: 0.1022
  Batch [9810/35627] - Loss: 0.1021
  Batch [9820/35627] - Loss: 0.1021
  Batch [9830/35627] - Loss: 0.1022
  Batch [9840/35627] - Loss: 0.1021
  Batch [9850/35627] - Loss: 0.1022
  Batch [9860/35627] - Loss: 0.1022
  Batch [9870/35627] - Loss: 0.1022
  Batch [9880/35627] - Loss: 0.1022
  Batch [9890/35627] - Loss: 0.1023
  Batch [9900/35627] - Loss: 0.1023
  Batch [9910/35627] - Loss: 0.1023
  Batch [9920/35627] - Loss: 0.1023
  Batch [9930/35627] - Loss: 0.1023
  Batch [9940/35627] - Loss: 0.1023
  Batch [9950/35627] - Loss: 0.1023
  Batch [9960/35627] - Loss: 0.1023
  Batch [9970/35627] - Loss: 0.1023
  Batch [9980/35627] - Loss: 0.1023
  Batch [9990/35627] - Loss: 0.1023
  Batch [10000/35627] - Loss: 0.1023
  Batch [10010/35627] - Loss: 0.1023
  Batch [10020/35627] - Loss: 0.1023
  Batch [10030/35627] - Loss: 0.1023
  Batch [10040/35627] - Loss: 0.1023
  Batch [10050/35627] - Loss: 0.1023
  Batch [10060/35627] - Loss: 0.1023
  Batch [10070/35627] - Loss: 0.1023
  Batch [10080/35627] - Loss: 0.1023
  Batch [10090/35627] - Loss: 0.1022
  Batch [10100/35627] - Loss: 0.1023
  Batch [10110/35627] - Loss: 0.1023
  Batch [10120/35627] - Loss: 0.1023
  Batch [10130/35627] - Loss: 0.1023
  Batch [10140/35627] - Loss: 0.1023
  Batch [10150/35627] - Loss: 0.1022
  Batch [10160/35627] - Loss: 0.1023
  Batch [10170/35627] - Loss: 0.1022
  Batch [10180/35627] - Loss: 0.1022
  Batch [10190/35627] - Loss: 0.1022
  Batch [10200/35627] - Loss: 0.1022
  Batch [10210/35627] - Loss: 0.1022
  Batch [10220/35627] - Loss: 0.1022
  Batch [10230/35627] - Loss: 0.1022
  Batch [10240/35627] - Loss: 0.1022
  Batch [10250/35627] - Loss: 0.1022
  Batch [10260/35627] - Loss: 0.1022
  Batch [10270/35627] - Loss: 0.1022
  Batch [10280/35627] - Loss: 0.1022
  Batch [10290/35627] - Loss: 0.1021
  Batch [10300/35627] - Loss: 0.1021
  Batch [10310/35627] - Loss: 0.1021
  Batch [10320/35627] - Loss: 0.1021
  Batch [10330/35627] - Loss: 0.1021
  Batch [10340/35627] - Loss: 0.1021
  Batch [10350/35627] - Loss: 0.1021
  Batch [10360/35627] - Loss: 0.1021
  Batch [10370/35627] - Loss: 0.1021
  Batch [10380/35627] - Loss: 0.1021
  Batch [10390/35627] - Loss: 0.1021
  Batch [10400/35627] - Loss: 0.1022
  Batch [10410/35627] - Loss: 0.1022
  Batch [10420/35627] - Loss: 0.1022
  Batch [10430/35627] - Loss: 0.1023
  Batch [10440/35627] - Loss: 0.1023
  Batch [10450/35627] - Loss: 0.1023
  Batch [10460/35627] - Loss: 0.1023
  Batch [10470/35627] - Loss: 0.1023
  Batch [10480/35627] - Loss: 0.1023
  Batch [10490/35627] - Loss: 0.1023
  Batch [10500/35627] - Loss: 0.1023
  Batch [10510/35627] - Loss: 0.1023
  Batch [10520/35627] - Loss: 0.1023
  Batch [10530/35627] - Loss: 0.1023
  Batch [10540/35627] - Loss: 0.1022
  Batch [10550/35627] - Loss: 0.1023
  Batch [10560/35627] - Loss: 0.1023
  Batch [10570/35627] - Loss: 0.1023
  Batch [10580/35627] - Loss: 0.1023
  Batch [10590/35627] - Loss: 0.1023
  Batch [10600/35627] - Loss: 0.1023
  Batch [10610/35627] - Loss: 0.1023
  Batch [10620/35627] - Loss: 0.1023
  Batch [10630/35627] - Loss: 0.1024
  Batch [10640/35627] - Loss: 0.1024
  Batch [10650/35627] - Loss: 0.1024
  Batch [10660/35627] - Loss: 0.1024
  Batch [10670/35627] - Loss: 0.1024
  Batch [10680/35627] - Loss: 0.1024
  Batch [10690/35627] - Loss: 0.1023
  Batch [10700/35627] - Loss: 0.1024
  Batch [10710/35627] - Loss: 0.1024
  Batch [10720/35627] - Loss: 0.1024
  Batch [10730/35627] - Loss: 0.1024
  Batch [10740/35627] - Loss: 0.1023
  Batch [10750/35627] - Loss: 0.1023
  Batch [10760/35627] - Loss: 0.1023
  Batch [10770/35627] - Loss: 0.1023
  Batch [10780/35627] - Loss: 0.1023
  Batch [10790/35627] - Loss: 0.1023
  Batch [10800/35627] - Loss: 0.1023
  Batch [10810/35627] - Loss: 0.1023
  Batch [10820/35627] - Loss: 0.1023
  Batch [10830/35627] - Loss: 0.1024
  Batch [10840/35627] - Loss: 0.1024
  Batch [10850/35627] - Loss: 0.1024
  Batch [10860/35627] - Loss: 0.1024
  Batch [10870/35627] - Loss: 0.1024
  Batch [10880/35627] - Loss: 0.1023
  Batch [10890/35627] - Loss: 0.1023
  Batch [10900/35627] - Loss: 0.1023
  Batch [10910/35627] - Loss: 0.1023
  Batch [10920/35627] - Loss: 0.1023
  Batch [10930/35627] - Loss: 0.1023
  Batch [10940/35627] - Loss: 0.1023
  Batch [10950/35627] - Loss: 0.1023
  Batch [10960/35627] - Loss: 0.1023
  Batch [10970/35627] - Loss: 0.1023
  Batch [10980/35627] - Loss: 0.1023
  Batch [10990/35627] - Loss: 0.1024
  Batch [11000/35627] - Loss: 0.1024
  Batch [11010/35627] - Loss: 0.1023
  Batch [11020/35627] - Loss: 0.1024
  Batch [11030/35627] - Loss: 0.1023
  Batch [11040/35627] - Loss: 0.1023
  Batch [11050/35627] - Loss: 0.1023
  Batch [11060/35627] - Loss: 0.1024
  Batch [11070/35627] - Loss: 0.1023
  Batch [11080/35627] - Loss: 0.1023
  Batch [11090/35627] - Loss: 0.1023
  Batch [11100/35627] - Loss: 0.1023
  Batch [11110/35627] - Loss: 0.1023
  Batch [11120/35627] - Loss: 0.1023
  Batch [11130/35627] - Loss: 0.1023
  Batch [11140/35627] - Loss: 0.1023
  Batch [11150/35627] - Loss: 0.1023
  Batch [11160/35627] - Loss: 0.1023
  Batch [11170/35627] - Loss: 0.1023
  Batch [11180/35627] - Loss: 0.1023
  Batch [11190/35627] - Loss: 0.1023
  Batch [11200/35627] - Loss: 0.1023
  Batch [11210/35627] - Loss: 0.1023
  Batch [11220/35627] - Loss: 0.1023
  Batch [11230/35627] - Loss: 0.1023
  Batch [11240/35627] - Loss: 0.1023
  Batch [11250/35627] - Loss: 0.1023
  Batch [11260/35627] - Loss: 0.1023
  Batch [11270/35627] - Loss: 0.1023
  Batch [11280/35627] - Loss: 0.1023
  Batch [11290/35627] - Loss: 0.1023
  Batch [11300/35627] - Loss: 0.1023
  Batch [11310/35627] - Loss: 0.1023
  Batch [11320/35627] - Loss: 0.1023
  Batch [11330/35627] - Loss: 0.1023
  Batch [11340/35627] - Loss: 0.1023
  Batch [11350/35627] - Loss: 0.1023
  Batch [11360/35627] - Loss: 0.1023
  Batch [11370/35627] - Loss: 0.1023
  Batch [11380/35627] - Loss: 0.1023
  Batch [11390/35627] - Loss: 0.1023
  Batch [11400/35627] - Loss: 0.1023
  Batch [11410/35627] - Loss: 0.1023
  Batch [11420/35627] - Loss: 0.1023
  Batch [11430/35627] - Loss: 0.1022
  Batch [11440/35627] - Loss: 0.1022
  Batch [11450/35627] - Loss: 0.1022
  Batch [11460/35627] - Loss: 0.1022
  Batch [11470/35627] - Loss: 0.1022
  Batch [11480/35627] - Loss: 0.1022
  Batch [11490/35627] - Loss: 0.1022
  Batch [11500/35627] - Loss: 0.1022
  Batch [11510/35627] - Loss: 0.1022
  Batch [11520/35627] - Loss: 0.1022
  Batch [11530/35627] - Loss: 0.1022
  Batch [11540/35627] - Loss: 0.1022
  Batch [11550/35627] - Loss: 0.1022
  Batch [11560/35627] - Loss: 0.1022
  Batch [11570/35627] - Loss: 0.1022
  Batch [11580/35627] - Loss: 0.1022
  Batch [11590/35627] - Loss: 0.1022
  Batch [11600/35627] - Loss: 0.1022
  Batch [11610/35627] - Loss: 0.1022
  Batch [11620/35627] - Loss: 0.1022
  Batch [11630/35627] - Loss: 0.1022
  Batch [11640/35627] - Loss: 0.1023
  Batch [11650/35627] - Loss: 0.1023
  Batch [11660/35627] - Loss: 0.1023
  Batch [11670/35627] - Loss: 0.1023
  Batch [11680/35627] - Loss: 0.1023
  Batch [11690/35627] - Loss: 0.1023
  Batch [11700/35627] - Loss: 0.1023
  Batch [11710/35627] - Loss: 0.1023
  Batch [11720/35627] - Loss: 0.1023
  Batch [11730/35627] - Loss: 0.1023
  Batch [11740/35627] - Loss: 0.1023
  Batch [11750/35627] - Loss: 0.1022
  Batch [11760/35627] - Loss: 0.1023
  Batch [11770/35627] - Loss: 0.1023
  Batch [11780/35627] - Loss: 0.1023
  Batch [11790/35627] - Loss: 0.1023
  Batch [11800/35627] - Loss: 0.1023
  Batch [11810/35627] - Loss: 0.1023
  Batch [11820/35627] - Loss: 0.1023
  Batch [11830/35627] - Loss: 0.1023
  Batch [11840/35627] - Loss: 0.1023
  Batch [11850/35627] - Loss: 0.1023
  Batch [11860/35627] - Loss: 0.1023
  Batch [11870/35627] - Loss: 0.1023
  Batch [11880/35627] - Loss: 0.1024
  Batch [11890/35627] - Loss: 0.1024
  Batch [11900/35627] - Loss: 0.1024
  Batch [11910/35627] - Loss: 0.1023
  Batch [11920/35627] - Loss: 0.1023
  Batch [11930/35627] - Loss: 0.1023
  Batch [11940/35627] - Loss: 0.1023
  Batch [11950/35627] - Loss: 0.1023
  Batch [11960/35627] - Loss: 0.1024
  Batch [11970/35627] - Loss: 0.1024
  Batch [11980/35627] - Loss: 0.1024
  Batch [11990/35627] - Loss: 0.1024
  Batch [12000/35627] - Loss: 0.1023
  Batch [12010/35627] - Loss: 0.1024
  Batch [12020/35627] - Loss: 0.1024
  Batch [12030/35627] - Loss: 0.1024
  Batch [12040/35627] - Loss: 0.1024
  Batch [12050/35627] - Loss: 0.1024
  Batch [12060/35627] - Loss: 0.1024
  Batch [12070/35627] - Loss: 0.1024
  Batch [12080/35627] - Loss: 0.1023
  Batch [12090/35627] - Loss: 0.1023
  Batch [12100/35627] - Loss: 0.1023
  Batch [12110/35627] - Loss: 0.1023
  Batch [12120/35627] - Loss: 0.1023
  Batch [12130/35627] - Loss: 0.1023
  Batch [12140/35627] - Loss: 0.1023
  Batch [12150/35627] - Loss: 0.1023
  Batch [12160/35627] - Loss: 0.1023
  Batch [12170/35627] - Loss: 0.1023
  Batch [12180/35627] - Loss: 0.1023
  Batch [12190/35627] - Loss: 0.1023
  Batch [12200/35627] - Loss: 0.1022
  Batch [12210/35627] - Loss: 0.1023
  Batch [12220/35627] - Loss: 0.1023
  Batch [12230/35627] - Loss: 0.1023
  Batch [12240/35627] - Loss: 0.1023
  Batch [12250/35627] - Loss: 0.1023
  Batch [12260/35627] - Loss: 0.1023
  Batch [12270/35627] - Loss: 0.1023
  Batch [12280/35627] - Loss: 0.1023
  Batch [12290/35627] - Loss: 0.1024
  Batch [12300/35627] - Loss: 0.1024
  Batch [12310/35627] - Loss: 0.1024
  Batch [12320/35627] - Loss: 0.1024
  Batch [12330/35627] - Loss: 0.1024
  Batch [12340/35627] - Loss: 0.1024
  Batch [12350/35627] - Loss: 0.1024
  Batch [12360/35627] - Loss: 0.1024
  Batch [12370/35627] - Loss: 0.1025
  Batch [12380/35627] - Loss: 0.1025
  Batch [12390/35627] - Loss: 0.1025
  Batch [12400/35627] - Loss: 0.1025
  Batch [12410/35627] - Loss: 0.1025
  Batch [12420/35627] - Loss: 0.1025
  Batch [12430/35627] - Loss: 0.1025
  Batch [12440/35627] - Loss: 0.1025
  Batch [12450/35627] - Loss: 0.1025
  Batch [12460/35627] - Loss: 0.1025
  Batch [12470/35627] - Loss: 0.1025
  Batch [12480/35627] - Loss: 0.1025
  Batch [12490/35627] - Loss: 0.1025
  Batch [12500/35627] - Loss: 0.1025
  Batch [12510/35627] - Loss: 0.1025
  Batch [12520/35627] - Loss: 0.1025
  Batch [12530/35627] - Loss: 0.1025
  Batch [12540/35627] - Loss: 0.1025
  Batch [12550/35627] - Loss: 0.1025
  Batch [12560/35627] - Loss: 0.1025
  Batch [12570/35627] - Loss: 0.1025
  Batch [12580/35627] - Loss: 0.1025
  Batch [12590/35627] - Loss: 0.1025
  Batch [12600/35627] - Loss: 0.1025
  Batch [12610/35627] - Loss: 0.1025
  Batch [12620/35627] - Loss: 0.1025
  Batch [12630/35627] - Loss: 0.1025
  Batch [12640/35627] - Loss: 0.1025
  Batch [12650/35627] - Loss: 0.1025
  Batch [12660/35627] - Loss: 0.1025
  Batch [12670/35627] - Loss: 0.1025
  Batch [12680/35627] - Loss: 0.1025
  Batch [12690/35627] - Loss: 0.1026
  Batch [12700/35627] - Loss: 0.1025
  Batch [12710/35627] - Loss: 0.1025
  Batch [12720/35627] - Loss: 0.1025
  Batch [12730/35627] - Loss: 0.1025
  Batch [12740/35627] - Loss: 0.1025
  Batch [12750/35627] - Loss: 0.1025
  Batch [12760/35627] - Loss: 0.1025
  Batch [12770/35627] - Loss: 0.1025
  Batch [12780/35627] - Loss: 0.1025
  Batch [12790/35627] - Loss: 0.1025
  Batch [12800/35627] - Loss: 0.1025
  Batch [12810/35627] - Loss: 0.1025
  Batch [12820/35627] - Loss: 0.1025
  Batch [12830/35627] - Loss: 0.1025
  Batch [12840/35627] - Loss: 0.1025
  Batch [12850/35627] - Loss: 0.1025
  Batch [12860/35627] - Loss: 0.1025
  Batch [12870/35627] - Loss: 0.1025
  Batch [12880/35627] - Loss: 0.1025
  Batch [12890/35627] - Loss: 0.1025
  Batch [12900/35627] - Loss: 0.1025
  Batch [12910/35627] - Loss: 0.1024
  Batch [12920/35627] - Loss: 0.1024
  Batch [12930/35627] - Loss: 0.1024
  Batch [12940/35627] - Loss: 0.1024
  Batch [12950/35627] - Loss: 0.1024
  Batch [12960/35627] - Loss: 0.1024
  Batch [12970/35627] - Loss: 0.1024
  Batch [12980/35627] - Loss: 0.1025
  Batch [12990/35627] - Loss: 0.1025
  Batch [13000/35627] - Loss: 0.1025
  Batch [13010/35627] - Loss: 0.1025
  Batch [13020/35627] - Loss: 0.1025
  Batch [13030/35627] - Loss: 0.1024
  Batch [13040/35627] - Loss: 0.1024
  Batch [13050/35627] - Loss: 0.1024
  Batch [13060/35627] - Loss: 0.1024
  Batch [13070/35627] - Loss: 0.1024
  Batch [13080/35627] - Loss: 0.1024
  Batch [13090/35627] - Loss: 0.1024
  Batch [13100/35627] - Loss: 0.1024
  Batch [13110/35627] - Loss: 0.1024
  Batch [13120/35627] - Loss: 0.1024
  Batch [13130/35627] - Loss: 0.1024
  Batch [13140/35627] - Loss: 0.1024
  Batch [13150/35627] - Loss: 0.1024
  Batch [13160/35627] - Loss: 0.1025
  Batch [13170/35627] - Loss: 0.1025
  Batch [13180/35627] - Loss: 0.1025
  Batch [13190/35627] - Loss: 0.1024
  Batch [13200/35627] - Loss: 0.1024
  Batch [13210/35627] - Loss: 0.1024
  Batch [13220/35627] - Loss: 0.1024
  Batch [13230/35627] - Loss: 0.1024
  Batch [13240/35627] - Loss: 0.1025
  Batch [13250/35627] - Loss: 0.1024
  Batch [13260/35627] - Loss: 0.1024
  Batch [13270/35627] - Loss: 0.1024
  Batch [13280/35627] - Loss: 0.1024
  Batch [13290/35627] - Loss: 0.1024
  Batch [13300/35627] - Loss: 0.1024
  Batch [13310/35627] - Loss: 0.1024
  Batch [13320/35627] - Loss: 0.1024
  Batch [13330/35627] - Loss: 0.1024
  Batch [13340/35627] - Loss: 0.1023
  Batch [13350/35627] - Loss: 0.1023
  Batch [13360/35627] - Loss: 0.1023
  Batch [13370/35627] - Loss: 0.1023
  Batch [13380/35627] - Loss: 0.1023
  Batch [13390/35627] - Loss: 0.1023
  Batch [13400/35627] - Loss: 0.1024
  Batch [13410/35627] - Loss: 0.1023
  Batch [13420/35627] - Loss: 0.1023
  Batch [13430/35627] - Loss: 0.1023
  Batch [13440/35627] - Loss: 0.1023
  Batch [13450/35627] - Loss: 0.1024
  Batch [13460/35627] - Loss: 0.1023
  Batch [13470/35627] - Loss: 0.1023
  Batch [13480/35627] - Loss: 0.1023
  Batch [13490/35627] - Loss: 0.1023
  Batch [13500/35627] - Loss: 0.1023
  Batch [13510/35627] - Loss: 0.1023
  Batch [13520/35627] - Loss: 0.1023
  Batch [13530/35627] - Loss: 0.1023
  Batch [13540/35627] - Loss: 0.1023
  Batch [13550/35627] - Loss: 0.1023
  Batch [13560/35627] - Loss: 0.1023
  Batch [13570/35627] - Loss: 0.1023
  Batch [13580/35627] - Loss: 0.1023
  Batch [13590/35627] - Loss: 0.1023
  Batch [13600/35627] - Loss: 0.1023
  Batch [13610/35627] - Loss: 0.1023
  Batch [13620/35627] - Loss: 0.1023
  Batch [13630/35627] - Loss: 0.1023
  Batch [13640/35627] - Loss: 0.1022
  Batch [13650/35627] - Loss: 0.1022
  Batch [13660/35627] - Loss: 0.1022
  Batch [13670/35627] - Loss: 0.1022
  Batch [13680/35627] - Loss: 0.1022
  Batch [13690/35627] - Loss: 0.1022
  Batch [13700/35627] - Loss: 0.1022
  Batch [13710/35627] - Loss: 0.1022
  Batch [13720/35627] - Loss: 0.1022
  Batch [13730/35627] - Loss: 0.1022
  Batch [13740/35627] - Loss: 0.1022
  Batch [13750/35627] - Loss: 0.1023
  Batch [13760/35627] - Loss: 0.1023
  Batch [13770/35627] - Loss: 0.1023
  Batch [13780/35627] - Loss: 0.1023
  Batch [13790/35627] - Loss: 0.1023
  Batch [13800/35627] - Loss: 0.1023
  Batch [13810/35627] - Loss: 0.1023
  Batch [13820/35627] - Loss: 0.1023
  Batch [13830/35627] - Loss: 0.1023
  Batch [13840/35627] - Loss: 0.1023
  Batch [13850/35627] - Loss: 0.1023
  Batch [13860/35627] - Loss: 0.1023
  Batch [13870/35627] - Loss: 0.1023
  Batch [13880/35627] - Loss: 0.1023
  Batch [13890/35627] - Loss: 0.1023
  Batch [13900/35627] - Loss: 0.1023
  Batch [13910/35627] - Loss: 0.1023
  Batch [13920/35627] - Loss: 0.1023
  Batch [13930/35627] - Loss: 0.1023
  Batch [13940/35627] - Loss: 0.1023
  Batch [13950/35627] - Loss: 0.1023
  Batch [13960/35627] - Loss: 0.1023
  Batch [13970/35627] - Loss: 0.1023
  Batch [13980/35627] - Loss: 0.1023
  Batch [13990/35627] - Loss: 0.1023
  Batch [14000/35627] - Loss: 0.1023
  Batch [14010/35627] - Loss: 0.1023
  Batch [14020/35627] - Loss: 0.1023
  Batch [14030/35627] - Loss: 0.1023
  Batch [14040/35627] - Loss: 0.1023
  Batch [14050/35627] - Loss: 0.1023
  Batch [14060/35627] - Loss: 0.1023
  Batch [14070/35627] - Loss: 0.1023
  Batch [14080/35627] - Loss: 0.1023
  Batch [14090/35627] - Loss: 0.1023
  Batch [14100/35627] - Loss: 0.1023
  Batch [14110/35627] - Loss: 0.1023
  Batch [14120/35627] - Loss: 0.1023
  Batch [14130/35627] - Loss: 0.1023
  Batch [14140/35627] - Loss: 0.1023
  Batch [14150/35627] - Loss: 0.1023
  Batch [14160/35627] - Loss: 0.1023
  Batch [14170/35627] - Loss: 0.1024
  Batch [14180/35627] - Loss: 0.1024
  Batch [14190/35627] - Loss: 0.1024
  Batch [14200/35627] - Loss: 0.1024
  Batch [14210/35627] - Loss: 0.1024
  Batch [14220/35627] - Loss: 0.1024
  Batch [14230/35627] - Loss: 0.1024
  Batch [14240/35627] - Loss: 0.1025
  Batch [14250/35627] - Loss: 0.1024
  Batch [14260/35627] - Loss: 0.1025
  Batch [14270/35627] - Loss: 0.1025
  Batch [14280/35627] - Loss: 0.1025
  Batch [14290/35627] - Loss: 0.1025
  Batch [14300/35627] - Loss: 0.1025
  Batch [14310/35627] - Loss: 0.1025
  Batch [14320/35627] - Loss: 0.1024
  Batch [14330/35627] - Loss: 0.1024
  Batch [14340/35627] - Loss: 0.1024
  Batch [14350/35627] - Loss: 0.1024
  Batch [14360/35627] - Loss: 0.1024
  Batch [14370/35627] - Loss: 0.1024
  Batch [14380/35627] - Loss: 0.1024
  Batch [14390/35627] - Loss: 0.1024
  Batch [14400/35627] - Loss: 0.1023
  Batch [14410/35627] - Loss: 0.1023
  Batch [14420/35627] - Loss: 0.1023
  Batch [14430/35627] - Loss: 0.1023
  Batch [14440/35627] - Loss: 0.1023
  Batch [14450/35627] - Loss: 0.1023
  Batch [14460/35627] - Loss: 0.1023
  Batch [14470/35627] - Loss: 0.1023
  Batch [14480/35627] - Loss: 0.1023
  Batch [14490/35627] - Loss: 0.1023
  Batch [14500/35627] - Loss: 0.1023
  Batch [14510/35627] - Loss: 0.1023
  Batch [14520/35627] - Loss: 0.1023
  Batch [14530/35627] - Loss: 0.1023
  Batch [14540/35627] - Loss: 0.1023
  Batch [14550/35627] - Loss: 0.1023
  Batch [14560/35627] - Loss: 0.1024
  Batch [14570/35627] - Loss: 0.1024
  Batch [14580/35627] - Loss: 0.1024
  Batch [14590/35627] - Loss: 0.1024
  Batch [14600/35627] - Loss: 0.1024
  Batch [14610/35627] - Loss: 0.1024
  Batch [14620/35627] - Loss: 0.1024
  Batch [14630/35627] - Loss: 0.1024
  Batch [14640/35627] - Loss: 0.1024
  Batch [14650/35627] - Loss: 0.1024
  Batch [14660/35627] - Loss: 0.1024
  Batch [14670/35627] - Loss: 0.1024
  Batch [14680/35627] - Loss: 0.1024
  Batch [14690/35627] - Loss: 0.1024
  Batch [14700/35627] - Loss: 0.1024
  Batch [14710/35627] - Loss: 0.1024
  Batch [14720/35627] - Loss: 0.1024
  Batch [14730/35627] - Loss: 0.1024
  Batch [14740/35627] - Loss: 0.1024
  Batch [14750/35627] - Loss: 0.1024
  Batch [14760/35627] - Loss: 0.1024
  Batch [14770/35627] - Loss: 0.1024
  Batch [14780/35627] - Loss: 0.1024
  Batch [14790/35627] - Loss: 0.1024
  Batch [14800/35627] - Loss: 0.1024
  Batch [14810/35627] - Loss: 0.1024
  Batch [14820/35627] - Loss: 0.1024
  Batch [14830/35627] - Loss: 0.1024
  Batch [14840/35627] - Loss: 0.1024
  Batch [14850/35627] - Loss: 0.1024
  Batch [14860/35627] - Loss: 0.1024
  Batch [14870/35627] - Loss: 0.1024
  Batch [14880/35627] - Loss: 0.1024
  Batch [14890/35627] - Loss: 0.1024
  Batch [14900/35627] - Loss: 0.1024
  Batch [14910/35627] - Loss: 0.1024
  Batch [14920/35627] - Loss: 0.1024
  Batch [14930/35627] - Loss: 0.1024
  Batch [14940/35627] - Loss: 0.1025
  Batch [14950/35627] - Loss: 0.1025
  Batch [14960/35627] - Loss: 0.1025
  Batch [14970/35627] - Loss: 0.1025
  Batch [14980/35627] - Loss: 0.1025
  Batch [14990/35627] - Loss: 0.1024
  Batch [15000/35627] - Loss: 0.1024
  Batch [15010/35627] - Loss: 0.1024
  Batch [15020/35627] - Loss: 0.1024
  Batch [15030/35627] - Loss: 0.1024
  Batch [15040/35627] - Loss: 0.1024
  Batch [15050/35627] - Loss: 0.1024
  Batch [15060/35627] - Loss: 0.1024
  Batch [15070/35627] - Loss: 0.1024
  Batch [15080/35627] - Loss: 0.1024
  Batch [15090/35627] - Loss: 0.1024
  Batch [15100/35627] - Loss: 0.1024
  Batch [15110/35627] - Loss: 0.1024
  Batch [15120/35627] - Loss: 0.1024
  Batch [15130/35627] - Loss: 0.1024
  Batch [15140/35627] - Loss: 0.1024
  Batch [15150/35627] - Loss: 0.1024
  Batch [15160/35627] - Loss: 0.1024
  Batch [15170/35627] - Loss: 0.1024
  Batch [15180/35627] - Loss: 0.1024
  Batch [15190/35627] - Loss: 0.1023
  Batch [15200/35627] - Loss: 0.1023
  Batch [15210/35627] - Loss: 0.1023
  Batch [15220/35627] - Loss: 0.1023
  Batch [15230/35627] - Loss: 0.1023
  Batch [15240/35627] - Loss: 0.1023
  Batch [15250/35627] - Loss: 0.1023
  Batch [15260/35627] - Loss: 0.1023
  Batch [15270/35627] - Loss: 0.1023
  Batch [15280/35627] - Loss: 0.1023
  Batch [15290/35627] - Loss: 0.1024
  Batch [15300/35627] - Loss: 0.1024
  Batch [15310/35627] - Loss: 0.1024
  Batch [15320/35627] - Loss: 0.1024
  Batch [15330/35627] - Loss: 0.1024
  Batch [15340/35627] - Loss: 0.1024
  Batch [15350/35627] - Loss: 0.1023
  Batch [15360/35627] - Loss: 0.1023
  Batch [15370/35627] - Loss: 0.1023
  Batch [15380/35627] - Loss: 0.1024
  Batch [15390/35627] - Loss: 0.1024
  Batch [15400/35627] - Loss: 0.1024
  Batch [15410/35627] - Loss: 0.1024
  Batch [15420/35627] - Loss: 0.1024
  Batch [15430/35627] - Loss: 0.1024
  Batch [15440/35627] - Loss: 0.1024
  Batch [15450/35627] - Loss: 0.1024
  Batch [15460/35627] - Loss: 0.1024
  Batch [15470/35627] - Loss: 0.1024
  Batch [15480/35627] - Loss: 0.1024
  Batch [15490/35627] - Loss: 0.1024
  Batch [15500/35627] - Loss: 0.1024
  Batch [15510/35627] - Loss: 0.1024
  Batch [15520/35627] - Loss: 0.1024
  Batch [15530/35627] - Loss: 0.1024
  Batch [15540/35627] - Loss: 0.1024
  Batch [15550/35627] - Loss: 0.1023
  Batch [15560/35627] - Loss: 0.1024
  Batch [15570/35627] - Loss: 0.1024
  Batch [15580/35627] - Loss: 0.1023
  Batch [15590/35627] - Loss: 0.1023
  Batch [15600/35627] - Loss: 0.1023
  Batch [15610/35627] - Loss: 0.1023
  Batch [15620/35627] - Loss: 0.1023
  Batch [15630/35627] - Loss: 0.1024
  Batch [15640/35627] - Loss: 0.1024
  Batch [15650/35627] - Loss: 0.1024
  Batch [15660/35627] - Loss: 0.1024
  Batch [15670/35627] - Loss: 0.1024
  Batch [15680/35627] - Loss: 0.1024
  Batch [15690/35627] - Loss: 0.1024
  Batch [15700/35627] - Loss: 0.1024
  Batch [15710/35627] - Loss: 0.1023
  Batch [15720/35627] - Loss: 0.1023
  Batch [15730/35627] - Loss: 0.1023
  Batch [15740/35627] - Loss: 0.1023
  Batch [15750/35627] - Loss: 0.1023
  Batch [15760/35627] - Loss: 0.1023
  Batch [15770/35627] - Loss: 0.1023
  Batch [15780/35627] - Loss: 0.1023
  Batch [15790/35627] - Loss: 0.1023
  Batch [15800/35627] - Loss: 0.1023
  Batch [15810/35627] - Loss: 0.1023
  Batch [15820/35627] - Loss: 0.1023
  Batch [15830/35627] - Loss: 0.1023
  Batch [15840/35627] - Loss: 0.1023
  Batch [15850/35627] - Loss: 0.1023
  Batch [15860/35627] - Loss: 0.1023
  Batch [15870/35627] - Loss: 0.1023
  Batch [15880/35627] - Loss: 0.1023
  Batch [15890/35627] - Loss: 0.1023
  Batch [15900/35627] - Loss: 0.1023
  Batch [15910/35627] - Loss: 0.1023
  Batch [15920/35627] - Loss: 0.1023
  Batch [15930/35627] - Loss: 0.1023
  Batch [15940/35627] - Loss: 0.1023
  Batch [15950/35627] - Loss: 0.1023
  Batch [15960/35627] - Loss: 0.1023
  Batch [15970/35627] - Loss: 0.1023
  Batch [15980/35627] - Loss: 0.1023
  Batch [15990/35627] - Loss: 0.1023
  Batch [16000/35627] - Loss: 0.1023
  Batch [16010/35627] - Loss: 0.1023
  Batch [16020/35627] - Loss: 0.1023
  Batch [16030/35627] - Loss: 0.1023
  Batch [16040/35627] - Loss: 0.1023
  Batch [16050/35627] - Loss: 0.1023
  Batch [16060/35627] - Loss: 0.1023
  Batch [16070/35627] - Loss: 0.1023
  Batch [16080/35627] - Loss: 0.1023
  Batch [16090/35627] - Loss: 0.1023
  Batch [16100/35627] - Loss: 0.1023
  Batch [16110/35627] - Loss: 0.1023
  Batch [16120/35627] - Loss: 0.1023
  Batch [16130/35627] - Loss: 0.1023
  Batch [16140/35627] - Loss: 0.1023
  Batch [16150/35627] - Loss: 0.1023
  Batch [16160/35627] - Loss: 0.1023
  Batch [16170/35627] - Loss: 0.1023
  Batch [16180/35627] - Loss: 0.1023
  Batch [16190/35627] - Loss: 0.1023
  Batch [16200/35627] - Loss: 0.1023
  Batch [16210/35627] - Loss: 0.1023
  Batch [16220/35627] - Loss: 0.1023
  Batch [16230/35627] - Loss: 0.1023
  Batch [16240/35627] - Loss: 0.1023
  Batch [16250/35627] - Loss: 0.1023
  Batch [16260/35627] - Loss: 0.1023
  Batch [16270/35627] - Loss: 0.1023
  Batch [16280/35627] - Loss: 0.1023
  Batch [16290/35627] - Loss: 0.1023
  Batch [16300/35627] - Loss: 0.1023
  Batch [16310/35627] - Loss: 0.1023
  Batch [16320/35627] - Loss: 0.1023
  Batch [16330/35627] - Loss: 0.1023
  Batch [16340/35627] - Loss: 0.1023
  Batch [16350/35627] - Loss: 0.1023
  Batch [16360/35627] - Loss: 0.1023
  Batch [16370/35627] - Loss: 0.1023
  Batch [16380/35627] - Loss: 0.1023
  Batch [16390/35627] - Loss: 0.1023
  Batch [16400/35627] - Loss: 0.1023
  Batch [16410/35627] - Loss: 0.1023
  Batch [16420/35627] - Loss: 0.1023
  Batch [16430/35627] - Loss: 0.1023
  Batch [16440/35627] - Loss: 0.1023
  Batch [16450/35627] - Loss: 0.1023
  Batch [16460/35627] - Loss: 0.1023
  Batch [16470/35627] - Loss: 0.1023
  Batch [16480/35627] - Loss: 0.1023
  Batch [16490/35627] - Loss: 0.1023
  Batch [16500/35627] - Loss: 0.1023
  Batch [16510/35627] - Loss: 0.1023
  Batch [16520/35627] - Loss: 0.1023
  Batch [16530/35627] - Loss: 0.1023
  Batch [16540/35627] - Loss: 0.1023
  Batch [16550/35627] - Loss: 0.1023
  Batch [16560/35627] - Loss: 0.1023
  Batch [16570/35627] - Loss: 0.1023
  Batch [16580/35627] - Loss: 0.1023
  Batch [16590/35627] - Loss: 0.1023
  Batch [16600/35627] - Loss: 0.1023
  Batch [16610/35627] - Loss: 0.1023
  Batch [16620/35627] - Loss: 0.1023
  Batch [16630/35627] - Loss: 0.1023
  Batch [16640/35627] - Loss: 0.1023
  Batch [16650/35627] - Loss: 0.1023
  Batch [16660/35627] - Loss: 0.1023
  Batch [16670/35627] - Loss: 0.1023
  Batch [16680/35627] - Loss: 0.1023
  Batch [16690/35627] - Loss: 0.1023
  Batch [16700/35627] - Loss: 0.1023
  Batch [16710/35627] - Loss: 0.1023
  Batch [16720/35627] - Loss: 0.1023
  Batch [16730/35627] - Loss: 0.1023
  Batch [16740/35627] - Loss: 0.1023
  Batch [16750/35627] - Loss: 0.1023
  Batch [16760/35627] - Loss: 0.1023
  Batch [16770/35627] - Loss: 0.1023
  Batch [16780/35627] - Loss: 0.1023
  Batch [16790/35627] - Loss: 0.1022
  Batch [16800/35627] - Loss: 0.1023
  Batch [16810/35627] - Loss: 0.1023
  Batch [16820/35627] - Loss: 0.1023
  Batch [16830/35627] - Loss: 0.1023
  Batch [16840/35627] - Loss: 0.1023
  Batch [16850/35627] - Loss: 0.1023
  Batch [16860/35627] - Loss: 0.1023
  Batch [16870/35627] - Loss: 0.1023
  Batch [16880/35627] - Loss: 0.1023
  Batch [16890/35627] - Loss: 0.1023
  Batch [16900/35627] - Loss: 0.1023
  Batch [16910/35627] - Loss: 0.1023
  Batch [16920/35627] - Loss: 0.1023
  Batch [16930/35627] - Loss: 0.1023
  Batch [16940/35627] - Loss: 0.1023
  Batch [16950/35627] - Loss: 0.1023
  Batch [16960/35627] - Loss: 0.1023
  Batch [16970/35627] - Loss: 0.1023
  Batch [16980/35627] - Loss: 0.1023
  Batch [16990/35627] - Loss: 0.1023
  Batch [17000/35627] - Loss: 0.1023
  Batch [17010/35627] - Loss: 0.1023
  Batch [17020/35627] - Loss: 0.1023
  Batch [17030/35627] - Loss: 0.1023
  Batch [17040/35627] - Loss: 0.1023
  Batch [17050/35627] - Loss: 0.1023
  Batch [17060/35627] - Loss: 0.1023
  Batch [17070/35627] - Loss: 0.1023
  Batch [17080/35627] - Loss: 0.1023
  Batch [17090/35627] - Loss: 0.1023
  Batch [17100/35627] - Loss: 0.1023
  Batch [17110/35627] - Loss: 0.1023
  Batch [17120/35627] - Loss: 0.1023
  Batch [17130/35627] - Loss: 0.1023
  Batch [17140/35627] - Loss: 0.1023
  Batch [17150/35627] - Loss: 0.1023
  Batch [17160/35627] - Loss: 0.1023
  Batch [17170/35627] - Loss: 0.1023
  Batch [17180/35627] - Loss: 0.1023
  Batch [17190/35627] - Loss: 0.1023
  Batch [17200/35627] - Loss: 0.1023
  Batch [17210/35627] - Loss: 0.1023
  Batch [17220/35627] - Loss: 0.1023
  Batch [17230/35627] - Loss: 0.1023
  Batch [17240/35627] - Loss: 0.1023
  Batch [17250/35627] - Loss: 0.1023
  Batch [17260/35627] - Loss: 0.1023
  Batch [17270/35627] - Loss: 0.1023
  Batch [17280/35627] - Loss: 0.1023
  Batch [17290/35627] - Loss: 0.1023
  Batch [17300/35627] - Loss: 0.1023
  Batch [17310/35627] - Loss: 0.1023
  Batch [17320/35627] - Loss: 0.1023
  Batch [17330/35627] - Loss: 0.1023
  Batch [17340/35627] - Loss: 0.1023
  Batch [17350/35627] - Loss: 0.1023
  Batch [17360/35627] - Loss: 0.1023
  Batch [17370/35627] - Loss: 0.1023
  Batch [17380/35627] - Loss: 0.1023
  Batch [17390/35627] - Loss: 0.1023
  Batch [17400/35627] - Loss: 0.1023
  Batch [17410/35627] - Loss: 0.1023
  Batch [17420/35627] - Loss: 0.1023
  Batch [17430/35627] - Loss: 0.1023
  Batch [17440/35627] - Loss: 0.1023
  Batch [17450/35627] - Loss: 0.1023
  Batch [17460/35627] - Loss: 0.1023
  Batch [17470/35627] - Loss: 0.1023
  Batch [17480/35627] - Loss: 0.1023
  Batch [17490/35627] - Loss: 0.1023
  Batch [17500/35627] - Loss: 0.1023
  Batch [17510/35627] - Loss: 0.1023
  Batch [17520/35627] - Loss: 0.1023
  Batch [17530/35627] - Loss: 0.1023
  Batch [17540/35627] - Loss: 0.1023
  Batch [17550/35627] - Loss: 0.1022
  Batch [17560/35627] - Loss: 0.1022
  Batch [17570/35627] - Loss: 0.1022
  Batch [17580/35627] - Loss: 0.1022
  Batch [17590/35627] - Loss: 0.1022
  Batch [17600/35627] - Loss: 0.1022
  Batch [17610/35627] - Loss: 0.1022
  Batch [17620/35627] - Loss: 0.1022
  Batch [17630/35627] - Loss: 0.1022
  Batch [17640/35627] - Loss: 0.1022
  Batch [17650/35627] - Loss: 0.1022
  Batch [17660/35627] - Loss: 0.1022
  Batch [17670/35627] - Loss: 0.1022
  Batch [17680/35627] - Loss: 0.1022
  Batch [17690/35627] - Loss: 0.1022
  Batch [17700/35627] - Loss: 0.1022
  Batch [17710/35627] - Loss: 0.1022
  Batch [17720/35627] - Loss: 0.1022
  Batch [17730/35627] - Loss: 0.1022
  Batch [17740/35627] - Loss: 0.1022
  Batch [17750/35627] - Loss: 0.1022
  Batch [17760/35627] - Loss: 0.1023
  Batch [17770/35627] - Loss: 0.1023
  Batch [17780/35627] - Loss: 0.1022
  Batch [17790/35627] - Loss: 0.1022
  Batch [17800/35627] - Loss: 0.1023
  Batch [17810/35627] - Loss: 0.1023
  Batch [17820/35627] - Loss: 0.1023
  Batch [17830/35627] - Loss: 0.1023
  Batch [17840/35627] - Loss: 0.1023
  Batch [17850/35627] - Loss: 0.1023
  Batch [17860/35627] - Loss: 0.1023
  Batch [17870/35627] - Loss: 0.1023
  Batch [17880/35627] - Loss: 0.1023
  Batch [17890/35627] - Loss: 0.1023
  Batch [17900/35627] - Loss: 0.1023
  Batch [17910/35627] - Loss: 0.1023
  Batch [17920/35627] - Loss: 0.1023
  Batch [17930/35627] - Loss: 0.1023
  Batch [17940/35627] - Loss: 0.1023
  Batch [17950/35627] - Loss: 0.1023
  Batch [17960/35627] - Loss: 0.1023
  Batch [17970/35627] - Loss: 0.1023
  Batch [17980/35627] - Loss: 0.1023
  Batch [17990/35627] - Loss: 0.1023
  Batch [18000/35627] - Loss: 0.1023
  Batch [18010/35627] - Loss: 0.1022
  Batch [18020/35627] - Loss: 0.1022
  Batch [18030/35627] - Loss: 0.1022
  Batch [18040/35627] - Loss: 0.1022
  Batch [18050/35627] - Loss: 0.1022
  Batch [18060/35627] - Loss: 0.1022
  Batch [18070/35627] - Loss: 0.1022
  Batch [18080/35627] - Loss: 0.1022
  Batch [18090/35627] - Loss: 0.1022
  Batch [18100/35627] - Loss: 0.1022
  Batch [18110/35627] - Loss: 0.1022
  Batch [18120/35627] - Loss: 0.1022
  Batch [18130/35627] - Loss: 0.1022
  Batch [18140/35627] - Loss: 0.1022
  Batch [18150/35627] - Loss: 0.1022
  Batch [18160/35627] - Loss: 0.1022
  Batch [18170/35627] - Loss: 0.1023
  Batch [18180/35627] - Loss: 0.1023
  Batch [18190/35627] - Loss: 0.1023
  Batch [18200/35627] - Loss: 0.1023
  Batch [18210/35627] - Loss: 0.1023
  Batch [18220/35627] - Loss: 0.1023
  Batch [18230/35627] - Loss: 0.1023
  Batch [18240/35627] - Loss: 0.1023
  Batch [18250/35627] - Loss: 0.1023
  Batch [18260/35627] - Loss: 0.1023
  Batch [18270/35627] - Loss: 0.1023
  Batch [18280/35627] - Loss: 0.1023
  Batch [18290/35627] - Loss: 0.1023
  Batch [18300/35627] - Loss: 0.1023
  Batch [18310/35627] - Loss: 0.1023
  Batch [18320/35627] - Loss: 0.1023
  Batch [18330/35627] - Loss: 0.1023
  Batch [18340/35627] - Loss: 0.1023
  Batch [18350/35627] - Loss: 0.1023
  Batch [18360/35627] - Loss: 0.1023
  Batch [18370/35627] - Loss: 0.1023
  Batch [18380/35627] - Loss: 0.1023
  Batch [18390/35627] - Loss: 0.1023
  Batch [18400/35627] - Loss: 0.1023
  Batch [18410/35627] - Loss: 0.1023
  Batch [18420/35627] - Loss: 0.1022
  Batch [18430/35627] - Loss: 0.1022
  Batch [18440/35627] - Loss: 0.1022
  Batch [18450/35627] - Loss: 0.1022
  Batch [18460/35627] - Loss: 0.1022
  Batch [18470/35627] - Loss: 0.1022
  Batch [18480/35627] - Loss: 0.1022
  Batch [18490/35627] - Loss: 0.1022
  Batch [18500/35627] - Loss: 0.1022
  Batch [18510/35627] - Loss: 0.1022
  Batch [18520/35627] - Loss: 0.1022
  Batch [18530/35627] - Loss: 0.1022
  Batch [18540/35627] - Loss: 0.1022
  Batch [18550/35627] - Loss: 0.1022
  Batch [18560/35627] - Loss: 0.1021
  Batch [18570/35627] - Loss: 0.1022
  Batch [18580/35627] - Loss: 0.1022
  Batch [18590/35627] - Loss: 0.1022
  Batch [18600/35627] - Loss: 0.1022
  Batch [18610/35627] - Loss: 0.1022
  Batch [18620/35627] - Loss: 0.1022
  Batch [18630/35627] - Loss: 0.1022
  Batch [18640/35627] - Loss: 0.1022
  Batch [18650/35627] - Loss: 0.1022
  Batch [18660/35627] - Loss: 0.1022
  Batch [18670/35627] - Loss: 0.1021
  Batch [18680/35627] - Loss: 0.1022
  Batch [18690/35627] - Loss: 0.1022
  Batch [18700/35627] - Loss: 0.1022
  Batch [18710/35627] - Loss: 0.1021
  Batch [18720/35627] - Loss: 0.1021
  Batch [18730/35627] - Loss: 0.1022
  Batch [18740/35627] - Loss: 0.1022
  Batch [18750/35627] - Loss: 0.1022
  Batch [18760/35627] - Loss: 0.1022
  Batch [18770/35627] - Loss: 0.1022
  Batch [18780/35627] - Loss: 0.1022
  Batch [18790/35627] - Loss: 0.1022
  Batch [18800/35627] - Loss: 0.1022
  Batch [18810/35627] - Loss: 0.1022
  Batch [18820/35627] - Loss: 0.1022
  Batch [18830/35627] - Loss: 0.1022
  Batch [18840/35627] - Loss: 0.1022
  Batch [18850/35627] - Loss: 0.1021
  Batch [18860/35627] - Loss: 0.1021
  Batch [18870/35627] - Loss: 0.1021
  Batch [18880/35627] - Loss: 0.1022
  Batch [18890/35627] - Loss: 0.1022
  Batch [18900/35627] - Loss: 0.1022
  Batch [18910/35627] - Loss: 0.1021
  Batch [18920/35627] - Loss: 0.1021
  Batch [18930/35627] - Loss: 0.1021
  Batch [18940/35627] - Loss: 0.1021
  Batch [18950/35627] - Loss: 0.1021
  Batch [18960/35627] - Loss: 0.1021
  Batch [18970/35627] - Loss: 0.1021
  Batch [18980/35627] - Loss: 0.1021
  Batch [18990/35627] - Loss: 0.1021
  Batch [19000/35627] - Loss: 0.1021
  Batch [19010/35627] - Loss: 0.1021
  Batch [19020/35627] - Loss: 0.1021
  Batch [19030/35627] - Loss: 0.1021
  Batch [19040/35627] - Loss: 0.1021
  Batch [19050/35627] - Loss: 0.1021
  Batch [19060/35627] - Loss: 0.1021
  Batch [19070/35627] - Loss: 0.1021
  Batch [19080/35627] - Loss: 0.1021
  Batch [19090/35627] - Loss: 0.1021
  Batch [19100/35627] - Loss: 0.1021
  Batch [19110/35627] - Loss: 0.1021
  Batch [19120/35627] - Loss: 0.1021
  Batch [19130/35627] - Loss: 0.1021
  Batch [19140/35627] - Loss: 0.1021
  Batch [19150/35627] - Loss: 0.1021
  Batch [19160/35627] - Loss: 0.1021
  Batch [19170/35627] - Loss: 0.1021
  Batch [19180/35627] - Loss: 0.1021
  Batch [19190/35627] - Loss: 0.1021
  Batch [19200/35627] - Loss: 0.1021
  Batch [19210/35627] - Loss: 0.1022
  Batch [19220/35627] - Loss: 0.1022
  Batch [19230/35627] - Loss: 0.1022
  Batch [19240/35627] - Loss: 0.1021
  Batch [19250/35627] - Loss: 0.1021
  Batch [19260/35627] - Loss: 0.1021
  Batch [19270/35627] - Loss: 0.1021
  Batch [19280/35627] - Loss: 0.1021
  Batch [19290/35627] - Loss: 0.1021
  Batch [19300/35627] - Loss: 0.1021
  Batch [19310/35627] - Loss: 0.1021
  Batch [19320/35627] - Loss: 0.1021
  Batch [19330/35627] - Loss: 0.1021
  Batch [19340/35627] - Loss: 0.1021
  Batch [19350/35627] - Loss: 0.1021
  Batch [19360/35627] - Loss: 0.1021
  Batch [19370/35627] - Loss: 0.1021
  Batch [19380/35627] - Loss: 0.1021
  Batch [19390/35627] - Loss: 0.1021
  Batch [19400/35627] - Loss: 0.1021
  Batch [19410/35627] - Loss: 0.1022
  Batch [19420/35627] - Loss: 0.1022
  Batch [19430/35627] - Loss: 0.1022
  Batch [19440/35627] - Loss: 0.1022
  Batch [19450/35627] - Loss: 0.1022
  Batch [19460/35627] - Loss: 0.1022
  Batch [19470/35627] - Loss: 0.1022
  Batch [19480/35627] - Loss: 0.1021
  Batch [19490/35627] - Loss: 0.1022
  Batch [19500/35627] - Loss: 0.1022
  Batch [19510/35627] - Loss: 0.1021
  Batch [19520/35627] - Loss: 0.1021
  Batch [19530/35627] - Loss: 0.1021
  Batch [19540/35627] - Loss: 0.1021
  Batch [19550/35627] - Loss: 0.1021
  Batch [19560/35627] - Loss: 0.1021
  Batch [19570/35627] - Loss: 0.1022
  Batch [19580/35627] - Loss: 0.1022
  Batch [19590/35627] - Loss: 0.1022
  Batch [19600/35627] - Loss: 0.1022
  Batch [19610/35627] - Loss: 0.1021
  Batch [19620/35627] - Loss: 0.1021
  Batch [19630/35627] - Loss: 0.1021
  Batch [19640/35627] - Loss: 0.1022
  Batch [19650/35627] - Loss: 0.1022
  Batch [19660/35627] - Loss: 0.1022
  Batch [19670/35627] - Loss: 0.1021
  Batch [19680/35627] - Loss: 0.1022
  Batch [19690/35627] - Loss: 0.1022
  Batch [19700/35627] - Loss: 0.1022
  Batch [19710/35627] - Loss: 0.1022
  Batch [19720/35627] - Loss: 0.1021
  Batch [19730/35627] - Loss: 0.1022
  Batch [19740/35627] - Loss: 0.1022
  Batch [19750/35627] - Loss: 0.1022
  Batch [19760/35627] - Loss: 0.1022
  Batch [19770/35627] - Loss: 0.1022
  Batch [19780/35627] - Loss: 0.1022
  Batch [19790/35627] - Loss: 0.1022
  Batch [19800/35627] - Loss: 0.1022
  Batch [19810/35627] - Loss: 0.1022
  Batch [19820/35627] - Loss: 0.1022
  Batch [19830/35627] - Loss: 0.1021
  Batch [19840/35627] - Loss: 0.1022
  Batch [19850/35627] - Loss: 0.1022
  Batch [19860/35627] - Loss: 0.1022
  Batch [19870/35627] - Loss: 0.1021
  Batch [19880/35627] - Loss: 0.1022
  Batch [19890/35627] - Loss: 0.1022
  Batch [19900/35627] - Loss: 0.1021
  Batch [19910/35627] - Loss: 0.1021
  Batch [19920/35627] - Loss: 0.1021
  Batch [19930/35627] - Loss: 0.1021
  Batch [19940/35627] - Loss: 0.1021
  Batch [19950/35627] - Loss: 0.1021
  Batch [19960/35627] - Loss: 0.1021
  Batch [19970/35627] - Loss: 0.1021
  Batch [19980/35627] - Loss: 0.1021
  Batch [19990/35627] - Loss: 0.1021
  Batch [20000/35627] - Loss: 0.1021
  Batch [20010/35627] - Loss: 0.1021
  Batch [20020/35627] - Loss: 0.1021
  Batch [20030/35627] - Loss: 0.1021
  Batch [20040/35627] - Loss: 0.1021
  Batch [20050/35627] - Loss: 0.1021
  Batch [20060/35627] - Loss: 0.1021
  Batch [20070/35627] - Loss: 0.1021
  Batch [20080/35627] - Loss: 0.1021
  Batch [20090/35627] - Loss: 0.1021
  Batch [20100/35627] - Loss: 0.1021
  Batch [20110/35627] - Loss: 0.1021
  Batch [20120/35627] - Loss: 0.1021
  Batch [20130/35627] - Loss: 0.1021
  Batch [20140/35627] - Loss: 0.1021
  Batch [20150/35627] - Loss: 0.1021
  Batch [20160/35627] - Loss: 0.1021
  Batch [20170/35627] - Loss: 0.1021
  Batch [20180/35627] - Loss: 0.1020
  Batch [20190/35627] - Loss: 0.1021
  Batch [20200/35627] - Loss: 0.1021
  Batch [20210/35627] - Loss: 0.1021
  Batch [20220/35627] - Loss: 0.1020
  Batch [20230/35627] - Loss: 0.1021
  Batch [20240/35627] - Loss: 0.1020
  Batch [20250/35627] - Loss: 0.1020
  Batch [20260/35627] - Loss: 0.1020
  Batch [20270/35627] - Loss: 0.1020
  Batch [20280/35627] - Loss: 0.1020
  Batch [20290/35627] - Loss: 0.1020
  Batch [20300/35627] - Loss: 0.1020
  Batch [20310/35627] - Loss: 0.1020
  Batch [20320/35627] - Loss: 0.1020
  Batch [20330/35627] - Loss: 0.1020
  Batch [20340/35627] - Loss: 0.1020
  Batch [20350/35627] - Loss: 0.1020
  Batch [20360/35627] - Loss: 0.1020
  Batch [20370/35627] - Loss: 0.1020
  Batch [20380/35627] - Loss: 0.1020
  Batch [20390/35627] - Loss: 0.1020
  Batch [20400/35627] - Loss: 0.1020
  Batch [20410/35627] - Loss: 0.1020
  Batch [20420/35627] - Loss: 0.1020
  Batch [20430/35627] - Loss: 0.1020
  Batch [20440/35627] - Loss: 0.1020
  Batch [20450/35627] - Loss: 0.1020
  Batch [20460/35627] - Loss: 0.1020
  Batch [20470/35627] - Loss: 0.1020
  Batch [20480/35627] - Loss: 0.1020
  Batch [20490/35627] - Loss: 0.1020
  Batch [20500/35627] - Loss: 0.1020
  Batch [20510/35627] - Loss: 0.1020
  Batch [20520/35627] - Loss: 0.1020
  Batch [20530/35627] - Loss: 0.1020
  Batch [20540/35627] - Loss: 0.1020
  Batch [20550/35627] - Loss: 0.1020
  Batch [20560/35627] - Loss: 0.1020
  Batch [20570/35627] - Loss: 0.1021
  Batch [20580/35627] - Loss: 0.1021
  Batch [20590/35627] - Loss: 0.1021
  Batch [20600/35627] - Loss: 0.1021
  Batch [20610/35627] - Loss: 0.1021
  Batch [20620/35627] - Loss: 0.1021
  Batch [20630/35627] - Loss: 0.1021
  Batch [20640/35627] - Loss: 0.1021
  Batch [20650/35627] - Loss: 0.1021
  Batch [20660/35627] - Loss: 0.1021
  Batch [20670/35627] - Loss: 0.1021
  Batch [20680/35627] - Loss: 0.1021
  Batch [20690/35627] - Loss: 0.1021
  Batch [20700/35627] - Loss: 0.1021
  Batch [20710/35627] - Loss: 0.1021
  Batch [20720/35627] - Loss: 0.1021
  Batch [20730/35627] - Loss: 0.1021
  Batch [20740/35627] - Loss: 0.1021
  Batch [20750/35627] - Loss: 0.1021
  Batch [20760/35627] - Loss: 0.1020
  Batch [20770/35627] - Loss: 0.1021
  Batch [20780/35627] - Loss: 0.1021
  Batch [20790/35627] - Loss: 0.1021
  Batch [20800/35627] - Loss: 0.1021
  Batch [20810/35627] - Loss: 0.1021
  Batch [20820/35627] - Loss: 0.1021
  Batch [20830/35627] - Loss: 0.1021
  Batch [20840/35627] - Loss: 0.1021
  Batch [20850/35627] - Loss: 0.1021
  Batch [20860/35627] - Loss: 0.1021
  Batch [20870/35627] - Loss: 0.1021
  Batch [20880/35627] - Loss: 0.1021
  Batch [20890/35627] - Loss: 0.1021
  Batch [20900/35627] - Loss: 0.1021
  Batch [20910/35627] - Loss: 0.1021
  Batch [20920/35627] - Loss: 0.1021
  Batch [20930/35627] - Loss: 0.1021
  Batch [20940/35627] - Loss: 0.1021
  Batch [20950/35627] - Loss: 0.1021
  Batch [20960/35627] - Loss: 0.1021
  Batch [20970/35627] - Loss: 0.1021
  Batch [20980/35627] - Loss: 0.1021
  Batch [20990/35627] - Loss: 0.1021
  Batch [21000/35627] - Loss: 0.1021
  Batch [21010/35627] - Loss: 0.1021
  Batch [21020/35627] - Loss: 0.1021
  Batch [21030/35627] - Loss: 0.1021
  Batch [21040/35627] - Loss: 0.1021
  Batch [21050/35627] - Loss: 0.1021
  Batch [21060/35627] - Loss: 0.1021
  Batch [21070/35627] - Loss: 0.1021
  Batch [21080/35627] - Loss: 0.1021
  Batch [21090/35627] - Loss: 0.1021
  Batch [21100/35627] - Loss: 0.1021
  Batch [21110/35627] - Loss: 0.1021
  Batch [21120/35627] - Loss: 0.1021
  Batch [21130/35627] - Loss: 0.1021
  Batch [21140/35627] - Loss: 0.1021
  Batch [21150/35627] - Loss: 0.1021
  Batch [21160/35627] - Loss: 0.1021
  Batch [21170/35627] - Loss: 0.1021
  Batch [21180/35627] - Loss: 0.1021
  Batch [21190/35627] - Loss: 0.1021
  Batch [21200/35627] - Loss: 0.1021
  Batch [21210/35627] - Loss: 0.1021
  Batch [21220/35627] - Loss: 0.1021
  Batch [21230/35627] - Loss: 0.1021
  Batch [21240/35627] - Loss: 0.1021
  Batch [21250/35627] - Loss: 0.1021
  Batch [21260/35627] - Loss: 0.1021
  Batch [21270/35627] - Loss: 0.1021
  Batch [21280/35627] - Loss: 0.1021
  Batch [21290/35627] - Loss: 0.1021
  Batch [21300/35627] - Loss: 0.1021
  Batch [21310/35627] - Loss: 0.1021
  Batch [21320/35627] - Loss: 0.1021
  Batch [21330/35627] - Loss: 0.1021
  Batch [21340/35627] - Loss: 0.1021
  Batch [21350/35627] - Loss: 0.1021
  Batch [21360/35627] - Loss: 0.1021
  Batch [21370/35627] - Loss: 0.1021
  Batch [21380/35627] - Loss: 0.1021
  Batch [21390/35627] - Loss: 0.1021
  Batch [21400/35627] - Loss: 0.1021
  Batch [21410/35627] - Loss: 0.1021
  Batch [21420/35627] - Loss: 0.1021
  Batch [21430/35627] - Loss: 0.1021
  Batch [21440/35627] - Loss: 0.1021
  Batch [21450/35627] - Loss: 0.1021
  Batch [21460/35627] - Loss: 0.1021
  Batch [21470/35627] - Loss: 0.1021
  Batch [21480/35627] - Loss: 0.1021
  Batch [21490/35627] - Loss: 0.1020
  Batch [21500/35627] - Loss: 0.1021
  Batch [21510/35627] - Loss: 0.1021
  Batch [21520/35627] - Loss: 0.1021
  Batch [21530/35627] - Loss: 0.1021
  Batch [21540/35627] - Loss: 0.1021
  Batch [21550/35627] - Loss: 0.1021
  Batch [21560/35627] - Loss: 0.1021
  Batch [21570/35627] - Loss: 0.1021
  Batch [21580/35627] - Loss: 0.1021
  Batch [21590/35627] - Loss: 0.1021
  Batch [21600/35627] - Loss: 0.1021
  Batch [21610/35627] - Loss: 0.1021
  Batch [21620/35627] - Loss: 0.1021
  Batch [21630/35627] - Loss: 0.1021
  Batch [21640/35627] - Loss: 0.1021
  Batch [21650/35627] - Loss: 0.1021
  Batch [21660/35627] - Loss: 0.1021
  Batch [21670/35627] - Loss: 0.1021
  Batch [21680/35627] - Loss: 0.1021
  Batch [21690/35627] - Loss: 0.1021
  Batch [21700/35627] - Loss: 0.1021
  Batch [21710/35627] - Loss: 0.1020
  Batch [21720/35627] - Loss: 0.1020
  Batch [21730/35627] - Loss: 0.1020
  Batch [21740/35627] - Loss: 0.1021
  Batch [21750/35627] - Loss: 0.1021
  Batch [21760/35627] - Loss: 0.1021
  Batch [21770/35627] - Loss: 0.1021
  Batch [21780/35627] - Loss: 0.1021
  Batch [21790/35627] - Loss: 0.1021
  Batch [21800/35627] - Loss: 0.1021
  Batch [21810/35627] - Loss: 0.1021
  Batch [21820/35627] - Loss: 0.1021
  Batch [21830/35627] - Loss: 0.1021
  Batch [21840/35627] - Loss: 0.1021
  Batch [21850/35627] - Loss: 0.1021
  Batch [21860/35627] - Loss: 0.1021
  Batch [21870/35627] - Loss: 0.1021
  Batch [21880/35627] - Loss: 0.1021
  Batch [21890/35627] - Loss: 0.1021
  Batch [21900/35627] - Loss: 0.1021
  Batch [21910/35627] - Loss: 0.1021
  Batch [21920/35627] - Loss: 0.1021
  Batch [21930/35627] - Loss: 0.1021
  Batch [21940/35627] - Loss: 0.1021
  Batch [21950/35627] - Loss: 0.1021
  Batch [21960/35627] - Loss: 0.1021
  Batch [21970/35627] - Loss: 0.1021
  Batch [21980/35627] - Loss: 0.1021
  Batch [21990/35627] - Loss: 0.1021
  Batch [22000/35627] - Loss: 0.1021
  Batch [22010/35627] - Loss: 0.1021
  Batch [22020/35627] - Loss: 0.1021
  Batch [22030/35627] - Loss: 0.1021
  Batch [22040/35627] - Loss: 0.1021
  Batch [22050/35627] - Loss: 0.1021
  Batch [22060/35627] - Loss: 0.1021
  Batch [22070/35627] - Loss: 0.1021
  Batch [22080/35627] - Loss: 0.1021
  Batch [22090/35627] - Loss: 0.1021
  Batch [22100/35627] - Loss: 0.1021
  Batch [22110/35627] - Loss: 0.1021
  Batch [22120/35627] - Loss: 0.1021
  Batch [22130/35627] - Loss: 0.1021
  Batch [22140/35627] - Loss: 0.1021
  Batch [22150/35627] - Loss: 0.1021
  Batch [22160/35627] - Loss: 0.1021
  Batch [22170/35627] - Loss: 0.1021
  Batch [22180/35627] - Loss: 0.1021
  Batch [22190/35627] - Loss: 0.1021
  Batch [22200/35627] - Loss: 0.1021
  Batch [22210/35627] - Loss: 0.1021
  Batch [22220/35627] - Loss: 0.1021
  Batch [22230/35627] - Loss: 0.1021
  Batch [22240/35627] - Loss: 0.1021
  Batch [22250/35627] - Loss: 0.1021
  Batch [22260/35627] - Loss: 0.1021
  Batch [22270/35627] - Loss: 0.1021
  Batch [22280/35627] - Loss: 0.1021
  Batch [22290/35627] - Loss: 0.1021
  Batch [22300/35627] - Loss: 0.1021
  Batch [22310/35627] - Loss: 0.1021
  Batch [22320/35627] - Loss: 0.1021
  Batch [22330/35627] - Loss: 0.1021
  Batch [22340/35627] - Loss: 0.1021
  Batch [22350/35627] - Loss: 0.1021
  Batch [22360/35627] - Loss: 0.1021
  Batch [22370/35627] - Loss: 0.1021
  Batch [22380/35627] - Loss: 0.1021
  Batch [22390/35627] - Loss: 0.1021
  Batch [22400/35627] - Loss: 0.1021
  Batch [22410/35627] - Loss: 0.1021
  Batch [22420/35627] - Loss: 0.1021
  Batch [22430/35627] - Loss: 0.1021
  Batch [22440/35627] - Loss: 0.1021
  Batch [22450/35627] - Loss: 0.1021
  Batch [22460/35627] - Loss: 0.1021
  Batch [22470/35627] - Loss: 0.1021
  Batch [22480/35627] - Loss: 0.1021
  Batch [22490/35627] - Loss: 0.1021
  Batch [22500/35627] - Loss: 0.1021
  Batch [22510/35627] - Loss: 0.1021
  Batch [22520/35627] - Loss: 0.1021
  Batch [22530/35627] - Loss: 0.1022
  Batch [22540/35627] - Loss: 0.1022
  Batch [22550/35627] - Loss: 0.1022
  Batch [22560/35627] - Loss: 0.1021
  Batch [22570/35627] - Loss: 0.1021
  Batch [22580/35627] - Loss: 0.1021
  Batch [22590/35627] - Loss: 0.1021
  Batch [22600/35627] - Loss: 0.1021
  Batch [22610/35627] - Loss: 0.1022
  Batch [22620/35627] - Loss: 0.1021
  Batch [22630/35627] - Loss: 0.1021
  Batch [22640/35627] - Loss: 0.1021
  Batch [22650/35627] - Loss: 0.1021
  Batch [22660/35627] - Loss: 0.1021
  Batch [22670/35627] - Loss: 0.1021
  Batch [22680/35627] - Loss: 0.1022
  Batch [22690/35627] - Loss: 0.1022
  Batch [22700/35627] - Loss: 0.1022
  Batch [22710/35627] - Loss: 0.1022
  Batch [22720/35627] - Loss: 0.1022
  Batch [22730/35627] - Loss: 0.1022
  Batch [22740/35627] - Loss: 0.1022
  Batch [22750/35627] - Loss: 0.1022
  Batch [22760/35627] - Loss: 0.1022
  Batch [22770/35627] - Loss: 0.1022
  Batch [22780/35627] - Loss: 0.1022
  Batch [22790/35627] - Loss: 0.1022
  Batch [22800/35627] - Loss: 0.1022
  Batch [22810/35627] - Loss: 0.1022
  Batch [22820/35627] - Loss: 0.1022
  Batch [22830/35627] - Loss: 0.1022
  Batch [22840/35627] - Loss: 0.1022
  Batch [22850/35627] - Loss: 0.1022
  Batch [22860/35627] - Loss: 0.1022
  Batch [22870/35627] - Loss: 0.1022
  Batch [22880/35627] - Loss: 0.1022
  Batch [22890/35627] - Loss: 0.1021
  Batch [22900/35627] - Loss: 0.1022
  Batch [22910/35627] - Loss: 0.1022
  Batch [22920/35627] - Loss: 0.1022
  Batch [22930/35627] - Loss: 0.1022
  Batch [22940/35627] - Loss: 0.1022
  Batch [22950/35627] - Loss: 0.1022
  Batch [22960/35627] - Loss: 0.1022
  Batch [22970/35627] - Loss: 0.1022
  Batch [22980/35627] - Loss: 0.1022
  Batch [22990/35627] - Loss: 0.1022
  Batch [23000/35627] - Loss: 0.1022
  Batch [23010/35627] - Loss: 0.1022
  Batch [23020/35627] - Loss: 0.1022
  Batch [23030/35627] - Loss: 0.1022
  Batch [23040/35627] - Loss: 0.1022
  Batch [23050/35627] - Loss: 0.1022
  Batch [23060/35627] - Loss: 0.1022
  Batch [23070/35627] - Loss: 0.1022
  Batch [23080/35627] - Loss: 0.1022
  Batch [23090/35627] - Loss: 0.1022
  Batch [23100/35627] - Loss: 0.1022
  Batch [23110/35627] - Loss: 0.1022
  Batch [23120/35627] - Loss: 0.1022
  Batch [23130/35627] - Loss: 0.1022
  Batch [23140/35627] - Loss: 0.1022
  Batch [23150/35627] - Loss: 0.1022
  Batch [23160/35627] - Loss: 0.1022
  Batch [23170/35627] - Loss: 0.1022
  Batch [23180/35627] - Loss: 0.1022
  Batch [23190/35627] - Loss: 0.1022
  Batch [23200/35627] - Loss: 0.1022
  Batch [23210/35627] - Loss: 0.1022
  Batch [23220/35627] - Loss: 0.1022
  Batch [23230/35627] - Loss: 0.1022
  Batch [23240/35627] - Loss: 0.1021
  Batch [23250/35627] - Loss: 0.1021
  Batch [23260/35627] - Loss: 0.1021
  Batch [23270/35627] - Loss: 0.1021
  Batch [23280/35627] - Loss: 0.1022
  Batch [23290/35627] - Loss: 0.1021
  Batch [23300/35627] - Loss: 0.1021
  Batch [23310/35627] - Loss: 0.1022
  Batch [23320/35627] - Loss: 0.1022
  Batch [23330/35627] - Loss: 0.1022
  Batch [23340/35627] - Loss: 0.1022
  Batch [23350/35627] - Loss: 0.1022
  Batch [23360/35627] - Loss: 0.1022
  Batch [23370/35627] - Loss: 0.1022
  Batch [23380/35627] - Loss: 0.1022
  Batch [23390/35627] - Loss: 0.1022
  Batch [23400/35627] - Loss: 0.1021
  Batch [23410/35627] - Loss: 0.1021
  Batch [23420/35627] - Loss: 0.1021
  Batch [23430/35627] - Loss: 0.1021
  Batch [23440/35627] - Loss: 0.1021
  Batch [23450/35627] - Loss: 0.1021
  Batch [23460/35627] - Loss: 0.1021
  Batch [23470/35627] - Loss: 0.1021
  Batch [23480/35627] - Loss: 0.1021
  Batch [23490/35627] - Loss: 0.1022
  Batch [23500/35627] - Loss: 0.1022
  Batch [23510/35627] - Loss: 0.1022
  Batch [23520/35627] - Loss: 0.1022
  Batch [23530/35627] - Loss: 0.1022
  Batch [23540/35627] - Loss: 0.1022
  Batch [23550/35627] - Loss: 0.1022
  Batch [23560/35627] - Loss: 0.1022
  Batch [23570/35627] - Loss: 0.1022
  Batch [23580/35627] - Loss: 0.1022
  Batch [23590/35627] - Loss: 0.1022
  Batch [23600/35627] - Loss: 0.1022
  Batch [23610/35627] - Loss: 0.1021
  Batch [23620/35627] - Loss: 0.1022
  Batch [23630/35627] - Loss: 0.1021
  Batch [23640/35627] - Loss: 0.1021
  Batch [23650/35627] - Loss: 0.1021
  Batch [23660/35627] - Loss: 0.1021
  Batch [23670/35627] - Loss: 0.1021
  Batch [23680/35627] - Loss: 0.1021
  Batch [23690/35627] - Loss: 0.1021
  Batch [23700/35627] - Loss: 0.1021
  Batch [23710/35627] - Loss: 0.1021
  Batch [23720/35627] - Loss: 0.1021
  Batch [23730/35627] - Loss: 0.1021
  Batch [23740/35627] - Loss: 0.1021
  Batch [23750/35627] - Loss: 0.1021
  Batch [23760/35627] - Loss: 0.1021
  Batch [23770/35627] - Loss: 0.1021
  Batch [23780/35627] - Loss: 0.1021
  Batch [23790/35627] - Loss: 0.1021
  Batch [23800/35627] - Loss: 0.1021
  Batch [23810/35627] - Loss: 0.1021
  Batch [23820/35627] - Loss: 0.1021
  Batch [23830/35627] - Loss: 0.1021
  Batch [23840/35627] - Loss: 0.1021
  Batch [23850/35627] - Loss: 0.1021
  Batch [23860/35627] - Loss: 0.1021
  Batch [23870/35627] - Loss: 0.1021
  Batch [23880/35627] - Loss: 0.1021
  Batch [23890/35627] - Loss: 0.1021
  Batch [23900/35627] - Loss: 0.1021
  Batch [23910/35627] - Loss: 0.1021
  Batch [23920/35627] - Loss: 0.1021
  Batch [23930/35627] - Loss: 0.1021
  Batch [23940/35627] - Loss: 0.1021
  Batch [23950/35627] - Loss: 0.1021
  Batch [23960/35627] - Loss: 0.1021
  Batch [23970/35627] - Loss: 0.1021
  Batch [23980/35627] - Loss: 0.1021
  Batch [23990/35627] - Loss: 0.1021
  Batch [24000/35627] - Loss: 0.1021
  Batch [24010/35627] - Loss: 0.1021
  Batch [24020/35627] - Loss: 0.1021
  Batch [24030/35627] - Loss: 0.1021
  Batch [24040/35627] - Loss: 0.1021
  Batch [24050/35627] - Loss: 0.1021
  Batch [24060/35627] - Loss: 0.1021
  Batch [24070/35627] - Loss: 0.1021
  Batch [24080/35627] - Loss: 0.1021
  Batch [24090/35627] - Loss: 0.1021
  Batch [24100/35627] - Loss: 0.1021
  Batch [24110/35627] - Loss: 0.1021
  Batch [24120/35627] - Loss: 0.1021
  Batch [24130/35627] - Loss: 0.1021
  Batch [24140/35627] - Loss: 0.1021
  Batch [24150/35627] - Loss: 0.1021
  Batch [24160/35627] - Loss: 0.1021
  Batch [24170/35627] - Loss: 0.1021
  Batch [24180/35627] - Loss: 0.1021
  Batch [24190/35627] - Loss: 0.1021
  Batch [24200/35627] - Loss: 0.1021
  Batch [24210/35627] - Loss: 0.1021
  Batch [24220/35627] - Loss: 0.1021
  Batch [24230/35627] - Loss: 0.1021
  Batch [24240/35627] - Loss: 0.1021
  Batch [24250/35627] - Loss: 0.1021
  Batch [24260/35627] - Loss: 0.1021
  Batch [24270/35627] - Loss: 0.1021
  Batch [24280/35627] - Loss: 0.1021
  Batch [24290/35627] - Loss: 0.1021
  Batch [24300/35627] - Loss: 0.1021
  Batch [24310/35627] - Loss: 0.1021
  Batch [24320/35627] - Loss: 0.1021
  Batch [24330/35627] - Loss: 0.1021
  Batch [24340/35627] - Loss: 0.1020
  Batch [24350/35627] - Loss: 0.1021
  Batch [24360/35627] - Loss: 0.1020
  Batch [24370/35627] - Loss: 0.1020
  Batch [24380/35627] - Loss: 0.1020
  Batch [24390/35627] - Loss: 0.1020
  Batch [24400/35627] - Loss: 0.1020
  Batch [24410/35627] - Loss: 0.1020
  Batch [24420/35627] - Loss: 0.1020
  Batch [24430/35627] - Loss: 0.1020
  Batch [24440/35627] - Loss: 0.1021
  Batch [24450/35627] - Loss: 0.1021
  Batch [24460/35627] - Loss: 0.1021
  Batch [24470/35627] - Loss: 0.1021
  Batch [24480/35627] - Loss: 0.1021
  Batch [24490/35627] - Loss: 0.1021
  Batch [24500/35627] - Loss: 0.1021
  Batch [24510/35627] - Loss: 0.1021
  Batch [24520/35627] - Loss: 0.1021
  Batch [24530/35627] - Loss: 0.1021
  Batch [24540/35627] - Loss: 0.1021
  Batch [24550/35627] - Loss: 0.1021
  Batch [24560/35627] - Loss: 0.1021
  Batch [24570/35627] - Loss: 0.1021
  Batch [24580/35627] - Loss: 0.1021
  Batch [24590/35627] - Loss: 0.1021
  Batch [24600/35627] - Loss: 0.1021
  Batch [24610/35627] - Loss: 0.1021
  Batch [24620/35627] - Loss: 0.1021
  Batch [24630/35627] - Loss: 0.1021
  Batch [24640/35627] - Loss: 0.1021
  Batch [24650/35627] - Loss: 0.1021
  Batch [24660/35627] - Loss: 0.1021
  Batch [24670/35627] - Loss: 0.1021
  Batch [24680/35627] - Loss: 0.1021
  Batch [24690/35627] - Loss: 0.1021
  Batch [24700/35627] - Loss: 0.1021
  Batch [24710/35627] - Loss: 0.1021
  Batch [24720/35627] - Loss: 0.1021
  Batch [24730/35627] - Loss: 0.1021
  Batch [24740/35627] - Loss: 0.1021
  Batch [24750/35627] - Loss: 0.1021
  Batch [24760/35627] - Loss: 0.1021
  Batch [24770/35627] - Loss: 0.1021
  Batch [24780/35627] - Loss: 0.1021
  Batch [24790/35627] - Loss: 0.1021
  Batch [24800/35627] - Loss: 0.1021
  Batch [24810/35627] - Loss: 0.1021
  Batch [24820/35627] - Loss: 0.1021
  Batch [24830/35627] - Loss: 0.1021
  Batch [24840/35627] - Loss: 0.1021
  Batch [24850/35627] - Loss: 0.1021
  Batch [24860/35627] - Loss: 0.1021
  Batch [24870/35627] - Loss: 0.1021
  Batch [24880/35627] - Loss: 0.1021
  Batch [24890/35627] - Loss: 0.1021
  Batch [24900/35627] - Loss: 0.1021
  Batch [24910/35627] - Loss: 0.1021
  Batch [24920/35627] - Loss: 0.1021
  Batch [24930/35627] - Loss: 0.1021
  Batch [24940/35627] - Loss: 0.1021
  Batch [24950/35627] - Loss: 0.1021
  Batch [24960/35627] - Loss: 0.1021
  Batch [24970/35627] - Loss: 0.1021
  Batch [24980/35627] - Loss: 0.1021
  Batch [24990/35627] - Loss: 0.1021
  Batch [25000/35627] - Loss: 0.1021
  Batch [25010/35627] - Loss: 0.1021
  Batch [25020/35627] - Loss: 0.1021
  Batch [25030/35627] - Loss: 0.1021
  Batch [25040/35627] - Loss: 0.1021
  Batch [25050/35627] - Loss: 0.1021
  Batch [25060/35627] - Loss: 0.1021
  Batch [25070/35627] - Loss: 0.1021
  Batch [25080/35627] - Loss: 0.1021
  Batch [25090/35627] - Loss: 0.1021
  Batch [25100/35627] - Loss: 0.1021
  Batch [25110/35627] - Loss: 0.1021
  Batch [25120/35627] - Loss: 0.1021
  Batch [25130/35627] - Loss: 0.1021
  Batch [25140/35627] - Loss: 0.1021
  Batch [25150/35627] - Loss: 0.1021
  Batch [25160/35627] - Loss: 0.1021
  Batch [25170/35627] - Loss: 0.1021
  Batch [25180/35627] - Loss: 0.1021
  Batch [25190/35627] - Loss: 0.1021
  Batch [25200/35627] - Loss: 0.1021
  Batch [25210/35627] - Loss: 0.1021
  Batch [25220/35627] - Loss: 0.1021
  Batch [25230/35627] - Loss: 0.1021
  Batch [25240/35627] - Loss: 0.1021
  Batch [25250/35627] - Loss: 0.1021
  Batch [25260/35627] - Loss: 0.1021
  Batch [25270/35627] - Loss: 0.1021
  Batch [25280/35627] - Loss: 0.1021
  Batch [25290/35627] - Loss: 0.1021
  Batch [25300/35627] - Loss: 0.1021
  Batch [25310/35627] - Loss: 0.1021
  Batch [25320/35627] - Loss: 0.1021
  Batch [25330/35627] - Loss: 0.1021
  Batch [25340/35627] - Loss: 0.1021
  Batch [25350/35627] - Loss: 0.1021
  Batch [25360/35627] - Loss: 0.1021
  Batch [25370/35627] - Loss: 0.1021
  Batch [25380/35627] - Loss: 0.1021
  Batch [25390/35627] - Loss: 0.1021
  Batch [25400/35627] - Loss: 0.1021
  Batch [25410/35627] - Loss: 0.1021
  Batch [25420/35627] - Loss: 0.1021
  Batch [25430/35627] - Loss: 0.1021
  Batch [25440/35627] - Loss: 0.1021
  Batch [25450/35627] - Loss: 0.1021
  Batch [25460/35627] - Loss: 0.1021
  Batch [25470/35627] - Loss: 0.1021
  Batch [25480/35627] - Loss: 0.1021
  Batch [25490/35627] - Loss: 0.1021
  Batch [25500/35627] - Loss: 0.1021
  Batch [25510/35627] - Loss: 0.1021
  Batch [25520/35627] - Loss: 0.1021
  Batch [25530/35627] - Loss: 0.1021
  Batch [25540/35627] - Loss: 0.1021
  Batch [25550/35627] - Loss: 0.1021
  Batch [25560/35627] - Loss: 0.1021
  Batch [25570/35627] - Loss: 0.1021
  Batch [25580/35627] - Loss: 0.1021
  Batch [25590/35627] - Loss: 0.1021
  Batch [25600/35627] - Loss: 0.1021
  Batch [25610/35627] - Loss: 0.1021
  Batch [25620/35627] - Loss: 0.1021
  Batch [25630/35627] - Loss: 0.1021
  Batch [25640/35627] - Loss: 0.1021
  Batch [25650/35627] - Loss: 0.1021
  Batch [25660/35627] - Loss: 0.1021
  Batch [25670/35627] - Loss: 0.1021
  Batch [25680/35627] - Loss: 0.1021
  Batch [25690/35627] - Loss: 0.1021
  Batch [25700/35627] - Loss: 0.1021
  Batch [25710/35627] - Loss: 0.1021
  Batch [25720/35627] - Loss: 0.1021
  Batch [25730/35627] - Loss: 0.1021
  Batch [25740/35627] - Loss: 0.1021
  Batch [25750/35627] - Loss: 0.1021
  Batch [25760/35627] - Loss: 0.1021
  Batch [25770/35627] - Loss: 0.1021
  Batch [25780/35627] - Loss: 0.1021
  Batch [25790/35627] - Loss: 0.1021
  Batch [25800/35627] - Loss: 0.1021
  Batch [25810/35627] - Loss: 0.1021
  Batch [25820/35627] - Loss: 0.1021
  Batch [25830/35627] - Loss: 0.1021
  Batch [25840/35627] - Loss: 0.1021
  Batch [25850/35627] - Loss: 0.1021
  Batch [25860/35627] - Loss: 0.1021
  Batch [25870/35627] - Loss: 0.1021
  Batch [25880/35627] - Loss: 0.1021
  Batch [25890/35627] - Loss: 0.1020
  Batch [25900/35627] - Loss: 0.1021
  Batch [25910/35627] - Loss: 0.1021
  Batch [25920/35627] - Loss: 0.1021
  Batch [25930/35627] - Loss: 0.1021
  Batch [25940/35627] - Loss: 0.1020
  Batch [25950/35627] - Loss: 0.1020
  Batch [25960/35627] - Loss: 0.1020
  Batch [25970/35627] - Loss: 0.1020
  Batch [25980/35627] - Loss: 0.1020
  Batch [25990/35627] - Loss: 0.1020
  Batch [26000/35627] - Loss: 0.1020
  Batch [26010/35627] - Loss: 0.1020
  Batch [26020/35627] - Loss: 0.1020
  Batch [26030/35627] - Loss: 0.1020
  Batch [26040/35627] - Loss: 0.1020
  Batch [26050/35627] - Loss: 0.1020
  Batch [26060/35627] - Loss: 0.1020
  Batch [26070/35627] - Loss: 0.1020
  Batch [26080/35627] - Loss: 0.1020
  Batch [26090/35627] - Loss: 0.1020
  Batch [26100/35627] - Loss: 0.1020
  Batch [26110/35627] - Loss: 0.1020
  Batch [26120/35627] - Loss: 0.1020
  Batch [26130/35627] - Loss: 0.1020
  Batch [26140/35627] - Loss: 0.1020
  Batch [26150/35627] - Loss: 0.1020
  Batch [26160/35627] - Loss: 0.1020
  Batch [26170/35627] - Loss: 0.1020
  Batch [26180/35627] - Loss: 0.1020
  Batch [26190/35627] - Loss: 0.1020
  Batch [26200/35627] - Loss: 0.1020
  Batch [26210/35627] - Loss: 0.1020
  Batch [26220/35627] - Loss: 0.1020
  Batch [26230/35627] - Loss: 0.1020
  Batch [26240/35627] - Loss: 0.1020
  Batch [26250/35627] - Loss: 0.1020
  Batch [26260/35627] - Loss: 0.1020
  Batch [26270/35627] - Loss: 0.1020
  Batch [26280/35627] - Loss: 0.1020
  Batch [26290/35627] - Loss: 0.1020
  Batch [26300/35627] - Loss: 0.1020
  Batch [26310/35627] - Loss: 0.1020
  Batch [26320/35627] - Loss: 0.1020
  Batch [26330/35627] - Loss: 0.1020
  Batch [26340/35627] - Loss: 0.1020
  Batch [26350/35627] - Loss: 0.1020
  Batch [26360/35627] - Loss: 0.1020
  Batch [26370/35627] - Loss: 0.1020
  Batch [26380/35627] - Loss: 0.1020
  Batch [26390/35627] - Loss: 0.1020
  Batch [26400/35627] - Loss: 0.1020
  Batch [26410/35627] - Loss: 0.1020
  Batch [26420/35627] - Loss: 0.1020
  Batch [26430/35627] - Loss: 0.1020
  Batch [26440/35627] - Loss: 0.1020
  Batch [26450/35627] - Loss: 0.1020
  Batch [26460/35627] - Loss: 0.1020
  Batch [26470/35627] - Loss: 0.1020
  Batch [26480/35627] - Loss: 0.1020
  Batch [26490/35627] - Loss: 0.1020
  Batch [26500/35627] - Loss: 0.1020
  Batch [26510/35627] - Loss: 0.1020
  Batch [26520/35627] - Loss: 0.1020
  Batch [26530/35627] - Loss: 0.1020
  Batch [26540/35627] - Loss: 0.1020
  Batch [26550/35627] - Loss: 0.1020
  Batch [26560/35627] - Loss: 0.1020
  Batch [26570/35627] - Loss: 0.1020
  Batch [26580/35627] - Loss: 0.1020
  Batch [26590/35627] - Loss: 0.1020
  Batch [26600/35627] - Loss: 0.1020
  Batch [26610/35627] - Loss: 0.1020
  Batch [26620/35627] - Loss: 0.1020
  Batch [26630/35627] - Loss: 0.1021
  Batch [26640/35627] - Loss: 0.1020
  Batch [26650/35627] - Loss: 0.1021
  Batch [26660/35627] - Loss: 0.1020
  Batch [26670/35627] - Loss: 0.1020
  Batch [26680/35627] - Loss: 0.1020
  Batch [26690/35627] - Loss: 0.1021
  Batch [26700/35627] - Loss: 0.1020
  Batch [26710/35627] - Loss: 0.1020
  Batch [26720/35627] - Loss: 0.1021
  Batch [26730/35627] - Loss: 0.1020
  Batch [26740/35627] - Loss: 0.1021
  Batch [26750/35627] - Loss: 0.1021
  Batch [26760/35627] - Loss: 0.1021
  Batch [26770/35627] - Loss: 0.1021
  Batch [26780/35627] - Loss: 0.1020
  Batch [26790/35627] - Loss: 0.1020
  Batch [26800/35627] - Loss: 0.1020
  Batch [26810/35627] - Loss: 0.1020
  Batch [26820/35627] - Loss: 0.1020
  Batch [26830/35627] - Loss: 0.1020
  Batch [26840/35627] - Loss: 0.1020
  Batch [26850/35627] - Loss: 0.1020
  Batch [26860/35627] - Loss: 0.1020
  Batch [26870/35627] - Loss: 0.1020
  Batch [26880/35627] - Loss: 0.1020
  Batch [26890/35627] - Loss: 0.1020
  Batch [26900/35627] - Loss: 0.1020
  Batch [26910/35627] - Loss: 0.1020
  Batch [26920/35627] - Loss: 0.1020
  Batch [26930/35627] - Loss: 0.1020
  Batch [26940/35627] - Loss: 0.1020
  Batch [26950/35627] - Loss: 0.1020
  Batch [26960/35627] - Loss: 0.1020
  Batch [26970/35627] - Loss: 0.1020
  Batch [26980/35627] - Loss: 0.1020
  Batch [26990/35627] - Loss: 0.1020
  Batch [27000/35627] - Loss: 0.1020
  Batch [27010/35627] - Loss: 0.1020
  Batch [27020/35627] - Loss: 0.1020
  Batch [27030/35627] - Loss: 0.1020
  Batch [27040/35627] - Loss: 0.1020
  Batch [27050/35627] - Loss: 0.1020
  Batch [27060/35627] - Loss: 0.1020
  Batch [27070/35627] - Loss: 0.1020
  Batch [27080/35627] - Loss: 0.1020
  Batch [27090/35627] - Loss: 0.1020
  Batch [27100/35627] - Loss: 0.1020
  Batch [27110/35627] - Loss: 0.1020
  Batch [27120/35627] - Loss: 0.1020
  Batch [27130/35627] - Loss: 0.1020
  Batch [27140/35627] - Loss: 0.1020
  Batch [27150/35627] - Loss: 0.1020
  Batch [27160/35627] - Loss: 0.1020
  Batch [27170/35627] - Loss: 0.1020
  Batch [27180/35627] - Loss: 0.1020
  Batch [27190/35627] - Loss: 0.1020
  Batch [27200/35627] - Loss: 0.1020
  Batch [27210/35627] - Loss: 0.1020
  Batch [27220/35627] - Loss: 0.1020
  Batch [27230/35627] - Loss: 0.1020
  Batch [27240/35627] - Loss: 0.1020
  Batch [27250/35627] - Loss: 0.1020
  Batch [27260/35627] - Loss: 0.1020
  Batch [27270/35627] - Loss: 0.1020
  Batch [27280/35627] - Loss: 0.1020
  Batch [27290/35627] - Loss: 0.1020
  Batch [27300/35627] - Loss: 0.1020
  Batch [27310/35627] - Loss: 0.1020
  Batch [27320/35627] - Loss: 0.1020
  Batch [27330/35627] - Loss: 0.1020
  Batch [27340/35627] - Loss: 0.1020
  Batch [27350/35627] - Loss: 0.1020
  Batch [27360/35627] - Loss: 0.1020
  Batch [27370/35627] - Loss: 0.1020
  Batch [27380/35627] - Loss: 0.1020
  Batch [27390/35627] - Loss: 0.1020
  Batch [27400/35627] - Loss: 0.1020
  Batch [27410/35627] - Loss: 0.1020
  Batch [27420/35627] - Loss: 0.1020
  Batch [27430/35627] - Loss: 0.1020
  Batch [27440/35627] - Loss: 0.1020
  Batch [27450/35627] - Loss: 0.1020
  Batch [27460/35627] - Loss: 0.1020
  Batch [27470/35627] - Loss: 0.1020
  Batch [27480/35627] - Loss: 0.1020
  Batch [27490/35627] - Loss: 0.1020
  Batch [27500/35627] - Loss: 0.1020
  Batch [27510/35627] - Loss: 0.1020
  Batch [27520/35627] - Loss: 0.1020
  Batch [27530/35627] - Loss: 0.1020
  Batch [27540/35627] - Loss: 0.1020
  Batch [27550/35627] - Loss: 0.1020
  Batch [27560/35627] - Loss: 0.1020
  Batch [27570/35627] - Loss: 0.1020
  Batch [27580/35627] - Loss: 0.1020
  Batch [27590/35627] - Loss: 0.1020
  Batch [27600/35627] - Loss: 0.1020
  Batch [27610/35627] - Loss: 0.1020
  Batch [27620/35627] - Loss: 0.1020
  Batch [27630/35627] - Loss: 0.1020
  Batch [27640/35627] - Loss: 0.1020
  Batch [27650/35627] - Loss: 0.1020
  Batch [27660/35627] - Loss: 0.1020
  Batch [27670/35627] - Loss: 0.1020
  Batch [27680/35627] - Loss: 0.1020
  Batch [27690/35627] - Loss: 0.1020
  Batch [27700/35627] - Loss: 0.1020
  Batch [27710/35627] - Loss: 0.1020
  Batch [27720/35627] - Loss: 0.1020
  Batch [27730/35627] - Loss: 0.1020
  Batch [27740/35627] - Loss: 0.1020
  Batch [27750/35627] - Loss: 0.1020
  Batch [27760/35627] - Loss: 0.1020
  Batch [27770/35627] - Loss: 0.1020
  Batch [27780/35627] - Loss: 0.1020
  Batch [27790/35627] - Loss: 0.1020
  Batch [27800/35627] - Loss: 0.1020
  Batch [27810/35627] - Loss: 0.1020
  Batch [27820/35627] - Loss: 0.1020
  Batch [27830/35627] - Loss: 0.1019
  Batch [27840/35627] - Loss: 0.1020
  Batch [27850/35627] - Loss: 0.1020
  Batch [27860/35627] - Loss: 0.1020
  Batch [27870/35627] - Loss: 0.1020
  Batch [27880/35627] - Loss: 0.1020
  Batch [27890/35627] - Loss: 0.1019
  Batch [27900/35627] - Loss: 0.1019
  Batch [27910/35627] - Loss: 0.1019
  Batch [27920/35627] - Loss: 0.1019
  Batch [27930/35627] - Loss: 0.1019
  Batch [27940/35627] - Loss: 0.1019
  Batch [27950/35627] - Loss: 0.1019
  Batch [27960/35627] - Loss: 0.1019
  Batch [27970/35627] - Loss: 0.1019
  Batch [27980/35627] - Loss: 0.1019
  Batch [27990/35627] - Loss: 0.1019
  Batch [28000/35627] - Loss: 0.1019
  Batch [28010/35627] - Loss: 0.1019
  Batch [28020/35627] - Loss: 0.1019
  Batch [28030/35627] - Loss: 0.1019
  Batch [28040/35627] - Loss: 0.1019
  Batch [28050/35627] - Loss: 0.1019
  Batch [28060/35627] - Loss: 0.1019
  Batch [28070/35627] - Loss: 0.1019
  Batch [28080/35627] - Loss: 0.1019
  Batch [28090/35627] - Loss: 0.1019
  Batch [28100/35627] - Loss: 0.1019
  Batch [28110/35627] - Loss: 0.1019
  Batch [28120/35627] - Loss: 0.1020
  Batch [28130/35627] - Loss: 0.1019
  Batch [28140/35627] - Loss: 0.1019
  Batch [28150/35627] - Loss: 0.1019
  Batch [28160/35627] - Loss: 0.1019
  Batch [28170/35627] - Loss: 0.1019
  Batch [28180/35627] - Loss: 0.1019
  Batch [28190/35627] - Loss: 0.1019
  Batch [28200/35627] - Loss: 0.1019
  Batch [28210/35627] - Loss: 0.1019
  Batch [28220/35627] - Loss: 0.1019
  Batch [28230/35627] - Loss: 0.1019
  Batch [28240/35627] - Loss: 0.1019
  Batch [28250/35627] - Loss: 0.1019
  Batch [28260/35627] - Loss: 0.1019
  Batch [28270/35627] - Loss: 0.1019
  Batch [28280/35627] - Loss: 0.1019
  Batch [28290/35627] - Loss: 0.1019
  Batch [28300/35627] - Loss: 0.1019
  Batch [28310/35627] - Loss: 0.1019
  Batch [28320/35627] - Loss: 0.1019
  Batch [28330/35627] - Loss: 0.1019
  Batch [28340/35627] - Loss: 0.1019
  Batch [28350/35627] - Loss: 0.1019
  Batch [28360/35627] - Loss: 0.1019
  Batch [28370/35627] - Loss: 0.1019
  Batch [28380/35627] - Loss: 0.1019
  Batch [28390/35627] - Loss: 0.1019
  Batch [28400/35627] - Loss: 0.1019
  Batch [28410/35627] - Loss: 0.1019
  Batch [28420/35627] - Loss: 0.1019
  Batch [28430/35627] - Loss: 0.1019
  Batch [28440/35627] - Loss: 0.1019
  Batch [28450/35627] - Loss: 0.1019
  Batch [28460/35627] - Loss: 0.1019
  Batch [28470/35627] - Loss: 0.1020
  Batch [28480/35627] - Loss: 0.1019
  Batch [28490/35627] - Loss: 0.1019
  Batch [28500/35627] - Loss: 0.1019
  Batch [28510/35627] - Loss: 0.1019
  Batch [28520/35627] - Loss: 0.1019
  Batch [28530/35627] - Loss: 0.1019
  Batch [28540/35627] - Loss: 0.1019
  Batch [28550/35627] - Loss: 0.1019
  Batch [28560/35627] - Loss: 0.1019
  Batch [28570/35627] - Loss: 0.1019
  Batch [28580/35627] - Loss: 0.1019
  Batch [28590/35627] - Loss: 0.1019
  Batch [28600/35627] - Loss: 0.1019
  Batch [28610/35627] - Loss: 0.1020
  Batch [28620/35627] - Loss: 0.1020
  Batch [28630/35627] - Loss: 0.1020
  Batch [28640/35627] - Loss: 0.1020
  Batch [28650/35627] - Loss: 0.1019
  Batch [28660/35627] - Loss: 0.1019
  Batch [28670/35627] - Loss: 0.1019
  Batch [28680/35627] - Loss: 0.1019
  Batch [28690/35627] - Loss: 0.1019
  Batch [28700/35627] - Loss: 0.1019
  Batch [28710/35627] - Loss: 0.1019
  Batch [28720/35627] - Loss: 0.1019
  Batch [28730/35627] - Loss: 0.1019
  Batch [28740/35627] - Loss: 0.1019
  Batch [28750/35627] - Loss: 0.1019
  Batch [28760/35627] - Loss: 0.1019
  Batch [28770/35627] - Loss: 0.1019
  Batch [28780/35627] - Loss: 0.1019
  Batch [28790/35627] - Loss: 0.1019
  Batch [28800/35627] - Loss: 0.1019
  Batch [28810/35627] - Loss: 0.1019
  Batch [28820/35627] - Loss: 0.1019
  Batch [28830/35627] - Loss: 0.1019
  Batch [28840/35627] - Loss: 0.1019
  Batch [28850/35627] - Loss: 0.1019
  Batch [28860/35627] - Loss: 0.1019
  Batch [28870/35627] - Loss: 0.1019
  Batch [28880/35627] - Loss: 0.1019
  Batch [28890/35627] - Loss: 0.1019
  Batch [28900/35627] - Loss: 0.1019
  Batch [28910/35627] - Loss: 0.1019
  Batch [28920/35627] - Loss: 0.1019
  Batch [28930/35627] - Loss: 0.1019
  Batch [28940/35627] - Loss: 0.1019
  Batch [28950/35627] - Loss: 0.1019
  Batch [28960/35627] - Loss: 0.1019
  Batch [28970/35627] - Loss: 0.1019
  Batch [28980/35627] - Loss: 0.1019
  Batch [28990/35627] - Loss: 0.1019
  Batch [29000/35627] - Loss: 0.1019
  Batch [29010/35627] - Loss: 0.1019
  Batch [29020/35627] - Loss: 0.1019
  Batch [29030/35627] - Loss: 0.1019
  Batch [29040/35627] - Loss: 0.1019
  Batch [29050/35627] - Loss: 0.1019
  Batch [29060/35627] - Loss: 0.1019
  Batch [29070/35627] - Loss: 0.1019
  Batch [29080/35627] - Loss: 0.1019
  Batch [29090/35627] - Loss: 0.1019
  Batch [29100/35627] - Loss: 0.1019
  Batch [29110/35627] - Loss: 0.1019
  Batch [29120/35627] - Loss: 0.1019
  Batch [29130/35627] - Loss: 0.1019
  Batch [29140/35627] - Loss: 0.1019
  Batch [29150/35627] - Loss: 0.1019
  Batch [29160/35627] - Loss: 0.1019
  Batch [29170/35627] - Loss: 0.1019
  Batch [29180/35627] - Loss: 0.1019
  Batch [29190/35627] - Loss: 0.1019
  Batch [29200/35627] - Loss: 0.1019
  Batch [29210/35627] - Loss: 0.1019
  Batch [29220/35627] - Loss: 0.1019
  Batch [29230/35627] - Loss: 0.1019
  Batch [29240/35627] - Loss: 0.1019
  Batch [29250/35627] - Loss: 0.1019
  Batch [29260/35627] - Loss: 0.1019
  Batch [29270/35627] - Loss: 0.1019
  Batch [29280/35627] - Loss: 0.1019
  Batch [29290/35627] - Loss: 0.1019
  Batch [29300/35627] - Loss: 0.1019
  Batch [29310/35627] - Loss: 0.1019
  Batch [29320/35627] - Loss: 0.1019
  Batch [29330/35627] - Loss: 0.1019
  Batch [29340/35627] - Loss: 0.1019
  Batch [29350/35627] - Loss: 0.1019
  Batch [29360/35627] - Loss: 0.1019
  Batch [29370/35627] - Loss: 0.1019
  Batch [29380/35627] - Loss: 0.1019
  Batch [29390/35627] - Loss: 0.1019
  Batch [29400/35627] - Loss: 0.1019
  Batch [29410/35627] - Loss: 0.1019
  Batch [29420/35627] - Loss: 0.1019
  Batch [29430/35627] - Loss: 0.1019
  Batch [29440/35627] - Loss: 0.1019
  Batch [29450/35627] - Loss: 0.1019
  Batch [29460/35627] - Loss: 0.1019
  Batch [29470/35627] - Loss: 0.1019
  Batch [29480/35627] - Loss: 0.1019
  Batch [29490/35627] - Loss: 0.1019
  Batch [29500/35627] - Loss: 0.1019
  Batch [29510/35627] - Loss: 0.1019
  Batch [29520/35627] - Loss: 0.1019
  Batch [29530/35627] - Loss: 0.1019
  Batch [29540/35627] - Loss: 0.1019
  Batch [29550/35627] - Loss: 0.1019
  Batch [29560/35627] - Loss: 0.1019
  Batch [29570/35627] - Loss: 0.1019
  Batch [29580/35627] - Loss: 0.1019
  Batch [29590/35627] - Loss: 0.1019
  Batch [29600/35627] - Loss: 0.1019
  Batch [29610/35627] - Loss: 0.1019
  Batch [29620/35627] - Loss: 0.1019
  Batch [29630/35627] - Loss: 0.1019
  Batch [29640/35627] - Loss: 0.1019
  Batch [29650/35627] - Loss: 0.1019
  Batch [29660/35627] - Loss: 0.1019
  Batch [29670/35627] - Loss: 0.1019
  Batch [29680/35627] - Loss: 0.1019
  Batch [29690/35627] - Loss: 0.1019
  Batch [29700/35627] - Loss: 0.1019
  Batch [29710/35627] - Loss: 0.1019
  Batch [29720/35627] - Loss: 0.1019
  Batch [29730/35627] - Loss: 0.1019
  Batch [29740/35627] - Loss: 0.1018
  Batch [29750/35627] - Loss: 0.1018
  Batch [29760/35627] - Loss: 0.1019
  Batch [29770/35627] - Loss: 0.1019
  Batch [29780/35627] - Loss: 0.1019
  Batch [29790/35627] - Loss: 0.1018
  Batch [29800/35627] - Loss: 0.1019
  Batch [29810/35627] - Loss: 0.1019
  Batch [29820/35627] - Loss: 0.1018
  Batch [29830/35627] - Loss: 0.1019
  Batch [29840/35627] - Loss: 0.1019
  Batch [29850/35627] - Loss: 0.1019
  Batch [29860/35627] - Loss: 0.1019
  Batch [29870/35627] - Loss: 0.1019
  Batch [29880/35627] - Loss: 0.1019
  Batch [29890/35627] - Loss: 0.1019
  Batch [29900/35627] - Loss: 0.1018
  Batch [29910/35627] - Loss: 0.1018
  Batch [29920/35627] - Loss: 0.1018
  Batch [29930/35627] - Loss: 0.1018
  Batch [29940/35627] - Loss: 0.1019
  Batch [29950/35627] - Loss: 0.1019
  Batch [29960/35627] - Loss: 0.1019
  Batch [29970/35627] - Loss: 0.1019
  Batch [29980/35627] - Loss: 0.1019
  Batch [29990/35627] - Loss: 0.1019
  Batch [30000/35627] - Loss: 0.1019
  Batch [30010/35627] - Loss: 0.1019
  Batch [30020/35627] - Loss: 0.1019
  Batch [30030/35627] - Loss: 0.1018
  Batch [30040/35627] - Loss: 0.1019
  Batch [30050/35627] - Loss: 0.1019
  Batch [30060/35627] - Loss: 0.1018
  Batch [30070/35627] - Loss: 0.1018
  Batch [30080/35627] - Loss: 0.1018
  Batch [30090/35627] - Loss: 0.1018
  Batch [30100/35627] - Loss: 0.1018
  Batch [30110/35627] - Loss: 0.1018
  Batch [30120/35627] - Loss: 0.1018
  Batch [30130/35627] - Loss: 0.1018
  Batch [30140/35627] - Loss: 0.1018
  Batch [30150/35627] - Loss: 0.1018
  Batch [30160/35627] - Loss: 0.1018
  Batch [30170/35627] - Loss: 0.1018
  Batch [30180/35627] - Loss: 0.1018
  Batch [30190/35627] - Loss: 0.1018
  Batch [30200/35627] - Loss: 0.1018
  Batch [30210/35627] - Loss: 0.1018
  Batch [30220/35627] - Loss: 0.1018
  Batch [30230/35627] - Loss: 0.1018
  Batch [30240/35627] - Loss: 0.1018
  Batch [30250/35627] - Loss: 0.1018
  Batch [30260/35627] - Loss: 0.1018
  Batch [30270/35627] - Loss: 0.1018
  Batch [30280/35627] - Loss: 0.1018
  Batch [30290/35627] - Loss: 0.1018
  Batch [30300/35627] - Loss: 0.1018
  Batch [30310/35627] - Loss: 0.1018
  Batch [30320/35627] - Loss: 0.1018
  Batch [30330/35627] - Loss: 0.1018
  Batch [30340/35627] - Loss: 0.1018
  Batch [30350/35627] - Loss: 0.1018
  Batch [30360/35627] - Loss: 0.1018
  Batch [30370/35627] - Loss: 0.1018
  Batch [30380/35627] - Loss: 0.1018
  Batch [30390/35627] - Loss: 0.1018
  Batch [30400/35627] - Loss: 0.1018
  Batch [30410/35627] - Loss: 0.1018
  Batch [30420/35627] - Loss: 0.1018
  Batch [30430/35627] - Loss: 0.1018
  Batch [30440/35627] - Loss: 0.1018
  Batch [30450/35627] - Loss: 0.1018
  Batch [30460/35627] - Loss: 0.1018
  Batch [30470/35627] - Loss: 0.1019
  Batch [30480/35627] - Loss: 0.1018
  Batch [30490/35627] - Loss: 0.1018
  Batch [30500/35627] - Loss: 0.1018
  Batch [30510/35627] - Loss: 0.1018
  Batch [30520/35627] - Loss: 0.1018
  Batch [30530/35627] - Loss: 0.1018
  Batch [30540/35627] - Loss: 0.1019
  Batch [30550/35627] - Loss: 0.1018
  Batch [30560/35627] - Loss: 0.1018
  Batch [30570/35627] - Loss: 0.1018
  Batch [30580/35627] - Loss: 0.1018
  Batch [30590/35627] - Loss: 0.1018
  Batch [30600/35627] - Loss: 0.1018
  Batch [30610/35627] - Loss: 0.1018
  Batch [30620/35627] - Loss: 0.1018
  Batch [30630/35627] - Loss: 0.1018
  Batch [30640/35627] - Loss: 0.1019
  Batch [30650/35627] - Loss: 0.1018
  Batch [30660/35627] - Loss: 0.1018
  Batch [30670/35627] - Loss: 0.1018
  Batch [30680/35627] - Loss: 0.1018
  Batch [30690/35627] - Loss: 0.1018
  Batch [30700/35627] - Loss: 0.1018
  Batch [30710/35627] - Loss: 0.1018
  Batch [30720/35627] - Loss: 0.1018
  Batch [30730/35627] - Loss: 0.1018
  Batch [30740/35627] - Loss: 0.1019
  Batch [30750/35627] - Loss: 0.1018
  Batch [30760/35627] - Loss: 0.1018
  Batch [30770/35627] - Loss: 0.1018
  Batch [30780/35627] - Loss: 0.1018
  Batch [30790/35627] - Loss: 0.1018
  Batch [30800/35627] - Loss: 0.1018
  Batch [30810/35627] - Loss: 0.1018
  Batch [30820/35627] - Loss: 0.1018
  Batch [30830/35627] - Loss: 0.1018
  Batch [30840/35627] - Loss: 0.1018
  Batch [30850/35627] - Loss: 0.1018
  Batch [30860/35627] - Loss: 0.1018
  Batch [30870/35627] - Loss: 0.1018
  Batch [30880/35627] - Loss: 0.1018
  Batch [30890/35627] - Loss: 0.1018
  Batch [30900/35627] - Loss: 0.1018
  Batch [30910/35627] - Loss: 0.1018
  Batch [30920/35627] - Loss: 0.1018
  Batch [30930/35627] - Loss: 0.1018
  Batch [30940/35627] - Loss: 0.1018
  Batch [30950/35627] - Loss: 0.1018
  Batch [30960/35627] - Loss: 0.1018
  Batch [30970/35627] - Loss: 0.1018
  Batch [30980/35627] - Loss: 0.1019
  Batch [30990/35627] - Loss: 0.1018
  Batch [31000/35627] - Loss: 0.1019
  Batch [31010/35627] - Loss: 0.1018
  Batch [31020/35627] - Loss: 0.1019
  Batch [31030/35627] - Loss: 0.1018
  Batch [31040/35627] - Loss: 0.1018
  Batch [31050/35627] - Loss: 0.1018
  Batch [31060/35627] - Loss: 0.1018
  Batch [31070/35627] - Loss: 0.1018
  Batch [31080/35627] - Loss: 0.1018
  Batch [31090/35627] - Loss: 0.1018
  Batch [31100/35627] - Loss: 0.1018
  Batch [31110/35627] - Loss: 0.1018
  Batch [31120/35627] - Loss: 0.1018
  Batch [31130/35627] - Loss: 0.1018
  Batch [31140/35627] - Loss: 0.1018
  Batch [31150/35627] - Loss: 0.1018
  Batch [31160/35627] - Loss: 0.1018
  Batch [31170/35627] - Loss: 0.1018
  Batch [31180/35627] - Loss: 0.1018
  Batch [31190/35627] - Loss: 0.1018
  Batch [31200/35627] - Loss: 0.1018
  Batch [31210/35627] - Loss: 0.1018
  Batch [31220/35627] - Loss: 0.1018
  Batch [31230/35627] - Loss: 0.1018
  Batch [31240/35627] - Loss: 0.1018
  Batch [31250/35627] - Loss: 0.1018
  Batch [31260/35627] - Loss: 0.1018
  Batch [31270/35627] - Loss: 0.1018
  Batch [31280/35627] - Loss: 0.1018
  Batch [31290/35627] - Loss: 0.1018
  Batch [31300/35627] - Loss: 0.1018
  Batch [31310/35627] - Loss: 0.1018
  Batch [31320/35627] - Loss: 0.1018
  Batch [31330/35627] - Loss: 0.1018
  Batch [31340/35627] - Loss: 0.1018
  Batch [31350/35627] - Loss: 0.1018
  Batch [31360/35627] - Loss: 0.1018
  Batch [31370/35627] - Loss: 0.1018
  Batch [31380/35627] - Loss: 0.1018
  Batch [31390/35627] - Loss: 0.1018
  Batch [31400/35627] - Loss: 0.1018
  Batch [31410/35627] - Loss: 0.1018
  Batch [31420/35627] - Loss: 0.1018
  Batch [31430/35627] - Loss: 0.1018
  Batch [31440/35627] - Loss: 0.1018
  Batch [31450/35627] - Loss: 0.1018
  Batch [31460/35627] - Loss: 0.1018
  Batch [31470/35627] - Loss: 0.1018
  Batch [31480/35627] - Loss: 0.1018
  Batch [31490/35627] - Loss: 0.1018
  Batch [31500/35627] - Loss: 0.1018
  Batch [31510/35627] - Loss: 0.1018
  Batch [31520/35627] - Loss: 0.1018
  Batch [31530/35627] - Loss: 0.1018
  Batch [31540/35627] - Loss: 0.1018
  Batch [31550/35627] - Loss: 0.1018
  Batch [31560/35627] - Loss: 0.1018
  Batch [31570/35627] - Loss: 0.1018
  Batch [31580/35627] - Loss: 0.1018
  Batch [31590/35627] - Loss: 0.1018
  Batch [31600/35627] - Loss: 0.1018
  Batch [31610/35627] - Loss: 0.1018
  Batch [31620/35627] - Loss: 0.1019
  Batch [31630/35627] - Loss: 0.1018
  Batch [31640/35627] - Loss: 0.1018
  Batch [31650/35627] - Loss: 0.1018
  Batch [31660/35627] - Loss: 0.1018
  Batch [31670/35627] - Loss: 0.1018
  Batch [31680/35627] - Loss: 0.1018
  Batch [31690/35627] - Loss: 0.1018
  Batch [31700/35627] - Loss: 0.1018
  Batch [31710/35627] - Loss: 0.1018
  Batch [31720/35627] - Loss: 0.1018
  Batch [31730/35627] - Loss: 0.1018
  Batch [31740/35627] - Loss: 0.1018
  Batch [31750/35627] - Loss: 0.1018
  Batch [31760/35627] - Loss: 0.1018
  Batch [31770/35627] - Loss: 0.1018
  Batch [31780/35627] - Loss: 0.1018
  Batch [31790/35627] - Loss: 0.1019
  Batch [31800/35627] - Loss: 0.1019
  Batch [31810/35627] - Loss: 0.1018
  Batch [31820/35627] - Loss: 0.1018
  Batch [31830/35627] - Loss: 0.1018
  Batch [31840/35627] - Loss: 0.1018
  Batch [31850/35627] - Loss: 0.1018
  Batch [31860/35627] - Loss: 0.1018
  Batch [31870/35627] - Loss: 0.1018
  Batch [31880/35627] - Loss: 0.1018
  Batch [31890/35627] - Loss: 0.1018
  Batch [31900/35627] - Loss: 0.1018
  Batch [31910/35627] - Loss: 0.1018
  Batch [31920/35627] - Loss: 0.1018
  Batch [31930/35627] - Loss: 0.1018
  Batch [31940/35627] - Loss: 0.1018
  Batch [31950/35627] - Loss: 0.1018
  Batch [31960/35627] - Loss: 0.1018
  Batch [31970/35627] - Loss: 0.1018
  Batch [31980/35627] - Loss: 0.1018
  Batch [31990/35627] - Loss: 0.1018
  Batch [32000/35627] - Loss: 0.1018
  Batch [32010/35627] - Loss: 0.1018
  Batch [32020/35627] - Loss: 0.1018
  Batch [32030/35627] - Loss: 0.1018
  Batch [32040/35627] - Loss: 0.1018
  Batch [32050/35627] - Loss: 0.1018
  Batch [32060/35627] - Loss: 0.1018
  Batch [32070/35627] - Loss: 0.1018
  Batch [32080/35627] - Loss: 0.1018
  Batch [32090/35627] - Loss: 0.1018
  Batch [32100/35627] - Loss: 0.1018
  Batch [32110/35627] - Loss: 0.1018
  Batch [32120/35627] - Loss: 0.1018
  Batch [32130/35627] - Loss: 0.1018
  Batch [32140/35627] - Loss: 0.1018
  Batch [32150/35627] - Loss: 0.1018
  Batch [32160/35627] - Loss: 0.1018
  Batch [32170/35627] - Loss: 0.1018
  Batch [32180/35627] - Loss: 0.1018
  Batch [32190/35627] - Loss: 0.1018
  Batch [32200/35627] - Loss: 0.1018
  Batch [32210/35627] - Loss: 0.1018
  Batch [32220/35627] - Loss: 0.1018
  Batch [32230/35627] - Loss: 0.1018
  Batch [32240/35627] - Loss: 0.1018
  Batch [32250/35627] - Loss: 0.1018
  Batch [32260/35627] - Loss: 0.1018
  Batch [32270/35627] - Loss: 0.1018
  Batch [32280/35627] - Loss: 0.1018
  Batch [32290/35627] - Loss: 0.1018
  Batch [32300/35627] - Loss: 0.1018
  Batch [32310/35627] - Loss: 0.1018
  Batch [32320/35627] - Loss: 0.1018
  Batch [32330/35627] - Loss: 0.1018
  Batch [32340/35627] - Loss: 0.1018
  Batch [32350/35627] - Loss: 0.1018
  Batch [32360/35627] - Loss: 0.1018
  Batch [32370/35627] - Loss: 0.1018
  Batch [32380/35627] - Loss: 0.1018
  Batch [32390/35627] - Loss: 0.1018
  Batch [32400/35627] - Loss: 0.1018
  Batch [32410/35627] - Loss: 0.1018
  Batch [32420/35627] - Loss: 0.1018
  Batch [32430/35627] - Loss: 0.1019
  Batch [32440/35627] - Loss: 0.1019
  Batch [32450/35627] - Loss: 0.1019
  Batch [32460/35627] - Loss: 0.1019
  Batch [32470/35627] - Loss: 0.1019
  Batch [32480/35627] - Loss: 0.1019
  Batch [32490/35627] - Loss: 0.1019
  Batch [32500/35627] - Loss: 0.1019
  Batch [32510/35627] - Loss: 0.1019
  Batch [32520/35627] - Loss: 0.1019
  Batch [32530/35627] - Loss: 0.1019
  Batch [32540/35627] - Loss: 0.1019
  Batch [32550/35627] - Loss: 0.1019
  Batch [32560/35627] - Loss: 0.1019
  Batch [32570/35627] - Loss: 0.1019
  Batch [32580/35627] - Loss: 0.1019
  Batch [32590/35627] - Loss: 0.1019
  Batch [32600/35627] - Loss: 0.1018
  Batch [32610/35627] - Loss: 0.1019
  Batch [32620/35627] - Loss: 0.1019
  Batch [32630/35627] - Loss: 0.1019
  Batch [32640/35627] - Loss: 0.1019
  Batch [32650/35627] - Loss: 0.1019
  Batch [32660/35627] - Loss: 0.1019
  Batch [32670/35627] - Loss: 0.1019
  Batch [32680/35627] - Loss: 0.1019
  Batch [32690/35627] - Loss: 0.1019
  Batch [32700/35627] - Loss: 0.1019
  Batch [32710/35627] - Loss: 0.1019
  Batch [32720/35627] - Loss: 0.1019
  Batch [32730/35627] - Loss: 0.1019
  Batch [32740/35627] - Loss: 0.1019
  Batch [32750/35627] - Loss: 0.1019
  Batch [32760/35627] - Loss: 0.1019
  Batch [32770/35627] - Loss: 0.1019
  Batch [32780/35627] - Loss: 0.1019
  Batch [32790/35627] - Loss: 0.1019
  Batch [32800/35627] - Loss: 0.1019
  Batch [32810/35627] - Loss: 0.1019
  Batch [32820/35627] - Loss: 0.1019
  Batch [32830/35627] - Loss: 0.1019
  Batch [32840/35627] - Loss: 0.1019
  Batch [32850/35627] - Loss: 0.1019
  Batch [32860/35627] - Loss: 0.1019
  Batch [32870/35627] - Loss: 0.1019
  Batch [32880/35627] - Loss: 0.1019
  Batch [32890/35627] - Loss: 0.1019
  Batch [32900/35627] - Loss: 0.1019
  Batch [32910/35627] - Loss: 0.1019
  Batch [32920/35627] - Loss: 0.1019
  Batch [32930/35627] - Loss: 0.1019
  Batch [32940/35627] - Loss: 0.1019
  Batch [32950/35627] - Loss: 0.1019
  Batch [32960/35627] - Loss: 0.1019
  Batch [32970/35627] - Loss: 0.1019
  Batch [32980/35627] - Loss: 0.1019
  Batch [32990/35627] - Loss: 0.1019
  Batch [33000/35627] - Loss: 0.1019
  Batch [33010/35627] - Loss: 0.1019
  Batch [33020/35627] - Loss: 0.1019
  Batch [33030/35627] - Loss: 0.1019
  Batch [33040/35627] - Loss: 0.1019
  Batch [33050/35627] - Loss: 0.1019
  Batch [33060/35627] - Loss: 0.1019
  Batch [33070/35627] - Loss: 0.1019
  Batch [33080/35627] - Loss: 0.1019
  Batch [33090/35627] - Loss: 0.1019
  Batch [33100/35627] - Loss: 0.1019
  Batch [33110/35627] - Loss: 0.1019
  Batch [33120/35627] - Loss: 0.1019
  Batch [33130/35627] - Loss: 0.1019
  Batch [33140/35627] - Loss: 0.1019
  Batch [33150/35627] - Loss: 0.1019
  Batch [33160/35627] - Loss: 0.1019
  Batch [33170/35627] - Loss: 0.1019
  Batch [33180/35627] - Loss: 0.1019
  Batch [33190/35627] - Loss: 0.1019
  Batch [33200/35627] - Loss: 0.1019
  Batch [33210/35627] - Loss: 0.1019
  Batch [33220/35627] - Loss: 0.1019
  Batch [33230/35627] - Loss: 0.1019
  Batch [33240/35627] - Loss: 0.1019
  Batch [33250/35627] - Loss: 0.1019
  Batch [33260/35627] - Loss: 0.1019
  Batch [33270/35627] - Loss: 0.1019
  Batch [33280/35627] - Loss: 0.1019
  Batch [33290/35627] - Loss: 0.1019
  Batch [33300/35627] - Loss: 0.1019
  Batch [33310/35627] - Loss: 0.1019
  Batch [33320/35627] - Loss: 0.1019
  Batch [33330/35627] - Loss: 0.1019
  Batch [33340/35627] - Loss: 0.1019
  Batch [33350/35627] - Loss: 0.1019
  Batch [33360/35627] - Loss: 0.1019
  Batch [33370/35627] - Loss: 0.1019
  Batch [33380/35627] - Loss: 0.1019
  Batch [33390/35627] - Loss: 0.1019
  Batch [33400/35627] - Loss: 0.1019
  Batch [33410/35627] - Loss: 0.1019
  Batch [33420/35627] - Loss: 0.1019
  Batch [33430/35627] - Loss: 0.1019
  Batch [33440/35627] - Loss: 0.1019
  Batch [33450/35627] - Loss: 0.1019
  Batch [33460/35627] - Loss: 0.1019
  Batch [33470/35627] - Loss: 0.1019
  Batch [33480/35627] - Loss: 0.1019
  Batch [33490/35627] - Loss: 0.1019
  Batch [33500/35627] - Loss: 0.1019
  Batch [33510/35627] - Loss: 0.1019
  Batch [33520/35627] - Loss: 0.1019
  Batch [33530/35627] - Loss: 0.1019
  Batch [33540/35627] - Loss: 0.1019
  Batch [33550/35627] - Loss: 0.1019
  Batch [33560/35627] - Loss: 0.1019
  Batch [33570/35627] - Loss: 0.1019
  Batch [33580/35627] - Loss: 0.1019
  Batch [33590/35627] - Loss: 0.1019
  Batch [33600/35627] - Loss: 0.1019
  Batch [33610/35627] - Loss: 0.1019
  Batch [33620/35627] - Loss: 0.1019
  Batch [33630/35627] - Loss: 0.1019
  Batch [33640/35627] - Loss: 0.1019
  Batch [33650/35627] - Loss: 0.1019
  Batch [33660/35627] - Loss: 0.1019
  Batch [33670/35627] - Loss: 0.1019
  Batch [33680/35627] - Loss: 0.1019
  Batch [33690/35627] - Loss: 0.1019
  Batch [33700/35627] - Loss: 0.1019
  Batch [33710/35627] - Loss: 0.1019
  Batch [33720/35627] - Loss: 0.1019
  Batch [33730/35627] - Loss: 0.1019
  Batch [33740/35627] - Loss: 0.1019
  Batch [33750/35627] - Loss: 0.1019
  Batch [33760/35627] - Loss: 0.1019
  Batch [33770/35627] - Loss: 0.1019
  Batch [33780/35627] - Loss: 0.1019
  Batch [33790/35627] - Loss: 0.1019
  Batch [33800/35627] - Loss: 0.1019
  Batch [33810/35627] - Loss: 0.1019
  Batch [33820/35627] - Loss: 0.1019
  Batch [33830/35627] - Loss: 0.1019
  Batch [33840/35627] - Loss: 0.1019
  Batch [33850/35627] - Loss: 0.1019
  Batch [33860/35627] - Loss: 0.1019
  Batch [33870/35627] - Loss: 0.1019
  Batch [33880/35627] - Loss: 0.1019
  Batch [33890/35627] - Loss: 0.1019
  Batch [33900/35627] - Loss: 0.1019
  Batch [33910/35627] - Loss: 0.1019
  Batch [33920/35627] - Loss: 0.1019
  Batch [33930/35627] - Loss: 0.1019
  Batch [33940/35627] - Loss: 0.1019
  Batch [33950/35627] - Loss: 0.1019
  Batch [33960/35627] - Loss: 0.1019
  Batch [33970/35627] - Loss: 0.1019
  Batch [33980/35627] - Loss: 0.1019
  Batch [33990/35627] - Loss: 0.1019
  Batch [34000/35627] - Loss: 0.1019
  Batch [34010/35627] - Loss: 0.1019
  Batch [34020/35627] - Loss: 0.1019
  Batch [34030/35627] - Loss: 0.1019
  Batch [34040/35627] - Loss: 0.1019
  Batch [34050/35627] - Loss: 0.1019
  Batch [34060/35627] - Loss: 0.1019
  Batch [34070/35627] - Loss: 0.1019
  Batch [34080/35627] - Loss: 0.1019
  Batch [34090/35627] - Loss: 0.1019
  Batch [34100/35627] - Loss: 0.1019
  Batch [34110/35627] - Loss: 0.1019
  Batch [34120/35627] - Loss: 0.1019
  Batch [34130/35627] - Loss: 0.1019
  Batch [34140/35627] - Loss: 0.1019
  Batch [34150/35627] - Loss: 0.1019
  Batch [34160/35627] - Loss: 0.1019
  Batch [34170/35627] - Loss: 0.1019
  Batch [34180/35627] - Loss: 0.1019
  Batch [34190/35627] - Loss: 0.1019
  Batch [34200/35627] - Loss: 0.1019
  Batch [34210/35627] - Loss: 0.1019
  Batch [34220/35627] - Loss: 0.1019
  Batch [34230/35627] - Loss: 0.1019
  Batch [34240/35627] - Loss: 0.1019
  Batch [34250/35627] - Loss: 0.1019
  Batch [34260/35627] - Loss: 0.1019
  Batch [34270/35627] - Loss: 0.1019
  Batch [34280/35627] - Loss: 0.1019
  Batch [34290/35627] - Loss: 0.1019
  Batch [34300/35627] - Loss: 0.1019
  Batch [34310/35627] - Loss: 0.1019
  Batch [34320/35627] - Loss: 0.1019
  Batch [34330/35627] - Loss: 0.1019
  Batch [34340/35627] - Loss: 0.1019
  Batch [34350/35627] - Loss: 0.1019
  Batch [34360/35627] - Loss: 0.1019
  Batch [34370/35627] - Loss: 0.1019
  Batch [34380/35627] - Loss: 0.1019
  Batch [34390/35627] - Loss: 0.1019
  Batch [34400/35627] - Loss: 0.1019
  Batch [34410/35627] - Loss: 0.1019
  Batch [34420/35627] - Loss: 0.1019
  Batch [34430/35627] - Loss: 0.1019
  Batch [34440/35627] - Loss: 0.1019
  Batch [34450/35627] - Loss: 0.1019
  Batch [34460/35627] - Loss: 0.1018
  Batch [34470/35627] - Loss: 0.1018
  Batch [34480/35627] - Loss: 0.1018
  Batch [34490/35627] - Loss: 0.1018
  Batch [34500/35627] - Loss: 0.1018
  Batch [34510/35627] - Loss: 0.1018
  Batch [34520/35627] - Loss: 0.1018
  Batch [34530/35627] - Loss: 0.1018
  Batch [34540/35627] - Loss: 0.1018
  Batch [34550/35627] - Loss: 0.1018
  Batch [34560/35627] - Loss: 0.1018
  Batch [34570/35627] - Loss: 0.1018
  Batch [34580/35627] - Loss: 0.1018
  Batch [34590/35627] - Loss: 0.1019
  Batch [34600/35627] - Loss: 0.1019
  Batch [34610/35627] - Loss: 0.1019
  Batch [34620/35627] - Loss: 0.1019
  Batch [34630/35627] - Loss: 0.1019
  Batch [34640/35627] - Loss: 0.1019
  Batch [34650/35627] - Loss: 0.1019
  Batch [34660/35627] - Loss: 0.1019
  Batch [34670/35627] - Loss: 0.1019
  Batch [34680/35627] - Loss: 0.1019
  Batch [34690/35627] - Loss: 0.1019
  Batch [34700/35627] - Loss: 0.1019
  Batch [34710/35627] - Loss: 0.1019
  Batch [34720/35627] - Loss: 0.1019
  Batch [34730/35627] - Loss: 0.1019
  Batch [34740/35627] - Loss: 0.1019
  Batch [34750/35627] - Loss: 0.1019
  Batch [34760/35627] - Loss: 0.1019
  Batch [34770/35627] - Loss: 0.1019
  Batch [34780/35627] - Loss: 0.1019
  Batch [34790/35627] - Loss: 0.1019
  Batch [34800/35627] - Loss: 0.1019
  Batch [34810/35627] - Loss: 0.1019
  Batch [34820/35627] - Loss: 0.1019
  Batch [34830/35627] - Loss: 0.1019
  Batch [34840/35627] - Loss: 0.1019
  Batch [34850/35627] - Loss: 0.1019
  Batch [34860/35627] - Loss: 0.1019
  Batch [34870/35627] - Loss: 0.1019
  Batch [34880/35627] - Loss: 0.1019
  Batch [34890/35627] - Loss: 0.1019
  Batch [34900/35627] - Loss: 0.1019
  Batch [34910/35627] - Loss: 0.1019
  Batch [34920/35627] - Loss: 0.1019
  Batch [34930/35627] - Loss: 0.1019
  Batch [34940/35627] - Loss: 0.1019
  Batch [34950/35627] - Loss: 0.1019
  Batch [34960/35627] - Loss: 0.1019
  Batch [34970/35627] - Loss: 0.1019
  Batch [34980/35627] - Loss: 0.1019
  Batch [34990/35627] - Loss: 0.1019
  Batch [35000/35627] - Loss: 0.1019
  Batch [35010/35627] - Loss: 0.1019
  Batch [35020/35627] - Loss: 0.1019
  Batch [35030/35627] - Loss: 0.1019
  Batch [35040/35627] - Loss: 0.1019
  Batch [35050/35627] - Loss: 0.1019
  Batch [35060/35627] - Loss: 0.1019
  Batch [35070/35627] - Loss: 0.1019
  Batch [35080/35627] - Loss: 0.1019
  Batch [35090/35627] - Loss: 0.1019
  Batch [35100/35627] - Loss: 0.1019
  Batch [35110/35627] - Loss: 0.1019
  Batch [35120/35627] - Loss: 0.1019
  Batch [35130/35627] - Loss: 0.1019
  Batch [35140/35627] - Loss: 0.1019
  Batch [35150/35627] - Loss: 0.1019
  Batch [35160/35627] - Loss: 0.1019
  Batch [35170/35627] - Loss: 0.1019
  Batch [35180/35627] - Loss: 0.1019
  Batch [35190/35627] - Loss: 0.1019
  Batch [35200/35627] - Loss: 0.1019
  Batch [35210/35627] - Loss: 0.1019
  Batch [35220/35627] - Loss: 0.1019
  Batch [35230/35627] - Loss: 0.1019
  Batch [35240/35627] - Loss: 0.1019
  Batch [35250/35627] - Loss: 0.1019
  Batch [35260/35627] - Loss: 0.1019
  Batch [35270/35627] - Loss: 0.1019
  Batch [35280/35627] - Loss: 0.1019
  Batch [35290/35627] - Loss: 0.1019
  Batch [35300/35627] - Loss: 0.1019
  Batch [35310/35627] - Loss: 0.1019
  Batch [35320/35627] - Loss: 0.1019
  Batch [35330/35627] - Loss: 0.1019
  Batch [35340/35627] - Loss: 0.1019
  Batch [35350/35627] - Loss: 0.1019
  Batch [35360/35627] - Loss: 0.1019
  Batch [35370/35627] - Loss: 0.1019
  Batch [35380/35627] - Loss: 0.1019
  Batch [35390/35627] - Loss: 0.1019
  Batch [35400/35627] - Loss: 0.1019
  Batch [35410/35627] - Loss: 0.1019
  Batch [35420/35627] - Loss: 0.1019
  Batch [35430/35627] - Loss: 0.1019
  Batch [35440/35627] - Loss: 0.1019
  Batch [35450/35627] - Loss: 0.1019
  Batch [35460/35627] - Loss: 0.1019
  Batch [35470/35627] - Loss: 0.1019
  Batch [35480/35627] - Loss: 0.1019
  Batch [35490/35627] - Loss: 0.1019
  Batch [35500/35627] - Loss: 0.1019
  Batch [35510/35627] - Loss: 0.1019
  Batch [35520/35627] - Loss: 0.1019
  Batch [35530/35627] - Loss: 0.1019
  Batch [35540/35627] - Loss: 0.1019
  Batch [35550/35627] - Loss: 0.1019
  Batch [35560/35627] - Loss: 0.1019
  Batch [35570/35627] - Loss: 0.1019
  Batch [35580/35627] - Loss: 0.1019
  Batch [35590/35627] - Loss: 0.1019
  Batch [35600/35627] - Loss: 0.1019
  Batch [35610/35627] - Loss: 0.1019
  Batch [35620/35627] - Loss: 0.1019

Epoch 2 Results:
  Train Loss: 0.1019
  Val Loss: 0.1233
  Val Accuracy: 0.9600 (96.00%)
  Val Recall: 0.8788 (87.88%)
  Val Precision: 0.9457 (94.57%)

──────────────────────────────────────────────────────────────────────
Epoch 3/5
──────────────────────────────────────────────────────────────────────
  Batch [10/35627] - Loss: 0.0933
  Batch [20/35627] - Loss: 0.1116
  Batch [30/35627] - Loss: 0.1035
  Batch [40/35627] - Loss: 0.1077
  Batch [50/35627] - Loss: 0.1061
  Batch [60/35627] - Loss: 0.0990
  Batch [70/35627] - Loss: 0.0973
  Batch [80/35627] - Loss: 0.0984
  Batch [90/35627] - Loss: 0.0954
  Batch [100/35627] - Loss: 0.0945
  Batch [110/35627] - Loss: 0.0942
  Batch [120/35627] - Loss: 0.0965
  Batch [130/35627] - Loss: 0.0971
  Batch [140/35627] - Loss: 0.0965
  Batch [150/35627] - Loss: 0.0938
  Batch [160/35627] - Loss: 0.0925
  Batch [170/35627] - Loss: 0.0922
  Batch [180/35627] - Loss: 0.0919
  Batch [190/35627] - Loss: 0.0909
  Batch [200/35627] - Loss: 0.0908
  Batch [210/35627] - Loss: 0.0910
  Batch [220/35627] - Loss: 0.0920
  Batch [230/35627] - Loss: 0.0922
  Batch [240/35627] - Loss: 0.0929
  Batch [250/35627] - Loss: 0.0932
  Batch [260/35627] - Loss: 0.0931
  Batch [270/35627] - Loss: 0.0930
  Batch [280/35627] - Loss: 0.0930
  Batch [290/35627] - Loss: 0.0939
  Batch [300/35627] - Loss: 0.0944
  Batch [310/35627] - Loss: 0.0945
  Batch [320/35627] - Loss: 0.0945
  Batch [330/35627] - Loss: 0.0950
  Batch [340/35627] - Loss: 0.0962
  Batch [350/35627] - Loss: 0.0959
  Batch [360/35627] - Loss: 0.0962
  Batch [370/35627] - Loss: 0.0972
  Batch [380/35627] - Loss: 0.0970
  Batch [390/35627] - Loss: 0.0972
  Batch [400/35627] - Loss: 0.0967
  Batch [410/35627] - Loss: 0.0963
  Batch [420/35627] - Loss: 0.0956
  Batch [430/35627] - Loss: 0.0956
  Batch [440/35627] - Loss: 0.0960
  Batch [450/35627] - Loss: 0.0962
  Batch [460/35627] - Loss: 0.0962
  Batch [470/35627] - Loss: 0.0965
  Batch [480/35627] - Loss: 0.0966
  Batch [490/35627] - Loss: 0.0962
  Batch [500/35627] - Loss: 0.0960
  Batch [510/35627] - Loss: 0.0964
  Batch [520/35627] - Loss: 0.0967
  Batch [530/35627] - Loss: 0.0962
  Batch [540/35627] - Loss: 0.0960
  Batch [550/35627] - Loss: 0.0958
  Batch [560/35627] - Loss: 0.0960
  Batch [570/35627] - Loss: 0.0960
  Batch [580/35627] - Loss: 0.0963
  Batch [590/35627] - Loss: 0.0960
  Batch [600/35627] - Loss: 0.0962
  Batch [610/35627] - Loss: 0.0962
  Batch [620/35627] - Loss: 0.0962
  Batch [630/35627] - Loss: 0.0964
  Batch [640/35627] - Loss: 0.0966
  Batch [650/35627] - Loss: 0.0960
  Batch [660/35627] - Loss: 0.0961
  Batch [670/35627] - Loss: 0.0961
  Batch [680/35627] - Loss: 0.0957
  Batch [690/35627] - Loss: 0.0957
  Batch [700/35627] - Loss: 0.0960
  Batch [710/35627] - Loss: 0.0957
  Batch [720/35627] - Loss: 0.0959
  Batch [730/35627] - Loss: 0.0959
  Batch [740/35627] - Loss: 0.0959
  Batch [750/35627] - Loss: 0.0962
  Batch [760/35627] - Loss: 0.0966
  Batch [770/35627] - Loss: 0.0966
  Batch [780/35627] - Loss: 0.0970
  Batch [790/35627] - Loss: 0.0968
  Batch [800/35627] - Loss: 0.0970
  Batch [810/35627] - Loss: 0.0970
  Batch [820/35627] - Loss: 0.0976
  Batch [830/35627] - Loss: 0.0976
  Batch [840/35627] - Loss: 0.0973
  Batch [850/35627] - Loss: 0.0972
  Batch [860/35627] - Loss: 0.0971
  Batch [870/35627] - Loss: 0.0971
  Batch [880/35627] - Loss: 0.0975
  Batch [890/35627] - Loss: 0.0974
  Batch [900/35627] - Loss: 0.0972
  Batch [910/35627] - Loss: 0.0975
  Batch [920/35627] - Loss: 0.0977
  Batch [930/35627] - Loss: 0.0977
  Batch [940/35627] - Loss: 0.0978
  Batch [950/35627] - Loss: 0.0977
  Batch [960/35627] - Loss: 0.0975
  Batch [970/35627] - Loss: 0.0973
  Batch [980/35627] - Loss: 0.0971
  Batch [990/35627] - Loss: 0.0973
  Batch [1000/35627] - Loss: 0.0974
  Batch [1010/35627] - Loss: 0.0973
  Batch [1020/35627] - Loss: 0.0971
  Batch [1030/35627] - Loss: 0.0973
  Batch [1040/35627] - Loss: 0.0973
  Batch [1050/35627] - Loss: 0.0968
  Batch [1060/35627] - Loss: 0.0968
  Batch [1070/35627] - Loss: 0.0968
  Batch [1080/35627] - Loss: 0.0970
  Batch [1090/35627] - Loss: 0.0972
  Batch [1100/35627] - Loss: 0.0977
  Batch [1110/35627] - Loss: 0.0979
  Batch [1120/35627] - Loss: 0.0977
  Batch [1130/35627] - Loss: 0.0977
  Batch [1140/35627] - Loss: 0.0973
  Batch [1150/35627] - Loss: 0.0973
  Batch [1160/35627] - Loss: 0.0973
  Batch [1170/35627] - Loss: 0.0974
  Batch [1180/35627] - Loss: 0.0972
  Batch [1190/35627] - Loss: 0.0974
  Batch [1200/35627] - Loss: 0.0972
  Batch [1210/35627] - Loss: 0.0972
  Batch [1220/35627] - Loss: 0.0971
  Batch [1230/35627] - Loss: 0.0970
  Batch [1240/35627] - Loss: 0.0971
  Batch [1250/35627] - Loss: 0.0972
  Batch [1260/35627] - Loss: 0.0970
  Batch [1270/35627] - Loss: 0.0970
  Batch [1280/35627] - Loss: 0.0971
  Batch [1290/35627] - Loss: 0.0972
  Batch [1300/35627] - Loss: 0.0973
  Batch [1310/35627] - Loss: 0.0973
  Batch [1320/35627] - Loss: 0.0974
  Batch [1330/35627] - Loss: 0.0974
  Batch [1340/35627] - Loss: 0.0976
  Batch [1350/35627] - Loss: 0.0976
  Batch [1360/35627] - Loss: 0.0977
  Batch [1370/35627] - Loss: 0.0978
  Batch [1380/35627] - Loss: 0.0980
  Batch [1390/35627] - Loss: 0.0979
  Batch [1400/35627] - Loss: 0.0979
  Batch [1410/35627] - Loss: 0.0980
  Batch [1420/35627] - Loss: 0.0983
  Batch [1430/35627] - Loss: 0.0980
  Batch [1440/35627] - Loss: 0.0979
  Batch [1450/35627] - Loss: 0.0979
  Batch [1460/35627] - Loss: 0.0981
  Batch [1470/35627] - Loss: 0.0982
  Batch [1480/35627] - Loss: 0.0982
  Batch [1490/35627] - Loss: 0.0979
  Batch [1500/35627] - Loss: 0.0978
  Batch [1510/35627] - Loss: 0.0980
  Batch [1520/35627] - Loss: 0.0981
  Batch [1530/35627] - Loss: 0.0979
  Batch [1540/35627] - Loss: 0.0979
  Batch [1550/35627] - Loss: 0.0980
  Batch [1560/35627] - Loss: 0.0980
  Batch [1570/35627] - Loss: 0.0981
  Batch [1580/35627] - Loss: 0.0982
  Batch [1590/35627] - Loss: 0.0983
  Batch [1600/35627] - Loss: 0.0983
  Batch [1610/35627] - Loss: 0.0982
  Batch [1620/35627] - Loss: 0.0981
  Batch [1630/35627] - Loss: 0.0982
  Batch [1640/35627] - Loss: 0.0983
  Batch [1650/35627] - Loss: 0.0986
  Batch [1660/35627] - Loss: 0.0989
  Batch [1670/35627] - Loss: 0.0991
  Batch [1680/35627] - Loss: 0.0990
  Batch [1690/35627] - Loss: 0.0989
  Batch [1700/35627] - Loss: 0.0990
  Batch [1710/35627] - Loss: 0.0989
  Batch [1720/35627] - Loss: 0.0988
  Batch [1730/35627] - Loss: 0.0988
  Batch [1740/35627] - Loss: 0.0989
  Batch [1750/35627] - Loss: 0.0990
  Batch [1760/35627] - Loss: 0.0989
  Batch [1770/35627] - Loss: 0.0991
  Batch [1780/35627] - Loss: 0.0992
  Batch [1790/35627] - Loss: 0.0992
  Batch [1800/35627] - Loss: 0.0991
  Batch [1810/35627] - Loss: 0.0991
  Batch [1820/35627] - Loss: 0.0992
  Batch [1830/35627] - Loss: 0.0992
  Batch [1840/35627] - Loss: 0.0991
  Batch [1850/35627] - Loss: 0.0991
  Batch [1860/35627] - Loss: 0.0990
  Batch [1870/35627] - Loss: 0.0989
  Batch [1880/35627] - Loss: 0.0988
  Batch [1890/35627] - Loss: 0.0988
  Batch [1900/35627] - Loss: 0.0988
  Batch [1910/35627] - Loss: 0.0989
  Batch [1920/35627] - Loss: 0.0988
  Batch [1930/35627] - Loss: 0.0986
  Batch [1940/35627] - Loss: 0.0986
  Batch [1950/35627] - Loss: 0.0987
  Batch [1960/35627] - Loss: 0.0989
  Batch [1970/35627] - Loss: 0.0990
  Batch [1980/35627] - Loss: 0.0990
  Batch [1990/35627] - Loss: 0.0989
  Batch [2000/35627] - Loss: 0.0988
  Batch [2010/35627] - Loss: 0.0988
  Batch [2020/35627] - Loss: 0.0987
  Batch [2030/35627] - Loss: 0.0988
  Batch [2040/35627] - Loss: 0.0987
  Batch [2050/35627] - Loss: 0.0987
  Batch [2060/35627] - Loss: 0.0987
  Batch [2070/35627] - Loss: 0.0988
  Batch [2080/35627] - Loss: 0.0989
  Batch [2090/35627] - Loss: 0.0990
  Batch [2100/35627] - Loss: 0.0990
  Batch [2110/35627] - Loss: 0.0991
  Batch [2120/35627] - Loss: 0.0991
  Batch [2130/35627] - Loss: 0.0993
  Batch [2140/35627] - Loss: 0.0994
  Batch [2150/35627] - Loss: 0.0994
  Batch [2160/35627] - Loss: 0.0995
  Batch [2170/35627] - Loss: 0.0996
  Batch [2180/35627] - Loss: 0.0997
  Batch [2190/35627] - Loss: 0.0997
  Batch [2200/35627] - Loss: 0.0997
  Batch [2210/35627] - Loss: 0.0998
  Batch [2220/35627] - Loss: 0.0997
  Batch [2230/35627] - Loss: 0.0997
  Batch [2240/35627] - Loss: 0.0995
  Batch [2250/35627] - Loss: 0.0995
  Batch [2260/35627] - Loss: 0.0996
  Batch [2270/35627] - Loss: 0.0996
  Batch [2280/35627] - Loss: 0.0996
  Batch [2290/35627] - Loss: 0.0996
  Batch [2300/35627] - Loss: 0.0995
  Batch [2310/35627] - Loss: 0.0995
  Batch [2320/35627] - Loss: 0.0996
  Batch [2330/35627] - Loss: 0.0997
  Batch [2340/35627] - Loss: 0.0998
  Batch [2350/35627] - Loss: 0.0998
  Batch [2360/35627] - Loss: 0.0998
  Batch [2370/35627] - Loss: 0.0998
  Batch [2380/35627] - Loss: 0.0998
  Batch [2390/35627] - Loss: 0.0997
  Batch [2400/35627] - Loss: 0.0996
  Batch [2410/35627] - Loss: 0.0997
  Batch [2420/35627] - Loss: 0.0998
  Batch [2430/35627] - Loss: 0.0998
  Batch [2440/35627] - Loss: 0.0998
  Batch [2450/35627] - Loss: 0.0998
  Batch [2460/35627] - Loss: 0.0998
  Batch [2470/35627] - Loss: 0.0998
  Batch [2480/35627] - Loss: 0.0999
  Batch [2490/35627] - Loss: 0.0999
  Batch [2500/35627] - Loss: 0.1000
  Batch [2510/35627] - Loss: 0.1000
  Batch [2520/35627] - Loss: 0.1000
  Batch [2530/35627] - Loss: 0.1001
  Batch [2540/35627] - Loss: 0.1002
  Batch [2550/35627] - Loss: 0.1003
  Batch [2560/35627] - Loss: 0.1003
  Batch [2570/35627] - Loss: 0.1002
  Batch [2580/35627] - Loss: 0.1002
  Batch [2590/35627] - Loss: 0.1001
  Batch [2600/35627] - Loss: 0.1001
  Batch [2610/35627] - Loss: 0.1001
  Batch [2620/35627] - Loss: 0.1000
  Batch [2630/35627] - Loss: 0.1000
  Batch [2640/35627] - Loss: 0.1000
  Batch [2650/35627] - Loss: 0.1000
  Batch [2660/35627] - Loss: 0.1000
  Batch [2670/35627] - Loss: 0.1001
  Batch [2680/35627] - Loss: 0.1001
  Batch [2690/35627] - Loss: 0.1001
  Batch [2700/35627] - Loss: 0.1002
  Batch [2710/35627] - Loss: 0.1002
  Batch [2720/35627] - Loss: 0.1001
  Batch [2730/35627] - Loss: 0.1001
  Batch [2740/35627] - Loss: 0.1001
  Batch [2750/35627] - Loss: 0.1000
  Batch [2760/35627] - Loss: 0.1001
  Batch [2770/35627] - Loss: 0.1001
  Batch [2780/35627] - Loss: 0.1002
  Batch [2790/35627] - Loss: 0.1001
  Batch [2800/35627] - Loss: 0.1001
  Batch [2810/35627] - Loss: 0.1000
  Batch [2820/35627] - Loss: 0.1001
  Batch [2830/35627] - Loss: 0.1003
  Batch [2840/35627] - Loss: 0.1004
  Batch [2850/35627] - Loss: 0.1003
  Batch [2860/35627] - Loss: 0.1003
  Batch [2870/35627] - Loss: 0.1003
  Batch [2880/35627] - Loss: 0.1003
  Batch [2890/35627] - Loss: 0.1003
  Batch [2900/35627] - Loss: 0.1002
  Batch [2910/35627] - Loss: 0.1002
  Batch [2920/35627] - Loss: 0.1001
  Batch [2930/35627] - Loss: 0.1003
  Batch [2940/35627] - Loss: 0.1002
  Batch [2950/35627] - Loss: 0.1002
  Batch [2960/35627] - Loss: 0.1002
  Batch [2970/35627] - Loss: 0.1003
  Batch [2980/35627] - Loss: 0.1004
  Batch [2990/35627] - Loss: 0.1004
  Batch [3000/35627] - Loss: 0.1005
  Batch [3010/35627] - Loss: 0.1004
  Batch [3020/35627] - Loss: 0.1004
  Batch [3030/35627] - Loss: 0.1004
  Batch [3040/35627] - Loss: 0.1005
  Batch [3050/35627] - Loss: 0.1005
  Batch [3060/35627] - Loss: 0.1005
  Batch [3070/35627] - Loss: 0.1004
  Batch [3080/35627] - Loss: 0.1003
  Batch [3090/35627] - Loss: 0.1003
  Batch [3100/35627] - Loss: 0.1003
  Batch [3110/35627] - Loss: 0.1002
  Batch [3120/35627] - Loss: 0.1001
  Batch [3130/35627] - Loss: 0.1002
  Batch [3140/35627] - Loss: 0.1002
  Batch [3150/35627] - Loss: 0.1002
  Batch [3160/35627] - Loss: 0.1002
  Batch [3170/35627] - Loss: 0.1001
  Batch [3180/35627] - Loss: 0.0999
  Batch [3190/35627] - Loss: 0.0999
  Batch [3200/35627] - Loss: 0.1000
  Batch [3210/35627] - Loss: 0.1000
  Batch [3220/35627] - Loss: 0.1000
  Batch [3230/35627] - Loss: 0.1000
  Batch [3240/35627] - Loss: 0.1001
  Batch [3250/35627] - Loss: 0.1001
  Batch [3260/35627] - Loss: 0.1000
  Batch [3270/35627] - Loss: 0.1001
  Batch [3280/35627] - Loss: 0.1000
  Batch [3290/35627] - Loss: 0.0999
  Batch [3300/35627] - Loss: 0.0998
  Batch [3310/35627] - Loss: 0.0998
  Batch [3320/35627] - Loss: 0.0999
  Batch [3330/35627] - Loss: 0.0999
  Batch [3340/35627] - Loss: 0.0999
  Batch [3350/35627] - Loss: 0.0999
  Batch [3360/35627] - Loss: 0.0999
  Batch [3370/35627] - Loss: 0.0998
  Batch [3380/35627] - Loss: 0.0999
  Batch [3390/35627] - Loss: 0.0999
  Batch [3400/35627] - Loss: 0.0999
  Batch [3410/35627] - Loss: 0.1000
  Batch [3420/35627] - Loss: 0.1000
  Batch [3430/35627] - Loss: 0.1000
  Batch [3440/35627] - Loss: 0.1001
  Batch [3450/35627] - Loss: 0.1000
  Batch [3460/35627] - Loss: 0.1000
  Batch [3470/35627] - Loss: 0.1002
  Batch [3480/35627] - Loss: 0.1001
  Batch [3490/35627] - Loss: 0.1001
  Batch [3500/35627] - Loss: 0.1002
  Batch [3510/35627] - Loss: 0.1001
  Batch [3520/35627] - Loss: 0.1001
  Batch [3530/35627] - Loss: 0.1001
  Batch [3540/35627] - Loss: 0.1001
  Batch [3550/35627] - Loss: 0.0999
  Batch [3560/35627] - Loss: 0.0999
  Batch [3570/35627] - Loss: 0.0999
  Batch [3580/35627] - Loss: 0.0999
  Batch [3590/35627] - Loss: 0.0999
  Batch [3600/35627] - Loss: 0.0998
  Batch [3610/35627] - Loss: 0.0998
  Batch [3620/35627] - Loss: 0.0999
  Batch [3630/35627] - Loss: 0.1000
  Batch [3640/35627] - Loss: 0.1000
  Batch [3650/35627] - Loss: 0.0999
  Batch [3660/35627] - Loss: 0.1000
  Batch [3670/35627] - Loss: 0.1000
  Batch [3680/35627] - Loss: 0.0999
  Batch [3690/35627] - Loss: 0.1000
  Batch [3700/35627] - Loss: 0.1000
  Batch [3710/35627] - Loss: 0.1000
  Batch [3720/35627] - Loss: 0.1000
  Batch [3730/35627] - Loss: 0.1000
  Batch [3740/35627] - Loss: 0.1001
  Batch [3750/35627] - Loss: 0.1001
  Batch [3760/35627] - Loss: 0.1001
  Batch [3770/35627] - Loss: 0.1000
  Batch [3780/35627] - Loss: 0.1000
  Batch [3790/35627] - Loss: 0.1002
  Batch [3800/35627] - Loss: 0.1002
  Batch [3810/35627] - Loss: 0.1002
  Batch [3820/35627] - Loss: 0.1002
  Batch [3830/35627] - Loss: 0.1002
  Batch [3840/35627] - Loss: 0.1003
  Batch [3850/35627] - Loss: 0.1003
  Batch [3860/35627] - Loss: 0.1002
  Batch [3870/35627] - Loss: 0.1002
  Batch [3880/35627] - Loss: 0.1003
  Batch [3890/35627] - Loss: 0.1003
  Batch [3900/35627] - Loss: 0.1003
  Batch [3910/35627] - Loss: 0.1003
  Batch [3920/35627] - Loss: 0.1003
  Batch [3930/35627] - Loss: 0.1002
  Batch [3940/35627] - Loss: 0.1003
  Batch [3950/35627] - Loss: 0.1002
  Batch [3960/35627] - Loss: 0.1002
  Batch [3970/35627] - Loss: 0.1003
  Batch [3980/35627] - Loss: 0.1004
  Batch [3990/35627] - Loss: 0.1003
  Batch [4000/35627] - Loss: 0.1004
  Batch [4010/35627] - Loss: 0.1003
  Batch [4020/35627] - Loss: 0.1003
  Batch [4030/35627] - Loss: 0.1003
  Batch [4040/35627] - Loss: 0.1004
  Batch [4050/35627] - Loss: 0.1005
  Batch [4060/35627] - Loss: 0.1005
  Batch [4070/35627] - Loss: 0.1004
  Batch [4080/35627] - Loss: 0.1005
  Batch [4090/35627] - Loss: 0.1004
  Batch [4100/35627] - Loss: 0.1004
  Batch [4110/35627] - Loss: 0.1003
  Batch [4120/35627] - Loss: 0.1003
  Batch [4130/35627] - Loss: 0.1004
  Batch [4140/35627] - Loss: 0.1003
  Batch [4150/35627] - Loss: 0.1003
  Batch [4160/35627] - Loss: 0.1003
  Batch [4170/35627] - Loss: 0.1003
  Batch [4180/35627] - Loss: 0.1003
  Batch [4190/35627] - Loss: 0.1003
  Batch [4200/35627] - Loss: 0.1002
  Batch [4210/35627] - Loss: 0.1002
  Batch [4220/35627] - Loss: 0.1002
  Batch [4230/35627] - Loss: 0.1002
  Batch [4240/35627] - Loss: 0.1002
  Batch [4250/35627] - Loss: 0.1002
  Batch [4260/35627] - Loss: 0.1002
  Batch [4270/35627] - Loss: 0.1004
  Batch [4280/35627] - Loss: 0.1003
  Batch [4290/35627] - Loss: 0.1003
  Batch [4300/35627] - Loss: 0.1003
  Batch [4310/35627] - Loss: 0.1004
  Batch [4320/35627] - Loss: 0.1004
  Batch [4330/35627] - Loss: 0.1003
  Batch [4340/35627] - Loss: 0.1003
  Batch [4350/35627] - Loss: 0.1003
  Batch [4360/35627] - Loss: 0.1003
  Batch [4370/35627] - Loss: 0.1003
  Batch [4380/35627] - Loss: 0.1004
  Batch [4390/35627] - Loss: 0.1004
  Batch [4400/35627] - Loss: 0.1004
  Batch [4410/35627] - Loss: 0.1004
  Batch [4420/35627] - Loss: 0.1004
  Batch [4430/35627] - Loss: 0.1004
  Batch [4440/35627] - Loss: 0.1004
  Batch [4450/35627] - Loss: 0.1004
  Batch [4460/35627] - Loss: 0.1004
  Batch [4470/35627] - Loss: 0.1004
  Batch [4480/35627] - Loss: 0.1004
  Batch [4490/35627] - Loss: 0.1003
  Batch [4500/35627] - Loss: 0.1003
  Batch [4510/35627] - Loss: 0.1003
  Batch [4520/35627] - Loss: 0.1003
  Batch [4530/35627] - Loss: 0.1002
  Batch [4540/35627] - Loss: 0.1002
  Batch [4550/35627] - Loss: 0.1002
  Batch [4560/35627] - Loss: 0.1002
  Batch [4570/35627] - Loss: 0.1002
  Batch [4580/35627] - Loss: 0.1002
  Batch [4590/35627] - Loss: 0.1003
  Batch [4600/35627] - Loss: 0.1002
  Batch [4610/35627] - Loss: 0.1002
  Batch [4620/35627] - Loss: 0.1002
  Batch [4630/35627] - Loss: 0.1003
  Batch [4640/35627] - Loss: 0.1003
  Batch [4650/35627] - Loss: 0.1003
  Batch [4660/35627] - Loss: 0.1003
  Batch [4670/35627] - Loss: 0.1003
  Batch [4680/35627] - Loss: 0.1003
  Batch [4690/35627] - Loss: 0.1003
  Batch [4700/35627] - Loss: 0.1003
  Batch [4710/35627] - Loss: 0.1003
  Batch [4720/35627] - Loss: 0.1002
  Batch [4730/35627] - Loss: 0.1004
  Batch [4740/35627] - Loss: 0.1004
  Batch [4750/35627] - Loss: 0.1004
  Batch [4760/35627] - Loss: 0.1004
  Batch [4770/35627] - Loss: 0.1004
  Batch [4780/35627] - Loss: 0.1004
  Batch [4790/35627] - Loss: 0.1005
  Batch [4800/35627] - Loss: 0.1005
  Batch [4810/35627] - Loss: 0.1004
  Batch [4820/35627] - Loss: 0.1004
  Batch [4830/35627] - Loss: 0.1004
  Batch [4840/35627] - Loss: 0.1005
  Batch [4850/35627] - Loss: 0.1004
  Batch [4860/35627] - Loss: 0.1004
  Batch [4870/35627] - Loss: 0.1003
  Batch [4880/35627] - Loss: 0.1003
  Batch [4890/35627] - Loss: 0.1003
  Batch [4900/35627] - Loss: 0.1003
  Batch [4910/35627] - Loss: 0.1003
  Batch [4920/35627] - Loss: 0.1002
  Batch [4930/35627] - Loss: 0.1002
  Batch [4940/35627] - Loss: 0.1002
  Batch [4950/35627] - Loss: 0.1002
  Batch [4960/35627] - Loss: 0.1003
  Batch [4970/35627] - Loss: 0.1003
  Batch [4980/35627] - Loss: 0.1003
  Batch [4990/35627] - Loss: 0.1004
  Batch [5000/35627] - Loss: 0.1004
  Batch [5010/35627] - Loss: 0.1004
  Batch [5020/35627] - Loss: 0.1004
  Batch [5030/35627] - Loss: 0.1004
  Batch [5040/35627] - Loss: 0.1004
  Batch [5050/35627] - Loss: 0.1003
  Batch [5060/35627] - Loss: 0.1003
  Batch [5070/35627] - Loss: 0.1003
  Batch [5080/35627] - Loss: 0.1003
  Batch [5090/35627] - Loss: 0.1003
  Batch [5100/35627] - Loss: 0.1004
  Batch [5110/35627] - Loss: 0.1003
  Batch [5120/35627] - Loss: 0.1003
  Batch [5130/35627] - Loss: 0.1003
  Batch [5140/35627] - Loss: 0.1003
  Batch [5150/35627] - Loss: 0.1003
  Batch [5160/35627] - Loss: 0.1004
  Batch [5170/35627] - Loss: 0.1004
  Batch [5180/35627] - Loss: 0.1004
  Batch [5190/35627] - Loss: 0.1004
  Batch [5200/35627] - Loss: 0.1004
  Batch [5210/35627] - Loss: 0.1004
  Batch [5220/35627] - Loss: 0.1004
  Batch [5230/35627] - Loss: 0.1004
  Batch [5240/35627] - Loss: 0.1004
  Batch [5250/35627] - Loss: 0.1004
  Batch [5260/35627] - Loss: 0.1004
  Batch [5270/35627] - Loss: 0.1004
  Batch [5280/35627] - Loss: 0.1004
  Batch [5290/35627] - Loss: 0.1004
  Batch [5300/35627] - Loss: 0.1005
  Batch [5310/35627] - Loss: 0.1005
  Batch [5320/35627] - Loss: 0.1005
  Batch [5330/35627] - Loss: 0.1004
  Batch [5340/35627] - Loss: 0.1004
  Batch [5350/35627] - Loss: 0.1004
  Batch [5360/35627] - Loss: 0.1004
  Batch [5370/35627] - Loss: 0.1004
  Batch [5380/35627] - Loss: 0.1004
  Batch [5390/35627] - Loss: 0.1004
  Batch [5400/35627] - Loss: 0.1003
  Batch [5410/35627] - Loss: 0.1003
  Batch [5420/35627] - Loss: 0.1003
  Batch [5430/35627] - Loss: 0.1003
  Batch [5440/35627] - Loss: 0.1003
  Batch [5450/35627] - Loss: 0.1003
  Batch [5460/35627] - Loss: 0.1004
  Batch [5470/35627] - Loss: 0.1004
  Batch [5480/35627] - Loss: 0.1003
  Batch [5490/35627] - Loss: 0.1003
  Batch [5500/35627] - Loss: 0.1003
  Batch [5510/35627] - Loss: 0.1003
  Batch [5520/35627] - Loss: 0.1004
  Batch [5530/35627] - Loss: 0.1004
  Batch [5540/35627] - Loss: 0.1004
  Batch [5550/35627] - Loss: 0.1004
  Batch [5560/35627] - Loss: 0.1003
  Batch [5570/35627] - Loss: 0.1004
  Batch [5580/35627] - Loss: 0.1004
  Batch [5590/35627] - Loss: 0.1004
  Batch [5600/35627] - Loss: 0.1003
  Batch [5610/35627] - Loss: 0.1003
  Batch [5620/35627] - Loss: 0.1003
  Batch [5630/35627] - Loss: 0.1003
  Batch [5640/35627] - Loss: 0.1003
  Batch [5650/35627] - Loss: 0.1003
  Batch [5660/35627] - Loss: 0.1003
  Batch [5670/35627] - Loss: 0.1003
  Batch [5680/35627] - Loss: 0.1003
  Batch [5690/35627] - Loss: 0.1003
  Batch [5700/35627] - Loss: 0.1002
  Batch [5710/35627] - Loss: 0.1003
  Batch [5720/35627] - Loss: 0.1003
  Batch [5730/35627] - Loss: 0.1003
  Batch [5740/35627] - Loss: 0.1002
  Batch [5750/35627] - Loss: 0.1003
  Batch [5760/35627] - Loss: 0.1003
  Batch [5770/35627] - Loss: 0.1003
  Batch [5780/35627] - Loss: 0.1003
  Batch [5790/35627] - Loss: 0.1003
  Batch [5800/35627] - Loss: 0.1003
  Batch [5810/35627] - Loss: 0.1003
  Batch [5820/35627] - Loss: 0.1003
  Batch [5830/35627] - Loss: 0.1003
  Batch [5840/35627] - Loss: 0.1003
  Batch [5850/35627] - Loss: 0.1003
  Batch [5860/35627] - Loss: 0.1002
  Batch [5870/35627] - Loss: 0.1002
  Batch [5880/35627] - Loss: 0.1002
  Batch [5890/35627] - Loss: 0.1001
  Batch [5900/35627] - Loss: 0.1001
  Batch [5910/35627] - Loss: 0.1000
  Batch [5920/35627] - Loss: 0.1000
  Batch [5930/35627] - Loss: 0.1000
  Batch [5940/35627] - Loss: 0.1000
  Batch [5950/35627] - Loss: 0.1000
  Batch [5960/35627] - Loss: 0.1001
  Batch [5970/35627] - Loss: 0.1002
  Batch [5980/35627] - Loss: 0.1002
  Batch [5990/35627] - Loss: 0.1002
  Batch [6000/35627] - Loss: 0.1001
  Batch [6010/35627] - Loss: 0.1002
  Batch [6020/35627] - Loss: 0.1002
  Batch [6030/35627] - Loss: 0.1002
  Batch [6040/35627] - Loss: 0.1002
  Batch [6050/35627] - Loss: 0.1002
  Batch [6060/35627] - Loss: 0.1002
  Batch [6070/35627] - Loss: 0.1002
  Batch [6080/35627] - Loss: 0.1002
  Batch [6090/35627] - Loss: 0.1002
  Batch [6100/35627] - Loss: 0.1002
  Batch [6110/35627] - Loss: 0.1002
  Batch [6120/35627] - Loss: 0.1002
  Batch [6130/35627] - Loss: 0.1002
  Batch [6140/35627] - Loss: 0.1002
  Batch [6150/35627] - Loss: 0.1002
  Batch [6160/35627] - Loss: 0.1002
  Batch [6170/35627] - Loss: 0.1002
  Batch [6180/35627] - Loss: 0.1002
  Batch [6190/35627] - Loss: 0.1003
  Batch [6200/35627] - Loss: 0.1002
  Batch [6210/35627] - Loss: 0.1003
  Batch [6220/35627] - Loss: 0.1003
  Batch [6230/35627] - Loss: 0.1003
  Batch [6240/35627] - Loss: 0.1003
  Batch [6250/35627] - Loss: 0.1002
  Batch [6260/35627] - Loss: 0.1003
  Batch [6270/35627] - Loss: 0.1003
  Batch [6280/35627] - Loss: 0.1003
  Batch [6290/35627] - Loss: 0.1003
  Batch [6300/35627] - Loss: 0.1003
  Batch [6310/35627] - Loss: 0.1003
  Batch [6320/35627] - Loss: 0.1004
  Batch [6330/35627] - Loss: 0.1003
  Batch [6340/35627] - Loss: 0.1003
  Batch [6350/35627] - Loss: 0.1003
  Batch [6360/35627] - Loss: 0.1004
  Batch [6370/35627] - Loss: 0.1003
  Batch [6380/35627] - Loss: 0.1004
  Batch [6390/35627] - Loss: 0.1003
  Batch [6400/35627] - Loss: 0.1003
  Batch [6410/35627] - Loss: 0.1004
  Batch [6420/35627] - Loss: 0.1004
  Batch [6430/35627] - Loss: 0.1003
  Batch [6440/35627] - Loss: 0.1003
  Batch [6450/35627] - Loss: 0.1004
  Batch [6460/35627] - Loss: 0.1004
  Batch [6470/35627] - Loss: 0.1004
  Batch [6480/35627] - Loss: 0.1004
  Batch [6490/35627] - Loss: 0.1004
  Batch [6500/35627] - Loss: 0.1004
  Batch [6510/35627] - Loss: 0.1004
  Batch [6520/35627] - Loss: 0.1004
  Batch [6530/35627] - Loss: 0.1004
  Batch [6540/35627] - Loss: 0.1004
  Batch [6550/35627] - Loss: 0.1004
  Batch [6560/35627] - Loss: 0.1004
  Batch [6570/35627] - Loss: 0.1004
  Batch [6580/35627] - Loss: 0.1004
  Batch [6590/35627] - Loss: 0.1004
  Batch [6600/35627] - Loss: 0.1004
  Batch [6610/35627] - Loss: 0.1003
  Batch [6620/35627] - Loss: 0.1003
  Batch [6630/35627] - Loss: 0.1003
  Batch [6640/35627] - Loss: 0.1003
  Batch [6650/35627] - Loss: 0.1003
  Batch [6660/35627] - Loss: 0.1004
  Batch [6670/35627] - Loss: 0.1004
  Batch [6680/35627] - Loss: 0.1004
  Batch [6690/35627] - Loss: 0.1003
  Batch [6700/35627] - Loss: 0.1004
  Batch [6710/35627] - Loss: 0.1004
  Batch [6720/35627] - Loss: 0.1004
  Batch [6730/35627] - Loss: 0.1004
  Batch [6740/35627] - Loss: 0.1004
  Batch [6750/35627] - Loss: 0.1005
  Batch [6760/35627] - Loss: 0.1005
  Batch [6770/35627] - Loss: 0.1005
  Batch [6780/35627] - Loss: 0.1005
  Batch [6790/35627] - Loss: 0.1004
  Batch [6800/35627] - Loss: 0.1004
  Batch [6810/35627] - Loss: 0.1004
  Batch [6820/35627] - Loss: 0.1004
  Batch [6830/35627] - Loss: 0.1005
  Batch [6840/35627] - Loss: 0.1005
  Batch [6850/35627] - Loss: 0.1005
  Batch [6860/35627] - Loss: 0.1005
  Batch [6870/35627] - Loss: 0.1005
  Batch [6880/35627] - Loss: 0.1004
  Batch [6890/35627] - Loss: 0.1005
  Batch [6900/35627] - Loss: 0.1005
  Batch [6910/35627] - Loss: 0.1005
  Batch [6920/35627] - Loss: 0.1005
  Batch [6930/35627] - Loss: 0.1005
  Batch [6940/35627] - Loss: 0.1005
  Batch [6950/35627] - Loss: 0.1005
  Batch [6960/35627] - Loss: 0.1005
  Batch [6970/35627] - Loss: 0.1005
  Batch [6980/35627] - Loss: 0.1005
  Batch [6990/35627] - Loss: 0.1005
  Batch [7000/35627] - Loss: 0.1005
  Batch [7010/35627] - Loss: 0.1005
  Batch [7020/35627] - Loss: 0.1005
  Batch [7030/35627] - Loss: 0.1005
  Batch [7040/35627] - Loss: 0.1006
  Batch [7050/35627] - Loss: 0.1006
  Batch [7060/35627] - Loss: 0.1006
  Batch [7070/35627] - Loss: 0.1006
  Batch [7080/35627] - Loss: 0.1005
  Batch [7090/35627] - Loss: 0.1006
  Batch [7100/35627] - Loss: 0.1006
  Batch [7110/35627] - Loss: 0.1006
  Batch [7120/35627] - Loss: 0.1005
  Batch [7130/35627] - Loss: 0.1005
  Batch [7140/35627] - Loss: 0.1005
  Batch [7150/35627] - Loss: 0.1005
  Batch [7160/35627] - Loss: 0.1005
  Batch [7170/35627] - Loss: 0.1006
  Batch [7180/35627] - Loss: 0.1006
  Batch [7190/35627] - Loss: 0.1006
  Batch [7200/35627] - Loss: 0.1006
  Batch [7210/35627] - Loss: 0.1006
  Batch [7220/35627] - Loss: 0.1007
  Batch [7230/35627] - Loss: 0.1007
  Batch [7240/35627] - Loss: 0.1007
  Batch [7250/35627] - Loss: 0.1007
  Batch [7260/35627] - Loss: 0.1007
  Batch [7270/35627] - Loss: 0.1007
  Batch [7280/35627] - Loss: 0.1007
  Batch [7290/35627] - Loss: 0.1007
  Batch [7300/35627] - Loss: 0.1007
  Batch [7310/35627] - Loss: 0.1007
  Batch [7320/35627] - Loss: 0.1008
  Batch [7330/35627] - Loss: 0.1008
  Batch [7340/35627] - Loss: 0.1007
  Batch [7350/35627] - Loss: 0.1008
  Batch [7360/35627] - Loss: 0.1008
  Batch [7370/35627] - Loss: 0.1008
  Batch [7380/35627] - Loss: 0.1008
  Batch [7390/35627] - Loss: 0.1008
  Batch [7400/35627] - Loss: 0.1008
  Batch [7410/35627] - Loss: 0.1008
  Batch [7420/35627] - Loss: 0.1008
  Batch [7430/35627] - Loss: 0.1009
  Batch [7440/35627] - Loss: 0.1009
  Batch [7450/35627] - Loss: 0.1009
  Batch [7460/35627] - Loss: 0.1009
  Batch [7470/35627] - Loss: 0.1009
  Batch [7480/35627] - Loss: 0.1009
  Batch [7490/35627] - Loss: 0.1009
  Batch [7500/35627] - Loss: 0.1008
  Batch [7510/35627] - Loss: 0.1009
  Batch [7520/35627] - Loss: 0.1010
  Batch [7530/35627] - Loss: 0.1010
  Batch [7540/35627] - Loss: 0.1010
  Batch [7550/35627] - Loss: 0.1010
  Batch [7560/35627] - Loss: 0.1010
  Batch [7570/35627] - Loss: 0.1010
  Batch [7580/35627] - Loss: 0.1010
  Batch [7590/35627] - Loss: 0.1010
  Batch [7600/35627] - Loss: 0.1010
  Batch [7610/35627] - Loss: 0.1009
  Batch [7620/35627] - Loss: 0.1009
  Batch [7630/35627] - Loss: 0.1009
  Batch [7640/35627] - Loss: 0.1009
  Batch [7650/35627] - Loss: 0.1008
  Batch [7660/35627] - Loss: 0.1008
  Batch [7670/35627] - Loss: 0.1008
  Batch [7680/35627] - Loss: 0.1009
  Batch [7690/35627] - Loss: 0.1008
  Batch [7700/35627] - Loss: 0.1008
  Batch [7710/35627] - Loss: 0.1008
  Batch [7720/35627] - Loss: 0.1009
  Batch [7730/35627] - Loss: 0.1009
  Batch [7740/35627] - Loss: 0.1008
  Batch [7750/35627] - Loss: 0.1008
  Batch [7760/35627] - Loss: 0.1008
  Batch [7770/35627] - Loss: 0.1008
  Batch [7780/35627] - Loss: 0.1008
  Batch [7790/35627] - Loss: 0.1008
  Batch [7800/35627] - Loss: 0.1009
  Batch [7810/35627] - Loss: 0.1009
  Batch [7820/35627] - Loss: 0.1009
  Batch [7830/35627] - Loss: 0.1009
  Batch [7840/35627] - Loss: 0.1009
  Batch [7850/35627] - Loss: 0.1009
  Batch [7860/35627] - Loss: 0.1010
  Batch [7870/35627] - Loss: 0.1009
  Batch [7880/35627] - Loss: 0.1009
  Batch [7890/35627] - Loss: 0.1009
  Batch [7900/35627] - Loss: 0.1009
  Batch [7910/35627] - Loss: 0.1009
  Batch [7920/35627] - Loss: 0.1009
  Batch [7930/35627] - Loss: 0.1009
  Batch [7940/35627] - Loss: 0.1010
  Batch [7950/35627] - Loss: 0.1010
  Batch [7960/35627] - Loss: 0.1010
  Batch [7970/35627] - Loss: 0.1010
  Batch [7980/35627] - Loss: 0.1010
  Batch [7990/35627] - Loss: 0.1010
  Batch [8000/35627] - Loss: 0.1010
  Batch [8010/35627] - Loss: 0.1010
  Batch [8020/35627] - Loss: 0.1010
  Batch [8030/35627] - Loss: 0.1009
  Batch [8040/35627] - Loss: 0.1009
  Batch [8050/35627] - Loss: 0.1009
  Batch [8060/35627] - Loss: 0.1009
  Batch [8070/35627] - Loss: 0.1009
  Batch [8080/35627] - Loss: 0.1009
  Batch [8090/35627] - Loss: 0.1009
  Batch [8100/35627] - Loss: 0.1009
  Batch [8110/35627] - Loss: 0.1009
  Batch [8120/35627] - Loss: 0.1009
  Batch [8130/35627] - Loss: 0.1009
  Batch [8140/35627] - Loss: 0.1009
  Batch [8150/35627] - Loss: 0.1009
  Batch [8160/35627] - Loss: 0.1009
  Batch [8170/35627] - Loss: 0.1009
  Batch [8180/35627] - Loss: 0.1009
  Batch [8190/35627] - Loss: 0.1009
  Batch [8200/35627] - Loss: 0.1009
  Batch [8210/35627] - Loss: 0.1009
  Batch [8220/35627] - Loss: 0.1009
  Batch [8230/35627] - Loss: 0.1009
  Batch [8240/35627] - Loss: 0.1009
  Batch [8250/35627] - Loss: 0.1009
  Batch [8260/35627] - Loss: 0.1009
  Batch [8270/35627] - Loss: 0.1009
  Batch [8280/35627] - Loss: 0.1009
  Batch [8290/35627] - Loss: 0.1008
  Batch [8300/35627] - Loss: 0.1008
  Batch [8310/35627] - Loss: 0.1008
  Batch [8320/35627] - Loss: 0.1008
  Batch [8330/35627] - Loss: 0.1008
  Batch [8340/35627] - Loss: 0.1008
  Batch [8350/35627] - Loss: 0.1009
  Batch [8360/35627] - Loss: 0.1009
  Batch [8370/35627] - Loss: 0.1009
  Batch [8380/35627] - Loss: 0.1009
  Batch [8390/35627] - Loss: 0.1008
  Batch [8400/35627] - Loss: 0.1008
  Batch [8410/35627] - Loss: 0.1008
  Batch [8420/35627] - Loss: 0.1007
  Batch [8430/35627] - Loss: 0.1007
  Batch [8440/35627] - Loss: 0.1007
  Batch [8450/35627] - Loss: 0.1007
  Batch [8460/35627] - Loss: 0.1007
  Batch [8470/35627] - Loss: 0.1007
  Batch [8480/35627] - Loss: 0.1006
  Batch [8490/35627] - Loss: 0.1007
  Batch [8500/35627] - Loss: 0.1007
  Batch [8510/35627] - Loss: 0.1006
  Batch [8520/35627] - Loss: 0.1006
  Batch [8530/35627] - Loss: 0.1006
  Batch [8540/35627] - Loss: 0.1006
  Batch [8550/35627] - Loss: 0.1006
  Batch [8560/35627] - Loss: 0.1006
  Batch [8570/35627] - Loss: 0.1006
  Batch [8580/35627] - Loss: 0.1006
  Batch [8590/35627] - Loss: 0.1006
  Batch [8600/35627] - Loss: 0.1006
  Batch [8610/35627] - Loss: 0.1006
  Batch [8620/35627] - Loss: 0.1006
  Batch [8630/35627] - Loss: 0.1006
  Batch [8640/35627] - Loss: 0.1006
  Batch [8650/35627] - Loss: 0.1007
  Batch [8660/35627] - Loss: 0.1007
  Batch [8670/35627] - Loss: 0.1007
  Batch [8680/35627] - Loss: 0.1007
  Batch [8690/35627] - Loss: 0.1007
  Batch [8700/35627] - Loss: 0.1007
  Batch [8710/35627] - Loss: 0.1007
  Batch [8720/35627] - Loss: 0.1007
  Batch [8730/35627] - Loss: 0.1007
  Batch [8740/35627] - Loss: 0.1007
  Batch [8750/35627] - Loss: 0.1007
  Batch [8760/35627] - Loss: 0.1007
  Batch [8770/35627] - Loss: 0.1007
  Batch [8780/35627] - Loss: 0.1007
  Batch [8790/35627] - Loss: 0.1007
  Batch [8800/35627] - Loss: 0.1007
  Batch [8810/35627] - Loss: 0.1007
  Batch [8820/35627] - Loss: 0.1007
  Batch [8830/35627] - Loss: 0.1007
  Batch [8840/35627] - Loss: 0.1007
  Batch [8850/35627] - Loss: 0.1007
  Batch [8860/35627] - Loss: 0.1007
  Batch [8870/35627] - Loss: 0.1007
  Batch [8880/35627] - Loss: 0.1007
  Batch [8890/35627] - Loss: 0.1007
  Batch [8900/35627] - Loss: 0.1006
  Batch [8910/35627] - Loss: 0.1006
  Batch [8920/35627] - Loss: 0.1007
  Batch [8930/35627] - Loss: 0.1007
  Batch [8940/35627] - Loss: 0.1007
  Batch [8950/35627] - Loss: 0.1007
  Batch [8960/35627] - Loss: 0.1007
  Batch [8970/35627] - Loss: 0.1006
  Batch [8980/35627] - Loss: 0.1006
  Batch [8990/35627] - Loss: 0.1006
  Batch [9000/35627] - Loss: 0.1007
  Batch [9010/35627] - Loss: 0.1006
  Batch [9020/35627] - Loss: 0.1006
  Batch [9030/35627] - Loss: 0.1007
  Batch [9040/35627] - Loss: 0.1006
  Batch [9050/35627] - Loss: 0.1006
  Batch [9060/35627] - Loss: 0.1006
  Batch [9070/35627] - Loss: 0.1007
  Batch [9080/35627] - Loss: 0.1006
  Batch [9090/35627] - Loss: 0.1006
  Batch [9100/35627] - Loss: 0.1007
  Batch [9110/35627] - Loss: 0.1007
  Batch [9120/35627] - Loss: 0.1007
  Batch [9130/35627] - Loss: 0.1007
  Batch [9140/35627] - Loss: 0.1007
  Batch [9150/35627] - Loss: 0.1007
  Batch [9160/35627] - Loss: 0.1007
  Batch [9170/35627] - Loss: 0.1007
  Batch [9180/35627] - Loss: 0.1007
  Batch [9190/35627] - Loss: 0.1007
  Batch [9200/35627] - Loss: 0.1007
  Batch [9210/35627] - Loss: 0.1007
  Batch [9220/35627] - Loss: 0.1007
  Batch [9230/35627] - Loss: 0.1007
  Batch [9240/35627] - Loss: 0.1007
  Batch [9250/35627] - Loss: 0.1007
  Batch [9260/35627] - Loss: 0.1007
  Batch [9270/35627] - Loss: 0.1007
  Batch [9280/35627] - Loss: 0.1007
  Batch [9290/35627] - Loss: 0.1007
  Batch [9300/35627] - Loss: 0.1007
  Batch [9310/35627] - Loss: 0.1007
  Batch [9320/35627] - Loss: 0.1007
  Batch [9330/35627] - Loss: 0.1007
  Batch [9340/35627] - Loss: 0.1007
  Batch [9350/35627] - Loss: 0.1007
  Batch [9360/35627] - Loss: 0.1007
  Batch [9370/35627] - Loss: 0.1007
  Batch [9380/35627] - Loss: 0.1007
  Batch [9390/35627] - Loss: 0.1007
  Batch [9400/35627] - Loss: 0.1007
  Batch [9410/35627] - Loss: 0.1006
  Batch [9420/35627] - Loss: 0.1006
  Batch [9430/35627] - Loss: 0.1006
  Batch [9440/35627] - Loss: 0.1007
  Batch [9450/35627] - Loss: 0.1007
  Batch [9460/35627] - Loss: 0.1007
  Batch [9470/35627] - Loss: 0.1007
  Batch [9480/35627] - Loss: 0.1007
  Batch [9490/35627] - Loss: 0.1007
  Batch [9500/35627] - Loss: 0.1007
  Batch [9510/35627] - Loss: 0.1007
  Batch [9520/35627] - Loss: 0.1006
  Batch [9530/35627] - Loss: 0.1006
  Batch [9540/35627] - Loss: 0.1006
  Batch [9550/35627] - Loss: 0.1006
  Batch [9560/35627] - Loss: 0.1006
  Batch [9570/35627] - Loss: 0.1007
  Batch [9580/35627] - Loss: 0.1007
  Batch [9590/35627] - Loss: 0.1007
  Batch [9600/35627] - Loss: 0.1007
  Batch [9610/35627] - Loss: 0.1007
  Batch [9620/35627] - Loss: 0.1007
  Batch [9630/35627] - Loss: 0.1007
  Batch [9640/35627] - Loss: 0.1007
  Batch [9650/35627] - Loss: 0.1007
  Batch [9660/35627] - Loss: 0.1006
  Batch [9670/35627] - Loss: 0.1006
  Batch [9680/35627] - Loss: 0.1006
  Batch [9690/35627] - Loss: 0.1006
  Batch [9700/35627] - Loss: 0.1006
  Batch [9710/35627] - Loss: 0.1006
  Batch [9720/35627] - Loss: 0.1006
  Batch [9730/35627] - Loss: 0.1006
  Batch [9740/35627] - Loss: 0.1006
  Batch [9750/35627] - Loss: 0.1006
  Batch [9760/35627] - Loss: 0.1006
  Batch [9770/35627] - Loss: 0.1006
  Batch [9780/35627] - Loss: 0.1006
  Batch [9790/35627] - Loss: 0.1007
  Batch [9800/35627] - Loss: 0.1007
  Batch [9810/35627] - Loss: 0.1007
  Batch [9820/35627] - Loss: 0.1007
  Batch [9830/35627] - Loss: 0.1007
  Batch [9840/35627] - Loss: 0.1007
  Batch [9850/35627] - Loss: 0.1007
  Batch [9860/35627] - Loss: 0.1007
  Batch [9870/35627] - Loss: 0.1007
  Batch [9880/35627] - Loss: 0.1006
  Batch [9890/35627] - Loss: 0.1006
  Batch [9900/35627] - Loss: 0.1007
  Batch [9910/35627] - Loss: 0.1007
  Batch [9920/35627] - Loss: 0.1007
  Batch [9930/35627] - Loss: 0.1007
  Batch [9940/35627] - Loss: 0.1006
  Batch [9950/35627] - Loss: 0.1007
  Batch [9960/35627] - Loss: 0.1007
  Batch [9970/35627] - Loss: 0.1007
  Batch [9980/35627] - Loss: 0.1007
  Batch [9990/35627] - Loss: 0.1006
  Batch [10000/35627] - Loss: 0.1006
  Batch [10010/35627] - Loss: 0.1007
  Batch [10020/35627] - Loss: 0.1007
  Batch [10030/35627] - Loss: 0.1007
  Batch [10040/35627] - Loss: 0.1007
  Batch [10050/35627] - Loss: 0.1007
  Batch [10060/35627] - Loss: 0.1006
  Batch [10070/35627] - Loss: 0.1006
  Batch [10080/35627] - Loss: 0.1006
  Batch [10090/35627] - Loss: 0.1006
  Batch [10100/35627] - Loss: 0.1006
  Batch [10110/35627] - Loss: 0.1006
  Batch [10120/35627] - Loss: 0.1006
  Batch [10130/35627] - Loss: 0.1006
  Batch [10140/35627] - Loss: 0.1006
  Batch [10150/35627] - Loss: 0.1006
  Batch [10160/35627] - Loss: 0.1006
  Batch [10170/35627] - Loss: 0.1006
  Batch [10180/35627] - Loss: 0.1006
  Batch [10190/35627] - Loss: 0.1007
  Batch [10200/35627] - Loss: 0.1007
  Batch [10210/35627] - Loss: 0.1007
  Batch [10220/35627] - Loss: 0.1007
  Batch [10230/35627] - Loss: 0.1007
  Batch [10240/35627] - Loss: 0.1007
  Batch [10250/35627] - Loss: 0.1007
  Batch [10260/35627] - Loss: 0.1007
  Batch [10270/35627] - Loss: 0.1007
  Batch [10280/35627] - Loss: 0.1007
  Batch [10290/35627] - Loss: 0.1007
  Batch [10300/35627] - Loss: 0.1007
  Batch [10310/35627] - Loss: 0.1007
  Batch [10320/35627] - Loss: 0.1007
  Batch [10330/35627] - Loss: 0.1007
  Batch [10340/35627] - Loss: 0.1007
  Batch [10350/35627] - Loss: 0.1007
  Batch [10360/35627] - Loss: 0.1007
  Batch [10370/35627] - Loss: 0.1007
  Batch [10380/35627] - Loss: 0.1006
  Batch [10390/35627] - Loss: 0.1006
  Batch [10400/35627] - Loss: 0.1006
  Batch [10410/35627] - Loss: 0.1007
  Batch [10420/35627] - Loss: 0.1006
  Batch [10430/35627] - Loss: 0.1007
  Batch [10440/35627] - Loss: 0.1007
  Batch [10450/35627] - Loss: 0.1006
  Batch [10460/35627] - Loss: 0.1007
  Batch [10470/35627] - Loss: 0.1007
  Batch [10480/35627] - Loss: 0.1007
  Batch [10490/35627] - Loss: 0.1007
  Batch [10500/35627] - Loss: 0.1007
  Batch [10510/35627] - Loss: 0.1006
  Batch [10520/35627] - Loss: 0.1006
  Batch [10530/35627] - Loss: 0.1007
  Batch [10540/35627] - Loss: 0.1007
  Batch [10550/35627] - Loss: 0.1007
  Batch [10560/35627] - Loss: 0.1007
  Batch [10570/35627] - Loss: 0.1006
  Batch [10580/35627] - Loss: 0.1006
  Batch [10590/35627] - Loss: 0.1006
  Batch [10600/35627] - Loss: 0.1006
  Batch [10610/35627] - Loss: 0.1006
  Batch [10620/35627] - Loss: 0.1006
  Batch [10630/35627] - Loss: 0.1007
  Batch [10640/35627] - Loss: 0.1007
  Batch [10650/35627] - Loss: 0.1007
  Batch [10660/35627] - Loss: 0.1007
  Batch [10670/35627] - Loss: 0.1007
  Batch [10680/35627] - Loss: 0.1007
  Batch [10690/35627] - Loss: 0.1007
  Batch [10700/35627] - Loss: 0.1007
  Batch [10710/35627] - Loss: 0.1007
  Batch [10720/35627] - Loss: 0.1007
  Batch [10730/35627] - Loss: 0.1007
  Batch [10740/35627] - Loss: 0.1007
  Batch [10750/35627] - Loss: 0.1007
  Batch [10760/35627] - Loss: 0.1007
  Batch [10770/35627] - Loss: 0.1007
  Batch [10780/35627] - Loss: 0.1007
  Batch [10790/35627] - Loss: 0.1007
  Batch [10800/35627] - Loss: 0.1007
  Batch [10810/35627] - Loss: 0.1007
  Batch [10820/35627] - Loss: 0.1007
  Batch [10830/35627] - Loss: 0.1007
  Batch [10840/35627] - Loss: 0.1006
  Batch [10850/35627] - Loss: 0.1006
  Batch [10860/35627] - Loss: 0.1006
  Batch [10870/35627] - Loss: 0.1006
  Batch [10880/35627] - Loss: 0.1006
  Batch [10890/35627] - Loss: 0.1006
  Batch [10900/35627] - Loss: 0.1006
  Batch [10910/35627] - Loss: 0.1006
  Batch [10920/35627] - Loss: 0.1006
  Batch [10930/35627] - Loss: 0.1007
  Batch [10940/35627] - Loss: 0.1007
  Batch [10950/35627] - Loss: 0.1007
  Batch [10960/35627] - Loss: 0.1007
  Batch [10970/35627] - Loss: 0.1007
  Batch [10980/35627] - Loss: 0.1007
  Batch [10990/35627] - Loss: 0.1007
  Batch [11000/35627] - Loss: 0.1006
  Batch [11010/35627] - Loss: 0.1006
  Batch [11020/35627] - Loss: 0.1006
  Batch [11030/35627] - Loss: 0.1006
  Batch [11040/35627] - Loss: 0.1006
  Batch [11050/35627] - Loss: 0.1006
  Batch [11060/35627] - Loss: 0.1006
  Batch [11070/35627] - Loss: 0.1006
  Batch [11080/35627] - Loss: 0.1006
  Batch [11090/35627] - Loss: 0.1006
  Batch [11100/35627] - Loss: 0.1006
  Batch [11110/35627] - Loss: 0.1006
  Batch [11120/35627] - Loss: 0.1006
  Batch [11130/35627] - Loss: 0.1006
  Batch [11140/35627] - Loss: 0.1006
  Batch [11150/35627] - Loss: 0.1006
  Batch [11160/35627] - Loss: 0.1006
  Batch [11170/35627] - Loss: 0.1007
  Batch [11180/35627] - Loss: 0.1006
  Batch [11190/35627] - Loss: 0.1006
  Batch [11200/35627] - Loss: 0.1007
  Batch [11210/35627] - Loss: 0.1007
  Batch [11220/35627] - Loss: 0.1007
  Batch [11230/35627] - Loss: 0.1007
  Batch [11240/35627] - Loss: 0.1007
  Batch [11250/35627] - Loss: 0.1007
  Batch [11260/35627] - Loss: 0.1007
  Batch [11270/35627] - Loss: 0.1007
  Batch [11280/35627] - Loss: 0.1007
  Batch [11290/35627] - Loss: 0.1007
  Batch [11300/35627] - Loss: 0.1007
  Batch [11310/35627] - Loss: 0.1007
  Batch [11320/35627] - Loss: 0.1007
  Batch [11330/35627] - Loss: 0.1007
  Batch [11340/35627] - Loss: 0.1007
  Batch [11350/35627] - Loss: 0.1007
  Batch [11360/35627] - Loss: 0.1007
  Batch [11370/35627] - Loss: 0.1008
  Batch [11380/35627] - Loss: 0.1008
  Batch [11390/35627] - Loss: 0.1008
  Batch [11400/35627] - Loss: 0.1008
  Batch [11410/35627] - Loss: 0.1008
  Batch [11420/35627] - Loss: 0.1008
  Batch [11430/35627] - Loss: 0.1008
  Batch [11440/35627] - Loss: 0.1008
  Batch [11450/35627] - Loss: 0.1008
  Batch [11460/35627] - Loss: 0.1008
  Batch [11470/35627] - Loss: 0.1008
  Batch [11480/35627] - Loss: 0.1008
  Batch [11490/35627] - Loss: 0.1007
  Batch [11500/35627] - Loss: 0.1007
  Batch [11510/35627] - Loss: 0.1007
  Batch [11520/35627] - Loss: 0.1008
  Batch [11530/35627] - Loss: 0.1008
  Batch [11540/35627] - Loss: 0.1008
  Batch [11550/35627] - Loss: 0.1007
  Batch [11560/35627] - Loss: 0.1007
  Batch [11570/35627] - Loss: 0.1007
  Batch [11580/35627] - Loss: 0.1008
  Batch [11590/35627] - Loss: 0.1008
  Batch [11600/35627] - Loss: 0.1008
  Batch [11610/35627] - Loss: 0.1008
  Batch [11620/35627] - Loss: 0.1008
  Batch [11630/35627] - Loss: 0.1008
  Batch [11640/35627] - Loss: 0.1007
  Batch [11650/35627] - Loss: 0.1008
  Batch [11660/35627] - Loss: 0.1007
  Batch [11670/35627] - Loss: 0.1007
  Batch [11680/35627] - Loss: 0.1008
  Batch [11690/35627] - Loss: 0.1008
  Batch [11700/35627] - Loss: 0.1007
  Batch [11710/35627] - Loss: 0.1008
  Batch [11720/35627] - Loss: 0.1008
  Batch [11730/35627] - Loss: 0.1008
  Batch [11740/35627] - Loss: 0.1008
  Batch [11750/35627] - Loss: 0.1008
  Batch [11760/35627] - Loss: 0.1008
  Batch [11770/35627] - Loss: 0.1008
  Batch [11780/35627] - Loss: 0.1008
  Batch [11790/35627] - Loss: 0.1008
  Batch [11800/35627] - Loss: 0.1008
  Batch [11810/35627] - Loss: 0.1008
  Batch [11820/35627] - Loss: 0.1008
  Batch [11830/35627] - Loss: 0.1008
  Batch [11840/35627] - Loss: 0.1008
  Batch [11850/35627] - Loss: 0.1008
  Batch [11860/35627] - Loss: 0.1008
  Batch [11870/35627] - Loss: 0.1008
  Batch [11880/35627] - Loss: 0.1008
  Batch [11890/35627] - Loss: 0.1008
  Batch [11900/35627] - Loss: 0.1008
  Batch [11910/35627] - Loss: 0.1008
  Batch [11920/35627] - Loss: 0.1008
  Batch [11930/35627] - Loss: 0.1008
  Batch [11940/35627] - Loss: 0.1008
  Batch [11950/35627] - Loss: 0.1008
  Batch [11960/35627] - Loss: 0.1008
  Batch [11970/35627] - Loss: 0.1008
  Batch [11980/35627] - Loss: 0.1008
  Batch [11990/35627] - Loss: 0.1009
  Batch [12000/35627] - Loss: 0.1009
  Batch [12010/35627] - Loss: 0.1009
  Batch [12020/35627] - Loss: 0.1009
  Batch [12030/35627] - Loss: 0.1009
  Batch [12040/35627] - Loss: 0.1009
  Batch [12050/35627] - Loss: 0.1009
  Batch [12060/35627] - Loss: 0.1010
  Batch [12070/35627] - Loss: 0.1010
  Batch [12080/35627] - Loss: 0.1010
  Batch [12090/35627] - Loss: 0.1010
  Batch [12100/35627] - Loss: 0.1009
  Batch [12110/35627] - Loss: 0.1009
  Batch [12120/35627] - Loss: 0.1009
  Batch [12130/35627] - Loss: 0.1009
  Batch [12140/35627] - Loss: 0.1009
  Batch [12150/35627] - Loss: 0.1010
  Batch [12160/35627] - Loss: 0.1010
  Batch [12170/35627] - Loss: 0.1010
  Batch [12180/35627] - Loss: 0.1010
  Batch [12190/35627] - Loss: 0.1010
  Batch [12200/35627] - Loss: 0.1010
  Batch [12210/35627] - Loss: 0.1010
  Batch [12220/35627] - Loss: 0.1010
  Batch [12230/35627] - Loss: 0.1010
  Batch [12240/35627] - Loss: 0.1010
  Batch [12250/35627] - Loss: 0.1010
  Batch [12260/35627] - Loss: 0.1010
  Batch [12270/35627] - Loss: 0.1010
  Batch [12280/35627] - Loss: 0.1010
  Batch [12290/35627] - Loss: 0.1010
  Batch [12300/35627] - Loss: 0.1010
  Batch [12310/35627] - Loss: 0.1009
  Batch [12320/35627] - Loss: 0.1009
  Batch [12330/35627] - Loss: 0.1009
  Batch [12340/35627] - Loss: 0.1009
  Batch [12350/35627] - Loss: 0.1009
  Batch [12360/35627] - Loss: 0.1009
  Batch [12370/35627] - Loss: 0.1009
  Batch [12380/35627] - Loss: 0.1010
  Batch [12390/35627] - Loss: 0.1010
  Batch [12400/35627] - Loss: 0.1009
  Batch [12410/35627] - Loss: 0.1010
  Batch [12420/35627] - Loss: 0.1009
  Batch [12430/35627] - Loss: 0.1009
  Batch [12440/35627] - Loss: 0.1009
  Batch [12450/35627] - Loss: 0.1009
  Batch [12460/35627] - Loss: 0.1009
  Batch [12470/35627] - Loss: 0.1009
  Batch [12480/35627] - Loss: 0.1009
  Batch [12490/35627] - Loss: 0.1009
  Batch [12500/35627] - Loss: 0.1009
  Batch [12510/35627] - Loss: 0.1010
  Batch [12520/35627] - Loss: 0.1009
  Batch [12530/35627] - Loss: 0.1010
  Batch [12540/35627] - Loss: 0.1009
  Batch [12550/35627] - Loss: 0.1010
  Batch [12560/35627] - Loss: 0.1009
  Batch [12570/35627] - Loss: 0.1009
  Batch [12580/35627] - Loss: 0.1009
  Batch [12590/35627] - Loss: 0.1009
  Batch [12600/35627] - Loss: 0.1009
  Batch [12610/35627] - Loss: 0.1009
  Batch [12620/35627] - Loss: 0.1009
  Batch [12630/35627] - Loss: 0.1009
  Batch [12640/35627] - Loss: 0.1009
  Batch [12650/35627] - Loss: 0.1009
  Batch [12660/35627] - Loss: 0.1009
  Batch [12670/35627] - Loss: 0.1010
  Batch [12680/35627] - Loss: 0.1010
  Batch [12690/35627] - Loss: 0.1010
  Batch [12700/35627] - Loss: 0.1010
  Batch [12710/35627] - Loss: 0.1010
  Batch [12720/35627] - Loss: 0.1010
  Batch [12730/35627] - Loss: 0.1010
  Batch [12740/35627] - Loss: 0.1010
  Batch [12750/35627] - Loss: 0.1010
  Batch [12760/35627] - Loss: 0.1010
  Batch [12770/35627] - Loss: 0.1010
  Batch [12780/35627] - Loss: 0.1010
  Batch [12790/35627] - Loss: 0.1010
  Batch [12800/35627] - Loss: 0.1010
  Batch [12810/35627] - Loss: 0.1010
  Batch [12820/35627] - Loss: 0.1010
  Batch [12830/35627] - Loss: 0.1010
  Batch [12840/35627] - Loss: 0.1010
  Batch [12850/35627] - Loss: 0.1011
  Batch [12860/35627] - Loss: 0.1011
  Batch [12870/35627] - Loss: 0.1011
  Batch [12880/35627] - Loss: 0.1011
  Batch [12890/35627] - Loss: 0.1010
  Batch [12900/35627] - Loss: 0.1010
  Batch [12910/35627] - Loss: 0.1010
  Batch [12920/35627] - Loss: 0.1011
  Batch [12930/35627] - Loss: 0.1011
  Batch [12940/35627] - Loss: 0.1011
  Batch [12950/35627] - Loss: 0.1011
  Batch [12960/35627] - Loss: 0.1011
  Batch [12970/35627] - Loss: 0.1011
  Batch [12980/35627] - Loss: 0.1011
  Batch [12990/35627] - Loss: 0.1010
  Batch [13000/35627] - Loss: 0.1011
  Batch [13010/35627] - Loss: 0.1011
  Batch [13020/35627] - Loss: 0.1010
  Batch [13030/35627] - Loss: 0.1010
  Batch [13040/35627] - Loss: 0.1010
  Batch [13050/35627] - Loss: 0.1010
  Batch [13060/35627] - Loss: 0.1010
  Batch [13070/35627] - Loss: 0.1010
  Batch [13080/35627] - Loss: 0.1010
  Batch [13090/35627] - Loss: 0.1010
  Batch [13100/35627] - Loss: 0.1010
  Batch [13110/35627] - Loss: 0.1010
  Batch [13120/35627] - Loss: 0.1010
  Batch [13130/35627] - Loss: 0.1010
  Batch [13140/35627] - Loss: 0.1009
  Batch [13150/35627] - Loss: 0.1009
  Batch [13160/35627] - Loss: 0.1009
  Batch [13170/35627] - Loss: 0.1009
  Batch [13180/35627] - Loss: 0.1009
  Batch [13190/35627] - Loss: 0.1009
  Batch [13200/35627] - Loss: 0.1009
  Batch [13210/35627] - Loss: 0.1009
  Batch [13220/35627] - Loss: 0.1009
  Batch [13230/35627] - Loss: 0.1009
  Batch [13240/35627] - Loss: 0.1009
  Batch [13250/35627] - Loss: 0.1009
  Batch [13260/35627] - Loss: 0.1010
  Batch [13270/35627] - Loss: 0.1010
  Batch [13280/35627] - Loss: 0.1010
  Batch [13290/35627] - Loss: 0.1010
  Batch [13300/35627] - Loss: 0.1010
  Batch [13310/35627] - Loss: 0.1010
  Batch [13320/35627] - Loss: 0.1010
  Batch [13330/35627] - Loss: 0.1010
  Batch [13340/35627] - Loss: 0.1010
  Batch [13350/35627] - Loss: 0.1010
  Batch [13360/35627] - Loss: 0.1011
  Batch [13370/35627] - Loss: 0.1010
  Batch [13380/35627] - Loss: 0.1011
  Batch [13390/35627] - Loss: 0.1010
  Batch [13400/35627] - Loss: 0.1010
  Batch [13410/35627] - Loss: 0.1010
  Batch [13420/35627] - Loss: 0.1010
  Batch [13430/35627] - Loss: 0.1010
  Batch [13440/35627] - Loss: 0.1010
  Batch [13450/35627] - Loss: 0.1010
  Batch [13460/35627] - Loss: 0.1010
  Batch [13470/35627] - Loss: 0.1010
  Batch [13480/35627] - Loss: 0.1010
  Batch [13490/35627] - Loss: 0.1010
  Batch [13500/35627] - Loss: 0.1010
  Batch [13510/35627] - Loss: 0.1010
  Batch [13520/35627] - Loss: 0.1010
  Batch [13530/35627] - Loss: 0.1010
  Batch [13540/35627] - Loss: 0.1010
  Batch [13550/35627] - Loss: 0.1010
  Batch [13560/35627] - Loss: 0.1010
  Batch [13570/35627] - Loss: 0.1010
  Batch [13580/35627] - Loss: 0.1011
  Batch [13590/35627] - Loss: 0.1011
  Batch [13600/35627] - Loss: 0.1011
  Batch [13610/35627] - Loss: 0.1011
  Batch [13620/35627] - Loss: 0.1011
  Batch [13630/35627] - Loss: 0.1011
  Batch [13640/35627] - Loss: 0.1010
  Batch [13650/35627] - Loss: 0.1010
  Batch [13660/35627] - Loss: 0.1010
  Batch [13670/35627] - Loss: 0.1011
  Batch [13680/35627] - Loss: 0.1010
  Batch [13690/35627] - Loss: 0.1011
  Batch [13700/35627] - Loss: 0.1011
  Batch [13710/35627] - Loss: 0.1011
  Batch [13720/35627] - Loss: 0.1011
  Batch [13730/35627] - Loss: 0.1011
  Batch [13740/35627] - Loss: 0.1010
  Batch [13750/35627] - Loss: 0.1010
  Batch [13760/35627] - Loss: 0.1010
  Batch [13770/35627] - Loss: 0.1010
  Batch [13780/35627] - Loss: 0.1010
  Batch [13790/35627] - Loss: 0.1010
  Batch [13800/35627] - Loss: 0.1011
  Batch [13810/35627] - Loss: 0.1010
  Batch [13820/35627] - Loss: 0.1010
  Batch [13830/35627] - Loss: 0.1010
  Batch [13840/35627] - Loss: 0.1010
  Batch [13850/35627] - Loss: 0.1010
  Batch [13860/35627] - Loss: 0.1011
  Batch [13870/35627] - Loss: 0.1011
  Batch [13880/35627] - Loss: 0.1011
  Batch [13890/35627] - Loss: 0.1011
  Batch [13900/35627] - Loss: 0.1011
  Batch [13910/35627] - Loss: 0.1012
  Batch [13920/35627] - Loss: 0.1012
  Batch [13930/35627] - Loss: 0.1012
  Batch [13940/35627] - Loss: 0.1012
  Batch [13950/35627] - Loss: 0.1012
  Batch [13960/35627] - Loss: 0.1012
  Batch [13970/35627] - Loss: 0.1012
  Batch [13980/35627] - Loss: 0.1012
  Batch [13990/35627] - Loss: 0.1012
  Batch [14000/35627] - Loss: 0.1012
  Batch [14010/35627] - Loss: 0.1012
  Batch [14020/35627] - Loss: 0.1012
  Batch [14030/35627] - Loss: 0.1012
  Batch [14040/35627] - Loss: 0.1012
  Batch [14050/35627] - Loss: 0.1012
  Batch [14060/35627] - Loss: 0.1012
  Batch [14070/35627] - Loss: 0.1012
  Batch [14080/35627] - Loss: 0.1012
  Batch [14090/35627] - Loss: 0.1012
  Batch [14100/35627] - Loss: 0.1012
  Batch [14110/35627] - Loss: 0.1012
  Batch [14120/35627] - Loss: 0.1011
  Batch [14130/35627] - Loss: 0.1011
  Batch [14140/35627] - Loss: 0.1011
  Batch [14150/35627] - Loss: 0.1011
  Batch [14160/35627] - Loss: 0.1011
  Batch [14170/35627] - Loss: 0.1011
  Batch [14180/35627] - Loss: 0.1012
  Batch [14190/35627] - Loss: 0.1012
  Batch [14200/35627] - Loss: 0.1012
  Batch [14210/35627] - Loss: 0.1012
  Batch [14220/35627] - Loss: 0.1012
  Batch [14230/35627] - Loss: 0.1012
  Batch [14240/35627] - Loss: 0.1012
  Batch [14250/35627] - Loss: 0.1011
  Batch [14260/35627] - Loss: 0.1011
  Batch [14270/35627] - Loss: 0.1011
  Batch [14280/35627] - Loss: 0.1012
  Batch [14290/35627] - Loss: 0.1011
  Batch [14300/35627] - Loss: 0.1011
  Batch [14310/35627] - Loss: 0.1011
  Batch [14320/35627] - Loss: 0.1011
  Batch [14330/35627] - Loss: 0.1011
  Batch [14340/35627] - Loss: 0.1012
  Batch [14350/35627] - Loss: 0.1012
  Batch [14360/35627] - Loss: 0.1012
  Batch [14370/35627] - Loss: 0.1012
  Batch [14380/35627] - Loss: 0.1012
  Batch [14390/35627] - Loss: 0.1012
  Batch [14400/35627] - Loss: 0.1011
  Batch [14410/35627] - Loss: 0.1012
  Batch [14420/35627] - Loss: 0.1012
  Batch [14430/35627] - Loss: 0.1012
  Batch [14440/35627] - Loss: 0.1012
  Batch [14450/35627] - Loss: 0.1012
  Batch [14460/35627] - Loss: 0.1012
  Batch [14470/35627] - Loss: 0.1012
  Batch [14480/35627] - Loss: 0.1012
  Batch [14490/35627] - Loss: 0.1012
  Batch [14500/35627] - Loss: 0.1012
  Batch [14510/35627] - Loss: 0.1012
  Batch [14520/35627] - Loss: 0.1012
  Batch [14530/35627] - Loss: 0.1012
  Batch [14540/35627] - Loss: 0.1012
  Batch [14550/35627] - Loss: 0.1012
  Batch [14560/35627] - Loss: 0.1012
  Batch [14570/35627] - Loss: 0.1012
  Batch [14580/35627] - Loss: 0.1012
  Batch [14590/35627] - Loss: 0.1012
  Batch [14600/35627] - Loss: 0.1012
  Batch [14610/35627] - Loss: 0.1012
  Batch [14620/35627] - Loss: 0.1012
  Batch [14630/35627] - Loss: 0.1012
  Batch [14640/35627] - Loss: 0.1012
  Batch [14650/35627] - Loss: 0.1012
  Batch [14660/35627] - Loss: 0.1012
  Batch [14670/35627] - Loss: 0.1012
  Batch [14680/35627] - Loss: 0.1012
  Batch [14690/35627] - Loss: 0.1012
  Batch [14700/35627] - Loss: 0.1012
  Batch [14710/35627] - Loss: 0.1012
  Batch [14720/35627] - Loss: 0.1012
  Batch [14730/35627] - Loss: 0.1012
  Batch [14740/35627] - Loss: 0.1012
  Batch [14750/35627] - Loss: 0.1012
  Batch [14760/35627] - Loss: 0.1011
  Batch [14770/35627] - Loss: 0.1011
  Batch [14780/35627] - Loss: 0.1011
  Batch [14790/35627] - Loss: 0.1011
  Batch [14800/35627] - Loss: 0.1011
  Batch [14810/35627] - Loss: 0.1011
  Batch [14820/35627] - Loss: 0.1011
  Batch [14830/35627] - Loss: 0.1011
  Batch [14840/35627] - Loss: 0.1011
  Batch [14850/35627] - Loss: 0.1011
  Batch [14860/35627] - Loss: 0.1011
  Batch [14870/35627] - Loss: 0.1011
  Batch [14880/35627] - Loss: 0.1011
  Batch [14890/35627] - Loss: 0.1011
  Batch [14900/35627] - Loss: 0.1011
  Batch [14910/35627] - Loss: 0.1011
  Batch [14920/35627] - Loss: 0.1012
  Batch [14930/35627] - Loss: 0.1012
  Batch [14940/35627] - Loss: 0.1012
  Batch [14950/35627] - Loss: 0.1012
  Batch [14960/35627] - Loss: 0.1012
  Batch [14970/35627] - Loss: 0.1012
  Batch [14980/35627] - Loss: 0.1012
  Batch [14990/35627] - Loss: 0.1012
  Batch [15000/35627] - Loss: 0.1011
  Batch [15010/35627] - Loss: 0.1012
  Batch [15020/35627] - Loss: 0.1012
  Batch [15030/35627] - Loss: 0.1011
  Batch [15040/35627] - Loss: 0.1012
  Batch [15050/35627] - Loss: 0.1012
  Batch [15060/35627] - Loss: 0.1012
  Batch [15070/35627] - Loss: 0.1011
  Batch [15080/35627] - Loss: 0.1012
  Batch [15090/35627] - Loss: 0.1012
  Batch [15100/35627] - Loss: 0.1012
  Batch [15110/35627] - Loss: 0.1012
  Batch [15120/35627] - Loss: 0.1012
  Batch [15130/35627] - Loss: 0.1012
  Batch [15140/35627] - Loss: 0.1012
  Batch [15150/35627] - Loss: 0.1012
  Batch [15160/35627] - Loss: 0.1013
  Batch [15170/35627] - Loss: 0.1013
  Batch [15180/35627] - Loss: 0.1012
  Batch [15190/35627] - Loss: 0.1012
  Batch [15200/35627] - Loss: 0.1012
  Batch [15210/35627] - Loss: 0.1012
  Batch [15220/35627] - Loss: 0.1012
  Batch [15230/35627] - Loss: 0.1012
  Batch [15240/35627] - Loss: 0.1012
  Batch [15250/35627] - Loss: 0.1012
  Batch [15260/35627] - Loss: 0.1012
  Batch [15270/35627] - Loss: 0.1012
  Batch [15280/35627] - Loss: 0.1012
  Batch [15290/35627] - Loss: 0.1012
  Batch [15300/35627] - Loss: 0.1012
  Batch [15310/35627] - Loss: 0.1012
  Batch [15320/35627] - Loss: 0.1012
  Batch [15330/35627] - Loss: 0.1012
  Batch [15340/35627] - Loss: 0.1012
  Batch [15350/35627] - Loss: 0.1012
  Batch [15360/35627] - Loss: 0.1012
  Batch [15370/35627] - Loss: 0.1012
  Batch [15380/35627] - Loss: 0.1012
  Batch [15390/35627] - Loss: 0.1011
  Batch [15400/35627] - Loss: 0.1012
  Batch [15410/35627] - Loss: 0.1011
  Batch [15420/35627] - Loss: 0.1012
  Batch [15430/35627] - Loss: 0.1012
  Batch [15440/35627] - Loss: 0.1012
  Batch [15450/35627] - Loss: 0.1012
  Batch [15460/35627] - Loss: 0.1012
  Batch [15470/35627] - Loss: 0.1012
  Batch [15480/35627] - Loss: 0.1012
  Batch [15490/35627] - Loss: 0.1012
  Batch [15500/35627] - Loss: 0.1012
  Batch [15510/35627] - Loss: 0.1012
  Batch [15520/35627] - Loss: 0.1012
  Batch [15530/35627] - Loss: 0.1012
  Batch [15540/35627] - Loss: 0.1012
  Batch [15550/35627] - Loss: 0.1012
  Batch [15560/35627] - Loss: 0.1012
  Batch [15570/35627] - Loss: 0.1012
  Batch [15580/35627] - Loss: 0.1012
  Batch [15590/35627] - Loss: 0.1012
  Batch [15600/35627] - Loss: 0.1012
  Batch [15610/35627] - Loss: 0.1012
  Batch [15620/35627] - Loss: 0.1012
  Batch [15630/35627] - Loss: 0.1012
  Batch [15640/35627] - Loss: 0.1012
  Batch [15650/35627] - Loss: 0.1012
  Batch [15660/35627] - Loss: 0.1012
  Batch [15670/35627] - Loss: 0.1012
  Batch [15680/35627] - Loss: 0.1012
  Batch [15690/35627] - Loss: 0.1012
  Batch [15700/35627] - Loss: 0.1012
  Batch [15710/35627] - Loss: 0.1012
  Batch [15720/35627] - Loss: 0.1012
  Batch [15730/35627] - Loss: 0.1012
  Batch [15740/35627] - Loss: 0.1012
  Batch [15750/35627] - Loss: 0.1012
  Batch [15760/35627] - Loss: 0.1012
  Batch [15770/35627] - Loss: 0.1012
  Batch [15780/35627] - Loss: 0.1012
  Batch [15790/35627] - Loss: 0.1012
  Batch [15800/35627] - Loss: 0.1011
  Batch [15810/35627] - Loss: 0.1011
  Batch [15820/35627] - Loss: 0.1012
  Batch [15830/35627] - Loss: 0.1012
  Batch [15840/35627] - Loss: 0.1011
  Batch [15850/35627] - Loss: 0.1011
  Batch [15860/35627] - Loss: 0.1011
  Batch [15870/35627] - Loss: 0.1011
  Batch [15880/35627] - Loss: 0.1011
  Batch [15890/35627] - Loss: 0.1011
  Batch [15900/35627] - Loss: 0.1011
  Batch [15910/35627] - Loss: 0.1011
  Batch [15920/35627] - Loss: 0.1011
  Batch [15930/35627] - Loss: 0.1011
  Batch [15940/35627] - Loss: 0.1011
  Batch [15950/35627] - Loss: 0.1011
  Batch [15960/35627] - Loss: 0.1011
  Batch [15970/35627] - Loss: 0.1011
  Batch [15980/35627] - Loss: 0.1011
  Batch [15990/35627] - Loss: 0.1012
  Batch [16000/35627] - Loss: 0.1012
  Batch [16010/35627] - Loss: 0.1012
  Batch [16020/35627] - Loss: 0.1012
  Batch [16030/35627] - Loss: 0.1012
  Batch [16040/35627] - Loss: 0.1012
  Batch [16050/35627] - Loss: 0.1012
  Batch [16060/35627] - Loss: 0.1012
  Batch [16070/35627] - Loss: 0.1012
  Batch [16080/35627] - Loss: 0.1012
  Batch [16090/35627] - Loss: 0.1012
  Batch [16100/35627] - Loss: 0.1012
  Batch [16110/35627] - Loss: 0.1012
  Batch [16120/35627] - Loss: 0.1012
  Batch [16130/35627] - Loss: 0.1012
  Batch [16140/35627] - Loss: 0.1012
  Batch [16150/35627] - Loss: 0.1012
  Batch [16160/35627] - Loss: 0.1012
  Batch [16170/35627] - Loss: 0.1012
  Batch [16180/35627] - Loss: 0.1012
  Batch [16190/35627] - Loss: 0.1012
  Batch [16200/35627] - Loss: 0.1012
  Batch [16210/35627] - Loss: 0.1012
  Batch [16220/35627] - Loss: 0.1012
  Batch [16230/35627] - Loss: 0.1012
  Batch [16240/35627] - Loss: 0.1012
  Batch [16250/35627] - Loss: 0.1012
  Batch [16260/35627] - Loss: 0.1012
  Batch [16270/35627] - Loss: 0.1012
  Batch [16280/35627] - Loss: 0.1012
  Batch [16290/35627] - Loss: 0.1012
  Batch [16300/35627] - Loss: 0.1012
  Batch [16310/35627] - Loss: 0.1012
  Batch [16320/35627] - Loss: 0.1012
  Batch [16330/35627] - Loss: 0.1012
  Batch [16340/35627] - Loss: 0.1012
  Batch [16350/35627] - Loss: 0.1012
  Batch [16360/35627] - Loss: 0.1012
  Batch [16370/35627] - Loss: 0.1012
  Batch [16380/35627] - Loss: 0.1012
  Batch [16390/35627] - Loss: 0.1012
  Batch [16400/35627] - Loss: 0.1012
  Batch [16410/35627] - Loss: 0.1012
  Batch [16420/35627] - Loss: 0.1012
  Batch [16430/35627] - Loss: 0.1012
  Batch [16440/35627] - Loss: 0.1012
  Batch [16450/35627] - Loss: 0.1012
  Batch [16460/35627] - Loss: 0.1012
  Batch [16470/35627] - Loss: 0.1012
  Batch [16480/35627] - Loss: 0.1012
  Batch [16490/35627] - Loss: 0.1012
  Batch [16500/35627] - Loss: 0.1012
  Batch [16510/35627] - Loss: 0.1012
  Batch [16520/35627] - Loss: 0.1012
  Batch [16530/35627] - Loss: 0.1012
  Batch [16540/35627] - Loss: 0.1012
  Batch [16550/35627] - Loss: 0.1012
  Batch [16560/35627] - Loss: 0.1012
  Batch [16570/35627] - Loss: 0.1012
  Batch [16580/35627] - Loss: 0.1012
  Batch [16590/35627] - Loss: 0.1012
  Batch [16600/35627] - Loss: 0.1012
  Batch [16610/35627] - Loss: 0.1012
  Batch [16620/35627] - Loss: 0.1012
  Batch [16630/35627] - Loss: 0.1012
  Batch [16640/35627] - Loss: 0.1012
  Batch [16650/35627] - Loss: 0.1012
  Batch [16660/35627] - Loss: 0.1012
  Batch [16670/35627] - Loss: 0.1012
  Batch [16680/35627] - Loss: 0.1012
  Batch [16690/35627] - Loss: 0.1012
  Batch [16700/35627] - Loss: 0.1012
  Batch [16710/35627] - Loss: 0.1012
  Batch [16720/35627] - Loss: 0.1012
  Batch [16730/35627] - Loss: 0.1012
  Batch [16740/35627] - Loss: 0.1012
  Batch [16750/35627] - Loss: 0.1012
  Batch [16760/35627] - Loss: 0.1012
  Batch [16770/35627] - Loss: 0.1012
  Batch [16780/35627] - Loss: 0.1012
  Batch [16790/35627] - Loss: 0.1012
  Batch [16800/35627] - Loss: 0.1012
  Batch [16810/35627] - Loss: 0.1012
  Batch [16820/35627] - Loss: 0.1012
  Batch [16830/35627] - Loss: 0.1013
  Batch [16840/35627] - Loss: 0.1013
  Batch [16850/35627] - Loss: 0.1012
  Batch [16860/35627] - Loss: 0.1012
  Batch [16870/35627] - Loss: 0.1012
  Batch [16880/35627] - Loss: 0.1012
  Batch [16890/35627] - Loss: 0.1012
  Batch [16900/35627] - Loss: 0.1012
  Batch [16910/35627] - Loss: 0.1012
  Batch [16920/35627] - Loss: 0.1012
  Batch [16930/35627] - Loss: 0.1012
  Batch [16940/35627] - Loss: 0.1012
  Batch [16950/35627] - Loss: 0.1012
  Batch [16960/35627] - Loss: 0.1012
  Batch [16970/35627] - Loss: 0.1012
  Batch [16980/35627] - Loss: 0.1012
  Batch [16990/35627] - Loss: 0.1012
  Batch [17000/35627] - Loss: 0.1012
  Batch [17010/35627] - Loss: 0.1012
  Batch [17020/35627] - Loss: 0.1012
  Batch [17030/35627] - Loss: 0.1012
  Batch [17040/35627] - Loss: 0.1012
  Batch [17050/35627] - Loss: 0.1012
  Batch [17060/35627] - Loss: 0.1012
  Batch [17070/35627] - Loss: 0.1012
  Batch [17080/35627] - Loss: 0.1012
  Batch [17090/35627] - Loss: 0.1012
  Batch [17100/35627] - Loss: 0.1012
  Batch [17110/35627] - Loss: 0.1012
  Batch [17120/35627] - Loss: 0.1012
  Batch [17130/35627] - Loss: 0.1012
  Batch [17140/35627] - Loss: 0.1012
  Batch [17150/35627] - Loss: 0.1012
  Batch [17160/35627] - Loss: 0.1012
  Batch [17170/35627] - Loss: 0.1012
  Batch [17180/35627] - Loss: 0.1012
  Batch [17190/35627] - Loss: 0.1012
  Batch [17200/35627] - Loss: 0.1012
  Batch [17210/35627] - Loss: 0.1011
  Batch [17220/35627] - Loss: 0.1012
  Batch [17230/35627] - Loss: 0.1012
  Batch [17240/35627] - Loss: 0.1012
  Batch [17250/35627] - Loss: 0.1012
  Batch [17260/35627] - Loss: 0.1012
  Batch [17270/35627] - Loss: 0.1012
  Batch [17280/35627] - Loss: 0.1012
  Batch [17290/35627] - Loss: 0.1012
  Batch [17300/35627] - Loss: 0.1012
  Batch [17310/35627] - Loss: 0.1012
  Batch [17320/35627] - Loss: 0.1011
  Batch [17330/35627] - Loss: 0.1011
  Batch [17340/35627] - Loss: 0.1011
  Batch [17350/35627] - Loss: 0.1011
  Batch [17360/35627] - Loss: 0.1011
  Batch [17370/35627] - Loss: 0.1011
  Batch [17380/35627] - Loss: 0.1011
  Batch [17390/35627] - Loss: 0.1011
  Batch [17400/35627] - Loss: 0.1011
  Batch [17410/35627] - Loss: 0.1011
  Batch [17420/35627] - Loss: 0.1011
  Batch [17430/35627] - Loss: 0.1011
  Batch [17440/35627] - Loss: 0.1011
  Batch [17450/35627] - Loss: 0.1011
  Batch [17460/35627] - Loss: 0.1011
  Batch [17470/35627] - Loss: 0.1011
  Batch [17480/35627] - Loss: 0.1011
  Batch [17490/35627] - Loss: 0.1011
  Batch [17500/35627] - Loss: 0.1011
  Batch [17510/35627] - Loss: 0.1011
  Batch [17520/35627] - Loss: 0.1011
  Batch [17530/35627] - Loss: 0.1011
  Batch [17540/35627] - Loss: 0.1011
  Batch [17550/35627] - Loss: 0.1011
  Batch [17560/35627] - Loss: 0.1011
  Batch [17570/35627] - Loss: 0.1011
  Batch [17580/35627] - Loss: 0.1011
  Batch [17590/35627] - Loss: 0.1011
  Batch [17600/35627] - Loss: 0.1011
  Batch [17610/35627] - Loss: 0.1011
  Batch [17620/35627] - Loss: 0.1011
  Batch [17630/35627] - Loss: 0.1011
  Batch [17640/35627] - Loss: 0.1011
  Batch [17650/35627] - Loss: 0.1011
  Batch [17660/35627] - Loss: 0.1011
  Batch [17670/35627] - Loss: 0.1011
  Batch [17680/35627] - Loss: 0.1011
  Batch [17690/35627] - Loss: 0.1011
  Batch [17700/35627] - Loss: 0.1011
  Batch [17710/35627] - Loss: 0.1011
  Batch [17720/35627] - Loss: 0.1011
  Batch [17730/35627] - Loss: 0.1011
  Batch [17740/35627] - Loss: 0.1011
  Batch [17750/35627] - Loss: 0.1011
  Batch [17760/35627] - Loss: 0.1011
  Batch [17770/35627] - Loss: 0.1011
  Batch [17780/35627] - Loss: 0.1011
  Batch [17790/35627] - Loss: 0.1011
  Batch [17800/35627] - Loss: 0.1011
  Batch [17810/35627] - Loss: 0.1011
  Batch [17820/35627] - Loss: 0.1011
  Batch [17830/35627] - Loss: 0.1011
  Batch [17840/35627] - Loss: 0.1011
  Batch [17850/35627] - Loss: 0.1011
  Batch [17860/35627] - Loss: 0.1011
  Batch [17870/35627] - Loss: 0.1011
  Batch [17880/35627] - Loss: 0.1011
  Batch [17890/35627] - Loss: 0.1011
  Batch [17900/35627] - Loss: 0.1011
  Batch [17910/35627] - Loss: 0.1011
  Batch [17920/35627] - Loss: 0.1011
  Batch [17930/35627] - Loss: 0.1011
  Batch [17940/35627] - Loss: 0.1011
  Batch [17950/35627] - Loss: 0.1011
  Batch [17960/35627] - Loss: 0.1011
  Batch [17970/35627] - Loss: 0.1011
  Batch [17980/35627] - Loss: 0.1011
  Batch [17990/35627] - Loss: 0.1011
  Batch [18000/35627] - Loss: 0.1011
  Batch [18010/35627] - Loss: 0.1011
  Batch [18020/35627] - Loss: 0.1011
  Batch [18030/35627] - Loss: 0.1011
  Batch [18040/35627] - Loss: 0.1011
  Batch [18050/35627] - Loss: 0.1011
  Batch [18060/35627] - Loss: 0.1011
  Batch [18070/35627] - Loss: 0.1011
  Batch [18080/35627] - Loss: 0.1011
  Batch [18090/35627] - Loss: 0.1011
  Batch [18100/35627] - Loss: 0.1012
  Batch [18110/35627] - Loss: 0.1011
  Batch [18120/35627] - Loss: 0.1012
  Batch [18130/35627] - Loss: 0.1012
  Batch [18140/35627] - Loss: 0.1012
  Batch [18150/35627] - Loss: 0.1012
  Batch [18160/35627] - Loss: 0.1012
  Batch [18170/35627] - Loss: 0.1012
  Batch [18180/35627] - Loss: 0.1012
  Batch [18190/35627] - Loss: 0.1012
  Batch [18200/35627] - Loss: 0.1012
  Batch [18210/35627] - Loss: 0.1012
  Batch [18220/35627] - Loss: 0.1012
  Batch [18230/35627] - Loss: 0.1012
  Batch [18240/35627] - Loss: 0.1012
  Batch [18250/35627] - Loss: 0.1012
  Batch [18260/35627] - Loss: 0.1012
  Batch [18270/35627] - Loss: 0.1012
  Batch [18280/35627] - Loss: 0.1012
  Batch [18290/35627] - Loss: 0.1012
  Batch [18300/35627] - Loss: 0.1011
  Batch [18310/35627] - Loss: 0.1011
  Batch [18320/35627] - Loss: 0.1011
  Batch [18330/35627] - Loss: 0.1011
  Batch [18340/35627] - Loss: 0.1011
  Batch [18350/35627] - Loss: 0.1011
  Batch [18360/35627] - Loss: 0.1011
  Batch [18370/35627] - Loss: 0.1011
  Batch [18380/35627] - Loss: 0.1011
  Batch [18390/35627] - Loss: 0.1011
  Batch [18400/35627] - Loss: 0.1011
  Batch [18410/35627] - Loss: 0.1011
  Batch [18420/35627] - Loss: 0.1011
  Batch [18430/35627] - Loss: 0.1011
  Batch [18440/35627] - Loss: 0.1011
  Batch [18450/35627] - Loss: 0.1011
  Batch [18460/35627] - Loss: 0.1011
  Batch [18470/35627] - Loss: 0.1011
  Batch [18480/35627] - Loss: 0.1011
  Batch [18490/35627] - Loss: 0.1011
  Batch [18500/35627] - Loss: 0.1011
  Batch [18510/35627] - Loss: 0.1011
  Batch [18520/35627] - Loss: 0.1011
  Batch [18530/35627] - Loss: 0.1011
  Batch [18540/35627] - Loss: 0.1011
  Batch [18550/35627] - Loss: 0.1011
  Batch [18560/35627] - Loss: 0.1011
  Batch [18570/35627] - Loss: 0.1011
  Batch [18580/35627] - Loss: 0.1011
  Batch [18590/35627] - Loss: 0.1011
  Batch [18600/35627] - Loss: 0.1011
  Batch [18610/35627] - Loss: 0.1011
  Batch [18620/35627] - Loss: 0.1011
  Batch [18630/35627] - Loss: 0.1011
  Batch [18640/35627] - Loss: 0.1011
  Batch [18650/35627] - Loss: 0.1010
  Batch [18660/35627] - Loss: 0.1010
  Batch [18670/35627] - Loss: 0.1010
  Batch [18680/35627] - Loss: 0.1010
  Batch [18690/35627] - Loss: 0.1010
  Batch [18700/35627] - Loss: 0.1011
  Batch [18710/35627] - Loss: 0.1011
  Batch [18720/35627] - Loss: 0.1011
  Batch [18730/35627] - Loss: 0.1010
  Batch [18740/35627] - Loss: 0.1010
  Batch [18750/35627] - Loss: 0.1010
  Batch [18760/35627] - Loss: 0.1010
  Batch [18770/35627] - Loss: 0.1010
  Batch [18780/35627] - Loss: 0.1011
  Batch [18790/35627] - Loss: 0.1011
  Batch [18800/35627] - Loss: 0.1011
  Batch [18810/35627] - Loss: 0.1011
  Batch [18820/35627] - Loss: 0.1011
  Batch [18830/35627] - Loss: 0.1011
  Batch [18840/35627] - Loss: 0.1011
  Batch [18850/35627] - Loss: 0.1011
  Batch [18860/35627] - Loss: 0.1011
  Batch [18870/35627] - Loss: 0.1011
  Batch [18880/35627] - Loss: 0.1011
  Batch [18890/35627] - Loss: 0.1011
  Batch [18900/35627] - Loss: 0.1011
  Batch [18910/35627] - Loss: 0.1011
  Batch [18920/35627] - Loss: 0.1011
  Batch [18930/35627] - Loss: 0.1011
  Batch [18940/35627] - Loss: 0.1011
  Batch [18950/35627] - Loss: 0.1011
  Batch [18960/35627] - Loss: 0.1011
  Batch [18970/35627] - Loss: 0.1011
  Batch [18980/35627] - Loss: 0.1011
  Batch [18990/35627] - Loss: 0.1011
  Batch [19000/35627] - Loss: 0.1011
  Batch [19010/35627] - Loss: 0.1011
  Batch [19020/35627] - Loss: 0.1011
  Batch [19030/35627] - Loss: 0.1011
  Batch [19040/35627] - Loss: 0.1011
  Batch [19050/35627] - Loss: 0.1011
  Batch [19060/35627] - Loss: 0.1011
  Batch [19070/35627] - Loss: 0.1011
  Batch [19080/35627] - Loss: 0.1011
  Batch [19090/35627] - Loss: 0.1011
  Batch [19100/35627] - Loss: 0.1011
  Batch [19110/35627] - Loss: 0.1011
  Batch [19120/35627] - Loss: 0.1011
  Batch [19130/35627] - Loss: 0.1011
  Batch [19140/35627] - Loss: 0.1011
  Batch [19150/35627] - Loss: 0.1011
  Batch [19160/35627] - Loss: 0.1011
  Batch [19170/35627] - Loss: 0.1011
  Batch [19180/35627] - Loss: 0.1011
  Batch [19190/35627] - Loss: 0.1011
  Batch [19200/35627] - Loss: 0.1011
  Batch [19210/35627] - Loss: 0.1011
  Batch [19220/35627] - Loss: 0.1011
  Batch [19230/35627] - Loss: 0.1011
  Batch [19240/35627] - Loss: 0.1011
  Batch [19250/35627] - Loss: 0.1011
  Batch [19260/35627] - Loss: 0.1011
  Batch [19270/35627] - Loss: 0.1011
  Batch [19280/35627] - Loss: 0.1011
  Batch [19290/35627] - Loss: 0.1011
  Batch [19300/35627] - Loss: 0.1011
  Batch [19310/35627] - Loss: 0.1011
  Batch [19320/35627] - Loss: 0.1011
  Batch [19330/35627] - Loss: 0.1011
  Batch [19340/35627] - Loss: 0.1011
  Batch [19350/35627] - Loss: 0.1011
  Batch [19360/35627] - Loss: 0.1011
  Batch [19370/35627] - Loss: 0.1011
  Batch [19380/35627] - Loss: 0.1011
  Batch [19390/35627] - Loss: 0.1011
  Batch [19400/35627] - Loss: 0.1011
  Batch [19410/35627] - Loss: 0.1011
  Batch [19420/35627] - Loss: 0.1011
  Batch [19430/35627] - Loss: 0.1011
  Batch [19440/35627] - Loss: 0.1011
  Batch [19450/35627] - Loss: 0.1011
  Batch [19460/35627] - Loss: 0.1011
  Batch [19470/35627] - Loss: 0.1011
  Batch [19480/35627] - Loss: 0.1011
  Batch [19490/35627] - Loss: 0.1011
  Batch [19500/35627] - Loss: 0.1011
  Batch [19510/35627] - Loss: 0.1011
  Batch [19520/35627] - Loss: 0.1011
  Batch [19530/35627] - Loss: 0.1011
  Batch [19540/35627] - Loss: 0.1011
  Batch [19550/35627] - Loss: 0.1011
  Batch [19560/35627] - Loss: 0.1011
  Batch [19570/35627] - Loss: 0.1011
  Batch [19580/35627] - Loss: 0.1011
  Batch [19590/35627] - Loss: 0.1011
  Batch [19600/35627] - Loss: 0.1011
  Batch [19610/35627] - Loss: 0.1011
  Batch [19620/35627] - Loss: 0.1011
  Batch [19630/35627] - Loss: 0.1011
  Batch [19640/35627] - Loss: 0.1011
  Batch [19650/35627] - Loss: 0.1011
  Batch [19660/35627] - Loss: 0.1011
  Batch [19670/35627] - Loss: 0.1011
  Batch [19680/35627] - Loss: 0.1011
  Batch [19690/35627] - Loss: 0.1011
  Batch [19700/35627] - Loss: 0.1011
  Batch [19710/35627] - Loss: 0.1012
  Batch [19720/35627] - Loss: 0.1011
  Batch [19730/35627] - Loss: 0.1011
  Batch [19740/35627] - Loss: 0.1011
  Batch [19750/35627] - Loss: 0.1011
  Batch [19760/35627] - Loss: 0.1011
  Batch [19770/35627] - Loss: 0.1011
  Batch [19780/35627] - Loss: 0.1011
  Batch [19790/35627] - Loss: 0.1011
  Batch [19800/35627] - Loss: 0.1011
  Batch [19810/35627] - Loss: 0.1011
  Batch [19820/35627] - Loss: 0.1011
  Batch [19830/35627] - Loss: 0.1011
  Batch [19840/35627] - Loss: 0.1011
  Batch [19850/35627] - Loss: 0.1011
  Batch [19860/35627] - Loss: 0.1011
  Batch [19870/35627] - Loss: 0.1011
  Batch [19880/35627] - Loss: 0.1011
  Batch [19890/35627] - Loss: 0.1011
  Batch [19900/35627] - Loss: 0.1011
  Batch [19910/35627] - Loss: 0.1011
  Batch [19920/35627] - Loss: 0.1011
  Batch [19930/35627] - Loss: 0.1011
  Batch [19940/35627] - Loss: 0.1010
  Batch [19950/35627] - Loss: 0.1010
  Batch [19960/35627] - Loss: 0.1010
  Batch [19970/35627] - Loss: 0.1010
  Batch [19980/35627] - Loss: 0.1010
  Batch [19990/35627] - Loss: 0.1010
  Batch [20000/35627] - Loss: 0.1010
  Batch [20010/35627] - Loss: 0.1011
  Batch [20020/35627] - Loss: 0.1011
  Batch [20030/35627] - Loss: 0.1011
  Batch [20040/35627] - Loss: 0.1011
  Batch [20050/35627] - Loss: 0.1011
  Batch [20060/35627] - Loss: 0.1011
  Batch [20070/35627] - Loss: 0.1011
  Batch [20080/35627] - Loss: 0.1011
  Batch [20090/35627] - Loss: 0.1011
  Batch [20100/35627] - Loss: 0.1010
  Batch [20110/35627] - Loss: 0.1010
  Batch [20120/35627] - Loss: 0.1010
  Batch [20130/35627] - Loss: 0.1010
  Batch [20140/35627] - Loss: 0.1010
  Batch [20150/35627] - Loss: 0.1010
  Batch [20160/35627] - Loss: 0.1010
  Batch [20170/35627] - Loss: 0.1010
  Batch [20180/35627] - Loss: 0.1010
  Batch [20190/35627] - Loss: 0.1010
  Batch [20200/35627] - Loss: 0.1010
  Batch [20210/35627] - Loss: 0.1010
  Batch [20220/35627] - Loss: 0.1010
  Batch [20230/35627] - Loss: 0.1010
  Batch [20240/35627] - Loss: 0.1010
  Batch [20250/35627] - Loss: 0.1010
  Batch [20260/35627] - Loss: 0.1010
  Batch [20270/35627] - Loss: 0.1010
  Batch [20280/35627] - Loss: 0.1010
  Batch [20290/35627] - Loss: 0.1010
  Batch [20300/35627] - Loss: 0.1010
  Batch [20310/35627] - Loss: 0.1010
  Batch [20320/35627] - Loss: 0.1010
  Batch [20330/35627] - Loss: 0.1010
  Batch [20340/35627] - Loss: 0.1010
  Batch [20350/35627] - Loss: 0.1010
  Batch [20360/35627] - Loss: 0.1010
  Batch [20370/35627] - Loss: 0.1010
  Batch [20380/35627] - Loss: 0.1010
  Batch [20390/35627] - Loss: 0.1010
  Batch [20400/35627] - Loss: 0.1010
  Batch [20410/35627] - Loss: 0.1010
  Batch [20420/35627] - Loss: 0.1010
  Batch [20430/35627] - Loss: 0.1010
  Batch [20440/35627] - Loss: 0.1010
  Batch [20450/35627] - Loss: 0.1010
  Batch [20460/35627] - Loss: 0.1010
  Batch [20470/35627] - Loss: 0.1010
  Batch [20480/35627] - Loss: 0.1010
  Batch [20490/35627] - Loss: 0.1010
  Batch [20500/35627] - Loss: 0.1010
  Batch [20510/35627] - Loss: 0.1010
  Batch [20520/35627] - Loss: 0.1010
  Batch [20530/35627] - Loss: 0.1010
  Batch [20540/35627] - Loss: 0.1010
  Batch [20550/35627] - Loss: 0.1010
  Batch [20560/35627] - Loss: 0.1010
  Batch [20570/35627] - Loss: 0.1010
  Batch [20580/35627] - Loss: 0.1010
  Batch [20590/35627] - Loss: 0.1010
  Batch [20600/35627] - Loss: 0.1010
  Batch [20610/35627] - Loss: 0.1010
  Batch [20620/35627] - Loss: 0.1010
  Batch [20630/35627] - Loss: 0.1010
  Batch [20640/35627] - Loss: 0.1010
  Batch [20650/35627] - Loss: 0.1010
  Batch [20660/35627] - Loss: 0.1010
  Batch [20670/35627] - Loss: 0.1010
  Batch [20680/35627] - Loss: 0.1010
  Batch [20690/35627] - Loss: 0.1010
  Batch [20700/35627] - Loss: 0.1010
  Batch [20710/35627] - Loss: 0.1010
  Batch [20720/35627] - Loss: 0.1010
  Batch [20730/35627] - Loss: 0.1010
  Batch [20740/35627] - Loss: 0.1010
  Batch [20750/35627] - Loss: 0.1010
  Batch [20760/35627] - Loss: 0.1009
  Batch [20770/35627] - Loss: 0.1010
  Batch [20780/35627] - Loss: 0.1009
  Batch [20790/35627] - Loss: 0.1010
  Batch [20800/35627] - Loss: 0.1009
  Batch [20810/35627] - Loss: 0.1010
  Batch [20820/35627] - Loss: 0.1010
  Batch [20830/35627] - Loss: 0.1010
  Batch [20840/35627] - Loss: 0.1010
  Batch [20850/35627] - Loss: 0.1010
  Batch [20860/35627] - Loss: 0.1010
  Batch [20870/35627] - Loss: 0.1010
  Batch [20880/35627] - Loss: 0.1010
  Batch [20890/35627] - Loss: 0.1010
  Batch [20900/35627] - Loss: 0.1010
  Batch [20910/35627] - Loss: 0.1010
  Batch [20920/35627] - Loss: 0.1010
  Batch [20930/35627] - Loss: 0.1010
  Batch [20940/35627] - Loss: 0.1010
  Batch [20950/35627] - Loss: 0.1010
  Batch [20960/35627] - Loss: 0.1010
  Batch [20970/35627] - Loss: 0.1010
  Batch [20980/35627] - Loss: 0.1010
  Batch [20990/35627] - Loss: 0.1010
  Batch [21000/35627] - Loss: 0.1009
  Batch [21010/35627] - Loss: 0.1010
  Batch [21020/35627] - Loss: 0.1010
  Batch [21030/35627] - Loss: 0.1010
  Batch [21040/35627] - Loss: 0.1010
  Batch [21050/35627] - Loss: 0.1010
  Batch [21060/35627] - Loss: 0.1010
  Batch [21070/35627] - Loss: 0.1010
  Batch [21080/35627] - Loss: 0.1010
  Batch [21090/35627] - Loss: 0.1009
  Batch [21100/35627] - Loss: 0.1009
  Batch [21110/35627] - Loss: 0.1009
  Batch [21120/35627] - Loss: 0.1009
  Batch [21130/35627] - Loss: 0.1009
  Batch [21140/35627] - Loss: 0.1009
  Batch [21150/35627] - Loss: 0.1009
  Batch [21160/35627] - Loss: 0.1009
  Batch [21170/35627] - Loss: 0.1009
  Batch [21180/35627] - Loss: 0.1009
  Batch [21190/35627] - Loss: 0.1009
  Batch [21200/35627] - Loss: 0.1010
  Batch [21210/35627] - Loss: 0.1009
  Batch [21220/35627] - Loss: 0.1009
  Batch [21230/35627] - Loss: 0.1009
  Batch [21240/35627] - Loss: 0.1009
  Batch [21250/35627] - Loss: 0.1010
  Batch [21260/35627] - Loss: 0.1010
  Batch [21270/35627] - Loss: 0.1010
  Batch [21280/35627] - Loss: 0.1009
  Batch [21290/35627] - Loss: 0.1010
  Batch [21300/35627] - Loss: 0.1010
  Batch [21310/35627] - Loss: 0.1010
  Batch [21320/35627] - Loss: 0.1010
  Batch [21330/35627] - Loss: 0.1010
  Batch [21340/35627] - Loss: 0.1010
  Batch [21350/35627] - Loss: 0.1010
  Batch [21360/35627] - Loss: 0.1010
  Batch [21370/35627] - Loss: 0.1010
  Batch [21380/35627] - Loss: 0.1010
  Batch [21390/35627] - Loss: 0.1010
  Batch [21400/35627] - Loss: 0.1010
  Batch [21410/35627] - Loss: 0.1010
  Batch [21420/35627] - Loss: 0.1010
  Batch [21430/35627] - Loss: 0.1010
  Batch [21440/35627] - Loss: 0.1010
  Batch [21450/35627] - Loss: 0.1010
  Batch [21460/35627] - Loss: 0.1010
  Batch [21470/35627] - Loss: 0.1010
  Batch [21480/35627] - Loss: 0.1010
  Batch [21490/35627] - Loss: 0.1010
  Batch [21500/35627] - Loss: 0.1010
  Batch [21510/35627] - Loss: 0.1010
  Batch [21520/35627] - Loss: 0.1010
  Batch [21530/35627] - Loss: 0.1010
  Batch [21540/35627] - Loss: 0.1010
  Batch [21550/35627] - Loss: 0.1010
  Batch [21560/35627] - Loss: 0.1010
  Batch [21570/35627] - Loss: 0.1010
  Batch [21580/35627] - Loss: 0.1010
  Batch [21590/35627] - Loss: 0.1010
  Batch [21600/35627] - Loss: 0.1010
  Batch [21610/35627] - Loss: 0.1010
  Batch [21620/35627] - Loss: 0.1010
  Batch [21630/35627] - Loss: 0.1010
  Batch [21640/35627] - Loss: 0.1010
  Batch [21650/35627] - Loss: 0.1010
  Batch [21660/35627] - Loss: 0.1011
  Batch [21670/35627] - Loss: 0.1011
  Batch [21680/35627] - Loss: 0.1011
  Batch [21690/35627] - Loss: 0.1011
  Batch [21700/35627] - Loss: 0.1011
  Batch [21710/35627] - Loss: 0.1010
  Batch [21720/35627] - Loss: 0.1011
  Batch [21730/35627] - Loss: 0.1011
  Batch [21740/35627] - Loss: 0.1010
  Batch [21750/35627] - Loss: 0.1011
  Batch [21760/35627] - Loss: 0.1011
  Batch [21770/35627] - Loss: 0.1011
  Batch [21780/35627] - Loss: 0.1011
  Batch [21790/35627] - Loss: 0.1010
  Batch [21800/35627] - Loss: 0.1010
  Batch [21810/35627] - Loss: 0.1010
  Batch [21820/35627] - Loss: 0.1010
  Batch [21830/35627] - Loss: 0.1011
  Batch [21840/35627] - Loss: 0.1010
  Batch [21850/35627] - Loss: 0.1010
  Batch [21860/35627] - Loss: 0.1010
  Batch [21870/35627] - Loss: 0.1010
  Batch [21880/35627] - Loss: 0.1010
  Batch [21890/35627] - Loss: 0.1010
  Batch [21900/35627] - Loss: 0.1010
  Batch [21910/35627] - Loss: 0.1010
  Batch [21920/35627] - Loss: 0.1010
  Batch [21930/35627] - Loss: 0.1011
  Batch [21940/35627] - Loss: 0.1010
  Batch [21950/35627] - Loss: 0.1010
  Batch [21960/35627] - Loss: 0.1010
  Batch [21970/35627] - Loss: 0.1010
  Batch [21980/35627] - Loss: 0.1010
  Batch [21990/35627] - Loss: 0.1010
  Batch [22000/35627] - Loss: 0.1011
  Batch [22010/35627] - Loss: 0.1010
  Batch [22020/35627] - Loss: 0.1011
  Batch [22030/35627] - Loss: 0.1011
  Batch [22040/35627] - Loss: 0.1011
  Batch [22050/35627] - Loss: 0.1011
  Batch [22060/35627] - Loss: 0.1011
  Batch [22070/35627] - Loss: 0.1011
  Batch [22080/35627] - Loss: 0.1011
  Batch [22090/35627] - Loss: 0.1011
  Batch [22100/35627] - Loss: 0.1011
  Batch [22110/35627] - Loss: 0.1011
  Batch [22120/35627] - Loss: 0.1011
  Batch [22130/35627] - Loss: 0.1011
  Batch [22140/35627] - Loss: 0.1011
  Batch [22150/35627] - Loss: 0.1011
  Batch [22160/35627] - Loss: 0.1011
  Batch [22170/35627] - Loss: 0.1012
  Batch [22180/35627] - Loss: 0.1012
  Batch [22190/35627] - Loss: 0.1011
  Batch [22200/35627] - Loss: 0.1012
  Batch [22210/35627] - Loss: 0.1012
  Batch [22220/35627] - Loss: 0.1012
  Batch [22230/35627] - Loss: 0.1012
  Batch [22240/35627] - Loss: 0.1012
  Batch [22250/35627] - Loss: 0.1011
  Batch [22260/35627] - Loss: 0.1011
  Batch [22270/35627] - Loss: 0.1011
  Batch [22280/35627] - Loss: 0.1011
  Batch [22290/35627] - Loss: 0.1011
  Batch [22300/35627] - Loss: 0.1011
  Batch [22310/35627] - Loss: 0.1011
  Batch [22320/35627] - Loss: 0.1012
  Batch [22330/35627] - Loss: 0.1012
  Batch [22340/35627] - Loss: 0.1012
  Batch [22350/35627] - Loss: 0.1012
  Batch [22360/35627] - Loss: 0.1012
  Batch [22370/35627] - Loss: 0.1011
  Batch [22380/35627] - Loss: 0.1012
  Batch [22390/35627] - Loss: 0.1012
  Batch [22400/35627] - Loss: 0.1012
  Batch [22410/35627] - Loss: 0.1012
  Batch [22420/35627] - Loss: 0.1012
  Batch [22430/35627] - Loss: 0.1012
  Batch [22440/35627] - Loss: 0.1012
  Batch [22450/35627] - Loss: 0.1012
  Batch [22460/35627] - Loss: 0.1012
  Batch [22470/35627] - Loss: 0.1012
  Batch [22480/35627] - Loss: 0.1012
  Batch [22490/35627] - Loss: 0.1012
  Batch [22500/35627] - Loss: 0.1012
  Batch [22510/35627] - Loss: 0.1012
  Batch [22520/35627] - Loss: 0.1012
  Batch [22530/35627] - Loss: 0.1012
  Batch [22540/35627] - Loss: 0.1012
  Batch [22550/35627] - Loss: 0.1012
  Batch [22560/35627] - Loss: 0.1012
  Batch [22570/35627] - Loss: 0.1012
  Batch [22580/35627] - Loss: 0.1012
  Batch [22590/35627] - Loss: 0.1012
  Batch [22600/35627] - Loss: 0.1012
  Batch [22610/35627] - Loss: 0.1012
  Batch [22620/35627] - Loss: 0.1012
  Batch [22630/35627] - Loss: 0.1012
  Batch [22640/35627] - Loss: 0.1012
  Batch [22650/35627] - Loss: 0.1012
  Batch [22660/35627] - Loss: 0.1012
  Batch [22670/35627] - Loss: 0.1012
  Batch [22680/35627] - Loss: 0.1012
  Batch [22690/35627] - Loss: 0.1012
  Batch [22700/35627] - Loss: 0.1012
  Batch [22710/35627] - Loss: 0.1012
  Batch [22720/35627] - Loss: 0.1012
  Batch [22730/35627] - Loss: 0.1012
  Batch [22740/35627] - Loss: 0.1012
  Batch [22750/35627] - Loss: 0.1012
  Batch [22760/35627] - Loss: 0.1012
  Batch [22770/35627] - Loss: 0.1012
  Batch [22780/35627] - Loss: 0.1012
  Batch [22790/35627] - Loss: 0.1012
  Batch [22800/35627] - Loss: 0.1012
  Batch [22810/35627] - Loss: 0.1012
  Batch [22820/35627] - Loss: 0.1012
  Batch [22830/35627] - Loss: 0.1012
  Batch [22840/35627] - Loss: 0.1012
  Batch [22850/35627] - Loss: 0.1012
  Batch [22860/35627] - Loss: 0.1012
  Batch [22870/35627] - Loss: 0.1012
  Batch [22880/35627] - Loss: 0.1012
  Batch [22890/35627] - Loss: 0.1012
  Batch [22900/35627] - Loss: 0.1012
  Batch [22910/35627] - Loss: 0.1012
  Batch [22920/35627] - Loss: 0.1012
  Batch [22930/35627] - Loss: 0.1012
  Batch [22940/35627] - Loss: 0.1012
  Batch [22950/35627] - Loss: 0.1012
  Batch [22960/35627] - Loss: 0.1012
  Batch [22970/35627] - Loss: 0.1012
  Batch [22980/35627] - Loss: 0.1012
  Batch [22990/35627] - Loss: 0.1012
  Batch [23000/35627] - Loss: 0.1012
  Batch [23010/35627] - Loss: 0.1012
  Batch [23020/35627] - Loss: 0.1012
  Batch [23030/35627] - Loss: 0.1012
  Batch [23040/35627] - Loss: 0.1013
  Batch [23050/35627] - Loss: 0.1013
  Batch [23060/35627] - Loss: 0.1012
  Batch [23070/35627] - Loss: 0.1012
  Batch [23080/35627] - Loss: 0.1012
  Batch [23090/35627] - Loss: 0.1012
  Batch [23100/35627] - Loss: 0.1012
  Batch [23110/35627] - Loss: 0.1013
  Batch [23120/35627] - Loss: 0.1013
  Batch [23130/35627] - Loss: 0.1013
  Batch [23140/35627] - Loss: 0.1013
  Batch [23150/35627] - Loss: 0.1013
  Batch [23160/35627] - Loss: 0.1012
  Batch [23170/35627] - Loss: 0.1012
  Batch [23180/35627] - Loss: 0.1013
  Batch [23190/35627] - Loss: 0.1013
  Batch [23200/35627] - Loss: 0.1012
  Batch [23210/35627] - Loss: 0.1012
  Batch [23220/35627] - Loss: 0.1012
  Batch [23230/35627] - Loss: 0.1012
  Batch [23240/35627] - Loss: 0.1012
  Batch [23250/35627] - Loss: 0.1012
  Batch [23260/35627] - Loss: 0.1012
  Batch [23270/35627] - Loss: 0.1012
  Batch [23280/35627] - Loss: 0.1012
  Batch [23290/35627] - Loss: 0.1012
  Batch [23300/35627] - Loss: 0.1012
  Batch [23310/35627] - Loss: 0.1012
  Batch [23320/35627] - Loss: 0.1012
  Batch [23330/35627] - Loss: 0.1012
  Batch [23340/35627] - Loss: 0.1013
  Batch [23350/35627] - Loss: 0.1013
  Batch [23360/35627] - Loss: 0.1012
  Batch [23370/35627] - Loss: 0.1012
  Batch [23380/35627] - Loss: 0.1012
  Batch [23390/35627] - Loss: 0.1012
  Batch [23400/35627] - Loss: 0.1012
  Batch [23410/35627] - Loss: 0.1012
  Batch [23420/35627] - Loss: 0.1012
  Batch [23430/35627] - Loss: 0.1012
  Batch [23440/35627] - Loss: 0.1012
  Batch [23450/35627] - Loss: 0.1012
  Batch [23460/35627] - Loss: 0.1012
  Batch [23470/35627] - Loss: 0.1012
  Batch [23480/35627] - Loss: 0.1012
  Batch [23490/35627] - Loss: 0.1012
  Batch [23500/35627] - Loss: 0.1012
  Batch [23510/35627] - Loss: 0.1012
  Batch [23520/35627] - Loss: 0.1012
  Batch [23530/35627] - Loss: 0.1012
  Batch [23540/35627] - Loss: 0.1012
  Batch [23550/35627] - Loss: 0.1012
  Batch [23560/35627] - Loss: 0.1012
  Batch [23570/35627] - Loss: 0.1012
  Batch [23580/35627] - Loss: 0.1012
  Batch [23590/35627] - Loss: 0.1012
  Batch [23600/35627] - Loss: 0.1012
  Batch [23610/35627] - Loss: 0.1012
  Batch [23620/35627] - Loss: 0.1012
  Batch [23630/35627] - Loss: 0.1012
  Batch [23640/35627] - Loss: 0.1012
  Batch [23650/35627] - Loss: 0.1012
  Batch [23660/35627] - Loss: 0.1012
  Batch [23670/35627] - Loss: 0.1012
  Batch [23680/35627] - Loss: 0.1012
  Batch [23690/35627] - Loss: 0.1012
  Batch [23700/35627] - Loss: 0.1012
  Batch [23710/35627] - Loss: 0.1012
  Batch [23720/35627] - Loss: 0.1012
  Batch [23730/35627] - Loss: 0.1012
  Batch [23740/35627] - Loss: 0.1012
  Batch [23750/35627] - Loss: 0.1012
  Batch [23760/35627] - Loss: 0.1012
  Batch [23770/35627] - Loss: 0.1012
  Batch [23780/35627] - Loss: 0.1012
  Batch [23790/35627] - Loss: 0.1012
  Batch [23800/35627] - Loss: 0.1012
  Batch [23810/35627] - Loss: 0.1012
  Batch [23820/35627] - Loss: 0.1012
  Batch [23830/35627] - Loss: 0.1012
  Batch [23840/35627] - Loss: 0.1012
  Batch [23850/35627] - Loss: 0.1012
  Batch [23860/35627] - Loss: 0.1012
  Batch [23870/35627] - Loss: 0.1012
  Batch [23880/35627] - Loss: 0.1012
  Batch [23890/35627] - Loss: 0.1012
  Batch [23900/35627] - Loss: 0.1012
  Batch [23910/35627] - Loss: 0.1012
  Batch [23920/35627] - Loss: 0.1011
  Batch [23930/35627] - Loss: 0.1011
  Batch [23940/35627] - Loss: 0.1011
  Batch [23950/35627] - Loss: 0.1011
  Batch [23960/35627] - Loss: 0.1011
  Batch [23970/35627] - Loss: 0.1011
  Batch [23980/35627] - Loss: 0.1011
  Batch [23990/35627] - Loss: 0.1011
  Batch [24000/35627] - Loss: 0.1011
  Batch [24010/35627] - Loss: 0.1011
  Batch [24020/35627] - Loss: 0.1011
  Batch [24030/35627] - Loss: 0.1011
  Batch [24040/35627] - Loss: 0.1011
  Batch [24050/35627] - Loss: 0.1011
  Batch [24060/35627] - Loss: 0.1011
  Batch [24070/35627] - Loss: 0.1011
  Batch [24080/35627] - Loss: 0.1011
  Batch [24090/35627] - Loss: 0.1011
  Batch [24100/35627] - Loss: 0.1011
  Batch [24110/35627] - Loss: 0.1011
  Batch [24120/35627] - Loss: 0.1011
  Batch [24130/35627] - Loss: 0.1011
  Batch [24140/35627] - Loss: 0.1011
  Batch [24150/35627] - Loss: 0.1011
  Batch [24160/35627] - Loss: 0.1011
  Batch [24170/35627] - Loss: 0.1011
  Batch [24180/35627] - Loss: 0.1011
  Batch [24190/35627] - Loss: 0.1011
  Batch [24200/35627] - Loss: 0.1011
  Batch [24210/35627] - Loss: 0.1011
  Batch [24220/35627] - Loss: 0.1012
  Batch [24230/35627] - Loss: 0.1012
  Batch [24240/35627] - Loss: 0.1012
  Batch [24250/35627] - Loss: 0.1012
  Batch [24260/35627] - Loss: 0.1012
  Batch [24270/35627] - Loss: 0.1012
  Batch [24280/35627] - Loss: 0.1012
  Batch [24290/35627] - Loss: 0.1011
  Batch [24300/35627] - Loss: 0.1011
  Batch [24310/35627] - Loss: 0.1012
  Batch [24320/35627] - Loss: 0.1012
  Batch [24330/35627] - Loss: 0.1012
  Batch [24340/35627] - Loss: 0.1011
  Batch [24350/35627] - Loss: 0.1011
  Batch [24360/35627] - Loss: 0.1011
  Batch [24370/35627] - Loss: 0.1011
  Batch [24380/35627] - Loss: 0.1011
  Batch [24390/35627] - Loss: 0.1011
  Batch [24400/35627] - Loss: 0.1011
  Batch [24410/35627] - Loss: 0.1011
  Batch [24420/35627] - Loss: 0.1011
  Batch [24430/35627] - Loss: 0.1011
  Batch [24440/35627] - Loss: 0.1011
  Batch [24450/35627] - Loss: 0.1011
  Batch [24460/35627] - Loss: 0.1011
  Batch [24470/35627] - Loss: 0.1011
  Batch [24480/35627] - Loss: 0.1011
  Batch [24490/35627] - Loss: 0.1011
  Batch [24500/35627] - Loss: 0.1011
  Batch [24510/35627] - Loss: 0.1011
  Batch [24520/35627] - Loss: 0.1011
  Batch [24530/35627] - Loss: 0.1011
  Batch [24540/35627] - Loss: 0.1011
  Batch [24550/35627] - Loss: 0.1011
  Batch [24560/35627] - Loss: 0.1011
  Batch [24570/35627] - Loss: 0.1011
  Batch [24580/35627] - Loss: 0.1011
  Batch [24590/35627] - Loss: 0.1011
  Batch [24600/35627] - Loss: 0.1011
  Batch [24610/35627] - Loss: 0.1011
  Batch [24620/35627] - Loss: 0.1011
  Batch [24630/35627] - Loss: 0.1011
  Batch [24640/35627] - Loss: 0.1011
  Batch [24650/35627] - Loss: 0.1011
  Batch [24660/35627] - Loss: 0.1011
  Batch [24670/35627] - Loss: 0.1011
  Batch [24680/35627] - Loss: 0.1011
  Batch [24690/35627] - Loss: 0.1011
  Batch [24700/35627] - Loss: 0.1011
  Batch [24710/35627] - Loss: 0.1011
  Batch [24720/35627] - Loss: 0.1011
  Batch [24730/35627] - Loss: 0.1011
  Batch [24740/35627] - Loss: 0.1011
  Batch [24750/35627] - Loss: 0.1011
  Batch [24760/35627] - Loss: 0.1011
  Batch [24770/35627] - Loss: 0.1011
  Batch [24780/35627] - Loss: 0.1011
  Batch [24790/35627] - Loss: 0.1011
  Batch [24800/35627] - Loss: 0.1011
  Batch [24810/35627] - Loss: 0.1011
  Batch [24820/35627] - Loss: 0.1011
  Batch [24830/35627] - Loss: 0.1011
  Batch [24840/35627] - Loss: 0.1011
  Batch [24850/35627] - Loss: 0.1011
  Batch [24860/35627] - Loss: 0.1011
  Batch [24870/35627] - Loss: 0.1011
  Batch [24880/35627] - Loss: 0.1011
  Batch [24890/35627] - Loss: 0.1011
  Batch [24900/35627] - Loss: 0.1011
  Batch [24910/35627] - Loss: 0.1011
  Batch [24920/35627] - Loss: 0.1011
  Batch [24930/35627] - Loss: 0.1011
  Batch [24940/35627] - Loss: 0.1011
  Batch [24950/35627] - Loss: 0.1011
  Batch [24960/35627] - Loss: 0.1011
  Batch [24970/35627] - Loss: 0.1011
  Batch [24980/35627] - Loss: 0.1011
  Batch [24990/35627] - Loss: 0.1011
  Batch [25000/35627] - Loss: 0.1011
  Batch [25010/35627] - Loss: 0.1011
  Batch [25020/35627] - Loss: 0.1011
  Batch [25030/35627] - Loss: 0.1011
  Batch [25040/35627] - Loss: 0.1011
  Batch [25050/35627] - Loss: 0.1012
  Batch [25060/35627] - Loss: 0.1012
  Batch [25070/35627] - Loss: 0.1012
  Batch [25080/35627] - Loss: 0.1011
  Batch [25090/35627] - Loss: 0.1011
  Batch [25100/35627] - Loss: 0.1011
  Batch [25110/35627] - Loss: 0.1011
  Batch [25120/35627] - Loss: 0.1011
  Batch [25130/35627] - Loss: 0.1011
  Batch [25140/35627] - Loss: 0.1011
  Batch [25150/35627] - Loss: 0.1011
  Batch [25160/35627] - Loss: 0.1011
  Batch [25170/35627] - Loss: 0.1011
  Batch [25180/35627] - Loss: 0.1011
  Batch [25190/35627] - Loss: 0.1011
  Batch [25200/35627] - Loss: 0.1011
  Batch [25210/35627] - Loss: 0.1011
  Batch [25220/35627] - Loss: 0.1011
  Batch [25230/35627] - Loss: 0.1011
  Batch [25240/35627] - Loss: 0.1011
  Batch [25250/35627] - Loss: 0.1011
  Batch [25260/35627] - Loss: 0.1011
  Batch [25270/35627] - Loss: 0.1011
  Batch [25280/35627] - Loss: 0.1011
  Batch [25290/35627] - Loss: 0.1011
  Batch [25300/35627] - Loss: 0.1011
  Batch [25310/35627] - Loss: 0.1011
  Batch [25320/35627] - Loss: 0.1011
  Batch [25330/35627] - Loss: 0.1011
  Batch [25340/35627] - Loss: 0.1011
  Batch [25350/35627] - Loss: 0.1011
  Batch [25360/35627] - Loss: 0.1012
  Batch [25370/35627] - Loss: 0.1011
  Batch [25380/35627] - Loss: 0.1011
  Batch [25390/35627] - Loss: 0.1011
  Batch [25400/35627] - Loss: 0.1011
  Batch [25410/35627] - Loss: 0.1011
  Batch [25420/35627] - Loss: 0.1011
  Batch [25430/35627] - Loss: 0.1011
  Batch [25440/35627] - Loss: 0.1011
  Batch [25450/35627] - Loss: 0.1011
  Batch [25460/35627] - Loss: 0.1011
  Batch [25470/35627] - Loss: 0.1011
  Batch [25480/35627] - Loss: 0.1011
  Batch [25490/35627] - Loss: 0.1011
  Batch [25500/35627] - Loss: 0.1011
  Batch [25510/35627] - Loss: 0.1011
  Batch [25520/35627] - Loss: 0.1011
  Batch [25530/35627] - Loss: 0.1011
  Batch [25540/35627] - Loss: 0.1011
  Batch [25550/35627] - Loss: 0.1011
  Batch [25560/35627] - Loss: 0.1011
  Batch [25570/35627] - Loss: 0.1011
  Batch [25580/35627] - Loss: 0.1011
  Batch [25590/35627] - Loss: 0.1011
  Batch [25600/35627] - Loss: 0.1011
  Batch [25610/35627] - Loss: 0.1011
  Batch [25620/35627] - Loss: 0.1011
  Batch [25630/35627] - Loss: 0.1011
  Batch [25640/35627] - Loss: 0.1012
  Batch [25650/35627] - Loss: 0.1012
  Batch [25660/35627] - Loss: 0.1012
  Batch [25670/35627] - Loss: 0.1012
  Batch [25680/35627] - Loss: 0.1011
  Batch [25690/35627] - Loss: 0.1012
  Batch [25700/35627] - Loss: 0.1012
  Batch [25710/35627] - Loss: 0.1012
  Batch [25720/35627] - Loss: 0.1012
  Batch [25730/35627] - Loss: 0.1012
  Batch [25740/35627] - Loss: 0.1012
  Batch [25750/35627] - Loss: 0.1012
  Batch [25760/35627] - Loss: 0.1011
  Batch [25770/35627] - Loss: 0.1011
  Batch [25780/35627] - Loss: 0.1011
  Batch [25790/35627] - Loss: 0.1011
  Batch [25800/35627] - Loss: 0.1011
  Batch [25810/35627] - Loss: 0.1011
  Batch [25820/35627] - Loss: 0.1012
  Batch [25830/35627] - Loss: 0.1011
  Batch [25840/35627] - Loss: 0.1012
  Batch [25850/35627] - Loss: 0.1012
  Batch [25860/35627] - Loss: 0.1012
  Batch [25870/35627] - Loss: 0.1011
  Batch [25880/35627] - Loss: 0.1011
  Batch [25890/35627] - Loss: 0.1011
  Batch [25900/35627] - Loss: 0.1011
  Batch [25910/35627] - Loss: 0.1012
  Batch [25920/35627] - Loss: 0.1012
  Batch [25930/35627] - Loss: 0.1012
  Batch [25940/35627] - Loss: 0.1012
  Batch [25950/35627] - Loss: 0.1012
  Batch [25960/35627] - Loss: 0.1012
  Batch [25970/35627] - Loss: 0.1012
  Batch [25980/35627] - Loss: 0.1012
  Batch [25990/35627] - Loss: 0.1012
  Batch [26000/35627] - Loss: 0.1012
  Batch [26010/35627] - Loss: 0.1012
  Batch [26020/35627] - Loss: 0.1012
  Batch [26030/35627] - Loss: 0.1012
  Batch [26040/35627] - Loss: 0.1012
  Batch [26050/35627] - Loss: 0.1012
  Batch [26060/35627] - Loss: 0.1012
  Batch [26070/35627] - Loss: 0.1012
  Batch [26080/35627] - Loss: 0.1012
  Batch [26090/35627] - Loss: 0.1012
  Batch [26100/35627] - Loss: 0.1012
  Batch [26110/35627] - Loss: 0.1012
  Batch [26120/35627] - Loss: 0.1012
  Batch [26130/35627] - Loss: 0.1012
  Batch [26140/35627] - Loss: 0.1012
  Batch [26150/35627] - Loss: 0.1012
  Batch [26160/35627] - Loss: 0.1012
  Batch [26170/35627] - Loss: 0.1012
  Batch [26180/35627] - Loss: 0.1012
  Batch [26190/35627] - Loss: 0.1012
  Batch [26200/35627] - Loss: 0.1012
  Batch [26210/35627] - Loss: 0.1012
  Batch [26220/35627] - Loss: 0.1012
  Batch [26230/35627] - Loss: 0.1012
  Batch [26240/35627] - Loss: 0.1012
  Batch [26250/35627] - Loss: 0.1012
  Batch [26260/35627] - Loss: 0.1012
  Batch [26270/35627] - Loss: 0.1012
  Batch [26280/35627] - Loss: 0.1012
  Batch [26290/35627] - Loss: 0.1012
  Batch [26300/35627] - Loss: 0.1012
  Batch [26310/35627] - Loss: 0.1012
  Batch [26320/35627] - Loss: 0.1012
  Batch [26330/35627] - Loss: 0.1012
  Batch [26340/35627] - Loss: 0.1012
  Batch [26350/35627] - Loss: 0.1012
  Batch [26360/35627] - Loss: 0.1012
  Batch [26370/35627] - Loss: 0.1012
  Batch [26380/35627] - Loss: 0.1012
  Batch [26390/35627] - Loss: 0.1012
  Batch [26400/35627] - Loss: 0.1012
  Batch [26410/35627] - Loss: 0.1012
  Batch [26420/35627] - Loss: 0.1012
  Batch [26430/35627] - Loss: 0.1012
  Batch [26440/35627] - Loss: 0.1012
  Batch [26450/35627] - Loss: 0.1012
  Batch [26460/35627] - Loss: 0.1012
  Batch [26470/35627] - Loss: 0.1012
  Batch [26480/35627] - Loss: 0.1012
  Batch [26490/35627] - Loss: 0.1012
  Batch [26500/35627] - Loss: 0.1012
  Batch [26510/35627] - Loss: 0.1012
  Batch [26520/35627] - Loss: 0.1012
  Batch [26530/35627] - Loss: 0.1012
  Batch [26540/35627] - Loss: 0.1012
  Batch [26550/35627] - Loss: 0.1012
  Batch [26560/35627] - Loss: 0.1012
  Batch [26570/35627] - Loss: 0.1012
  Batch [26580/35627] - Loss: 0.1012
  Batch [26590/35627] - Loss: 0.1012
  Batch [26600/35627] - Loss: 0.1013
  Batch [26610/35627] - Loss: 0.1013
  Batch [26620/35627] - Loss: 0.1013
  Batch [26630/35627] - Loss: 0.1013
  Batch [26640/35627] - Loss: 0.1012
  Batch [26650/35627] - Loss: 0.1012
  Batch [26660/35627] - Loss: 0.1013
  Batch [26670/35627] - Loss: 0.1013
  Batch [26680/35627] - Loss: 0.1013
  Batch [26690/35627] - Loss: 0.1013
  Batch [26700/35627] - Loss: 0.1013
  Batch [26710/35627] - Loss: 0.1013
  Batch [26720/35627] - Loss: 0.1013
  Batch [26730/35627] - Loss: 0.1013
  Batch [26740/35627] - Loss: 0.1013
  Batch [26750/35627] - Loss: 0.1013
  Batch [26760/35627] - Loss: 0.1013
  Batch [26770/35627] - Loss: 0.1013
  Batch [26780/35627] - Loss: 0.1012
  Batch [26790/35627] - Loss: 0.1012
  Batch [26800/35627] - Loss: 0.1012
  Batch [26810/35627] - Loss: 0.1012
  Batch [26820/35627] - Loss: 0.1012
  Batch [26830/35627] - Loss: 0.1012
  Batch [26840/35627] - Loss: 0.1012
  Batch [26850/35627] - Loss: 0.1012
  Batch [26860/35627] - Loss: 0.1012
  Batch [26870/35627] - Loss: 0.1013
  Batch [26880/35627] - Loss: 0.1013
  Batch [26890/35627] - Loss: 0.1013
  Batch [26900/35627] - Loss: 0.1012
  Batch [26910/35627] - Loss: 0.1012
  Batch [26920/35627] - Loss: 0.1012
  Batch [26930/35627] - Loss: 0.1012
  Batch [26940/35627] - Loss: 0.1012
  Batch [26950/35627] - Loss: 0.1012
  Batch [26960/35627] - Loss: 0.1012
  Batch [26970/35627] - Loss: 0.1012
  Batch [26980/35627] - Loss: 0.1012
  Batch [26990/35627] - Loss: 0.1012
  Batch [27000/35627] - Loss: 0.1012
  Batch [27010/35627] - Loss: 0.1012
  Batch [27020/35627] - Loss: 0.1012
  Batch [27030/35627] - Loss: 0.1012
  Batch [27040/35627] - Loss: 0.1013
  Batch [27050/35627] - Loss: 0.1012
  Batch [27060/35627] - Loss: 0.1013
  Batch [27070/35627] - Loss: 0.1012
  Batch [27080/35627] - Loss: 0.1013
  Batch [27090/35627] - Loss: 0.1013
  Batch [27100/35627] - Loss: 0.1013
  Batch [27110/35627] - Loss: 0.1013
  Batch [27120/35627] - Loss: 0.1013
  Batch [27130/35627] - Loss: 0.1013
  Batch [27140/35627] - Loss: 0.1013
  Batch [27150/35627] - Loss: 0.1013
  Batch [27160/35627] - Loss: 0.1013
  Batch [27170/35627] - Loss: 0.1013
  Batch [27180/35627] - Loss: 0.1013
  Batch [27190/35627] - Loss: 0.1013
  Batch [27200/35627] - Loss: 0.1013
  Batch [27210/35627] - Loss: 0.1013
  Batch [27220/35627] - Loss: 0.1012
  Batch [27230/35627] - Loss: 0.1012
  Batch [27240/35627] - Loss: 0.1012
  Batch [27250/35627] - Loss: 0.1012
  Batch [27260/35627] - Loss: 0.1013
  Batch [27270/35627] - Loss: 0.1013
  Batch [27280/35627] - Loss: 0.1012
  Batch [27290/35627] - Loss: 0.1012
  Batch [27300/35627] - Loss: 0.1012
  Batch [27310/35627] - Loss: 0.1012
  Batch [27320/35627] - Loss: 0.1012
  Batch [27330/35627] - Loss: 0.1012
  Batch [27340/35627] - Loss: 0.1012
  Batch [27350/35627] - Loss: 0.1013
  Batch [27360/35627] - Loss: 0.1012
  Batch [27370/35627] - Loss: 0.1012
  Batch [27380/35627] - Loss: 0.1012
  Batch [27390/35627] - Loss: 0.1012
  Batch [27400/35627] - Loss: 0.1012
  Batch [27410/35627] - Loss: 0.1012
  Batch [27420/35627] - Loss: 0.1012
  Batch [27430/35627] - Loss: 0.1013
  Batch [27440/35627] - Loss: 0.1013
  Batch [27450/35627] - Loss: 0.1013
  Batch [27460/35627] - Loss: 0.1013
  Batch [27470/35627] - Loss: 0.1013
  Batch [27480/35627] - Loss: 0.1013
  Batch [27490/35627] - Loss: 0.1013
  Batch [27500/35627] - Loss: 0.1013
  Batch [27510/35627] - Loss: 0.1013
  Batch [27520/35627] - Loss: 0.1013
  Batch [27530/35627] - Loss: 0.1013
  Batch [27540/35627] - Loss: 0.1013
  Batch [27550/35627] - Loss: 0.1012
  Batch [27560/35627] - Loss: 0.1012
  Batch [27570/35627] - Loss: 0.1012
  Batch [27580/35627] - Loss: 0.1012
  Batch [27590/35627] - Loss: 0.1012
  Batch [27600/35627] - Loss: 0.1012
  Batch [27610/35627] - Loss: 0.1012
  Batch [27620/35627] - Loss: 0.1012
  Batch [27630/35627] - Loss: 0.1012
  Batch [27640/35627] - Loss: 0.1012
  Batch [27650/35627] - Loss: 0.1012
  Batch [27660/35627] - Loss: 0.1012
  Batch [27670/35627] - Loss: 0.1012
  Batch [27680/35627] - Loss: 0.1012
  Batch [27690/35627] - Loss: 0.1012
  Batch [27700/35627] - Loss: 0.1012
  Batch [27710/35627] - Loss: 0.1012
  Batch [27720/35627] - Loss: 0.1012
  Batch [27730/35627] - Loss: 0.1012
  Batch [27740/35627] - Loss: 0.1012
  Batch [27750/35627] - Loss: 0.1012
  Batch [27760/35627] - Loss: 0.1012
  Batch [27770/35627] - Loss: 0.1012
  Batch [27780/35627] - Loss: 0.1012
  Batch [27790/35627] - Loss: 0.1012
  Batch [27800/35627] - Loss: 0.1012
  Batch [27810/35627] - Loss: 0.1012
  Batch [27820/35627] - Loss: 0.1012
  Batch [27830/35627] - Loss: 0.1012
  Batch [27840/35627] - Loss: 0.1012
  Batch [27850/35627] - Loss: 0.1012
  Batch [27860/35627] - Loss: 0.1012
  Batch [27870/35627] - Loss: 0.1012
  Batch [27880/35627] - Loss: 0.1012
  Batch [27890/35627] - Loss: 0.1012
  Batch [27900/35627] - Loss: 0.1012
  Batch [27910/35627] - Loss: 0.1012
  Batch [27920/35627] - Loss: 0.1012
  Batch [27930/35627] - Loss: 0.1012
  Batch [27940/35627] - Loss: 0.1012
  Batch [27950/35627] - Loss: 0.1012
  Batch [27960/35627] - Loss: 0.1012
  Batch [27970/35627] - Loss: 0.1012
  Batch [27980/35627] - Loss: 0.1012
  Batch [27990/35627] - Loss: 0.1012
  Batch [28000/35627] - Loss: 0.1012
  Batch [28010/35627] - Loss: 0.1013
  Batch [28020/35627] - Loss: 0.1012
  Batch [28030/35627] - Loss: 0.1012
  Batch [28040/35627] - Loss: 0.1013
  Batch [28050/35627] - Loss: 0.1012
  Batch [28060/35627] - Loss: 0.1013
  Batch [28070/35627] - Loss: 0.1013
  Batch [28080/35627] - Loss: 0.1013
  Batch [28090/35627] - Loss: 0.1012
  Batch [28100/35627] - Loss: 0.1012
  Batch [28110/35627] - Loss: 0.1012
  Batch [28120/35627] - Loss: 0.1012
  Batch [28130/35627] - Loss: 0.1012
  Batch [28140/35627] - Loss: 0.1012
  Batch [28150/35627] - Loss: 0.1012
  Batch [28160/35627] - Loss: 0.1012
  Batch [28170/35627] - Loss: 0.1012
  Batch [28180/35627] - Loss: 0.1012
  Batch [28190/35627] - Loss: 0.1012
  Batch [28200/35627] - Loss: 0.1012
  Batch [28210/35627] - Loss: 0.1012
  Batch [28220/35627] - Loss: 0.1013
  Batch [28230/35627] - Loss: 0.1012
  Batch [28240/35627] - Loss: 0.1012
  Batch [28250/35627] - Loss: 0.1013
  Batch [28260/35627] - Loss: 0.1013
  Batch [28270/35627] - Loss: 0.1013
  Batch [28280/35627] - Loss: 0.1012
  Batch [28290/35627] - Loss: 0.1012
  Batch [28300/35627] - Loss: 0.1012
  Batch [28310/35627] - Loss: 0.1013
  Batch [28320/35627] - Loss: 0.1013
  Batch [28330/35627] - Loss: 0.1012
  Batch [28340/35627] - Loss: 0.1012
  Batch [28350/35627] - Loss: 0.1012
  Batch [28360/35627] - Loss: 0.1012
  Batch [28370/35627] - Loss: 0.1013
  Batch [28380/35627] - Loss: 0.1012
  Batch [28390/35627] - Loss: 0.1012
  Batch [28400/35627] - Loss: 0.1013
  Batch [28410/35627] - Loss: 0.1013
  Batch [28420/35627] - Loss: 0.1013
  Batch [28430/35627] - Loss: 0.1013
  Batch [28440/35627] - Loss: 0.1013
  Batch [28450/35627] - Loss: 0.1013
  Batch [28460/35627] - Loss: 0.1013
  Batch [28470/35627] - Loss: 0.1013
  Batch [28480/35627] - Loss: 0.1013
  Batch [28490/35627] - Loss: 0.1013
  Batch [28500/35627] - Loss: 0.1013
  Batch [28510/35627] - Loss: 0.1013
  Batch [28520/35627] - Loss: 0.1013
  Batch [28530/35627] - Loss: 0.1013
  Batch [28540/35627] - Loss: 0.1013
  Batch [28550/35627] - Loss: 0.1013
  Batch [28560/35627] - Loss: 0.1013
  Batch [28570/35627] - Loss: 0.1013
  Batch [28580/35627] - Loss: 0.1013
  Batch [28590/35627] - Loss: 0.1013
  Batch [28600/35627] - Loss: 0.1013
  Batch [28610/35627] - Loss: 0.1013
  Batch [28620/35627] - Loss: 0.1013
  Batch [28630/35627] - Loss: 0.1013
  Batch [28640/35627] - Loss: 0.1013
  Batch [28650/35627] - Loss: 0.1013
  Batch [28660/35627] - Loss: 0.1013
  Batch [28670/35627] - Loss: 0.1013
  Batch [28680/35627] - Loss: 0.1013
  Batch [28690/35627] - Loss: 0.1013
  Batch [28700/35627] - Loss: 0.1013
  Batch [28710/35627] - Loss: 0.1013
  Batch [28720/35627] - Loss: 0.1013
  Batch [28730/35627] - Loss: 0.1013
  Batch [28740/35627] - Loss: 0.1013
  Batch [28750/35627] - Loss: 0.1013
  Batch [28760/35627] - Loss: 0.1013
  Batch [28770/35627] - Loss: 0.1013
  Batch [28780/35627] - Loss: 0.1013
  Batch [28790/35627] - Loss: 0.1013
  Batch [28800/35627] - Loss: 0.1013
  Batch [28810/35627] - Loss: 0.1013
  Batch [28820/35627] - Loss: 0.1013
  Batch [28830/35627] - Loss: 0.1013
  Batch [28840/35627] - Loss: 0.1013
  Batch [28850/35627] - Loss: 0.1013
  Batch [28860/35627] - Loss: 0.1013
  Batch [28870/35627] - Loss: 0.1013
  Batch [28880/35627] - Loss: 0.1013
  Batch [28890/35627] - Loss: 0.1013
  Batch [28900/35627] - Loss: 0.1013
  Batch [28910/35627] - Loss: 0.1013
  Batch [28920/35627] - Loss: 0.1013
  Batch [28930/35627] - Loss: 0.1013
  Batch [28940/35627] - Loss: 0.1013
  Batch [28950/35627] - Loss: 0.1013
  Batch [28960/35627] - Loss: 0.1013
  Batch [28970/35627] - Loss: 0.1013
  Batch [28980/35627] - Loss: 0.1012
  Batch [28990/35627] - Loss: 0.1012
  Batch [29000/35627] - Loss: 0.1013
  Batch [29010/35627] - Loss: 0.1012
  Batch [29020/35627] - Loss: 0.1013
  Batch [29030/35627] - Loss: 0.1012
  Batch [29040/35627] - Loss: 0.1012
  Batch [29050/35627] - Loss: 0.1012
  Batch [29060/35627] - Loss: 0.1012
  Batch [29070/35627] - Loss: 0.1012
  Batch [29080/35627] - Loss: 0.1012
  Batch [29090/35627] - Loss: 0.1012
  Batch [29100/35627] - Loss: 0.1012
  Batch [29110/35627] - Loss: 0.1012
  Batch [29120/35627] - Loss: 0.1012
  Batch [29130/35627] - Loss: 0.1012
  Batch [29140/35627] - Loss: 0.1012
  Batch [29150/35627] - Loss: 0.1012
  Batch [29160/35627] - Loss: 0.1012
  Batch [29170/35627] - Loss: 0.1012
  Batch [29180/35627] - Loss: 0.1012
  Batch [29190/35627] - Loss: 0.1012
  Batch [29200/35627] - Loss: 0.1012
  Batch [29210/35627] - Loss: 0.1012
  Batch [29220/35627] - Loss: 0.1012
  Batch [29230/35627] - Loss: 0.1012
  Batch [29240/35627] - Loss: 0.1012
  Batch [29250/35627] - Loss: 0.1013
  Batch [29260/35627] - Loss: 0.1013
  Batch [29270/35627] - Loss: 0.1013
  Batch [29280/35627] - Loss: 0.1013
  Batch [29290/35627] - Loss: 0.1013
  Batch [29300/35627] - Loss: 0.1013
  Batch [29310/35627] - Loss: 0.1013
  Batch [29320/35627] - Loss: 0.1013
  Batch [29330/35627] - Loss: 0.1013
  Batch [29340/35627] - Loss: 0.1013
  Batch [29350/35627] - Loss: 0.1013
  Batch [29360/35627] - Loss: 0.1013
  Batch [29370/35627] - Loss: 0.1013
  Batch [29380/35627] - Loss: 0.1012
  Batch [29390/35627] - Loss: 0.1012
  Batch [29400/35627] - Loss: 0.1012
  Batch [29410/35627] - Loss: 0.1012
  Batch [29420/35627] - Loss: 0.1012
  Batch [29430/35627] - Loss: 0.1013
  Batch [29440/35627] - Loss: 0.1012
  Batch [29450/35627] - Loss: 0.1013
  Batch [29460/35627] - Loss: 0.1012
  Batch [29470/35627] - Loss: 0.1012
  Batch [29480/35627] - Loss: 0.1012
  Batch [29490/35627] - Loss: 0.1012
  Batch [29500/35627] - Loss: 0.1012
  Batch [29510/35627] - Loss: 0.1012
  Batch [29520/35627] - Loss: 0.1012
  Batch [29530/35627] - Loss: 0.1012
  Batch [29540/35627] - Loss: 0.1012
  Batch [29550/35627] - Loss: 0.1012
  Batch [29560/35627] - Loss: 0.1012
  Batch [29570/35627] - Loss: 0.1012
  Batch [29580/35627] - Loss: 0.1012
  Batch [29590/35627] - Loss: 0.1012
  Batch [29600/35627] - Loss: 0.1012
  Batch [29610/35627] - Loss: 0.1012
  Batch [29620/35627] - Loss: 0.1012
  Batch [29630/35627] - Loss: 0.1012
  Batch [29640/35627] - Loss: 0.1012
  Batch [29650/35627] - Loss: 0.1012
  Batch [29660/35627] - Loss: 0.1012
  Batch [29670/35627] - Loss: 0.1012
  Batch [29680/35627] - Loss: 0.1012
  Batch [29690/35627] - Loss: 0.1012
  Batch [29700/35627] - Loss: 0.1012
  Batch [29710/35627] - Loss: 0.1012
  Batch [29720/35627] - Loss: 0.1012
  Batch [29730/35627] - Loss: 0.1012
  Batch [29740/35627] - Loss: 0.1012
  Batch [29750/35627] - Loss: 0.1012
  Batch [29760/35627] - Loss: 0.1012
  Batch [29770/35627] - Loss: 0.1012
  Batch [29780/35627] - Loss: 0.1012
  Batch [29790/35627] - Loss: 0.1012
  Batch [29800/35627] - Loss: 0.1012
  Batch [29810/35627] - Loss: 0.1012
  Batch [29820/35627] - Loss: 0.1012
  Batch [29830/35627] - Loss: 0.1012
  Batch [29840/35627] - Loss: 0.1012
  Batch [29850/35627] - Loss: 0.1012
  Batch [29860/35627] - Loss: 0.1012
  Batch [29870/35627] - Loss: 0.1012
  Batch [29880/35627] - Loss: 0.1012
  Batch [29890/35627] - Loss: 0.1012
  Batch [29900/35627] - Loss: 0.1012
  Batch [29910/35627] - Loss: 0.1012
  Batch [29920/35627] - Loss: 0.1012
  Batch [29930/35627] - Loss: 0.1012
  Batch [29940/35627] - Loss: 0.1012
  Batch [29950/35627] - Loss: 0.1012
  Batch [29960/35627] - Loss: 0.1012
  Batch [29970/35627] - Loss: 0.1012
  Batch [29980/35627] - Loss: 0.1012
  Batch [29990/35627] - Loss: 0.1012
  Batch [30000/35627] - Loss: 0.1012
  Batch [30010/35627] - Loss: 0.1012
  Batch [30020/35627] - Loss: 0.1012
  Batch [30030/35627] - Loss: 0.1012
  Batch [30040/35627] - Loss: 0.1013
  Batch [30050/35627] - Loss: 0.1013
  Batch [30060/35627] - Loss: 0.1013
  Batch [30070/35627] - Loss: 0.1013
  Batch [30080/35627] - Loss: 0.1013
  Batch [30090/35627] - Loss: 0.1013
  Batch [30100/35627] - Loss: 0.1013
  Batch [30110/35627] - Loss: 0.1013
  Batch [30120/35627] - Loss: 0.1013
  Batch [30130/35627] - Loss: 0.1013
  Batch [30140/35627] - Loss: 0.1013
  Batch [30150/35627] - Loss: 0.1013
  Batch [30160/35627] - Loss: 0.1012
  Batch [30170/35627] - Loss: 0.1012
  Batch [30180/35627] - Loss: 0.1012
  Batch [30190/35627] - Loss: 0.1012
  Batch [30200/35627] - Loss: 0.1012
  Batch [30210/35627] - Loss: 0.1012
  Batch [30220/35627] - Loss: 0.1012
  Batch [30230/35627] - Loss: 0.1012
  Batch [30240/35627] - Loss: 0.1012
  Batch [30250/35627] - Loss: 0.1012
  Batch [30260/35627] - Loss: 0.1012
  Batch [30270/35627] - Loss: 0.1012
  Batch [30280/35627] - Loss: 0.1012
  Batch [30290/35627] - Loss: 0.1013
  Batch [30300/35627] - Loss: 0.1013
  Batch [30310/35627] - Loss: 0.1013
  Batch [30320/35627] - Loss: 0.1013
  Batch [30330/35627] - Loss: 0.1013
  Batch [30340/35627] - Loss: 0.1013
  Batch [30350/35627] - Loss: 0.1013
  Batch [30360/35627] - Loss: 0.1013
  Batch [30370/35627] - Loss: 0.1013
  Batch [30380/35627] - Loss: 0.1013
  Batch [30390/35627] - Loss: 0.1013
  Batch [30400/35627] - Loss: 0.1012
  Batch [30410/35627] - Loss: 0.1012
  Batch [30420/35627] - Loss: 0.1013
  Batch [30430/35627] - Loss: 0.1013
  Batch [30440/35627] - Loss: 0.1013
  Batch [30450/35627] - Loss: 0.1013
  Batch [30460/35627] - Loss: 0.1013
  Batch [30470/35627] - Loss: 0.1013
  Batch [30480/35627] - Loss: 0.1013
  Batch [30490/35627] - Loss: 0.1012
  Batch [30500/35627] - Loss: 0.1012
  Batch [30510/35627] - Loss: 0.1012
  Batch [30520/35627] - Loss: 0.1013
  Batch [30530/35627] - Loss: 0.1013
  Batch [30540/35627] - Loss: 0.1013
  Batch [30550/35627] - Loss: 0.1013
  Batch [30560/35627] - Loss: 0.1013
  Batch [30570/35627] - Loss: 0.1013
  Batch [30580/35627] - Loss: 0.1013
  Batch [30590/35627] - Loss: 0.1013
  Batch [30600/35627] - Loss: 0.1013
  Batch [30610/35627] - Loss: 0.1013
  Batch [30620/35627] - Loss: 0.1013
  Batch [30630/35627] - Loss: 0.1013
  Batch [30640/35627] - Loss: 0.1013
  Batch [30650/35627] - Loss: 0.1013
  Batch [30660/35627] - Loss: 0.1013
  Batch [30670/35627] - Loss: 0.1013
  Batch [30680/35627] - Loss: 0.1013
  Batch [30690/35627] - Loss: 0.1013
  Batch [30700/35627] - Loss: 0.1013
  Batch [30710/35627] - Loss: 0.1013
  Batch [30720/35627] - Loss: 0.1013
  Batch [30730/35627] - Loss: 0.1013
  Batch [30740/35627] - Loss: 0.1013
  Batch [30750/35627] - Loss: 0.1013
  Batch [30760/35627] - Loss: 0.1013
  Batch [30770/35627] - Loss: 0.1013
  Batch [30780/35627] - Loss: 0.1013
  Batch [30790/35627] - Loss: 0.1013
  Batch [30800/35627] - Loss: 0.1013
  Batch [30810/35627] - Loss: 0.1013
  Batch [30820/35627] - Loss: 0.1013
  Batch [30830/35627] - Loss: 0.1013
  Batch [30840/35627] - Loss: 0.1013
  Batch [30850/35627] - Loss: 0.1013
  Batch [30860/35627] - Loss: 0.1013
  Batch [30870/35627] - Loss: 0.1013
  Batch [30880/35627] - Loss: 0.1013
  Batch [30890/35627] - Loss: 0.1013
  Batch [30900/35627] - Loss: 0.1013
  Batch [30910/35627] - Loss: 0.1013
  Batch [30920/35627] - Loss: 0.1013
  Batch [30930/35627] - Loss: 0.1013
  Batch [30940/35627] - Loss: 0.1013
  Batch [30950/35627] - Loss: 0.1013
  Batch [30960/35627] - Loss: 0.1013
  Batch [30970/35627] - Loss: 0.1013
  Batch [30980/35627] - Loss: 0.1013
  Batch [30990/35627] - Loss: 0.1013
  Batch [31000/35627] - Loss: 0.1013
  Batch [31010/35627] - Loss: 0.1013
  Batch [31020/35627] - Loss: 0.1013
  Batch [31030/35627] - Loss: 0.1013
  Batch [31040/35627] - Loss: 0.1013
  Batch [31050/35627] - Loss: 0.1013
  Batch [31060/35627] - Loss: 0.1013
  Batch [31070/35627] - Loss: 0.1013
  Batch [31080/35627] - Loss: 0.1013
  Batch [31090/35627] - Loss: 0.1013
  Batch [31100/35627] - Loss: 0.1013
  Batch [31110/35627] - Loss: 0.1013
  Batch [31120/35627] - Loss: 0.1012
  Batch [31130/35627] - Loss: 0.1012
  Batch [31140/35627] - Loss: 0.1012
  Batch [31150/35627] - Loss: 0.1012
  Batch [31160/35627] - Loss: 0.1012
  Batch [31170/35627] - Loss: 0.1012
  Batch [31180/35627] - Loss: 0.1012
  Batch [31190/35627] - Loss: 0.1012
  Batch [31200/35627] - Loss: 0.1012
  Batch [31210/35627] - Loss: 0.1012
  Batch [31220/35627] - Loss: 0.1012
  Batch [31230/35627] - Loss: 0.1012
  Batch [31240/35627] - Loss: 0.1012
  Batch [31250/35627] - Loss: 0.1012
  Batch [31260/35627] - Loss: 0.1012
  Batch [31270/35627] - Loss: 0.1012
  Batch [31280/35627] - Loss: 0.1012
  Batch [31290/35627] - Loss: 0.1012
  Batch [31300/35627] - Loss: 0.1012
  Batch [31310/35627] - Loss: 0.1012
  Batch [31320/35627] - Loss: 0.1012
  Batch [31330/35627] - Loss: 0.1012
  Batch [31340/35627] - Loss: 0.1012
  Batch [31350/35627] - Loss: 0.1013
  Batch [31360/35627] - Loss: 0.1013
  Batch [31370/35627] - Loss: 0.1013
  Batch [31380/35627] - Loss: 0.1013
  Batch [31390/35627] - Loss: 0.1013
  Batch [31400/35627] - Loss: 0.1013
  Batch [31410/35627] - Loss: 0.1013
  Batch [31420/35627] - Loss: 0.1013
  Batch [31430/35627] - Loss: 0.1013
  Batch [31440/35627] - Loss: 0.1013
  Batch [31450/35627] - Loss: 0.1013
  Batch [31460/35627] - Loss: 0.1013
  Batch [31470/35627] - Loss: 0.1013
  Batch [31480/35627] - Loss: 0.1013
  Batch [31490/35627] - Loss: 0.1013
  Batch [31500/35627] - Loss: 0.1013
  Batch [31510/35627] - Loss: 0.1013
  Batch [31520/35627] - Loss: 0.1013
  Batch [31530/35627] - Loss: 0.1013
  Batch [31540/35627] - Loss: 0.1013
  Batch [31550/35627] - Loss: 0.1013
  Batch [31560/35627] - Loss: 0.1013
  Batch [31570/35627] - Loss: 0.1013
  Batch [31580/35627] - Loss: 0.1013
  Batch [31590/35627] - Loss: 0.1013
  Batch [31600/35627] - Loss: 0.1013
  Batch [31610/35627] - Loss: 0.1013
  Batch [31620/35627] - Loss: 0.1013
  Batch [31630/35627] - Loss: 0.1013
  Batch [31640/35627] - Loss: 0.1013
  Batch [31650/35627] - Loss: 0.1013
  Batch [31660/35627] - Loss: 0.1013
  Batch [31670/35627] - Loss: 0.1013
  Batch [31680/35627] - Loss: 0.1013
  Batch [31690/35627] - Loss: 0.1013
  Batch [31700/35627] - Loss: 0.1013
  Batch [31710/35627] - Loss: 0.1013
  Batch [31720/35627] - Loss: 0.1013
  Batch [31730/35627] - Loss: 0.1013
  Batch [31740/35627] - Loss: 0.1013
  Batch [31750/35627] - Loss: 0.1013
  Batch [31760/35627] - Loss: 0.1013
  Batch [31770/35627] - Loss: 0.1013
  Batch [31780/35627] - Loss: 0.1013
  Batch [31790/35627] - Loss: 0.1013
  Batch [31800/35627] - Loss: 0.1013
  Batch [31810/35627] - Loss: 0.1013
  Batch [31820/35627] - Loss: 0.1013
  Batch [31830/35627] - Loss: 0.1013
  Batch [31840/35627] - Loss: 0.1013
  Batch [31850/35627] - Loss: 0.1013
  Batch [31860/35627] - Loss: 0.1013
  Batch [31870/35627] - Loss: 0.1013
  Batch [31880/35627] - Loss: 0.1013
  Batch [31890/35627] - Loss: 0.1013
  Batch [31900/35627] - Loss: 0.1013
  Batch [31910/35627] - Loss: 0.1013
  Batch [31920/35627] - Loss: 0.1013
  Batch [31930/35627] - Loss: 0.1013
  Batch [31940/35627] - Loss: 0.1013
  Batch [31950/35627] - Loss: 0.1013
  Batch [31960/35627] - Loss: 0.1013
  Batch [31970/35627] - Loss: 0.1013
  Batch [31980/35627] - Loss: 0.1013
  Batch [31990/35627] - Loss: 0.1013
  Batch [32000/35627] - Loss: 0.1013
  Batch [32010/35627] - Loss: 0.1013
  Batch [32020/35627] - Loss: 0.1013
  Batch [32030/35627] - Loss: 0.1013
  Batch [32040/35627] - Loss: 0.1013
  Batch [32050/35627] - Loss: 0.1013
  Batch [32060/35627] - Loss: 0.1013
  Batch [32070/35627] - Loss: 0.1013
  Batch [32080/35627] - Loss: 0.1013
  Batch [32090/35627] - Loss: 0.1013
  Batch [32100/35627] - Loss: 0.1013
  Batch [32110/35627] - Loss: 0.1013
  Batch [32120/35627] - Loss: 0.1014
  Batch [32130/35627] - Loss: 0.1014
  Batch [32140/35627] - Loss: 0.1014
  Batch [32150/35627] - Loss: 0.1014
  Batch [32160/35627] - Loss: 0.1014
  Batch [32170/35627] - Loss: 0.1014
  Batch [32180/35627] - Loss: 0.1014
  Batch [32190/35627] - Loss: 0.1014
  Batch [32200/35627] - Loss: 0.1014
  Batch [32210/35627] - Loss: 0.1014
  Batch [32220/35627] - Loss: 0.1014
  Batch [32230/35627] - Loss: 0.1014
  Batch [32240/35627] - Loss: 0.1014
  Batch [32250/35627] - Loss: 0.1014
  Batch [32260/35627] - Loss: 0.1014
  Batch [32270/35627] - Loss: 0.1014
  Batch [32280/35627] - Loss: 0.1014
  Batch [32290/35627] - Loss: 0.1014
  Batch [32300/35627] - Loss: 0.1014
  Batch [32310/35627] - Loss: 0.1014
  Batch [32320/35627] - Loss: 0.1014
  Batch [32330/35627] - Loss: 0.1014
  Batch [32340/35627] - Loss: 0.1014
  Batch [32350/35627] - Loss: 0.1014
  Batch [32360/35627] - Loss: 0.1014
  Batch [32370/35627] - Loss: 0.1014
  Batch [32380/35627] - Loss: 0.1014
  Batch [32390/35627] - Loss: 0.1014
  Batch [32400/35627] - Loss: 0.1014
  Batch [32410/35627] - Loss: 0.1014
  Batch [32420/35627] - Loss: 0.1014
  Batch [32430/35627] - Loss: 0.1014
  Batch [32440/35627] - Loss: 0.1014
  Batch [32450/35627] - Loss: 0.1014
  Batch [32460/35627] - Loss: 0.1014
  Batch [32470/35627] - Loss: 0.1014
  Batch [32480/35627] - Loss: 0.1014
  Batch [32490/35627] - Loss: 0.1014
  Batch [32500/35627] - Loss: 0.1014
  Batch [32510/35627] - Loss: 0.1014
  Batch [32520/35627] - Loss: 0.1014
  Batch [32530/35627] - Loss: 0.1014
  Batch [32540/35627] - Loss: 0.1014
  Batch [32550/35627] - Loss: 0.1014
  Batch [32560/35627] - Loss: 0.1014
  Batch [32570/35627] - Loss: 0.1014
  Batch [32580/35627] - Loss: 0.1014
  Batch [32590/35627] - Loss: 0.1014
  Batch [32600/35627] - Loss: 0.1014
  Batch [32610/35627] - Loss: 0.1014
  Batch [32620/35627] - Loss: 0.1014
  Batch [32630/35627] - Loss: 0.1014
  Batch [32640/35627] - Loss: 0.1014
  Batch [32650/35627] - Loss: 0.1014
  Batch [32660/35627] - Loss: 0.1014
  Batch [32670/35627] - Loss: 0.1014
  Batch [32680/35627] - Loss: 0.1014
  Batch [32690/35627] - Loss: 0.1014
  Batch [32700/35627] - Loss: 0.1014
  Batch [32710/35627] - Loss: 0.1014
  Batch [32720/35627] - Loss: 0.1014
  Batch [32730/35627] - Loss: 0.1014
  Batch [32740/35627] - Loss: 0.1014
  Batch [32750/35627] - Loss: 0.1014
  Batch [32760/35627] - Loss: 0.1014
  Batch [32770/35627] - Loss: 0.1014
  Batch [32780/35627] - Loss: 0.1014
  Batch [32790/35627] - Loss: 0.1014
  Batch [32800/35627] - Loss: 0.1014
  Batch [32810/35627] - Loss: 0.1014
  Batch [32820/35627] - Loss: 0.1014
  Batch [32830/35627] - Loss: 0.1014
  Batch [32840/35627] - Loss: 0.1014
  Batch [32850/35627] - Loss: 0.1014
  Batch [32860/35627] - Loss: 0.1014
  Batch [32870/35627] - Loss: 0.1014
  Batch [32880/35627] - Loss: 0.1014
  Batch [32890/35627] - Loss: 0.1014
  Batch [32900/35627] - Loss: 0.1014
  Batch [32910/35627] - Loss: 0.1014
  Batch [32920/35627] - Loss: 0.1014
  Batch [32930/35627] - Loss: 0.1014
  Batch [32940/35627] - Loss: 0.1014
  Batch [32950/35627] - Loss: 0.1014
  Batch [32960/35627] - Loss: 0.1014
  Batch [32970/35627] - Loss: 0.1014
  Batch [32980/35627] - Loss: 0.1014
  Batch [32990/35627] - Loss: 0.1014
  Batch [33000/35627] - Loss: 0.1014
  Batch [33010/35627] - Loss: 0.1014
  Batch [33020/35627] - Loss: 0.1014
  Batch [33030/35627] - Loss: 0.1014
  Batch [33040/35627] - Loss: 0.1014
  Batch [33050/35627] - Loss: 0.1014
  Batch [33060/35627] - Loss: 0.1014
  Batch [33070/35627] - Loss: 0.1014
  Batch [33080/35627] - Loss: 0.1014
  Batch [33090/35627] - Loss: 0.1014
  Batch [33100/35627] - Loss: 0.1014
  Batch [33110/35627] - Loss: 0.1014
  Batch [33120/35627] - Loss: 0.1014
  Batch [33130/35627] - Loss: 0.1014
  Batch [33140/35627] - Loss: 0.1014
  Batch [33150/35627] - Loss: 0.1014
  Batch [33160/35627] - Loss: 0.1014
  Batch [33170/35627] - Loss: 0.1014
  Batch [33180/35627] - Loss: 0.1014
  Batch [33190/35627] - Loss: 0.1014
  Batch [33200/35627] - Loss: 0.1014
  Batch [33210/35627] - Loss: 0.1014
  Batch [33220/35627] - Loss: 0.1014
  Batch [33230/35627] - Loss: 0.1014
  Batch [33240/35627] - Loss: 0.1014
  Batch [33250/35627] - Loss: 0.1014
  Batch [33260/35627] - Loss: 0.1014
  Batch [33270/35627] - Loss: 0.1014
  Batch [33280/35627] - Loss: 0.1014
  Batch [33290/35627] - Loss: 0.1014
  Batch [33300/35627] - Loss: 0.1014
  Batch [33310/35627] - Loss: 0.1014
  Batch [33320/35627] - Loss: 0.1014
  Batch [33330/35627] - Loss: 0.1014
  Batch [33340/35627] - Loss: 0.1014
  Batch [33350/35627] - Loss: 0.1014
  Batch [33360/35627] - Loss: 0.1014
  Batch [33370/35627] - Loss: 0.1014
  Batch [33380/35627] - Loss: 0.1014
  Batch [33390/35627] - Loss: 0.1013
  Batch [33400/35627] - Loss: 0.1014
  Batch [33410/35627] - Loss: 0.1014
  Batch [33420/35627] - Loss: 0.1014
  Batch [33430/35627] - Loss: 0.1014
  Batch [33440/35627] - Loss: 0.1014
  Batch [33450/35627] - Loss: 0.1014
  Batch [33460/35627] - Loss: 0.1014
  Batch [33470/35627] - Loss: 0.1014
  Batch [33480/35627] - Loss: 0.1014
  Batch [33490/35627] - Loss: 0.1014
  Batch [33500/35627] - Loss: 0.1014
  Batch [33510/35627] - Loss: 0.1014
  Batch [33520/35627] - Loss: 0.1014
  Batch [33530/35627] - Loss: 0.1014
  Batch [33540/35627] - Loss: 0.1014
  Batch [33550/35627] - Loss: 0.1014
  Batch [33560/35627] - Loss: 0.1014
  Batch [33570/35627] - Loss: 0.1014
  Batch [33580/35627] - Loss: 0.1014
  Batch [33590/35627] - Loss: 0.1014
  Batch [33600/35627] - Loss: 0.1014
  Batch [33610/35627] - Loss: 0.1014
  Batch [33620/35627] - Loss: 0.1014
  Batch [33630/35627] - Loss: 0.1014
  Batch [33640/35627] - Loss: 0.1014
  Batch [33650/35627] - Loss: 0.1014
  Batch [33660/35627] - Loss: 0.1014
  Batch [33670/35627] - Loss: 0.1014
  Batch [33680/35627] - Loss: 0.1014
  Batch [33690/35627] - Loss: 0.1014
  Batch [33700/35627] - Loss: 0.1014
  Batch [33710/35627] - Loss: 0.1014
  Batch [33720/35627] - Loss: 0.1014
  Batch [33730/35627] - Loss: 0.1014
  Batch [33740/35627] - Loss: 0.1014
  Batch [33750/35627] - Loss: 0.1014
  Batch [33760/35627] - Loss: 0.1014
  Batch [33770/35627] - Loss: 0.1014
  Batch [33780/35627] - Loss: 0.1014
  Batch [33790/35627] - Loss: 0.1014
  Batch [33800/35627] - Loss: 0.1014
  Batch [33810/35627] - Loss: 0.1014
  Batch [33820/35627] - Loss: 0.1014
  Batch [33830/35627] - Loss: 0.1014
  Batch [33840/35627] - Loss: 0.1014
  Batch [33850/35627] - Loss: 0.1014
  Batch [33860/35627] - Loss: 0.1014
  Batch [33870/35627] - Loss: 0.1014
  Batch [33880/35627] - Loss: 0.1014
  Batch [33890/35627] - Loss: 0.1014
  Batch [33900/35627] - Loss: 0.1014
  Batch [33910/35627] - Loss: 0.1014
  Batch [33920/35627] - Loss: 0.1014
  Batch [33930/35627] - Loss: 0.1014
  Batch [33940/35627] - Loss: 0.1014
  Batch [33950/35627] - Loss: 0.1014
  Batch [33960/35627] - Loss: 0.1014
  Batch [33970/35627] - Loss: 0.1014
  Batch [33980/35627] - Loss: 0.1014
  Batch [33990/35627] - Loss: 0.1014
  Batch [34000/35627] - Loss: 0.1014
  Batch [34010/35627] - Loss: 0.1014
  Batch [34020/35627] - Loss: 0.1014
  Batch [34030/35627] - Loss: 0.1014
  Batch [34040/35627] - Loss: 0.1014
  Batch [34050/35627] - Loss: 0.1014
  Batch [34060/35627] - Loss: 0.1014
  Batch [34070/35627] - Loss: 0.1014
  Batch [34080/35627] - Loss: 0.1014
  Batch [34090/35627] - Loss: 0.1014
  Batch [34100/35627] - Loss: 0.1014
  Batch [34110/35627] - Loss: 0.1014
  Batch [34120/35627] - Loss: 0.1014
  Batch [34130/35627] - Loss: 0.1014
  Batch [34140/35627] - Loss: 0.1014
  Batch [34150/35627] - Loss: 0.1014
  Batch [34160/35627] - Loss: 0.1014
  Batch [34170/35627] - Loss: 0.1014
  Batch [34180/35627] - Loss: 0.1014
  Batch [34190/35627] - Loss: 0.1014
  Batch [34200/35627] - Loss: 0.1014
  Batch [34210/35627] - Loss: 0.1014
  Batch [34220/35627] - Loss: 0.1014
  Batch [34230/35627] - Loss: 0.1014
  Batch [34240/35627] - Loss: 0.1014
  Batch [34250/35627] - Loss: 0.1014
  Batch [34260/35627] - Loss: 0.1014
  Batch [34270/35627] - Loss: 0.1014
  Batch [34280/35627] - Loss: 0.1014
  Batch [34290/35627] - Loss: 0.1014
  Batch [34300/35627] - Loss: 0.1014
  Batch [34310/35627] - Loss: 0.1014
  Batch [34320/35627] - Loss: 0.1014
  Batch [34330/35627] - Loss: 0.1014
  Batch [34340/35627] - Loss: 0.1014
  Batch [34350/35627] - Loss: 0.1014
  Batch [34360/35627] - Loss: 0.1014
  Batch [34370/35627] - Loss: 0.1014
  Batch [34380/35627] - Loss: 0.1014
  Batch [34390/35627] - Loss: 0.1014
  Batch [34400/35627] - Loss: 0.1014
  Batch [34410/35627] - Loss: 0.1014
  Batch [34420/35627] - Loss: 0.1014
  Batch [34430/35627] - Loss: 0.1014
  Batch [34440/35627] - Loss: 0.1014
  Batch [34450/35627] - Loss: 0.1014
  Batch [34460/35627] - Loss: 0.1014
  Batch [34470/35627] - Loss: 0.1014
  Batch [34480/35627] - Loss: 0.1014
  Batch [34490/35627] - Loss: 0.1014
  Batch [34500/35627] - Loss: 0.1014
  Batch [34510/35627] - Loss: 0.1014
  Batch [34520/35627] - Loss: 0.1014
  Batch [34530/35627] - Loss: 0.1014
  Batch [34540/35627] - Loss: 0.1014
  Batch [34550/35627] - Loss: 0.1014
  Batch [34560/35627] - Loss: 0.1014
  Batch [34570/35627] - Loss: 0.1014
  Batch [34580/35627] - Loss: 0.1014
  Batch [34590/35627] - Loss: 0.1014
  Batch [34600/35627] - Loss: 0.1014
  Batch [34610/35627] - Loss: 0.1014
  Batch [34620/35627] - Loss: 0.1014
  Batch [34630/35627] - Loss: 0.1014
  Batch [34640/35627] - Loss: 0.1014
  Batch [34650/35627] - Loss: 0.1014
  Batch [34660/35627] - Loss: 0.1014
  Batch [34670/35627] - Loss: 0.1014
  Batch [34680/35627] - Loss: 0.1014
  Batch [34690/35627] - Loss: 0.1014
  Batch [34700/35627] - Loss: 0.1014
  Batch [34710/35627] - Loss: 0.1014
  Batch [34720/35627] - Loss: 0.1014
  Batch [34730/35627] - Loss: 0.1014
  Batch [34740/35627] - Loss: 0.1014
  Batch [34750/35627] - Loss: 0.1014
  Batch [34760/35627] - Loss: 0.1014
  Batch [34770/35627] - Loss: 0.1014
  Batch [34780/35627] - Loss: 0.1014
  Batch [34790/35627] - Loss: 0.1014
  Batch [34800/35627] - Loss: 0.1014
  Batch [34810/35627] - Loss: 0.1014
  Batch [34820/35627] - Loss: 0.1014
  Batch [34830/35627] - Loss: 0.1014
  Batch [34840/35627] - Loss: 0.1014
  Batch [34850/35627] - Loss: 0.1014
  Batch [34860/35627] - Loss: 0.1014
  Batch [34870/35627] - Loss: 0.1014
  Batch [34880/35627] - Loss: 0.1014
  Batch [34890/35627] - Loss: 0.1014
  Batch [34900/35627] - Loss: 0.1014
  Batch [34910/35627] - Loss: 0.1014
  Batch [34920/35627] - Loss: 0.1014
  Batch [34930/35627] - Loss: 0.1014
  Batch [34940/35627] - Loss: 0.1014
  Batch [34950/35627] - Loss: 0.1014
  Batch [34960/35627] - Loss: 0.1014
  Batch [34970/35627] - Loss: 0.1014
  Batch [34980/35627] - Loss: 0.1014
  Batch [34990/35627] - Loss: 0.1014
  Batch [35000/35627] - Loss: 0.1014
  Batch [35010/35627] - Loss: 0.1014
  Batch [35020/35627] - Loss: 0.1014
  Batch [35030/35627] - Loss: 0.1014
  Batch [35040/35627] - Loss: 0.1014
  Batch [35050/35627] - Loss: 0.1014
  Batch [35060/35627] - Loss: 0.1014
  Batch [35070/35627] - Loss: 0.1014
  Batch [35080/35627] - Loss: 0.1014
  Batch [35090/35627] - Loss: 0.1014
  Batch [35100/35627] - Loss: 0.1014
  Batch [35110/35627] - Loss: 0.1014
  Batch [35120/35627] - Loss: 0.1014
  Batch [35130/35627] - Loss: 0.1014
  Batch [35140/35627] - Loss: 0.1014
  Batch [35150/35627] - Loss: 0.1014
  Batch [35160/35627] - Loss: 0.1014
  Batch [35170/35627] - Loss: 0.1014
  Batch [35180/35627] - Loss: 0.1014
  Batch [35190/35627] - Loss: 0.1014
  Batch [35200/35627] - Loss: 0.1014
  Batch [35210/35627] - Loss: 0.1014
  Batch [35220/35627] - Loss: 0.1014
  Batch [35230/35627] - Loss: 0.1014
  Batch [35240/35627] - Loss: 0.1014
  Batch [35250/35627] - Loss: 0.1014
  Batch [35260/35627] - Loss: 0.1014
  Batch [35270/35627] - Loss: 0.1014
  Batch [35280/35627] - Loss: 0.1014
  Batch [35290/35627] - Loss: 0.1014
  Batch [35300/35627] - Loss: 0.1014
  Batch [35310/35627] - Loss: 0.1014
  Batch [35320/35627] - Loss: 0.1014
  Batch [35330/35627] - Loss: 0.1014
  Batch [35340/35627] - Loss: 0.1014
  Batch [35350/35627] - Loss: 0.1014
  Batch [35360/35627] - Loss: 0.1014
  Batch [35370/35627] - Loss: 0.1014
  Batch [35380/35627] - Loss: 0.1014
  Batch [35390/35627] - Loss: 0.1014
  Batch [35400/35627] - Loss: 0.1014
  Batch [35410/35627] - Loss: 0.1014
  Batch [35420/35627] - Loss: 0.1014
  Batch [35430/35627] - Loss: 0.1014
  Batch [35440/35627] - Loss: 0.1014
  Batch [35450/35627] - Loss: 0.1014
  Batch [35460/35627] - Loss: 0.1014
  Batch [35470/35627] - Loss: 0.1014
  Batch [35480/35627] - Loss: 0.1014
  Batch [35490/35627] - Loss: 0.1014
  Batch [35500/35627] - Loss: 0.1014
  Batch [35510/35627] - Loss: 0.1014
  Batch [35520/35627] - Loss: 0.1014
  Batch [35530/35627] - Loss: 0.1014
  Batch [35540/35627] - Loss: 0.1014
  Batch [35550/35627] - Loss: 0.1014
  Batch [35560/35627] - Loss: 0.1014
  Batch [35570/35627] - Loss: 0.1014
  Batch [35580/35627] - Loss: 0.1014
  Batch [35590/35627] - Loss: 0.1014
  Batch [35600/35627] - Loss: 0.1014
  Batch [35610/35627] - Loss: 0.1014
  Batch [35620/35627] - Loss: 0.1014

Epoch 3 Results:
  Train Loss: 0.1014
  Val Loss: 0.1228
  Val Accuracy: 0.9599 (95.99%)
  Val Recall: 0.8752 (87.52%)
  Val Precision: 0.9524 (95.24%)

──────────────────────────────────────────────────────────────────────
Epoch 4/5
──────────────────────────────────────────────────────────────────────
  Batch [10/35627] - Loss: 0.0805
  Batch [20/35627] - Loss: 0.0878
  Batch [30/35627] - Loss: 0.0873
  Batch [40/35627] - Loss: 0.0883
  Batch [50/35627] - Loss: 0.0843
  Batch [60/35627] - Loss: 0.0968
  Batch [70/35627] - Loss: 0.0991
  Batch [80/35627] - Loss: 0.0967
  Batch [90/35627] - Loss: 0.0981
  Batch [100/35627] - Loss: 0.1015
  Batch [110/35627] - Loss: 0.1009
  Batch [120/35627] - Loss: 0.0986
  Batch [130/35627] - Loss: 0.0980
  Batch [140/35627] - Loss: 0.0974
  Batch [150/35627] - Loss: 0.0996
  Batch [160/35627] - Loss: 0.0978
  Batch [170/35627] - Loss: 0.0967
  Batch [180/35627] - Loss: 0.0975
  Batch [190/35627] - Loss: 0.1005
  Batch [200/35627] - Loss: 0.1021
  Batch [210/35627] - Loss: 0.1016
  Batch [220/35627] - Loss: 0.1004
  Batch [230/35627] - Loss: 0.0992
  Batch [240/35627] - Loss: 0.0976
  Batch [250/35627] - Loss: 0.0968
  Batch [260/35627] - Loss: 0.0978
  Batch [270/35627] - Loss: 0.0974
  Batch [280/35627] - Loss: 0.0975
  Batch [290/35627] - Loss: 0.0970
  Batch [300/35627] - Loss: 0.0967
  Batch [310/35627] - Loss: 0.0971
  Batch [320/35627] - Loss: 0.0967
  Batch [330/35627] - Loss: 0.0974
  Batch [340/35627] - Loss: 0.0975
  Batch [350/35627] - Loss: 0.0976
  Batch [360/35627] - Loss: 0.0976
  Batch [370/35627] - Loss: 0.0975
  Batch [380/35627] - Loss: 0.0978
  Batch [390/35627] - Loss: 0.0978
  Batch [400/35627] - Loss: 0.0980
  Batch [410/35627] - Loss: 0.0985
  Batch [420/35627] - Loss: 0.0981
  Batch [430/35627] - Loss: 0.0979
  Batch [440/35627] - Loss: 0.0977
  Batch [450/35627] - Loss: 0.0982
  Batch [460/35627] - Loss: 0.0984
  Batch [470/35627] - Loss: 0.0973
  Batch [480/35627] - Loss: 0.0982
  Batch [490/35627] - Loss: 0.0985
  Batch [500/35627] - Loss: 0.0991
  Batch [510/35627] - Loss: 0.0994
  Batch [520/35627] - Loss: 0.0990
  Batch [530/35627] - Loss: 0.0990
  Batch [540/35627] - Loss: 0.0989
  Batch [550/35627] - Loss: 0.0985
  Batch [560/35627] - Loss: 0.0982
  Batch [570/35627] - Loss: 0.0979
  Batch [580/35627] - Loss: 0.0988
  Batch [590/35627] - Loss: 0.0989
  Batch [600/35627] - Loss: 0.0988
  Batch [610/35627] - Loss: 0.0982
  Batch [620/35627] - Loss: 0.0984
  Batch [630/35627] - Loss: 0.0978
  Batch [640/35627] - Loss: 0.0977
  Batch [650/35627] - Loss: 0.0981
  Batch [660/35627] - Loss: 0.0986
  Batch [670/35627] - Loss: 0.0985
  Batch [680/35627] - Loss: 0.0985
  Batch [690/35627] - Loss: 0.0986
  Batch [700/35627] - Loss: 0.0988
  Batch [710/35627] - Loss: 0.0986
  Batch [720/35627] - Loss: 0.0987
  Batch [730/35627] - Loss: 0.0986
  Batch [740/35627] - Loss: 0.0984
  Batch [750/35627] - Loss: 0.0987
  Batch [760/35627] - Loss: 0.0990
  Batch [770/35627] - Loss: 0.0993
  Batch [780/35627] - Loss: 0.0989
  Batch [790/35627] - Loss: 0.0993
  Batch [800/35627] - Loss: 0.0991
  Batch [810/35627] - Loss: 0.0990
  Batch [820/35627] - Loss: 0.0988
  Batch [830/35627] - Loss: 0.0990
  Batch [840/35627] - Loss: 0.0996
  Batch [850/35627] - Loss: 0.0996
  Batch [860/35627] - Loss: 0.0997
  Batch [870/35627] - Loss: 0.0998
  Batch [880/35627] - Loss: 0.0997
  Batch [890/35627] - Loss: 0.0994
  Batch [900/35627] - Loss: 0.0994
  Batch [910/35627] - Loss: 0.0992
  Batch [920/35627] - Loss: 0.0991
  Batch [930/35627] - Loss: 0.0993
  Batch [940/35627] - Loss: 0.0991
  Batch [950/35627] - Loss: 0.0992
  Batch [960/35627] - Loss: 0.0989
  Batch [970/35627] - Loss: 0.0987
  Batch [980/35627] - Loss: 0.0988
  Batch [990/35627] - Loss: 0.0988
  Batch [1000/35627] - Loss: 0.0988
  Batch [1010/35627] - Loss: 0.0988
  Batch [1020/35627] - Loss: 0.0985
  Batch [1030/35627] - Loss: 0.0987
  Batch [1040/35627] - Loss: 0.0985
  Batch [1050/35627] - Loss: 0.0986
  Batch [1060/35627] - Loss: 0.0983
  Batch [1070/35627] - Loss: 0.0984
  Batch [1080/35627] - Loss: 0.0981
  Batch [1090/35627] - Loss: 0.0981
  Batch [1100/35627] - Loss: 0.0978
  Batch [1110/35627] - Loss: 0.0981
  Batch [1120/35627] - Loss: 0.0980
  Batch [1130/35627] - Loss: 0.0979
  Batch [1140/35627] - Loss: 0.0980
  Batch [1150/35627] - Loss: 0.0979
  Batch [1160/35627] - Loss: 0.0977
  Batch [1170/35627] - Loss: 0.0977
  Batch [1180/35627] - Loss: 0.0976
  Batch [1190/35627] - Loss: 0.0976
  Batch [1200/35627] - Loss: 0.0978
  Batch [1210/35627] - Loss: 0.0979
  Batch [1220/35627] - Loss: 0.0983
  Batch [1230/35627] - Loss: 0.0983
  Batch [1240/35627] - Loss: 0.0982
  Batch [1250/35627] - Loss: 0.0984
  Batch [1260/35627] - Loss: 0.0982
  Batch [1270/35627] - Loss: 0.0982
  Batch [1280/35627] - Loss: 0.0981
  Batch [1290/35627] - Loss: 0.0980
  Batch [1300/35627] - Loss: 0.0979
  Batch [1310/35627] - Loss: 0.0982
  Batch [1320/35627] - Loss: 0.0980
  Batch [1330/35627] - Loss: 0.0979
  Batch [1340/35627] - Loss: 0.0978
  Batch [1350/35627] - Loss: 0.0977
  Batch [1360/35627] - Loss: 0.0977
  Batch [1370/35627] - Loss: 0.0975
  Batch [1380/35627] - Loss: 0.0975
  Batch [1390/35627] - Loss: 0.0975
  Batch [1400/35627] - Loss: 0.0972
  Batch [1410/35627] - Loss: 0.0974
  Batch [1420/35627] - Loss: 0.0975
  Batch [1430/35627] - Loss: 0.0977
  Batch [1440/35627] - Loss: 0.0978
  Batch [1450/35627] - Loss: 0.0981
  Batch [1460/35627] - Loss: 0.0980
  Batch [1470/35627] - Loss: 0.0980
  Batch [1480/35627] - Loss: 0.0982
  Batch [1490/35627] - Loss: 0.0983
  Batch [1500/35627] - Loss: 0.0984
  Batch [1510/35627] - Loss: 0.0984
  Batch [1520/35627] - Loss: 0.0984
  Batch [1530/35627] - Loss: 0.0982
  Batch [1540/35627] - Loss: 0.0982
  Batch [1550/35627] - Loss: 0.0984
  Batch [1560/35627] - Loss: 0.0983
  Batch [1570/35627] - Loss: 0.0983
  Batch [1580/35627] - Loss: 0.0981
  Batch [1590/35627] - Loss: 0.0982
  Batch [1600/35627] - Loss: 0.0984
  Batch [1610/35627] - Loss: 0.0985
  Batch [1620/35627] - Loss: 0.0985
  Batch [1630/35627] - Loss: 0.0983
  Batch [1640/35627] - Loss: 0.0981
  Batch [1650/35627] - Loss: 0.0980
  Batch [1660/35627] - Loss: 0.0979
  Batch [1670/35627] - Loss: 0.0978
  Batch [1680/35627] - Loss: 0.0978
  Batch [1690/35627] - Loss: 0.0978
  Batch [1700/35627] - Loss: 0.0978
  Batch [1710/35627] - Loss: 0.0978
  Batch [1720/35627] - Loss: 0.0977
  Batch [1730/35627] - Loss: 0.0977
  Batch [1740/35627] - Loss: 0.0977
  Batch [1750/35627] - Loss: 0.0975
  Batch [1760/35627] - Loss: 0.0975
  Batch [1770/35627] - Loss: 0.0977
  Batch [1780/35627] - Loss: 0.0978
  Batch [1790/35627] - Loss: 0.0978
  Batch [1800/35627] - Loss: 0.0978
  Batch [1810/35627] - Loss: 0.0977
  Batch [1820/35627] - Loss: 0.0978
  Batch [1830/35627] - Loss: 0.0979
  Batch [1840/35627] - Loss: 0.0978
  Batch [1850/35627] - Loss: 0.0977
  Batch [1860/35627] - Loss: 0.0977
  Batch [1870/35627] - Loss: 0.0976
  Batch [1880/35627] - Loss: 0.0976
  Batch [1890/35627] - Loss: 0.0977
  Batch [1900/35627] - Loss: 0.0977
  Batch [1910/35627] - Loss: 0.0978
  Batch [1920/35627] - Loss: 0.0978
  Batch [1930/35627] - Loss: 0.0977
  Batch [1940/35627] - Loss: 0.0978
  Batch [1950/35627] - Loss: 0.0977
  Batch [1960/35627] - Loss: 0.0978
  Batch [1970/35627] - Loss: 0.0979
  Batch [1980/35627] - Loss: 0.0981
  Batch [1990/35627] - Loss: 0.0981
  Batch [2000/35627] - Loss: 0.0981
  Batch [2010/35627] - Loss: 0.0982
  Batch [2020/35627] - Loss: 0.0981
  Batch [2030/35627] - Loss: 0.0981
  Batch [2040/35627] - Loss: 0.0980
  Batch [2050/35627] - Loss: 0.0979
  Batch [2060/35627] - Loss: 0.0979
  Batch [2070/35627] - Loss: 0.0978
  Batch [2080/35627] - Loss: 0.0979
  Batch [2090/35627] - Loss: 0.0978
  Batch [2100/35627] - Loss: 0.0979
  Batch [2110/35627] - Loss: 0.0980
  Batch [2120/35627] - Loss: 0.0979
  Batch [2130/35627] - Loss: 0.0980
  Batch [2140/35627] - Loss: 0.0979
  Batch [2150/35627] - Loss: 0.0979
  Batch [2160/35627] - Loss: 0.0978
  Batch [2170/35627] - Loss: 0.0979
  Batch [2180/35627] - Loss: 0.0979
  Batch [2190/35627] - Loss: 0.0979
  Batch [2200/35627] - Loss: 0.0978
  Batch [2210/35627] - Loss: 0.0979
  Batch [2220/35627] - Loss: 0.0980
  Batch [2230/35627] - Loss: 0.0980
  Batch [2240/35627] - Loss: 0.0980
  Batch [2250/35627] - Loss: 0.0980
  Batch [2260/35627] - Loss: 0.0981
  Batch [2270/35627] - Loss: 0.0982
  Batch [2280/35627] - Loss: 0.0981
  Batch [2290/35627] - Loss: 0.0982
  Batch [2300/35627] - Loss: 0.0982
  Batch [2310/35627] - Loss: 0.0983
  Batch [2320/35627] - Loss: 0.0982
  Batch [2330/35627] - Loss: 0.0982
  Batch [2340/35627] - Loss: 0.0981
  Batch [2350/35627] - Loss: 0.0981
  Batch [2360/35627] - Loss: 0.0980
  Batch [2370/35627] - Loss: 0.0980
  Batch [2380/35627] - Loss: 0.0978
  Batch [2390/35627] - Loss: 0.0978
  Batch [2400/35627] - Loss: 0.0979
  Batch [2410/35627] - Loss: 0.0979
  Batch [2420/35627] - Loss: 0.0981
  Batch [2430/35627] - Loss: 0.0981
  Batch [2440/35627] - Loss: 0.0982
  Batch [2450/35627] - Loss: 0.0981
  Batch [2460/35627] - Loss: 0.0981
  Batch [2470/35627] - Loss: 0.0981
  Batch [2480/35627] - Loss: 0.0980
  Batch [2490/35627] - Loss: 0.0980
  Batch [2500/35627] - Loss: 0.0980
  Batch [2510/35627] - Loss: 0.0980
  Batch [2520/35627] - Loss: 0.0980
  Batch [2530/35627] - Loss: 0.0980
  Batch [2540/35627] - Loss: 0.0980
  Batch [2550/35627] - Loss: 0.0981
  Batch [2560/35627] - Loss: 0.0981
  Batch [2570/35627] - Loss: 0.0982
  Batch [2580/35627] - Loss: 0.0982
  Batch [2590/35627] - Loss: 0.0982
  Batch [2600/35627] - Loss: 0.0982
  Batch [2610/35627] - Loss: 0.0982
  Batch [2620/35627] - Loss: 0.0983
  Batch [2630/35627] - Loss: 0.0983
  Batch [2640/35627] - Loss: 0.0983
  Batch [2650/35627] - Loss: 0.0984
  Batch [2660/35627] - Loss: 0.0983
  Batch [2670/35627] - Loss: 0.0983
  Batch [2680/35627] - Loss: 0.0984
  Batch [2690/35627] - Loss: 0.0985
  Batch [2700/35627] - Loss: 0.0985
  Batch [2710/35627] - Loss: 0.0985
  Batch [2720/35627] - Loss: 0.0985
  Batch [2730/35627] - Loss: 0.0986
  Batch [2740/35627] - Loss: 0.0987
  Batch [2750/35627] - Loss: 0.0986
  Batch [2760/35627] - Loss: 0.0986
  Batch [2770/35627] - Loss: 0.0987
  Batch [2780/35627] - Loss: 0.0986
  Batch [2790/35627] - Loss: 0.0987
  Batch [2800/35627] - Loss: 0.0986
  Batch [2810/35627] - Loss: 0.0987
  Batch [2820/35627] - Loss: 0.0987
  Batch [2830/35627] - Loss: 0.0988
  Batch [2840/35627] - Loss: 0.0987
  Batch [2850/35627] - Loss: 0.0988
  Batch [2860/35627] - Loss: 0.0986
  Batch [2870/35627] - Loss: 0.0986
  Batch [2880/35627] - Loss: 0.0986
  Batch [2890/35627] - Loss: 0.0986
  Batch [2900/35627] - Loss: 0.0987
  Batch [2910/35627] - Loss: 0.0986
  Batch [2920/35627] - Loss: 0.0987
  Batch [2930/35627] - Loss: 0.0987
  Batch [2940/35627] - Loss: 0.0986
  Batch [2950/35627] - Loss: 0.0987
  Batch [2960/35627] - Loss: 0.0988
  Batch [2970/35627] - Loss: 0.0988
  Batch [2980/35627] - Loss: 0.0987
  Batch [2990/35627] - Loss: 0.0986
  Batch [3000/35627] - Loss: 0.0986
  Batch [3010/35627] - Loss: 0.0985
  Batch [3020/35627] - Loss: 0.0985
  Batch [3030/35627] - Loss: 0.0986
  Batch [3040/35627] - Loss: 0.0986
  Batch [3050/35627] - Loss: 0.0987
  Batch [3060/35627] - Loss: 0.0986
  Batch [3070/35627] - Loss: 0.0987
  Batch [3080/35627] - Loss: 0.0987
  Batch [3090/35627] - Loss: 0.0988
  Batch [3100/35627] - Loss: 0.0988
  Batch [3110/35627] - Loss: 0.0988
  Batch [3120/35627] - Loss: 0.0988
  Batch [3130/35627] - Loss: 0.0989
  Batch [3140/35627] - Loss: 0.0989
  Batch [3150/35627] - Loss: 0.0988
  Batch [3160/35627] - Loss: 0.0989
  Batch [3170/35627] - Loss: 0.0989
  Batch [3180/35627] - Loss: 0.0990
  Batch [3190/35627] - Loss: 0.0990
  Batch [3200/35627] - Loss: 0.0990
  Batch [3210/35627] - Loss: 0.0991
  Batch [3220/35627] - Loss: 0.0991
  Batch [3230/35627] - Loss: 0.0991
  Batch [3240/35627] - Loss: 0.0991
  Batch [3250/35627] - Loss: 0.0991
  Batch [3260/35627] - Loss: 0.0991
  Batch [3270/35627] - Loss: 0.0990
  Batch [3280/35627] - Loss: 0.0991
  Batch [3290/35627] - Loss: 0.0990
  Batch [3300/35627] - Loss: 0.0990
  Batch [3310/35627] - Loss: 0.0990
  Batch [3320/35627] - Loss: 0.0990
  Batch [3330/35627] - Loss: 0.0989
  Batch [3340/35627] - Loss: 0.0989
  Batch [3350/35627] - Loss: 0.0990
  Batch [3360/35627] - Loss: 0.0990
  Batch [3370/35627] - Loss: 0.0991
  Batch [3380/35627] - Loss: 0.0990
  Batch [3390/35627] - Loss: 0.0989
  Batch [3400/35627] - Loss: 0.0989
  Batch [3410/35627] - Loss: 0.0989
  Batch [3420/35627] - Loss: 0.0989
  Batch [3430/35627] - Loss: 0.0990
  Batch [3440/35627] - Loss: 0.0989
  Batch [3450/35627] - Loss: 0.0989
  Batch [3460/35627] - Loss: 0.0989
  Batch [3470/35627] - Loss: 0.0988
  Batch [3480/35627] - Loss: 0.0987
  Batch [3490/35627] - Loss: 0.0987
  Batch [3500/35627] - Loss: 0.0987
  Batch [3510/35627] - Loss: 0.0987
  Batch [3520/35627] - Loss: 0.0986
  Batch [3530/35627] - Loss: 0.0986
  Batch [3540/35627] - Loss: 0.0985
  Batch [3550/35627] - Loss: 0.0985
  Batch [3560/35627] - Loss: 0.0985
  Batch [3570/35627] - Loss: 0.0985
  Batch [3580/35627] - Loss: 0.0986
  Batch [3590/35627] - Loss: 0.0986
  Batch [3600/35627] - Loss: 0.0986
  Batch [3610/35627] - Loss: 0.0986
  Batch [3620/35627] - Loss: 0.0987
  Batch [3630/35627] - Loss: 0.0987
  Batch [3640/35627] - Loss: 0.0988
  Batch [3650/35627] - Loss: 0.0987
  Batch [3660/35627] - Loss: 0.0987
  Batch [3670/35627] - Loss: 0.0987
  Batch [3680/35627] - Loss: 0.0988
  Batch [3690/35627] - Loss: 0.0988
  Batch [3700/35627] - Loss: 0.0988
  Batch [3710/35627] - Loss: 0.0987
  Batch [3720/35627] - Loss: 0.0987
  Batch [3730/35627] - Loss: 0.0987
  Batch [3740/35627] - Loss: 0.0987
  Batch [3750/35627] - Loss: 0.0987
  Batch [3760/35627] - Loss: 0.0987
  Batch [3770/35627] - Loss: 0.0987
  Batch [3780/35627] - Loss: 0.0987
  Batch [3790/35627] - Loss: 0.0987
  Batch [3800/35627] - Loss: 0.0988
  Batch [3810/35627] - Loss: 0.0988
  Batch [3820/35627] - Loss: 0.0988
  Batch [3830/35627] - Loss: 0.0988
  Batch [3840/35627] - Loss: 0.0987
  Batch [3850/35627] - Loss: 0.0987
  Batch [3860/35627] - Loss: 0.0987
  Batch [3870/35627] - Loss: 0.0987
  Batch [3880/35627] - Loss: 0.0987
  Batch [3890/35627] - Loss: 0.0987
  Batch [3900/35627] - Loss: 0.0987
  Batch [3910/35627] - Loss: 0.0987
  Batch [3920/35627] - Loss: 0.0987
  Batch [3930/35627] - Loss: 0.0987
  Batch [3940/35627] - Loss: 0.0988
  Batch [3950/35627] - Loss: 0.0988
  Batch [3960/35627] - Loss: 0.0988
  Batch [3970/35627] - Loss: 0.0988
  Batch [3980/35627] - Loss: 0.0988
  Batch [3990/35627] - Loss: 0.0989
  Batch [4000/35627] - Loss: 0.0989
  Batch [4010/35627] - Loss: 0.0989
  Batch [4020/35627] - Loss: 0.0990
  Batch [4030/35627] - Loss: 0.0990
  Batch [4040/35627] - Loss: 0.0990
  Batch [4050/35627] - Loss: 0.0989
  Batch [4060/35627] - Loss: 0.0989
  Batch [4070/35627] - Loss: 0.0989
  Batch [4080/35627] - Loss: 0.0989
  Batch [4090/35627] - Loss: 0.0989
  Batch [4100/35627] - Loss: 0.0990
  Batch [4110/35627] - Loss: 0.0991
  Batch [4120/35627] - Loss: 0.0991
  Batch [4130/35627] - Loss: 0.0991
  Batch [4140/35627] - Loss: 0.0991
  Batch [4150/35627] - Loss: 0.0992
  Batch [4160/35627] - Loss: 0.0991
  Batch [4170/35627] - Loss: 0.0991
  Batch [4180/35627] - Loss: 0.0991
  Batch [4190/35627] - Loss: 0.0990
  Batch [4200/35627] - Loss: 0.0991
  Batch [4210/35627] - Loss: 0.0990
  Batch [4220/35627] - Loss: 0.0991
  Batch [4230/35627] - Loss: 0.0991
  Batch [4240/35627] - Loss: 0.0991
  Batch [4250/35627] - Loss: 0.0990
  Batch [4260/35627] - Loss: 0.0990
  Batch [4270/35627] - Loss: 0.0989
  Batch [4280/35627] - Loss: 0.0989
  Batch [4290/35627] - Loss: 0.0989
  Batch [4300/35627] - Loss: 0.0989
  Batch [4310/35627] - Loss: 0.0989
  Batch [4320/35627] - Loss: 0.0990
  Batch [4330/35627] - Loss: 0.0990
  Batch [4340/35627] - Loss: 0.0991
  Batch [4350/35627] - Loss: 0.0991
  Batch [4360/35627] - Loss: 0.0991
  Batch [4370/35627] - Loss: 0.0990
  Batch [4380/35627] - Loss: 0.0990
  Batch [4390/35627] - Loss: 0.0990
  Batch [4400/35627] - Loss: 0.0991
  Batch [4410/35627] - Loss: 0.0990
  Batch [4420/35627] - Loss: 0.0991
  Batch [4430/35627] - Loss: 0.0991
  Batch [4440/35627] - Loss: 0.0991
  Batch [4450/35627] - Loss: 0.0991
  Batch [4460/35627] - Loss: 0.0991
  Batch [4470/35627] - Loss: 0.0990
  Batch [4480/35627] - Loss: 0.0990
  Batch [4490/35627] - Loss: 0.0990
  Batch [4500/35627] - Loss: 0.0990
  Batch [4510/35627] - Loss: 0.0990
  Batch [4520/35627] - Loss: 0.0990
  Batch [4530/35627] - Loss: 0.0991
  Batch [4540/35627] - Loss: 0.0991
  Batch [4550/35627] - Loss: 0.0991
  Batch [4560/35627] - Loss: 0.0991
  Batch [4570/35627] - Loss: 0.0990
  Batch [4580/35627] - Loss: 0.0990
  Batch [4590/35627] - Loss: 0.0991
  Batch [4600/35627] - Loss: 0.0991
  Batch [4610/35627] - Loss: 0.0991
  Batch [4620/35627] - Loss: 0.0991
  Batch [4630/35627] - Loss: 0.0990
  Batch [4640/35627] - Loss: 0.0991
  Batch [4650/35627] - Loss: 0.0991
  Batch [4660/35627] - Loss: 0.0990
  Batch [4670/35627] - Loss: 0.0990
  Batch [4680/35627] - Loss: 0.0991
  Batch [4690/35627] - Loss: 0.0990
  Batch [4700/35627] - Loss: 0.0991
  Batch [4710/35627] - Loss: 0.0991
  Batch [4720/35627] - Loss: 0.0991
  Batch [4730/35627] - Loss: 0.0991
  Batch [4740/35627] - Loss: 0.0991
  Batch [4750/35627] - Loss: 0.0991
  Batch [4760/35627] - Loss: 0.0992
  Batch [4770/35627] - Loss: 0.0991
  Batch [4780/35627] - Loss: 0.0991
  Batch [4790/35627] - Loss: 0.0991
  Batch [4800/35627] - Loss: 0.0990
  Batch [4810/35627] - Loss: 0.0990
  Batch [4820/35627] - Loss: 0.0990
  Batch [4830/35627] - Loss: 0.0990
  Batch [4840/35627] - Loss: 0.0990
  Batch [4850/35627] - Loss: 0.0990
  Batch [4860/35627] - Loss: 0.0990
  Batch [4870/35627] - Loss: 0.0989
  Batch [4880/35627] - Loss: 0.0989
  Batch [4890/35627] - Loss: 0.0989
  Batch [4900/35627] - Loss: 0.0990
  Batch [4910/35627] - Loss: 0.0990
  Batch [4920/35627] - Loss: 0.0990
  Batch [4930/35627] - Loss: 0.0990
  Batch [4940/35627] - Loss: 0.0990
  Batch [4950/35627] - Loss: 0.0990
  Batch [4960/35627] - Loss: 0.0990
  Batch [4970/35627] - Loss: 0.0990
  Batch [4980/35627] - Loss: 0.0990
  Batch [4990/35627] - Loss: 0.0990
  Batch [5000/35627] - Loss: 0.0990
  Batch [5010/35627] - Loss: 0.0990
  Batch [5020/35627] - Loss: 0.0991
  Batch [5030/35627] - Loss: 0.0991
  Batch [5040/35627] - Loss: 0.0992
  Batch [5050/35627] - Loss: 0.0992
  Batch [5060/35627] - Loss: 0.0992
  Batch [5070/35627] - Loss: 0.0992
  Batch [5080/35627] - Loss: 0.0992
  Batch [5090/35627] - Loss: 0.0992
  Batch [5100/35627] - Loss: 0.0992
  Batch [5110/35627] - Loss: 0.0992
  Batch [5120/35627] - Loss: 0.0991
  Batch [5130/35627] - Loss: 0.0992
  Batch [5140/35627] - Loss: 0.0992
  Batch [5150/35627] - Loss: 0.0992
  Batch [5160/35627] - Loss: 0.0992
  Batch [5170/35627] - Loss: 0.0992
  Batch [5180/35627] - Loss: 0.0992
  Batch [5190/35627] - Loss: 0.0992
  Batch [5200/35627] - Loss: 0.0992
  Batch [5210/35627] - Loss: 0.0992
  Batch [5220/35627] - Loss: 0.0992
  Batch [5230/35627] - Loss: 0.0992
  Batch [5240/35627] - Loss: 0.0992
  Batch [5250/35627] - Loss: 0.0992
  Batch [5260/35627] - Loss: 0.0991
  Batch [5270/35627] - Loss: 0.0992
  Batch [5280/35627] - Loss: 0.0992
  Batch [5290/35627] - Loss: 0.0992
  Batch [5300/35627] - Loss: 0.0993
  Batch [5310/35627] - Loss: 0.0993
  Batch [5320/35627] - Loss: 0.0994
  Batch [5330/35627] - Loss: 0.0994
  Batch [5340/35627] - Loss: 0.0994
  Batch [5350/35627] - Loss: 0.0994
  Batch [5360/35627] - Loss: 0.0993
  Batch [5370/35627] - Loss: 0.0993
  Batch [5380/35627] - Loss: 0.0992
  Batch [5390/35627] - Loss: 0.0992
  Batch [5400/35627] - Loss: 0.0992
  Batch [5410/35627] - Loss: 0.0992
  Batch [5420/35627] - Loss: 0.0992
  Batch [5430/35627] - Loss: 0.0992
  Batch [5440/35627] - Loss: 0.0993
  Batch [5450/35627] - Loss: 0.0993
  Batch [5460/35627] - Loss: 0.0993
  Batch [5470/35627] - Loss: 0.0993
  Batch [5480/35627] - Loss: 0.0993
  Batch [5490/35627] - Loss: 0.0993
  Batch [5500/35627] - Loss: 0.0993
  Batch [5510/35627] - Loss: 0.0993
  Batch [5520/35627] - Loss: 0.0993
  Batch [5530/35627] - Loss: 0.0992
  Batch [5540/35627] - Loss: 0.0992
  Batch [5550/35627] - Loss: 0.0992
  Batch [5560/35627] - Loss: 0.0992
  Batch [5570/35627] - Loss: 0.0992
  Batch [5580/35627] - Loss: 0.0992
  Batch [5590/35627] - Loss: 0.0992
  Batch [5600/35627] - Loss: 0.0992
  Batch [5610/35627] - Loss: 0.0992
  Batch [5620/35627] - Loss: 0.0992
  Batch [5630/35627] - Loss: 0.0992
  Batch [5640/35627] - Loss: 0.0992
  Batch [5650/35627] - Loss: 0.0992
  Batch [5660/35627] - Loss: 0.0992
  Batch [5670/35627] - Loss: 0.0992
  Batch [5680/35627] - Loss: 0.0993
  Batch [5690/35627] - Loss: 0.0992
  Batch [5700/35627] - Loss: 0.0993
  Batch [5710/35627] - Loss: 0.0993
  Batch [5720/35627] - Loss: 0.0993
  Batch [5730/35627] - Loss: 0.0993
  Batch [5740/35627] - Loss: 0.0994
  Batch [5750/35627] - Loss: 0.0994
  Batch [5760/35627] - Loss: 0.0993
  Batch [5770/35627] - Loss: 0.0994
  Batch [5780/35627] - Loss: 0.0994
  Batch [5790/35627] - Loss: 0.0994
  Batch [5800/35627] - Loss: 0.0994
  Batch [5810/35627] - Loss: 0.0994
  Batch [5820/35627] - Loss: 0.0994
  Batch [5830/35627] - Loss: 0.0994
  Batch [5840/35627] - Loss: 0.0994
  Batch [5850/35627] - Loss: 0.0995
  Batch [5860/35627] - Loss: 0.0995
  Batch [5870/35627] - Loss: 0.0995
  Batch [5880/35627] - Loss: 0.0995
  Batch [5890/35627] - Loss: 0.0995
  Batch [5900/35627] - Loss: 0.0995
  Batch [5910/35627] - Loss: 0.0995
  Batch [5920/35627] - Loss: 0.0995
  Batch [5930/35627] - Loss: 0.0995
  Batch [5940/35627] - Loss: 0.0995
  Batch [5950/35627] - Loss: 0.0995
  Batch [5960/35627] - Loss: 0.0995
  Batch [5970/35627] - Loss: 0.0995
  Batch [5980/35627] - Loss: 0.0996
  Batch [5990/35627] - Loss: 0.0996
  Batch [6000/35627] - Loss: 0.0996
  Batch [6010/35627] - Loss: 0.0996
  Batch [6020/35627] - Loss: 0.0996
  Batch [6030/35627] - Loss: 0.0996
  Batch [6040/35627] - Loss: 0.0996
  Batch [6050/35627] - Loss: 0.0997
  Batch [6060/35627] - Loss: 0.0997
  Batch [6070/35627] - Loss: 0.0997
  Batch [6080/35627] - Loss: 0.0997
  Batch [6090/35627] - Loss: 0.0997
  Batch [6100/35627] - Loss: 0.0997
  Batch [6110/35627] - Loss: 0.0997
  Batch [6120/35627] - Loss: 0.0997
  Batch [6130/35627] - Loss: 0.0997
  Batch [6140/35627] - Loss: 0.0997
  Batch [6150/35627] - Loss: 0.0997
  Batch [6160/35627] - Loss: 0.0997
  Batch [6170/35627] - Loss: 0.0997
  Batch [6180/35627] - Loss: 0.0997
  Batch [6190/35627] - Loss: 0.0997
  Batch [6200/35627] - Loss: 0.0997
  Batch [6210/35627] - Loss: 0.0997
  Batch [6220/35627] - Loss: 0.0998
  Batch [6230/35627] - Loss: 0.0999
  Batch [6240/35627] - Loss: 0.0999
  Batch [6250/35627] - Loss: 0.0999
  Batch [6260/35627] - Loss: 0.0999
  Batch [6270/35627] - Loss: 0.0999
  Batch [6280/35627] - Loss: 0.0999
  Batch [6290/35627] - Loss: 0.1000
  Batch [6300/35627] - Loss: 0.0999
  Batch [6310/35627] - Loss: 0.0999
  Batch [6320/35627] - Loss: 0.1000
  Batch [6330/35627] - Loss: 0.1000
  Batch [6340/35627] - Loss: 0.1000
  Batch [6350/35627] - Loss: 0.1000
  Batch [6360/35627] - Loss: 0.1001
  Batch [6370/35627] - Loss: 0.1000
  Batch [6380/35627] - Loss: 0.1001
  Batch [6390/35627] - Loss: 0.1001
  Batch [6400/35627] - Loss: 0.1001
  Batch [6410/35627] - Loss: 0.1000
  Batch [6420/35627] - Loss: 0.1000
  Batch [6430/35627] - Loss: 0.1000
  Batch [6440/35627] - Loss: 0.1000
  Batch [6450/35627] - Loss: 0.1000
  Batch [6460/35627] - Loss: 0.1000
  Batch [6470/35627] - Loss: 0.1000
  Batch [6480/35627] - Loss: 0.1000
  Batch [6490/35627] - Loss: 0.1000
  Batch [6500/35627] - Loss: 0.0999
  Batch [6510/35627] - Loss: 0.0999
  Batch [6520/35627] - Loss: 0.1000
  Batch [6530/35627] - Loss: 0.1000
  Batch [6540/35627] - Loss: 0.1000
  Batch [6550/35627] - Loss: 0.1001
  Batch [6560/35627] - Loss: 0.1000
  Batch [6570/35627] - Loss: 0.1001
  Batch [6580/35627] - Loss: 0.1001
  Batch [6590/35627] - Loss: 0.1001
  Batch [6600/35627] - Loss: 0.1001
  Batch [6610/35627] - Loss: 0.1001
  Batch [6620/35627] - Loss: 0.1001
  Batch [6630/35627] - Loss: 0.1001
  Batch [6640/35627] - Loss: 0.1001
  Batch [6650/35627] - Loss: 0.1001
  Batch [6660/35627] - Loss: 0.1001
  Batch [6670/35627] - Loss: 0.1001
  Batch [6680/35627] - Loss: 0.1000
  Batch [6690/35627] - Loss: 0.1000
  Batch [6700/35627] - Loss: 0.1001
  Batch [6710/35627] - Loss: 0.1001
  Batch [6720/35627] - Loss: 0.1001
  Batch [6730/35627] - Loss: 0.1001
  Batch [6740/35627] - Loss: 0.1001
  Batch [6750/35627] - Loss: 0.1000
  Batch [6760/35627] - Loss: 0.1000
  Batch [6770/35627] - Loss: 0.1000
  Batch [6780/35627] - Loss: 0.1000
  Batch [6790/35627] - Loss: 0.1000
  Batch [6800/35627] - Loss: 0.1000
  Batch [6810/35627] - Loss: 0.1000
  Batch [6820/35627] - Loss: 0.1000
  Batch [6830/35627] - Loss: 0.1000
  Batch [6840/35627] - Loss: 0.1000
  Batch [6850/35627] - Loss: 0.1000
  Batch [6860/35627] - Loss: 0.1000
  Batch [6870/35627] - Loss: 0.1000
  Batch [6880/35627] - Loss: 0.1000
  Batch [6890/35627] - Loss: 0.1000
  Batch [6900/35627] - Loss: 0.1000
  Batch [6910/35627] - Loss: 0.1000
  Batch [6920/35627] - Loss: 0.1000
  Batch [6930/35627] - Loss: 0.1000
  Batch [6940/35627] - Loss: 0.1000
  Batch [6950/35627] - Loss: 0.1001
  Batch [6960/35627] - Loss: 0.1001
  Batch [6970/35627] - Loss: 0.1001
  Batch [6980/35627] - Loss: 0.1001
  Batch [6990/35627] - Loss: 0.1001
  Batch [7000/35627] - Loss: 0.1001
  Batch [7010/35627] - Loss: 0.1001
  Batch [7020/35627] - Loss: 0.1001
  Batch [7030/35627] - Loss: 0.1001
  Batch [7040/35627] - Loss: 0.1001
  Batch [7050/35627] - Loss: 0.1001
  Batch [7060/35627] - Loss: 0.1000
  Batch [7070/35627] - Loss: 0.1000
  Batch [7080/35627] - Loss: 0.1000
  Batch [7090/35627] - Loss: 0.1000
  Batch [7100/35627] - Loss: 0.1000
  Batch [7110/35627] - Loss: 0.1000
  Batch [7120/35627] - Loss: 0.1000
  Batch [7130/35627] - Loss: 0.1000
  Batch [7140/35627] - Loss: 0.1000
  Batch [7150/35627] - Loss: 0.1000
  Batch [7160/35627] - Loss: 0.0999
  Batch [7170/35627] - Loss: 0.0999
  Batch [7180/35627] - Loss: 0.0999
  Batch [7190/35627] - Loss: 0.0999
  Batch [7200/35627] - Loss: 0.0999
  Batch [7210/35627] - Loss: 0.0998
  Batch [7220/35627] - Loss: 0.0999
  Batch [7230/35627] - Loss: 0.0998
  Batch [7240/35627] - Loss: 0.0999
  Batch [7250/35627] - Loss: 0.0999
  Batch [7260/35627] - Loss: 0.1000
  Batch [7270/35627] - Loss: 0.0999
  Batch [7280/35627] - Loss: 0.0999
  Batch [7290/35627] - Loss: 0.0999
  Batch [7300/35627] - Loss: 0.0999
  Batch [7310/35627] - Loss: 0.0999
  Batch [7320/35627] - Loss: 0.0998
  Batch [7330/35627] - Loss: 0.0999
  Batch [7340/35627] - Loss: 0.0999
  Batch [7350/35627] - Loss: 0.0998
  Batch [7360/35627] - Loss: 0.0998
  Batch [7370/35627] - Loss: 0.0998
  Batch [7380/35627] - Loss: 0.0998
  Batch [7390/35627] - Loss: 0.0998
  Batch [7400/35627] - Loss: 0.0997
  Batch [7410/35627] - Loss: 0.0998
  Batch [7420/35627] - Loss: 0.0998
  Batch [7430/35627] - Loss: 0.0998
  Batch [7440/35627] - Loss: 0.0998
  Batch [7450/35627] - Loss: 0.0998
  Batch [7460/35627] - Loss: 0.0998
  Batch [7470/35627] - Loss: 0.0998
  Batch [7480/35627] - Loss: 0.0998
  Batch [7490/35627] - Loss: 0.0998
  Batch [7500/35627] - Loss: 0.0998
  Batch [7510/35627] - Loss: 0.0999
  Batch [7520/35627] - Loss: 0.0999
  Batch [7530/35627] - Loss: 0.0998
  Batch [7540/35627] - Loss: 0.0998
  Batch [7550/35627] - Loss: 0.0999
  Batch [7560/35627] - Loss: 0.0999
  Batch [7570/35627] - Loss: 0.0999
  Batch [7580/35627] - Loss: 0.0999
  Batch [7590/35627] - Loss: 0.0999
  Batch [7600/35627] - Loss: 0.0999
  Batch [7610/35627] - Loss: 0.0999
  Batch [7620/35627] - Loss: 0.0998
  Batch [7630/35627] - Loss: 0.0998
  Batch [7640/35627] - Loss: 0.0999
  Batch [7650/35627] - Loss: 0.0998
  Batch [7660/35627] - Loss: 0.0999
  Batch [7670/35627] - Loss: 0.0999
  Batch [7680/35627] - Loss: 0.0999
  Batch [7690/35627] - Loss: 0.0999
  Batch [7700/35627] - Loss: 0.0999
  Batch [7710/35627] - Loss: 0.0999
  Batch [7720/35627] - Loss: 0.0999
  Batch [7730/35627] - Loss: 0.0999
  Batch [7740/35627] - Loss: 0.0999
  Batch [7750/35627] - Loss: 0.0999
  Batch [7760/35627] - Loss: 0.0999
  Batch [7770/35627] - Loss: 0.1000
  Batch [7780/35627] - Loss: 0.1000
  Batch [7790/35627] - Loss: 0.1000
  Batch [7800/35627] - Loss: 0.1001
  Batch [7810/35627] - Loss: 0.1000
  Batch [7820/35627] - Loss: 0.1001
  Batch [7830/35627] - Loss: 0.1001
  Batch [7840/35627] - Loss: 0.1000
  Batch [7850/35627] - Loss: 0.1000
  Batch [7860/35627] - Loss: 0.1000
  Batch [7870/35627] - Loss: 0.1000
  Batch [7880/35627] - Loss: 0.1000
  Batch [7890/35627] - Loss: 0.1000
  Batch [7900/35627] - Loss: 0.1000
  Batch [7910/35627] - Loss: 0.1000
  Batch [7920/35627] - Loss: 0.1000
  Batch [7930/35627] - Loss: 0.1000
  Batch [7940/35627] - Loss: 0.1000
  Batch [7950/35627] - Loss: 0.1000
  Batch [7960/35627] - Loss: 0.1000
  Batch [7970/35627] - Loss: 0.1000
  Batch [7980/35627] - Loss: 0.1001
  Batch [7990/35627] - Loss: 0.1001
  Batch [8000/35627] - Loss: 0.1001
  Batch [8010/35627] - Loss: 0.1001
  Batch [8020/35627] - Loss: 0.1001
  Batch [8030/35627] - Loss: 0.1001
  Batch [8040/35627] - Loss: 0.1001
  Batch [8050/35627] - Loss: 0.1001
  Batch [8060/35627] - Loss: 0.1001
  Batch [8070/35627] - Loss: 0.1001
  Batch [8080/35627] - Loss: 0.1001
  Batch [8090/35627] - Loss: 0.1001
  Batch [8100/35627] - Loss: 0.1001
  Batch [8110/35627] - Loss: 0.1001
  Batch [8120/35627] - Loss: 0.1001
  Batch [8130/35627] - Loss: 0.1001
  Batch [8140/35627] - Loss: 0.1002
  Batch [8150/35627] - Loss: 0.1001
  Batch [8160/35627] - Loss: 0.1002
  Batch [8170/35627] - Loss: 0.1001
  Batch [8180/35627] - Loss: 0.1001
  Batch [8190/35627] - Loss: 0.1001
  Batch [8200/35627] - Loss: 0.1001
  Batch [8210/35627] - Loss: 0.1001
  Batch [8220/35627] - Loss: 0.1000
  Batch [8230/35627] - Loss: 0.1001
  Batch [8240/35627] - Loss: 0.1000
  Batch [8250/35627] - Loss: 0.1000
  Batch [8260/35627] - Loss: 0.1000
  Batch [8270/35627] - Loss: 0.1000
  Batch [8280/35627] - Loss: 0.1000
  Batch [8290/35627] - Loss: 0.1000
  Batch [8300/35627] - Loss: 0.1000
  Batch [8310/35627] - Loss: 0.1000
  Batch [8320/35627] - Loss: 0.1000
  Batch [8330/35627] - Loss: 0.1000
  Batch [8340/35627] - Loss: 0.1000
  Batch [8350/35627] - Loss: 0.1001
  Batch [8360/35627] - Loss: 0.1001
  Batch [8370/35627] - Loss: 0.1001
  Batch [8380/35627] - Loss: 0.1001
  Batch [8390/35627] - Loss: 0.1001
  Batch [8400/35627] - Loss: 0.1000
  Batch [8410/35627] - Loss: 0.1001
  Batch [8420/35627] - Loss: 0.1000
  Batch [8430/35627] - Loss: 0.1000
  Batch [8440/35627] - Loss: 0.1000
  Batch [8450/35627] - Loss: 0.1001
  Batch [8460/35627] - Loss: 0.1000
  Batch [8470/35627] - Loss: 0.1000
  Batch [8480/35627] - Loss: 0.1000
  Batch [8490/35627] - Loss: 0.1000
  Batch [8500/35627] - Loss: 0.1000
  Batch [8510/35627] - Loss: 0.1000
  Batch [8520/35627] - Loss: 0.1000
  Batch [8530/35627] - Loss: 0.1001
  Batch [8540/35627] - Loss: 0.1001
  Batch [8550/35627] - Loss: 0.1001
  Batch [8560/35627] - Loss: 0.1000
  Batch [8570/35627] - Loss: 0.1000
  Batch [8580/35627] - Loss: 0.1000
  Batch [8590/35627] - Loss: 0.1001
  Batch [8600/35627] - Loss: 0.1001
  Batch [8610/35627] - Loss: 0.1001
  Batch [8620/35627] - Loss: 0.1000
  Batch [8630/35627] - Loss: 0.1000
  Batch [8640/35627] - Loss: 0.1000
  Batch [8650/35627] - Loss: 0.1000
  Batch [8660/35627] - Loss: 0.1000
  Batch [8670/35627] - Loss: 0.1000
  Batch [8680/35627] - Loss: 0.1000
  Batch [8690/35627] - Loss: 0.1000
  Batch [8700/35627] - Loss: 0.1000
  Batch [8710/35627] - Loss: 0.1000
  Batch [8720/35627] - Loss: 0.1000
  Batch [8730/35627] - Loss: 0.1000
  Batch [8740/35627] - Loss: 0.1000
  Batch [8750/35627] - Loss: 0.1000
  Batch [8760/35627] - Loss: 0.1000
  Batch [8770/35627] - Loss: 0.1000
  Batch [8780/35627] - Loss: 0.1000
  Batch [8790/35627] - Loss: 0.1000
  Batch [8800/35627] - Loss: 0.1000
  Batch [8810/35627] - Loss: 0.1000
  Batch [8820/35627] - Loss: 0.1001
  Batch [8830/35627] - Loss: 0.1001
  Batch [8840/35627] - Loss: 0.1000
  Batch [8850/35627] - Loss: 0.1000
  Batch [8860/35627] - Loss: 0.1000
  Batch [8870/35627] - Loss: 0.1000
  Batch [8880/35627] - Loss: 0.1000
  Batch [8890/35627] - Loss: 0.1000
  Batch [8900/35627] - Loss: 0.1000
  Batch [8910/35627] - Loss: 0.1000
  Batch [8920/35627] - Loss: 0.1000
  Batch [8930/35627] - Loss: 0.1000
  Batch [8940/35627] - Loss: 0.1000
  Batch [8950/35627] - Loss: 0.1000
  Batch [8960/35627] - Loss: 0.1000
  Batch [8970/35627] - Loss: 0.1000
  Batch [8980/35627] - Loss: 0.1000
  Batch [8990/35627] - Loss: 0.1000
  Batch [9000/35627] - Loss: 0.1000
  Batch [9010/35627] - Loss: 0.1000
  Batch [9020/35627] - Loss: 0.1000
  Batch [9030/35627] - Loss: 0.1000
  Batch [9040/35627] - Loss: 0.1000
  Batch [9050/35627] - Loss: 0.1000
  Batch [9060/35627] - Loss: 0.1001
  Batch [9070/35627] - Loss: 0.1001
  Batch [9080/35627] - Loss: 0.1001
  Batch [9090/35627] - Loss: 0.1001
  Batch [9100/35627] - Loss: 0.1002
  Batch [9110/35627] - Loss: 0.1002
  Batch [9120/35627] - Loss: 0.1002
  Batch [9130/35627] - Loss: 0.1002
  Batch [9140/35627] - Loss: 0.1002
  Batch [9150/35627] - Loss: 0.1002
  Batch [9160/35627] - Loss: 0.1002
  Batch [9170/35627] - Loss: 0.1002
  Batch [9180/35627] - Loss: 0.1002
  Batch [9190/35627] - Loss: 0.1002
  Batch [9200/35627] - Loss: 0.1002
  Batch [9210/35627] - Loss: 0.1002
  Batch [9220/35627] - Loss: 0.1002
  Batch [9230/35627] - Loss: 0.1002
  Batch [9240/35627] - Loss: 0.1002
  Batch [9250/35627] - Loss: 0.1002
  Batch [9260/35627] - Loss: 0.1002
  Batch [9270/35627] - Loss: 0.1002
  Batch [9280/35627] - Loss: 0.1002
  Batch [9290/35627] - Loss: 0.1002
  Batch [9300/35627] - Loss: 0.1003
  Batch [9310/35627] - Loss: 0.1003
  Batch [9320/35627] - Loss: 0.1003
  Batch [9330/35627] - Loss: 0.1003
  Batch [9340/35627] - Loss: 0.1003
  Batch [9350/35627] - Loss: 0.1003
  Batch [9360/35627] - Loss: 0.1003
  Batch [9370/35627] - Loss: 0.1003
  Batch [9380/35627] - Loss: 0.1003
  Batch [9390/35627] - Loss: 0.1002
  Batch [9400/35627] - Loss: 0.1002
  Batch [9410/35627] - Loss: 0.1002
  Batch [9420/35627] - Loss: 0.1003
  Batch [9430/35627] - Loss: 0.1003
  Batch [9440/35627] - Loss: 0.1003
  Batch [9450/35627] - Loss: 0.1003
  Batch [9460/35627] - Loss: 0.1003
  Batch [9470/35627] - Loss: 0.1003
  Batch [9480/35627] - Loss: 0.1003
  Batch [9490/35627] - Loss: 0.1004
  Batch [9500/35627] - Loss: 0.1004
  Batch [9510/35627] - Loss: 0.1003
  Batch [9520/35627] - Loss: 0.1003
  Batch [9530/35627] - Loss: 0.1003
  Batch [9540/35627] - Loss: 0.1003
  Batch [9550/35627] - Loss: 0.1003
  Batch [9560/35627] - Loss: 0.1003
  Batch [9570/35627] - Loss: 0.1003
  Batch [9580/35627] - Loss: 0.1003
  Batch [9590/35627] - Loss: 0.1003
  Batch [9600/35627] - Loss: 0.1003
  Batch [9610/35627] - Loss: 0.1003
  Batch [9620/35627] - Loss: 0.1003
  Batch [9630/35627] - Loss: 0.1003
  Batch [9640/35627] - Loss: 0.1003
  Batch [9650/35627] - Loss: 0.1003
  Batch [9660/35627] - Loss: 0.1003
  Batch [9670/35627] - Loss: 0.1003
  Batch [9680/35627] - Loss: 0.1003
  Batch [9690/35627] - Loss: 0.1003
  Batch [9700/35627] - Loss: 0.1003
  Batch [9710/35627] - Loss: 0.1003
  Batch [9720/35627] - Loss: 0.1003
  Batch [9730/35627] - Loss: 0.1003
  Batch [9740/35627] - Loss: 0.1003
  Batch [9750/35627] - Loss: 0.1003
  Batch [9760/35627] - Loss: 0.1003
  Batch [9770/35627] - Loss: 0.1003
  Batch [9780/35627] - Loss: 0.1003
  Batch [9790/35627] - Loss: 0.1003
  Batch [9800/35627] - Loss: 0.1003
  Batch [9810/35627] - Loss: 0.1003
  Batch [9820/35627] - Loss: 0.1003
  Batch [9830/35627] - Loss: 0.1003
  Batch [9840/35627] - Loss: 0.1003
  Batch [9850/35627] - Loss: 0.1003
  Batch [9860/35627] - Loss: 0.1003
  Batch [9870/35627] - Loss: 0.1003
  Batch [9880/35627] - Loss: 0.1003
  Batch [9890/35627] - Loss: 0.1003
  Batch [9900/35627] - Loss: 0.1003
  Batch [9910/35627] - Loss: 0.1003
  Batch [9920/35627] - Loss: 0.1004
  Batch [9930/35627] - Loss: 0.1004
  Batch [9940/35627] - Loss: 0.1004
  Batch [9950/35627] - Loss: 0.1004
  Batch [9960/35627] - Loss: 0.1004
  Batch [9970/35627] - Loss: 0.1004
  Batch [9980/35627] - Loss: 0.1004
  Batch [9990/35627] - Loss: 0.1004
  Batch [10000/35627] - Loss: 0.1004
  Batch [10010/35627] - Loss: 0.1004
  Batch [10020/35627] - Loss: 0.1004
  Batch [10030/35627] - Loss: 0.1004
  Batch [10040/35627] - Loss: 0.1004
  Batch [10050/35627] - Loss: 0.1004
  Batch [10060/35627] - Loss: 0.1003
  Batch [10070/35627] - Loss: 0.1004
  Batch [10080/35627] - Loss: 0.1003
  Batch [10090/35627] - Loss: 0.1003
  Batch [10100/35627] - Loss: 0.1003
  Batch [10110/35627] - Loss: 0.1003
  Batch [10120/35627] - Loss: 0.1003
  Batch [10130/35627] - Loss: 0.1003
  Batch [10140/35627] - Loss: 0.1003
  Batch [10150/35627] - Loss: 0.1003
  Batch [10160/35627] - Loss: 0.1003
  Batch [10170/35627] - Loss: 0.1003
  Batch [10180/35627] - Loss: 0.1003
  Batch [10190/35627] - Loss: 0.1003
  Batch [10200/35627] - Loss: 0.1003
  Batch [10210/35627] - Loss: 0.1002
  Batch [10220/35627] - Loss: 0.1002
  Batch [10230/35627] - Loss: 0.1002
  Batch [10240/35627] - Loss: 0.1002
  Batch [10250/35627] - Loss: 0.1002
  Batch [10260/35627] - Loss: 0.1002
  Batch [10270/35627] - Loss: 0.1002
  Batch [10280/35627] - Loss: 0.1002
  Batch [10290/35627] - Loss: 0.1002
  Batch [10300/35627] - Loss: 0.1002
  Batch [10310/35627] - Loss: 0.1003
  Batch [10320/35627] - Loss: 0.1003
  Batch [10330/35627] - Loss: 0.1003
  Batch [10340/35627] - Loss: 0.1003
  Batch [10350/35627] - Loss: 0.1003
  Batch [10360/35627] - Loss: 0.1004
  Batch [10370/35627] - Loss: 0.1004
  Batch [10380/35627] - Loss: 0.1003
  Batch [10390/35627] - Loss: 0.1003
  Batch [10400/35627] - Loss: 0.1003
  Batch [10410/35627] - Loss: 0.1003
  Batch [10420/35627] - Loss: 0.1003
  Batch [10430/35627] - Loss: 0.1003
  Batch [10440/35627] - Loss: 0.1003
  Batch [10450/35627] - Loss: 0.1003
  Batch [10460/35627] - Loss: 0.1003
  Batch [10470/35627] - Loss: 0.1003
  Batch [10480/35627] - Loss: 0.1003
  Batch [10490/35627] - Loss: 0.1003
  Batch [10500/35627] - Loss: 0.1003
  Batch [10510/35627] - Loss: 0.1003
  Batch [10520/35627] - Loss: 0.1003
  Batch [10530/35627] - Loss: 0.1003
  Batch [10540/35627] - Loss: 0.1003
  Batch [10550/35627] - Loss: 0.1003
  Batch [10560/35627] - Loss: 0.1003
  Batch [10570/35627] - Loss: 0.1003
  Batch [10580/35627] - Loss: 0.1003
  Batch [10590/35627] - Loss: 0.1003
  Batch [10600/35627] - Loss: 0.1003
  Batch [10610/35627] - Loss: 0.1003
  Batch [10620/35627] - Loss: 0.1003
  Batch [10630/35627] - Loss: 0.1003
  Batch [10640/35627] - Loss: 0.1004
  Batch [10650/35627] - Loss: 0.1004
  Batch [10660/35627] - Loss: 0.1004
  Batch [10670/35627] - Loss: 0.1003
  Batch [10680/35627] - Loss: 0.1003
  Batch [10690/35627] - Loss: 0.1003
  Batch [10700/35627] - Loss: 0.1003
  Batch [10710/35627] - Loss: 0.1003
  Batch [10720/35627] - Loss: 0.1003
  Batch [10730/35627] - Loss: 0.1003
  Batch [10740/35627] - Loss: 0.1003
  Batch [10750/35627] - Loss: 0.1003
  Batch [10760/35627] - Loss: 0.1003
  Batch [10770/35627] - Loss: 0.1002
  Batch [10780/35627] - Loss: 0.1003
  Batch [10790/35627] - Loss: 0.1003
  Batch [10800/35627] - Loss: 0.1003
  Batch [10810/35627] - Loss: 0.1003
  Batch [10820/35627] - Loss: 0.1003
  Batch [10830/35627] - Loss: 0.1003
  Batch [10840/35627] - Loss: 0.1003
  Batch [10850/35627] - Loss: 0.1003
  Batch [10860/35627] - Loss: 0.1003
  Batch [10870/35627] - Loss: 0.1003
  Batch [10880/35627] - Loss: 0.1003
  Batch [10890/35627] - Loss: 0.1003
  Batch [10900/35627] - Loss: 0.1003
  Batch [10910/35627] - Loss: 0.1003
  Batch [10920/35627] - Loss: 0.1002
  Batch [10930/35627] - Loss: 0.1003
  Batch [10940/35627] - Loss: 0.1003
  Batch [10950/35627] - Loss: 0.1003
  Batch [10960/35627] - Loss: 0.1002
  Batch [10970/35627] - Loss: 0.1002
  Batch [10980/35627] - Loss: 0.1002
  Batch [10990/35627] - Loss: 0.1003
  Batch [11000/35627] - Loss: 0.1002
  Batch [11010/35627] - Loss: 0.1003
  Batch [11020/35627] - Loss: 0.1003
  Batch [11030/35627] - Loss: 0.1003
  Batch [11040/35627] - Loss: 0.1003
  Batch [11050/35627] - Loss: 0.1003
  Batch [11060/35627] - Loss: 0.1003
  Batch [11070/35627] - Loss: 0.1003
  Batch [11080/35627] - Loss: 0.1003
  Batch [11090/35627] - Loss: 0.1003
  Batch [11100/35627] - Loss: 0.1003
  Batch [11110/35627] - Loss: 0.1003
  Batch [11120/35627] - Loss: 0.1003
  Batch [11130/35627] - Loss: 0.1003
  Batch [11140/35627] - Loss: 0.1003
  Batch [11150/35627] - Loss: 0.1003
  Batch [11160/35627] - Loss: 0.1003
  Batch [11170/35627] - Loss: 0.1003
  Batch [11180/35627] - Loss: 0.1003
  Batch [11190/35627] - Loss: 0.1003
  Batch [11200/35627] - Loss: 0.1003
  Batch [11210/35627] - Loss: 0.1003
  Batch [11220/35627] - Loss: 0.1003
  Batch [11230/35627] - Loss: 0.1003
  Batch [11240/35627] - Loss: 0.1002
  Batch [11250/35627] - Loss: 0.1002
  Batch [11260/35627] - Loss: 0.1003
  Batch [11270/35627] - Loss: 0.1003
  Batch [11280/35627] - Loss: 0.1002
  Batch [11290/35627] - Loss: 0.1002
  Batch [11300/35627] - Loss: 0.1002
  Batch [11310/35627] - Loss: 0.1002
  Batch [11320/35627] - Loss: 0.1002
  Batch [11330/35627] - Loss: 0.1002
  Batch [11340/35627] - Loss: 0.1002
  Batch [11350/35627] - Loss: 0.1002
  Batch [11360/35627] - Loss: 0.1002
  Batch [11370/35627] - Loss: 0.1002
  Batch [11380/35627] - Loss: 0.1002
  Batch [11390/35627] - Loss: 0.1002
  Batch [11400/35627] - Loss: 0.1002
  Batch [11410/35627] - Loss: 0.1002
  Batch [11420/35627] - Loss: 0.1002
  Batch [11430/35627] - Loss: 0.1002
  Batch [11440/35627] - Loss: 0.1002
  Batch [11450/35627] - Loss: 0.1002
  Batch [11460/35627] - Loss: 0.1002
  Batch [11470/35627] - Loss: 0.1002
  Batch [11480/35627] - Loss: 0.1002
  Batch [11490/35627] - Loss: 0.1002
  Batch [11500/35627] - Loss: 0.1002
  Batch [11510/35627] - Loss: 0.1002
  Batch [11520/35627] - Loss: 0.1002
  Batch [11530/35627] - Loss: 0.1002
  Batch [11540/35627] - Loss: 0.1002
  Batch [11550/35627] - Loss: 0.1002
  Batch [11560/35627] - Loss: 0.1002
  Batch [11570/35627] - Loss: 0.1002
  Batch [11580/35627] - Loss: 0.1002
  Batch [11590/35627] - Loss: 0.1002
  Batch [11600/35627] - Loss: 0.1002
  Batch [11610/35627] - Loss: 0.1002
  Batch [11620/35627] - Loss: 0.1002
  Batch [11630/35627] - Loss: 0.1002
  Batch [11640/35627] - Loss: 0.1003
  Batch [11650/35627] - Loss: 0.1002
  Batch [11660/35627] - Loss: 0.1003
  Batch [11670/35627] - Loss: 0.1003
  Batch [11680/35627] - Loss: 0.1003
  Batch [11690/35627] - Loss: 0.1002
  Batch [11700/35627] - Loss: 0.1002
  Batch [11710/35627] - Loss: 0.1002
  Batch [11720/35627] - Loss: 0.1002
  Batch [11730/35627] - Loss: 0.1002
  Batch [11740/35627] - Loss: 0.1002
  Batch [11750/35627] - Loss: 0.1002
  Batch [11760/35627] - Loss: 0.1002
  Batch [11770/35627] - Loss: 0.1002
  Batch [11780/35627] - Loss: 0.1002
  Batch [11790/35627] - Loss: 0.1002
  Batch [11800/35627] - Loss: 0.1002
  Batch [11810/35627] - Loss: 0.1002
  Batch [11820/35627] - Loss: 0.1002
  Batch [11830/35627] - Loss: 0.1002
  Batch [11840/35627] - Loss: 0.1002
  Batch [11850/35627] - Loss: 0.1001
  Batch [11860/35627] - Loss: 0.1001
  Batch [11870/35627] - Loss: 0.1001
  Batch [11880/35627] - Loss: 0.1002
  Batch [11890/35627] - Loss: 0.1002
  Batch [11900/35627] - Loss: 0.1001
  Batch [11910/35627] - Loss: 0.1002
  Batch [11920/35627] - Loss: 0.1001
  Batch [11930/35627] - Loss: 0.1001
  Batch [11940/35627] - Loss: 0.1001
  Batch [11950/35627] - Loss: 0.1001
  Batch [11960/35627] - Loss: 0.1001
  Batch [11970/35627] - Loss: 0.1001
  Batch [11980/35627] - Loss: 0.1002
  Batch [11990/35627] - Loss: 0.1002
  Batch [12000/35627] - Loss: 0.1001
  Batch [12010/35627] - Loss: 0.1001
  Batch [12020/35627] - Loss: 0.1002
  Batch [12030/35627] - Loss: 0.1001
  Batch [12040/35627] - Loss: 0.1001
  Batch [12050/35627] - Loss: 0.1001
  Batch [12060/35627] - Loss: 0.1001
  Batch [12070/35627] - Loss: 0.1001
  Batch [12080/35627] - Loss: 0.1001
  Batch [12090/35627] - Loss: 0.1001
  Batch [12100/35627] - Loss: 0.1001
  Batch [12110/35627] - Loss: 0.1001
  Batch [12120/35627] - Loss: 0.1001
  Batch [12130/35627] - Loss: 0.1001
  Batch [12140/35627] - Loss: 0.1001
  Batch [12150/35627] - Loss: 0.1001
  Batch [12160/35627] - Loss: 0.1001
  Batch [12170/35627] - Loss: 0.1001
  Batch [12180/35627] - Loss: 0.1001
  Batch [12190/35627] - Loss: 0.1001
  Batch [12200/35627] - Loss: 0.1001
  Batch [12210/35627] - Loss: 0.1001
  Batch [12220/35627] - Loss: 0.1001
  Batch [12230/35627] - Loss: 0.1001
  Batch [12240/35627] - Loss: 0.1001
  Batch [12250/35627] - Loss: 0.1001
  Batch [12260/35627] - Loss: 0.1001
  Batch [12270/35627] - Loss: 0.1001
  Batch [12280/35627] - Loss: 0.1001
  Batch [12290/35627] - Loss: 0.1001
  Batch [12300/35627] - Loss: 0.1001
  Batch [12310/35627] - Loss: 0.1001
  Batch [12320/35627] - Loss: 0.1001
  Batch [12330/35627] - Loss: 0.1001
  Batch [12340/35627] - Loss: 0.1001
  Batch [12350/35627] - Loss: 0.1001
  Batch [12360/35627] - Loss: 0.1001
  Batch [12370/35627] - Loss: 0.1001
  Batch [12380/35627] - Loss: 0.1001
  Batch [12390/35627] - Loss: 0.1001
  Batch [12400/35627] - Loss: 0.1001
  Batch [12410/35627] - Loss: 0.1002
  Batch [12420/35627] - Loss: 0.1002
  Batch [12430/35627] - Loss: 0.1002
  Batch [12440/35627] - Loss: 0.1002
  Batch [12450/35627] - Loss: 0.1002
  Batch [12460/35627] - Loss: 0.1002
  Batch [12470/35627] - Loss: 0.1002
  Batch [12480/35627] - Loss: 0.1002
  Batch [12490/35627] - Loss: 0.1002
  Batch [12500/35627] - Loss: 0.1002
  Batch [12510/35627] - Loss: 0.1002
  Batch [12520/35627] - Loss: 0.1002
  Batch [12530/35627] - Loss: 0.1002
  Batch [12540/35627] - Loss: 0.1003
  Batch [12550/35627] - Loss: 0.1002
  Batch [12560/35627] - Loss: 0.1002
  Batch [12570/35627] - Loss: 0.1002
  Batch [12580/35627] - Loss: 0.1002
  Batch [12590/35627] - Loss: 0.1002
  Batch [12600/35627] - Loss: 0.1002
  Batch [12610/35627] - Loss: 0.1002
  Batch [12620/35627] - Loss: 0.1002
  Batch [12630/35627] - Loss: 0.1002
  Batch [12640/35627] - Loss: 0.1002
  Batch [12650/35627] - Loss: 0.1002
  Batch [12660/35627] - Loss: 0.1002
  Batch [12670/35627] - Loss: 0.1002
  Batch [12680/35627] - Loss: 0.1002
  Batch [12690/35627] - Loss: 0.1002
  Batch [12700/35627] - Loss: 0.1002
  Batch [12710/35627] - Loss: 0.1002
  Batch [12720/35627] - Loss: 0.1002
  Batch [12730/35627] - Loss: 0.1002
  Batch [12740/35627] - Loss: 0.1002
  Batch [12750/35627] - Loss: 0.1002
  Batch [12760/35627] - Loss: 0.1002
  Batch [12770/35627] - Loss: 0.1002
  Batch [12780/35627] - Loss: 0.1002
  Batch [12790/35627] - Loss: 0.1003
  Batch [12800/35627] - Loss: 0.1003
  Batch [12810/35627] - Loss: 0.1003
  Batch [12820/35627] - Loss: 0.1003
  Batch [12830/35627] - Loss: 0.1003
  Batch [12840/35627] - Loss: 0.1003
  Batch [12850/35627] - Loss: 0.1003
  Batch [12860/35627] - Loss: 0.1003
  Batch [12870/35627] - Loss: 0.1003
  Batch [12880/35627] - Loss: 0.1003
  Batch [12890/35627] - Loss: 0.1003
  Batch [12900/35627] - Loss: 0.1003
  Batch [12910/35627] - Loss: 0.1003
  Batch [12920/35627] - Loss: 0.1003
  Batch [12930/35627] - Loss: 0.1003
  Batch [12940/35627] - Loss: 0.1003
  Batch [12950/35627] - Loss: 0.1003
  Batch [12960/35627] - Loss: 0.1003
  Batch [12970/35627] - Loss: 0.1003
  Batch [12980/35627] - Loss: 0.1003
  Batch [12990/35627] - Loss: 0.1003
  Batch [13000/35627] - Loss: 0.1003
  Batch [13010/35627] - Loss: 0.1003
  Batch [13020/35627] - Loss: 0.1004
  Batch [13030/35627] - Loss: 0.1004
  Batch [13040/35627] - Loss: 0.1003
  Batch [13050/35627] - Loss: 0.1004
  Batch [13060/35627] - Loss: 0.1004
  Batch [13070/35627] - Loss: 0.1004
  Batch [13080/35627] - Loss: 0.1004
  Batch [13090/35627] - Loss: 0.1004
  Batch [13100/35627] - Loss: 0.1004
  Batch [13110/35627] - Loss: 0.1004
  Batch [13120/35627] - Loss: 0.1003
  Batch [13130/35627] - Loss: 0.1003
  Batch [13140/35627] - Loss: 0.1003
  Batch [13150/35627] - Loss: 0.1003
  Batch [13160/35627] - Loss: 0.1003
  Batch [13170/35627] - Loss: 0.1003
  Batch [13180/35627] - Loss: 0.1003
  Batch [13190/35627] - Loss: 0.1003
  Batch [13200/35627] - Loss: 0.1003
  Batch [13210/35627] - Loss: 0.1002
  Batch [13220/35627] - Loss: 0.1003
  Batch [13230/35627] - Loss: 0.1003
  Batch [13240/35627] - Loss: 0.1002
  Batch [13250/35627] - Loss: 0.1002
  Batch [13260/35627] - Loss: 0.1003
  Batch [13270/35627] - Loss: 0.1003
  Batch [13280/35627] - Loss: 0.1003
  Batch [13290/35627] - Loss: 0.1003
  Batch [13300/35627] - Loss: 0.1003
  Batch [13310/35627] - Loss: 0.1003
  Batch [13320/35627] - Loss: 0.1003
  Batch [13330/35627] - Loss: 0.1003
  Batch [13340/35627] - Loss: 0.1003
  Batch [13350/35627] - Loss: 0.1003
  Batch [13360/35627] - Loss: 0.1003
  Batch [13370/35627] - Loss: 0.1003
  Batch [13380/35627] - Loss: 0.1003
  Batch [13390/35627] - Loss: 0.1003
  Batch [13400/35627] - Loss: 0.1003
  Batch [13410/35627] - Loss: 0.1003
  Batch [13420/35627] - Loss: 0.1003
  Batch [13430/35627] - Loss: 0.1004
  Batch [13440/35627] - Loss: 0.1004
  Batch [13450/35627] - Loss: 0.1004
  Batch [13460/35627] - Loss: 0.1004
  Batch [13470/35627] - Loss: 0.1004
  Batch [13480/35627] - Loss: 0.1004
  Batch [13490/35627] - Loss: 0.1004
  Batch [13500/35627] - Loss: 0.1004
  Batch [13510/35627] - Loss: 0.1004
  Batch [13520/35627] - Loss: 0.1004
  Batch [13530/35627] - Loss: 0.1004
  Batch [13540/35627] - Loss: 0.1004
  Batch [13550/35627] - Loss: 0.1005
  Batch [13560/35627] - Loss: 0.1004
  Batch [13570/35627] - Loss: 0.1005
  Batch [13580/35627] - Loss: 0.1005
  Batch [13590/35627] - Loss: 0.1005
  Batch [13600/35627] - Loss: 0.1005
  Batch [13610/35627] - Loss: 0.1005
  Batch [13620/35627] - Loss: 0.1005
  Batch [13630/35627] - Loss: 0.1005
  Batch [13640/35627] - Loss: 0.1005
  Batch [13650/35627] - Loss: 0.1005
  Batch [13660/35627] - Loss: 0.1005
  Batch [13670/35627] - Loss: 0.1005
  Batch [13680/35627] - Loss: 0.1005
  Batch [13690/35627] - Loss: 0.1005
  Batch [13700/35627] - Loss: 0.1004
  Batch [13710/35627] - Loss: 0.1005
  Batch [13720/35627] - Loss: 0.1005
  Batch [13730/35627] - Loss: 0.1005
  Batch [13740/35627] - Loss: 0.1005
  Batch [13750/35627] - Loss: 0.1005
  Batch [13760/35627] - Loss: 0.1005
  Batch [13770/35627] - Loss: 0.1005
  Batch [13780/35627] - Loss: 0.1005
  Batch [13790/35627] - Loss: 0.1005
  Batch [13800/35627] - Loss: 0.1005
  Batch [13810/35627] - Loss: 0.1005
  Batch [13820/35627] - Loss: 0.1005
  Batch [13830/35627] - Loss: 0.1005
  Batch [13840/35627] - Loss: 0.1005
  Batch [13850/35627] - Loss: 0.1005
  Batch [13860/35627] - Loss: 0.1005
  Batch [13870/35627] - Loss: 0.1005
  Batch [13880/35627] - Loss: 0.1005
  Batch [13890/35627] - Loss: 0.1005
  Batch [13900/35627] - Loss: 0.1005
  Batch [13910/35627] - Loss: 0.1005
  Batch [13920/35627] - Loss: 0.1006
  Batch [13930/35627] - Loss: 0.1006
  Batch [13940/35627] - Loss: 0.1006
  Batch [13950/35627] - Loss: 0.1006
  Batch [13960/35627] - Loss: 0.1006
  Batch [13970/35627] - Loss: 0.1006
  Batch [13980/35627] - Loss: 0.1006
  Batch [13990/35627] - Loss: 0.1006
  Batch [14000/35627] - Loss: 0.1006
  Batch [14010/35627] - Loss: 0.1006
  Batch [14020/35627] - Loss: 0.1007
  Batch [14030/35627] - Loss: 0.1007
  Batch [14040/35627] - Loss: 0.1007
  Batch [14050/35627] - Loss: 0.1006
  Batch [14060/35627] - Loss: 0.1006
  Batch [14070/35627] - Loss: 0.1006
  Batch [14080/35627] - Loss: 0.1006
  Batch [14090/35627] - Loss: 0.1006
  Batch [14100/35627] - Loss: 0.1006
  Batch [14110/35627] - Loss: 0.1007
  Batch [14120/35627] - Loss: 0.1007
  Batch [14130/35627] - Loss: 0.1007
  Batch [14140/35627] - Loss: 0.1007
  Batch [14150/35627] - Loss: 0.1007
  Batch [14160/35627] - Loss: 0.1007
  Batch [14170/35627] - Loss: 0.1007
  Batch [14180/35627] - Loss: 0.1007
  Batch [14190/35627] - Loss: 0.1007
  Batch [14200/35627] - Loss: 0.1007
  Batch [14210/35627] - Loss: 0.1007
  Batch [14220/35627] - Loss: 0.1007
  Batch [14230/35627] - Loss: 0.1007
  Batch [14240/35627] - Loss: 0.1007
  Batch [14250/35627] - Loss: 0.1007
  Batch [14260/35627] - Loss: 0.1007
  Batch [14270/35627] - Loss: 0.1007
  Batch [14280/35627] - Loss: 0.1007
  Batch [14290/35627] - Loss: 0.1007
  Batch [14300/35627] - Loss: 0.1007
  Batch [14310/35627] - Loss: 0.1007
  Batch [14320/35627] - Loss: 0.1007
  Batch [14330/35627] - Loss: 0.1007
  Batch [14340/35627] - Loss: 0.1007
  Batch [14350/35627] - Loss: 0.1007
  Batch [14360/35627] - Loss: 0.1006
  Batch [14370/35627] - Loss: 0.1006
  Batch [14380/35627] - Loss: 0.1006
  Batch [14390/35627] - Loss: 0.1006
  Batch [14400/35627] - Loss: 0.1006
  Batch [14410/35627] - Loss: 0.1006
  Batch [14420/35627] - Loss: 0.1006
  Batch [14430/35627] - Loss: 0.1006
  Batch [14440/35627] - Loss: 0.1006
  Batch [14450/35627] - Loss: 0.1006
  Batch [14460/35627] - Loss: 0.1006
  Batch [14470/35627] - Loss: 0.1006
  Batch [14480/35627] - Loss: 0.1006
  Batch [14490/35627] - Loss: 0.1006
  Batch [14500/35627] - Loss: 0.1006
  Batch [14510/35627] - Loss: 0.1006
  Batch [14520/35627] - Loss: 0.1006
  Batch [14530/35627] - Loss: 0.1006
  Batch [14540/35627] - Loss: 0.1006
  Batch [14550/35627] - Loss: 0.1006
  Batch [14560/35627] - Loss: 0.1006
  Batch [14570/35627] - Loss: 0.1006
  Batch [14580/35627] - Loss: 0.1005
  Batch [14590/35627] - Loss: 0.1005
  Batch [14600/35627] - Loss: 0.1005
  Batch [14610/35627] - Loss: 0.1005
  Batch [14620/35627] - Loss: 0.1005
  Batch [14630/35627] - Loss: 0.1005
  Batch [14640/35627] - Loss: 0.1005
  Batch [14650/35627] - Loss: 0.1005
  Batch [14660/35627] - Loss: 0.1005
  Batch [14670/35627] - Loss: 0.1005
  Batch [14680/35627] - Loss: 0.1005
  Batch [14690/35627] - Loss: 0.1005
  Batch [14700/35627] - Loss: 0.1005
  Batch [14710/35627] - Loss: 0.1005
  Batch [14720/35627] - Loss: 0.1005
  Batch [14730/35627] - Loss: 0.1005
  Batch [14740/35627] - Loss: 0.1005
  Batch [14750/35627] - Loss: 0.1005
  Batch [14760/35627] - Loss: 0.1005
  Batch [14770/35627] - Loss: 0.1005
  Batch [14780/35627] - Loss: 0.1005
  Batch [14790/35627] - Loss: 0.1005
  Batch [14800/35627] - Loss: 0.1005
  Batch [14810/35627] - Loss: 0.1005
  Batch [14820/35627] - Loss: 0.1006
  Batch [14830/35627] - Loss: 0.1006
  Batch [14840/35627] - Loss: 0.1006
  Batch [14850/35627] - Loss: 0.1006
  Batch [14860/35627] - Loss: 0.1006
  Batch [14870/35627] - Loss: 0.1006
  Batch [14880/35627] - Loss: 0.1006
  Batch [14890/35627] - Loss: 0.1005
  Batch [14900/35627] - Loss: 0.1006
  Batch [14910/35627] - Loss: 0.1006
  Batch [14920/35627] - Loss: 0.1006
  Batch [14930/35627] - Loss: 0.1005
  Batch [14940/35627] - Loss: 0.1006
  Batch [14950/35627] - Loss: 0.1006
  Batch [14960/35627] - Loss: 0.1005
  Batch [14970/35627] - Loss: 0.1005
  Batch [14980/35627] - Loss: 0.1005
  Batch [14990/35627] - Loss: 0.1005
  Batch [15000/35627] - Loss: 0.1005
  Batch [15010/35627] - Loss: 0.1005
  Batch [15020/35627] - Loss: 0.1005
  Batch [15030/35627] - Loss: 0.1005
  Batch [15040/35627] - Loss: 0.1005
  Batch [15050/35627] - Loss: 0.1005
  Batch [15060/35627] - Loss: 0.1005
  Batch [15070/35627] - Loss: 0.1005
  Batch [15080/35627] - Loss: 0.1005
  Batch [15090/35627] - Loss: 0.1005
  Batch [15100/35627] - Loss: 0.1005
  Batch [15110/35627] - Loss: 0.1005
  Batch [15120/35627] - Loss: 0.1005
  Batch [15130/35627] - Loss: 0.1005
  Batch [15140/35627] - Loss: 0.1005
  Batch [15150/35627] - Loss: 0.1005
  Batch [15160/35627] - Loss: 0.1005
  Batch [15170/35627] - Loss: 0.1005
  Batch [15180/35627] - Loss: 0.1005
  Batch [15190/35627] - Loss: 0.1005
  Batch [15200/35627] - Loss: 0.1005
  Batch [15210/35627] - Loss: 0.1005
  Batch [15220/35627] - Loss: 0.1005
  Batch [15230/35627] - Loss: 0.1005
  Batch [15240/35627] - Loss: 0.1005
  Batch [15250/35627] - Loss: 0.1005
  Batch [15260/35627] - Loss: 0.1005
  Batch [15270/35627] - Loss: 0.1005
  Batch [15280/35627] - Loss: 0.1005
  Batch [15290/35627] - Loss: 0.1005
  Batch [15300/35627] - Loss: 0.1005
  Batch [15310/35627] - Loss: 0.1005
  Batch [15320/35627] - Loss: 0.1005
  Batch [15330/35627] - Loss: 0.1005
  Batch [15340/35627] - Loss: 0.1005
  Batch [15350/35627] - Loss: 0.1005
  Batch [15360/35627] - Loss: 0.1005
  Batch [15370/35627] - Loss: 0.1005
  Batch [15380/35627] - Loss: 0.1005
  Batch [15390/35627] - Loss: 0.1005
  Batch [15400/35627] - Loss: 0.1005
  Batch [15410/35627] - Loss: 0.1005
  Batch [15420/35627] - Loss: 0.1005
  Batch [15430/35627] - Loss: 0.1005
  Batch [15440/35627] - Loss: 0.1005
  Batch [15450/35627] - Loss: 0.1005
  Batch [15460/35627] - Loss: 0.1005
  Batch [15470/35627] - Loss: 0.1005
  Batch [15480/35627] - Loss: 0.1005
  Batch [15490/35627] - Loss: 0.1005
  Batch [15500/35627] - Loss: 0.1005
  Batch [15510/35627] - Loss: 0.1005
  Batch [15520/35627] - Loss: 0.1005
  Batch [15530/35627] - Loss: 0.1005
  Batch [15540/35627] - Loss: 0.1005
  Batch [15550/35627] - Loss: 0.1005
  Batch [15560/35627] - Loss: 0.1005
  Batch [15570/35627] - Loss: 0.1005
  Batch [15580/35627] - Loss: 0.1005
  Batch [15590/35627] - Loss: 0.1005
  Batch [15600/35627] - Loss: 0.1005
  Batch [15610/35627] - Loss: 0.1005
  Batch [15620/35627] - Loss: 0.1005
  Batch [15630/35627] - Loss: 0.1005
  Batch [15640/35627] - Loss: 0.1006
  Batch [15650/35627] - Loss: 0.1006
  Batch [15660/35627] - Loss: 0.1006
  Batch [15670/35627] - Loss: 0.1006
  Batch [15680/35627] - Loss: 0.1006
  Batch [15690/35627] - Loss: 0.1006
  Batch [15700/35627] - Loss: 0.1006
  Batch [15710/35627] - Loss: 0.1006
  Batch [15720/35627] - Loss: 0.1006
  Batch [15730/35627] - Loss: 0.1006
  Batch [15740/35627] - Loss: 0.1006
  Batch [15750/35627] - Loss: 0.1006
  Batch [15760/35627] - Loss: 0.1006
  Batch [15770/35627] - Loss: 0.1006
  Batch [15780/35627] - Loss: 0.1006
  Batch [15790/35627] - Loss: 0.1006
  Batch [15800/35627] - Loss: 0.1006
  Batch [15810/35627] - Loss: 0.1006
  Batch [15820/35627] - Loss: 0.1006
  Batch [15830/35627] - Loss: 0.1006
  Batch [15840/35627] - Loss: 0.1006
  Batch [15850/35627] - Loss: 0.1006
  Batch [15860/35627] - Loss: 0.1005
  Batch [15870/35627] - Loss: 0.1005
  Batch [15880/35627] - Loss: 0.1005
  Batch [15890/35627] - Loss: 0.1005
  Batch [15900/35627] - Loss: 0.1005
  Batch [15910/35627] - Loss: 0.1005
  Batch [15920/35627] - Loss: 0.1005
  Batch [15930/35627] - Loss: 0.1005
  Batch [15940/35627] - Loss: 0.1005
  Batch [15950/35627] - Loss: 0.1006
  Batch [15960/35627] - Loss: 0.1006
  Batch [15970/35627] - Loss: 0.1006
  Batch [15980/35627] - Loss: 0.1006
  Batch [15990/35627] - Loss: 0.1006
  Batch [16000/35627] - Loss: 0.1006
  Batch [16010/35627] - Loss: 0.1006
  Batch [16020/35627] - Loss: 0.1006
  Batch [16030/35627] - Loss: 0.1006
  Batch [16040/35627] - Loss: 0.1006
  Batch [16050/35627] - Loss: 0.1006
  Batch [16060/35627] - Loss: 0.1006
  Batch [16070/35627] - Loss: 0.1006
  Batch [16080/35627] - Loss: 0.1006
  Batch [16090/35627] - Loss: 0.1006
  Batch [16100/35627] - Loss: 0.1006
  Batch [16110/35627] - Loss: 0.1006
  Batch [16120/35627] - Loss: 0.1006
  Batch [16130/35627] - Loss: 0.1006
  Batch [16140/35627] - Loss: 0.1006
  Batch [16150/35627] - Loss: 0.1006
  Batch [16160/35627] - Loss: 0.1006
  Batch [16170/35627] - Loss: 0.1006
  Batch [16180/35627] - Loss: 0.1006
  Batch [16190/35627] - Loss: 0.1006
  Batch [16200/35627] - Loss: 0.1006
  Batch [16210/35627] - Loss: 0.1006
  Batch [16220/35627] - Loss: 0.1006
  Batch [16230/35627] - Loss: 0.1006
  Batch [16240/35627] - Loss: 0.1006
  Batch [16250/35627] - Loss: 0.1006
  Batch [16260/35627] - Loss: 0.1006
  Batch [16270/35627] - Loss: 0.1006
  Batch [16280/35627] - Loss: 0.1006
  Batch [16290/35627] - Loss: 0.1006
  Batch [16300/35627] - Loss: 0.1006
  Batch [16310/35627] - Loss: 0.1006
  Batch [16320/35627] - Loss: 0.1006
  Batch [16330/35627] - Loss: 0.1006
  Batch [16340/35627] - Loss: 0.1006
  Batch [16350/35627] - Loss: 0.1006
  Batch [16360/35627] - Loss: 0.1006
  Batch [16370/35627] - Loss: 0.1006
  Batch [16380/35627] - Loss: 0.1006
  Batch [16390/35627] - Loss: 0.1006
  Batch [16400/35627] - Loss: 0.1006
  Batch [16410/35627] - Loss: 0.1006
  Batch [16420/35627] - Loss: 0.1006
  Batch [16430/35627] - Loss: 0.1006
  Batch [16440/35627] - Loss: 0.1005
  Batch [16450/35627] - Loss: 0.1005
  Batch [16460/35627] - Loss: 0.1005
  Batch [16470/35627] - Loss: 0.1005
  Batch [16480/35627] - Loss: 0.1005
  Batch [16490/35627] - Loss: 0.1005
  Batch [16500/35627] - Loss: 0.1006
  Batch [16510/35627] - Loss: 0.1006
  Batch [16520/35627] - Loss: 0.1006
  Batch [16530/35627] - Loss: 0.1006
  Batch [16540/35627] - Loss: 0.1006
  Batch [16550/35627] - Loss: 0.1006
  Batch [16560/35627] - Loss: 0.1006
  Batch [16570/35627] - Loss: 0.1006
  Batch [16580/35627] - Loss: 0.1006
  Batch [16590/35627] - Loss: 0.1006
  Batch [16600/35627] - Loss: 0.1006
  Batch [16610/35627] - Loss: 0.1005
  Batch [16620/35627] - Loss: 0.1006
  Batch [16630/35627] - Loss: 0.1005
  Batch [16640/35627] - Loss: 0.1005
  Batch [16650/35627] - Loss: 0.1005
  Batch [16660/35627] - Loss: 0.1005
  Batch [16670/35627] - Loss: 0.1005
  Batch [16680/35627] - Loss: 0.1005
  Batch [16690/35627] - Loss: 0.1005
  Batch [16700/35627] - Loss: 0.1004
  Batch [16710/35627] - Loss: 0.1004
  Batch [16720/35627] - Loss: 0.1004
  Batch [16730/35627] - Loss: 0.1004
  Batch [16740/35627] - Loss: 0.1004
  Batch [16750/35627] - Loss: 0.1004
  Batch [16760/35627] - Loss: 0.1004
  Batch [16770/35627] - Loss: 0.1004
  Batch [16780/35627] - Loss: 0.1004
  Batch [16790/35627] - Loss: 0.1004
  Batch [16800/35627] - Loss: 0.1004
  Batch [16810/35627] - Loss: 0.1004
  Batch [16820/35627] - Loss: 0.1004
  Batch [16830/35627] - Loss: 0.1004
  Batch [16840/35627] - Loss: 0.1004
  Batch [16850/35627] - Loss: 0.1004
  Batch [16860/35627] - Loss: 0.1004
  Batch [16870/35627] - Loss: 0.1004
  Batch [16880/35627] - Loss: 0.1004
  Batch [16890/35627] - Loss: 0.1004
  Batch [16900/35627] - Loss: 0.1004
  Batch [16910/35627] - Loss: 0.1004
  Batch [16920/35627] - Loss: 0.1004
  Batch [16930/35627] - Loss: 0.1004
  Batch [16940/35627] - Loss: 0.1004
  Batch [16950/35627] - Loss: 0.1004
  Batch [16960/35627] - Loss: 0.1004
  Batch [16970/35627] - Loss: 0.1004
  Batch [16980/35627] - Loss: 0.1003
  Batch [16990/35627] - Loss: 0.1003
  Batch [17000/35627] - Loss: 0.1003
  Batch [17010/35627] - Loss: 0.1003
  Batch [17020/35627] - Loss: 0.1003
  Batch [17030/35627] - Loss: 0.1003
  Batch [17040/35627] - Loss: 0.1003
  Batch [17050/35627] - Loss: 0.1003
  Batch [17060/35627] - Loss: 0.1003
  Batch [17070/35627] - Loss: 0.1004
  Batch [17080/35627] - Loss: 0.1003
  Batch [17090/35627] - Loss: 0.1003
  Batch [17100/35627] - Loss: 0.1003
  Batch [17110/35627] - Loss: 0.1003
  Batch [17120/35627] - Loss: 0.1003
  Batch [17130/35627] - Loss: 0.1003
  Batch [17140/35627] - Loss: 0.1003
  Batch [17150/35627] - Loss: 0.1003
  Batch [17160/35627] - Loss: 0.1004
  Batch [17170/35627] - Loss: 0.1004
  Batch [17180/35627] - Loss: 0.1004
  Batch [17190/35627] - Loss: 0.1004
  Batch [17200/35627] - Loss: 0.1004
  Batch [17210/35627] - Loss: 0.1004
  Batch [17220/35627] - Loss: 0.1004
  Batch [17230/35627] - Loss: 0.1004
  Batch [17240/35627] - Loss: 0.1004
  Batch [17250/35627] - Loss: 0.1004
  Batch [17260/35627] - Loss: 0.1004
  Batch [17270/35627] - Loss: 0.1004
  Batch [17280/35627] - Loss: 0.1004
  Batch [17290/35627] - Loss: 0.1003
  Batch [17300/35627] - Loss: 0.1003
  Batch [17310/35627] - Loss: 0.1003
  Batch [17320/35627] - Loss: 0.1004
  Batch [17330/35627] - Loss: 0.1003
  Batch [17340/35627] - Loss: 0.1003
  Batch [17350/35627] - Loss: 0.1003
  Batch [17360/35627] - Loss: 0.1003
  Batch [17370/35627] - Loss: 0.1003
  Batch [17380/35627] - Loss: 0.1003
  Batch [17390/35627] - Loss: 0.1003
  Batch [17400/35627] - Loss: 0.1003
  Batch [17410/35627] - Loss: 0.1003
  Batch [17420/35627] - Loss: 0.1003
  Batch [17430/35627] - Loss: 0.1003
  Batch [17440/35627] - Loss: 0.1003
  Batch [17450/35627] - Loss: 0.1003
  Batch [17460/35627] - Loss: 0.1003
  Batch [17470/35627] - Loss: 0.1003
  Batch [17480/35627] - Loss: 0.1003
  Batch [17490/35627] - Loss: 0.1003
  Batch [17500/35627] - Loss: 0.1003
  Batch [17510/35627] - Loss: 0.1003
  Batch [17520/35627] - Loss: 0.1003
  Batch [17530/35627] - Loss: 0.1003
  Batch [17540/35627] - Loss: 0.1003
  Batch [17550/35627] - Loss: 0.1003
  Batch [17560/35627] - Loss: 0.1003
  Batch [17570/35627] - Loss: 0.1003
  Batch [17580/35627] - Loss: 0.1003
  Batch [17590/35627] - Loss: 0.1003
  Batch [17600/35627] - Loss: 0.1003
  Batch [17610/35627] - Loss: 0.1003
  Batch [17620/35627] - Loss: 0.1003
  Batch [17630/35627] - Loss: 0.1003
  Batch [17640/35627] - Loss: 0.1003
  Batch [17650/35627] - Loss: 0.1003
  Batch [17660/35627] - Loss: 0.1003
  Batch [17670/35627] - Loss: 0.1003
  Batch [17680/35627] - Loss: 0.1003
  Batch [17690/35627] - Loss: 0.1003
  Batch [17700/35627] - Loss: 0.1003
  Batch [17710/35627] - Loss: 0.1003
  Batch [17720/35627] - Loss: 0.1002
  Batch [17730/35627] - Loss: 0.1002
  Batch [17740/35627] - Loss: 0.1002
  Batch [17750/35627] - Loss: 0.1002
  Batch [17760/35627] - Loss: 0.1002
  Batch [17770/35627] - Loss: 0.1002
  Batch [17780/35627] - Loss: 0.1002
  Batch [17790/35627] - Loss: 0.1002
  Batch [17800/35627] - Loss: 0.1002
  Batch [17810/35627] - Loss: 0.1002
  Batch [17820/35627] - Loss: 0.1002
  Batch [17830/35627] - Loss: 0.1002
  Batch [17840/35627] - Loss: 0.1002
  Batch [17850/35627] - Loss: 0.1002
  Batch [17860/35627] - Loss: 0.1002
  Batch [17870/35627] - Loss: 0.1002
  Batch [17880/35627] - Loss: 0.1002
  Batch [17890/35627] - Loss: 0.1002
  Batch [17900/35627] - Loss: 0.1002
  Batch [17910/35627] - Loss: 0.1002
  Batch [17920/35627] - Loss: 0.1002
  Batch [17930/35627] - Loss: 0.1002
  Batch [17940/35627] - Loss: 0.1002
  Batch [17950/35627] - Loss: 0.1002
  Batch [17960/35627] - Loss: 0.1002
  Batch [17970/35627] - Loss: 0.1001
  Batch [17980/35627] - Loss: 0.1001
  Batch [17990/35627] - Loss: 0.1001
  Batch [18000/35627] - Loss: 0.1001
  Batch [18010/35627] - Loss: 0.1001
  Batch [18020/35627] - Loss: 0.1001
  Batch [18030/35627] - Loss: 0.1001
  Batch [18040/35627] - Loss: 0.1001
  Batch [18050/35627] - Loss: 0.1001
  Batch [18060/35627] - Loss: 0.1001
  Batch [18070/35627] - Loss: 0.1001
  Batch [18080/35627] - Loss: 0.1001
  Batch [18090/35627] - Loss: 0.1001
  Batch [18100/35627] - Loss: 0.1001
  Batch [18110/35627] - Loss: 0.1001
  Batch [18120/35627] - Loss: 0.1001
  Batch [18130/35627] - Loss: 0.1001
  Batch [18140/35627] - Loss: 0.1001
  Batch [18150/35627] - Loss: 0.1001
  Batch [18160/35627] - Loss: 0.1001
  Batch [18170/35627] - Loss: 0.1001
  Batch [18180/35627] - Loss: 0.1001
  Batch [18190/35627] - Loss: 0.1001
  Batch [18200/35627] - Loss: 0.1001
  Batch [18210/35627] - Loss: 0.1001
  Batch [18220/35627] - Loss: 0.1001
  Batch [18230/35627] - Loss: 0.1001
  Batch [18240/35627] - Loss: 0.1001
  Batch [18250/35627] - Loss: 0.1001
  Batch [18260/35627] - Loss: 0.1001
  Batch [18270/35627] - Loss: 0.1001
  Batch [18280/35627] - Loss: 0.1001
  Batch [18290/35627] - Loss: 0.1001
  Batch [18300/35627] - Loss: 0.1002
  Batch [18310/35627] - Loss: 0.1002
  Batch [18320/35627] - Loss: 0.1002
  Batch [18330/35627] - Loss: 0.1002
  Batch [18340/35627] - Loss: 0.1002
  Batch [18350/35627] - Loss: 0.1002
  Batch [18360/35627] - Loss: 0.1002
  Batch [18370/35627] - Loss: 0.1002
  Batch [18380/35627] - Loss: 0.1002
  Batch [18390/35627] - Loss: 0.1002
  Batch [18400/35627] - Loss: 0.1002
  Batch [18410/35627] - Loss: 0.1002
  Batch [18420/35627] - Loss: 0.1002
  Batch [18430/35627] - Loss: 0.1002
  Batch [18440/35627] - Loss: 0.1002
  Batch [18450/35627] - Loss: 0.1002
  Batch [18460/35627] - Loss: 0.1002
  Batch [18470/35627] - Loss: 0.1002
  Batch [18480/35627] - Loss: 0.1002
  Batch [18490/35627] - Loss: 0.1002
  Batch [18500/35627] - Loss: 0.1002
  Batch [18510/35627] - Loss: 0.1002
  Batch [18520/35627] - Loss: 0.1002
  Batch [18530/35627] - Loss: 0.1002
  Batch [18540/35627] - Loss: 0.1002
  Batch [18550/35627] - Loss: 0.1002
  Batch [18560/35627] - Loss: 0.1002
  Batch [18570/35627] - Loss: 0.1002
  Batch [18580/35627] - Loss: 0.1002
  Batch [18590/35627] - Loss: 0.1002
  Batch [18600/35627] - Loss: 0.1002
  Batch [18610/35627] - Loss: 0.1002
  Batch [18620/35627] - Loss: 0.1002
  Batch [18630/35627] - Loss: 0.1002
  Batch [18640/35627] - Loss: 0.1002
  Batch [18650/35627] - Loss: 0.1002
  Batch [18660/35627] - Loss: 0.1002
  Batch [18670/35627] - Loss: 0.1002
  Batch [18680/35627] - Loss: 0.1002
  Batch [18690/35627] - Loss: 0.1002
  Batch [18700/35627] - Loss: 0.1002
  Batch [18710/35627] - Loss: 0.1002
  Batch [18720/35627] - Loss: 0.1002
  Batch [18730/35627] - Loss: 0.1002
  Batch [18740/35627] - Loss: 0.1002
  Batch [18750/35627] - Loss: 0.1002
  Batch [18760/35627] - Loss: 0.1002
  Batch [18770/35627] - Loss: 0.1002
  Batch [18780/35627] - Loss: 0.1002
  Batch [18790/35627] - Loss: 0.1002
  Batch [18800/35627] - Loss: 0.1002
  Batch [18810/35627] - Loss: 0.1002
  Batch [18820/35627] - Loss: 0.1002
  Batch [18830/35627] - Loss: 0.1002
  Batch [18840/35627] - Loss: 0.1002
  Batch [18850/35627] - Loss: 0.1002
  Batch [18860/35627] - Loss: 0.1002
  Batch [18870/35627] - Loss: 0.1002
  Batch [18880/35627] - Loss: 0.1002
  Batch [18890/35627] - Loss: 0.1002
  Batch [18900/35627] - Loss: 0.1002
  Batch [18910/35627] - Loss: 0.1002
  Batch [18920/35627] - Loss: 0.1002
  Batch [18930/35627] - Loss: 0.1002
  Batch [18940/35627] - Loss: 0.1002
  Batch [18950/35627] - Loss: 0.1002
  Batch [18960/35627] - Loss: 0.1002
  Batch [18970/35627] - Loss: 0.1002
  Batch [18980/35627] - Loss: 0.1002
  Batch [18990/35627] - Loss: 0.1002
  Batch [19000/35627] - Loss: 0.1002
  Batch [19010/35627] - Loss: 0.1002
  Batch [19020/35627] - Loss: 0.1002
  Batch [19030/35627] - Loss: 0.1002
  Batch [19040/35627] - Loss: 0.1002
  Batch [19050/35627] - Loss: 0.1002
  Batch [19060/35627] - Loss: 0.1002
  Batch [19070/35627] - Loss: 0.1002
  Batch [19080/35627] - Loss: 0.1002
  Batch [19090/35627] - Loss: 0.1002
  Batch [19100/35627] - Loss: 0.1002
  Batch [19110/35627] - Loss: 0.1003
  Batch [19120/35627] - Loss: 0.1003
  Batch [19130/35627] - Loss: 0.1003
  Batch [19140/35627] - Loss: 0.1003
  Batch [19150/35627] - Loss: 0.1003
  Batch [19160/35627] - Loss: 0.1003
  Batch [19170/35627] - Loss: 0.1003
  Batch [19180/35627] - Loss: 0.1003
  Batch [19190/35627] - Loss: 0.1003
  Batch [19200/35627] - Loss: 0.1003
  Batch [19210/35627] - Loss: 0.1002
  Batch [19220/35627] - Loss: 0.1002
  Batch [19230/35627] - Loss: 0.1002
  Batch [19240/35627] - Loss: 0.1002
  Batch [19250/35627] - Loss: 0.1002
  Batch [19260/35627] - Loss: 0.1002
  Batch [19270/35627] - Loss: 0.1002
  Batch [19280/35627] - Loss: 0.1002
  Batch [19290/35627] - Loss: 0.1002
  Batch [19300/35627] - Loss: 0.1003
  Batch [19310/35627] - Loss: 0.1003
  Batch [19320/35627] - Loss: 0.1003
  Batch [19330/35627] - Loss: 0.1003
  Batch [19340/35627] - Loss: 0.1003
  Batch [19350/35627] - Loss: 0.1003
  Batch [19360/35627] - Loss: 0.1003
  Batch [19370/35627] - Loss: 0.1003
  Batch [19380/35627] - Loss: 0.1003
  Batch [19390/35627] - Loss: 0.1003
  Batch [19400/35627] - Loss: 0.1003
  Batch [19410/35627] - Loss: 0.1003
  Batch [19420/35627] - Loss: 0.1003
  Batch [19430/35627] - Loss: 0.1003
  Batch [19440/35627] - Loss: 0.1003
  Batch [19450/35627] - Loss: 0.1003
  Batch [19460/35627] - Loss: 0.1003
  Batch [19470/35627] - Loss: 0.1003
  Batch [19480/35627] - Loss: 0.1003
  Batch [19490/35627] - Loss: 0.1003
  Batch [19500/35627] - Loss: 0.1003
  Batch [19510/35627] - Loss: 0.1003
  Batch [19520/35627] - Loss: 0.1003
  Batch [19530/35627] - Loss: 0.1003
  Batch [19540/35627] - Loss: 0.1003
  Batch [19550/35627] - Loss: 0.1003
  Batch [19560/35627] - Loss: 0.1003
  Batch [19570/35627] - Loss: 0.1003
  Batch [19580/35627] - Loss: 0.1003
  Batch [19590/35627] - Loss: 0.1003
  Batch [19600/35627] - Loss: 0.1003
  Batch [19610/35627] - Loss: 0.1003
  Batch [19620/35627] - Loss: 0.1003
  Batch [19630/35627] - Loss: 0.1003
  Batch [19640/35627] - Loss: 0.1003
  Batch [19650/35627] - Loss: 0.1003
  Batch [19660/35627] - Loss: 0.1004
  Batch [19670/35627] - Loss: 0.1004
  Batch [19680/35627] - Loss: 0.1004
  Batch [19690/35627] - Loss: 0.1004
  Batch [19700/35627] - Loss: 0.1004
  Batch [19710/35627] - Loss: 0.1004
  Batch [19720/35627] - Loss: 0.1004
  Batch [19730/35627] - Loss: 0.1004
  Batch [19740/35627] - Loss: 0.1004
  Batch [19750/35627] - Loss: 0.1004
  Batch [19760/35627] - Loss: 0.1003
  Batch [19770/35627] - Loss: 0.1003
  Batch [19780/35627] - Loss: 0.1003
  Batch [19790/35627] - Loss: 0.1003
  Batch [19800/35627] - Loss: 0.1003
  Batch [19810/35627] - Loss: 0.1003
  Batch [19820/35627] - Loss: 0.1003
  Batch [19830/35627] - Loss: 0.1003
  Batch [19840/35627] - Loss: 0.1003
  Batch [19850/35627] - Loss: 0.1004
  Batch [19860/35627] - Loss: 0.1004
  Batch [19870/35627] - Loss: 0.1004
  Batch [19880/35627] - Loss: 0.1004
  Batch [19890/35627] - Loss: 0.1004
  Batch [19900/35627] - Loss: 0.1004
  Batch [19910/35627] - Loss: 0.1004
  Batch [19920/35627] - Loss: 0.1004
  Batch [19930/35627] - Loss: 0.1004
  Batch [19940/35627] - Loss: 0.1004
  Batch [19950/35627] - Loss: 0.1004
  Batch [19960/35627] - Loss: 0.1004
  Batch [19970/35627] - Loss: 0.1004
  Batch [19980/35627] - Loss: 0.1004
  Batch [19990/35627] - Loss: 0.1004
  Batch [20000/35627] - Loss: 0.1004
  Batch [20010/35627] - Loss: 0.1004
  Batch [20020/35627] - Loss: 0.1004
  Batch [20030/35627] - Loss: 0.1004
  Batch [20040/35627] - Loss: 0.1004
  Batch [20050/35627] - Loss: 0.1004
  Batch [20060/35627] - Loss: 0.1004
  Batch [20070/35627] - Loss: 0.1004
  Batch [20080/35627] - Loss: 0.1004
  Batch [20090/35627] - Loss: 0.1004
  Batch [20100/35627] - Loss: 0.1004
  Batch [20110/35627] - Loss: 0.1004
  Batch [20120/35627] - Loss: 0.1004
  Batch [20130/35627] - Loss: 0.1004
  Batch [20140/35627] - Loss: 0.1004
  Batch [20150/35627] - Loss: 0.1004
  Batch [20160/35627] - Loss: 0.1004
  Batch [20170/35627] - Loss: 0.1004
  Batch [20180/35627] - Loss: 0.1004
  Batch [20190/35627] - Loss: 0.1004
  Batch [20200/35627] - Loss: 0.1004
  Batch [20210/35627] - Loss: 0.1004
  Batch [20220/35627] - Loss: 0.1004
  Batch [20230/35627] - Loss: 0.1004
  Batch [20240/35627] - Loss: 0.1004
  Batch [20250/35627] - Loss: 0.1004
  Batch [20260/35627] - Loss: 0.1004
  Batch [20270/35627] - Loss: 0.1004
  Batch [20280/35627] - Loss: 0.1004
  Batch [20290/35627] - Loss: 0.1004
  Batch [20300/35627] - Loss: 0.1004
  Batch [20310/35627] - Loss: 0.1004
  Batch [20320/35627] - Loss: 0.1004
  Batch [20330/35627] - Loss: 0.1004
  Batch [20340/35627] - Loss: 0.1004
  Batch [20350/35627] - Loss: 0.1004
  Batch [20360/35627] - Loss: 0.1004
  Batch [20370/35627] - Loss: 0.1004
  Batch [20380/35627] - Loss: 0.1004
  Batch [20390/35627] - Loss: 0.1004
  Batch [20400/35627] - Loss: 0.1004
  Batch [20410/35627] - Loss: 0.1004
  Batch [20420/35627] - Loss: 0.1004
  Batch [20430/35627] - Loss: 0.1004
  Batch [20440/35627] - Loss: 0.1004
  Batch [20450/35627] - Loss: 0.1004
  Batch [20460/35627] - Loss: 0.1004
  Batch [20470/35627] - Loss: 0.1004
  Batch [20480/35627] - Loss: 0.1004
  Batch [20490/35627] - Loss: 0.1004
  Batch [20500/35627] - Loss: 0.1004
  Batch [20510/35627] - Loss: 0.1004
  Batch [20520/35627] - Loss: 0.1004
  Batch [20530/35627] - Loss: 0.1004
  Batch [20540/35627] - Loss: 0.1004
  Batch [20550/35627] - Loss: 0.1004
  Batch [20560/35627] - Loss: 0.1004
  Batch [20570/35627] - Loss: 0.1004
  Batch [20580/35627] - Loss: 0.1004
  Batch [20590/35627] - Loss: 0.1004
  Batch [20600/35627] - Loss: 0.1004
  Batch [20610/35627] - Loss: 0.1004
  Batch [20620/35627] - Loss: 0.1004
  Batch [20630/35627] - Loss: 0.1004
  Batch [20640/35627] - Loss: 0.1004
  Batch [20650/35627] - Loss: 0.1004
  Batch [20660/35627] - Loss: 0.1004
  Batch [20670/35627] - Loss: 0.1004
  Batch [20680/35627] - Loss: 0.1004
  Batch [20690/35627] - Loss: 0.1004
  Batch [20700/35627] - Loss: 0.1004
  Batch [20710/35627] - Loss: 0.1004
  Batch [20720/35627] - Loss: 0.1004
  Batch [20730/35627] - Loss: 0.1004
  Batch [20740/35627] - Loss: 0.1004
  Batch [20750/35627] - Loss: 0.1004
  Batch [20760/35627] - Loss: 0.1004
  Batch [20770/35627] - Loss: 0.1004
  Batch [20780/35627] - Loss: 0.1004
  Batch [20790/35627] - Loss: 0.1004
  Batch [20800/35627] - Loss: 0.1004
  Batch [20810/35627] - Loss: 0.1004
  Batch [20820/35627] - Loss: 0.1004
  Batch [20830/35627] - Loss: 0.1004
  Batch [20840/35627] - Loss: 0.1004
  Batch [20850/35627] - Loss: 0.1004
  Batch [20860/35627] - Loss: 0.1004
  Batch [20870/35627] - Loss: 0.1004
  Batch [20880/35627] - Loss: 0.1004
  Batch [20890/35627] - Loss: 0.1004
  Batch [20900/35627] - Loss: 0.1004
  Batch [20910/35627] - Loss: 0.1004
  Batch [20920/35627] - Loss: 0.1004
  Batch [20930/35627] - Loss: 0.1004
  Batch [20940/35627] - Loss: 0.1004
  Batch [20950/35627] - Loss: 0.1004
  Batch [20960/35627] - Loss: 0.1004
  Batch [20970/35627] - Loss: 0.1004
  Batch [20980/35627] - Loss: 0.1004
  Batch [20990/35627] - Loss: 0.1004
  Batch [21000/35627] - Loss: 0.1005
  Batch [21010/35627] - Loss: 0.1005
  Batch [21020/35627] - Loss: 0.1005
  Batch [21030/35627] - Loss: 0.1005
  Batch [21040/35627] - Loss: 0.1005
  Batch [21050/35627] - Loss: 0.1005
  Batch [21060/35627] - Loss: 0.1005
  Batch [21070/35627] - Loss: 0.1005
  Batch [21080/35627] - Loss: 0.1005
  Batch [21090/35627] - Loss: 0.1005
  Batch [21100/35627] - Loss: 0.1005
  Batch [21110/35627] - Loss: 0.1005
  Batch [21120/35627] - Loss: 0.1005
  Batch [21130/35627] - Loss: 0.1005
  Batch [21140/35627] - Loss: 0.1005
  Batch [21150/35627] - Loss: 0.1005
  Batch [21160/35627] - Loss: 0.1005
  Batch [21170/35627] - Loss: 0.1005
  Batch [21180/35627] - Loss: 0.1005
  Batch [21190/35627] - Loss: 0.1005
  Batch [21200/35627] - Loss: 0.1005
  Batch [21210/35627] - Loss: 0.1005
  Batch [21220/35627] - Loss: 0.1005
  Batch [21230/35627] - Loss: 0.1005
  Batch [21240/35627] - Loss: 0.1005
  Batch [21250/35627] - Loss: 0.1005
  Batch [21260/35627] - Loss: 0.1005
  Batch [21270/35627] - Loss: 0.1004
  Batch [21280/35627] - Loss: 0.1005
  Batch [21290/35627] - Loss: 0.1005
  Batch [21300/35627] - Loss: 0.1004
  Batch [21310/35627] - Loss: 0.1004
  Batch [21320/35627] - Loss: 0.1004
  Batch [21330/35627] - Loss: 0.1004
  Batch [21340/35627] - Loss: 0.1004
  Batch [21350/35627] - Loss: 0.1004
  Batch [21360/35627] - Loss: 0.1004
  Batch [21370/35627] - Loss: 0.1004
  Batch [21380/35627] - Loss: 0.1004
  Batch [21390/35627] - Loss: 0.1004
  Batch [21400/35627] - Loss: 0.1004
  Batch [21410/35627] - Loss: 0.1004
  Batch [21420/35627] - Loss: 0.1004
  Batch [21430/35627] - Loss: 0.1004
  Batch [21440/35627] - Loss: 0.1004
  Batch [21450/35627] - Loss: 0.1004
  Batch [21460/35627] - Loss: 0.1004
  Batch [21470/35627] - Loss: 0.1004
  Batch [21480/35627] - Loss: 0.1004
  Batch [21490/35627] - Loss: 0.1004
  Batch [21500/35627] - Loss: 0.1004
  Batch [21510/35627] - Loss: 0.1004
  Batch [21520/35627] - Loss: 0.1004
  Batch [21530/35627] - Loss: 0.1004
  Batch [21540/35627] - Loss: 0.1004
  Batch [21550/35627] - Loss: 0.1004
  Batch [21560/35627] - Loss: 0.1004
  Batch [21570/35627] - Loss: 0.1004
  Batch [21580/35627] - Loss: 0.1004
  Batch [21590/35627] - Loss: 0.1004
  Batch [21600/35627] - Loss: 0.1004
  Batch [21610/35627] - Loss: 0.1004
  Batch [21620/35627] - Loss: 0.1004
  Batch [21630/35627] - Loss: 0.1004
  Batch [21640/35627] - Loss: 0.1004
  Batch [21650/35627] - Loss: 0.1004
  Batch [21660/35627] - Loss: 0.1004
  Batch [21670/35627] - Loss: 0.1004
  Batch [21680/35627] - Loss: 0.1004
  Batch [21690/35627] - Loss: 0.1004
  Batch [21700/35627] - Loss: 0.1004
  Batch [21710/35627] - Loss: 0.1004
  Batch [21720/35627] - Loss: 0.1004
  Batch [21730/35627] - Loss: 0.1004
  Batch [21740/35627] - Loss: 0.1005
  Batch [21750/35627] - Loss: 0.1005
  Batch [21760/35627] - Loss: 0.1005
  Batch [21770/35627] - Loss: 0.1005
  Batch [21780/35627] - Loss: 0.1005
  Batch [21790/35627] - Loss: 0.1005
  Batch [21800/35627] - Loss: 0.1005
  Batch [21810/35627] - Loss: 0.1005
  Batch [21820/35627] - Loss: 0.1005
  Batch [21830/35627] - Loss: 0.1005
  Batch [21840/35627] - Loss: 0.1005
  Batch [21850/35627] - Loss: 0.1005
  Batch [21860/35627] - Loss: 0.1005
  Batch [21870/35627] - Loss: 0.1005
  Batch [21880/35627] - Loss: 0.1005
  Batch [21890/35627] - Loss: 0.1005
  Batch [21900/35627] - Loss: 0.1005
  Batch [21910/35627] - Loss: 0.1005
  Batch [21920/35627] - Loss: 0.1005
  Batch [21930/35627] - Loss: 0.1005
  Batch [21940/35627] - Loss: 0.1005
  Batch [21950/35627] - Loss: 0.1005
  Batch [21960/35627] - Loss: 0.1005
  Batch [21970/35627] - Loss: 0.1005
  Batch [21980/35627] - Loss: 0.1005
  Batch [21990/35627] - Loss: 0.1005
  Batch [22000/35627] - Loss: 0.1005
  Batch [22010/35627] - Loss: 0.1005
  Batch [22020/35627] - Loss: 0.1005
  Batch [22030/35627] - Loss: 0.1005
  Batch [22040/35627] - Loss: 0.1005
  Batch [22050/35627] - Loss: 0.1005
  Batch [22060/35627] - Loss: 0.1005
  Batch [22070/35627] - Loss: 0.1005
  Batch [22080/35627] - Loss: 0.1005
  Batch [22090/35627] - Loss: 0.1005
  Batch [22100/35627] - Loss: 0.1005
  Batch [22110/35627] - Loss: 0.1005
  Batch [22120/35627] - Loss: 0.1005
  Batch [22130/35627] - Loss: 0.1005
  Batch [22140/35627] - Loss: 0.1005
  Batch [22150/35627] - Loss: 0.1005
  Batch [22160/35627] - Loss: 0.1005
  Batch [22170/35627] - Loss: 0.1005
  Batch [22180/35627] - Loss: 0.1005
  Batch [22190/35627] - Loss: 0.1005
  Batch [22200/35627] - Loss: 0.1005
  Batch [22210/35627] - Loss: 0.1005
  Batch [22220/35627] - Loss: 0.1006
  Batch [22230/35627] - Loss: 0.1005
  Batch [22240/35627] - Loss: 0.1005
  Batch [22250/35627] - Loss: 0.1005
  Batch [22260/35627] - Loss: 0.1005
  Batch [22270/35627] - Loss: 0.1006
  Batch [22280/35627] - Loss: 0.1006
  Batch [22290/35627] - Loss: 0.1006
  Batch [22300/35627] - Loss: 0.1005
  Batch [22310/35627] - Loss: 0.1005
  Batch [22320/35627] - Loss: 0.1005
  Batch [22330/35627] - Loss: 0.1005
  Batch [22340/35627] - Loss: 0.1005
  Batch [22350/35627] - Loss: 0.1005
  Batch [22360/35627] - Loss: 0.1005
  Batch [22370/35627] - Loss: 0.1005
  Batch [22380/35627] - Loss: 0.1005
  Batch [22390/35627] - Loss: 0.1005
  Batch [22400/35627] - Loss: 0.1005
  Batch [22410/35627] - Loss: 0.1005
  Batch [22420/35627] - Loss: 0.1005
  Batch [22430/35627] - Loss: 0.1005
  Batch [22440/35627] - Loss: 0.1005
  Batch [22450/35627] - Loss: 0.1005
  Batch [22460/35627] - Loss: 0.1005
  Batch [22470/35627] - Loss: 0.1006
  Batch [22480/35627] - Loss: 0.1006
  Batch [22490/35627] - Loss: 0.1006
  Batch [22500/35627] - Loss: 0.1006
  Batch [22510/35627] - Loss: 0.1006
  Batch [22520/35627] - Loss: 0.1006
  Batch [22530/35627] - Loss: 0.1006
  Batch [22540/35627] - Loss: 0.1006
  Batch [22550/35627] - Loss: 0.1006
  Batch [22560/35627] - Loss: 0.1006
  Batch [22570/35627] - Loss: 0.1005
  Batch [22580/35627] - Loss: 0.1005
  Batch [22590/35627] - Loss: 0.1005
  Batch [22600/35627] - Loss: 0.1006
  Batch [22610/35627] - Loss: 0.1006
  Batch [22620/35627] - Loss: 0.1006
  Batch [22630/35627] - Loss: 0.1006
  Batch [22640/35627] - Loss: 0.1006
  Batch [22650/35627] - Loss: 0.1006
  Batch [22660/35627] - Loss: 0.1006
  Batch [22670/35627] - Loss: 0.1006
  Batch [22680/35627] - Loss: 0.1006
  Batch [22690/35627] - Loss: 0.1006
  Batch [22700/35627] - Loss: 0.1006
  Batch [22710/35627] - Loss: 0.1006
  Batch [22720/35627] - Loss: 0.1006
  Batch [22730/35627] - Loss: 0.1006
  Batch [22740/35627] - Loss: 0.1006
  Batch [22750/35627] - Loss: 0.1006
  Batch [22760/35627] - Loss: 0.1006
  Batch [22770/35627] - Loss: 0.1006
  Batch [22780/35627] - Loss: 0.1006
  Batch [22790/35627] - Loss: 0.1006
  Batch [22800/35627] - Loss: 0.1006
  Batch [22810/35627] - Loss: 0.1006
  Batch [22820/35627] - Loss: 0.1006
  Batch [22830/35627] - Loss: 0.1006
  Batch [22840/35627] - Loss: 0.1006
  Batch [22850/35627] - Loss: 0.1006
  Batch [22860/35627] - Loss: 0.1006
  Batch [22870/35627] - Loss: 0.1006
  Batch [22880/35627] - Loss: 0.1006
  Batch [22890/35627] - Loss: 0.1006
  Batch [22900/35627] - Loss: 0.1006
  Batch [22910/35627] - Loss: 0.1005
  Batch [22920/35627] - Loss: 0.1006
  Batch [22930/35627] - Loss: 0.1006
  Batch [22940/35627] - Loss: 0.1006
  Batch [22950/35627] - Loss: 0.1006
  Batch [22960/35627] - Loss: 0.1006
  Batch [22970/35627] - Loss: 0.1006
  Batch [22980/35627] - Loss: 0.1006
  Batch [22990/35627] - Loss: 0.1006
  Batch [23000/35627] - Loss: 0.1006
  Batch [23010/35627] - Loss: 0.1006
  Batch [23020/35627] - Loss: 0.1006
  Batch [23030/35627] - Loss: 0.1006
  Batch [23040/35627] - Loss: 0.1006
  Batch [23050/35627] - Loss: 0.1005
  Batch [23060/35627] - Loss: 0.1005
  Batch [23070/35627] - Loss: 0.1005
  Batch [23080/35627] - Loss: 0.1005
  Batch [23090/35627] - Loss: 0.1005
  Batch [23100/35627] - Loss: 0.1006
  Batch [23110/35627] - Loss: 0.1006
  Batch [23120/35627] - Loss: 0.1005
  Batch [23130/35627] - Loss: 0.1005
  Batch [23140/35627] - Loss: 0.1005
  Batch [23150/35627] - Loss: 0.1005
  Batch [23160/35627] - Loss: 0.1005
  Batch [23170/35627] - Loss: 0.1006
  Batch [23180/35627] - Loss: 0.1006
  Batch [23190/35627] - Loss: 0.1006
  Batch [23200/35627] - Loss: 0.1006
  Batch [23210/35627] - Loss: 0.1006
  Batch [23220/35627] - Loss: 0.1006
  Batch [23230/35627] - Loss: 0.1006
  Batch [23240/35627] - Loss: 0.1006
  Batch [23250/35627] - Loss: 0.1006
  Batch [23260/35627] - Loss: 0.1006
  Batch [23270/35627] - Loss: 0.1006
  Batch [23280/35627] - Loss: 0.1006
  Batch [23290/35627] - Loss: 0.1006
  Batch [23300/35627] - Loss: 0.1006
  Batch [23310/35627] - Loss: 0.1006
  Batch [23320/35627] - Loss: 0.1006
  Batch [23330/35627] - Loss: 0.1006
  Batch [23340/35627] - Loss: 0.1006
  Batch [23350/35627] - Loss: 0.1006
  Batch [23360/35627] - Loss: 0.1006
  Batch [23370/35627] - Loss: 0.1006
  Batch [23380/35627] - Loss: 0.1006
  Batch [23390/35627] - Loss: 0.1006
  Batch [23400/35627] - Loss: 0.1006
  Batch [23410/35627] - Loss: 0.1006
  Batch [23420/35627] - Loss: 0.1006
  Batch [23430/35627] - Loss: 0.1006
  Batch [23440/35627] - Loss: 0.1006
  Batch [23450/35627] - Loss: 0.1006
  Batch [23460/35627] - Loss: 0.1006
  Batch [23470/35627] - Loss: 0.1006
  Batch [23480/35627] - Loss: 0.1006
  Batch [23490/35627] - Loss: 0.1006
  Batch [23500/35627] - Loss: 0.1006
  Batch [23510/35627] - Loss: 0.1006
  Batch [23520/35627] - Loss: 0.1006
  Batch [23530/35627] - Loss: 0.1006
  Batch [23540/35627] - Loss: 0.1006
  Batch [23550/35627] - Loss: 0.1006
  Batch [23560/35627] - Loss: 0.1006
  Batch [23570/35627] - Loss: 0.1006
  Batch [23580/35627] - Loss: 0.1006
  Batch [23590/35627] - Loss: 0.1006
  Batch [23600/35627] - Loss: 0.1006
  Batch [23610/35627] - Loss: 0.1006
  Batch [23620/35627] - Loss: 0.1006
  Batch [23630/35627] - Loss: 0.1006
  Batch [23640/35627] - Loss: 0.1006
  Batch [23650/35627] - Loss: 0.1006
  Batch [23660/35627] - Loss: 0.1006
  Batch [23670/35627] - Loss: 0.1006
  Batch [23680/35627] - Loss: 0.1007
  Batch [23690/35627] - Loss: 0.1007
  Batch [23700/35627] - Loss: 0.1007
  Batch [23710/35627] - Loss: 0.1007
  Batch [23720/35627] - Loss: 0.1007
  Batch [23730/35627] - Loss: 0.1007
  Batch [23740/35627] - Loss: 0.1007
  Batch [23750/35627] - Loss: 0.1007
  Batch [23760/35627] - Loss: 0.1007
  Batch [23770/35627] - Loss: 0.1006
  Batch [23780/35627] - Loss: 0.1007
  Batch [23790/35627] - Loss: 0.1007
  Batch [23800/35627] - Loss: 0.1006
  Batch [23810/35627] - Loss: 0.1006
  Batch [23820/35627] - Loss: 0.1006
  Batch [23830/35627] - Loss: 0.1007
  Batch [23840/35627] - Loss: 0.1007
  Batch [23850/35627] - Loss: 0.1007
  Batch [23860/35627] - Loss: 0.1006
  Batch [23870/35627] - Loss: 0.1007
  Batch [23880/35627] - Loss: 0.1006
  Batch [23890/35627] - Loss: 0.1007
  Batch [23900/35627] - Loss: 0.1007
  Batch [23910/35627] - Loss: 0.1007
  Batch [23920/35627] - Loss: 0.1007
  Batch [23930/35627] - Loss: 0.1007
  Batch [23940/35627] - Loss: 0.1007
  Batch [23950/35627] - Loss: 0.1007
  Batch [23960/35627] - Loss: 0.1007
  Batch [23970/35627] - Loss: 0.1007
  Batch [23980/35627] - Loss: 0.1007
  Batch [23990/35627] - Loss: 0.1007
  Batch [24000/35627] - Loss: 0.1006
  Batch [24010/35627] - Loss: 0.1007
  Batch [24020/35627] - Loss: 0.1007
  Batch [24030/35627] - Loss: 0.1006
  Batch [24040/35627] - Loss: 0.1006
  Batch [24050/35627] - Loss: 0.1007
  Batch [24060/35627] - Loss: 0.1007
  Batch [24070/35627] - Loss: 0.1007
  Batch [24080/35627] - Loss: 0.1007
  Batch [24090/35627] - Loss: 0.1007
  Batch [24100/35627] - Loss: 0.1006
  Batch [24110/35627] - Loss: 0.1006
  Batch [24120/35627] - Loss: 0.1006
  Batch [24130/35627] - Loss: 0.1006
  Batch [24140/35627] - Loss: 0.1006
  Batch [24150/35627] - Loss: 0.1006
  Batch [24160/35627] - Loss: 0.1006
  Batch [24170/35627] - Loss: 0.1006
  Batch [24180/35627] - Loss: 0.1006
  Batch [24190/35627] - Loss: 0.1006
  Batch [24200/35627] - Loss: 0.1006
  Batch [24210/35627] - Loss: 0.1006
  Batch [24220/35627] - Loss: 0.1006
  Batch [24230/35627] - Loss: 0.1006
  Batch [24240/35627] - Loss: 0.1006
  Batch [24250/35627] - Loss: 0.1006
  Batch [24260/35627] - Loss: 0.1006
  Batch [24270/35627] - Loss: 0.1006
  Batch [24280/35627] - Loss: 0.1006
  Batch [24290/35627] - Loss: 0.1006
  Batch [24300/35627] - Loss: 0.1006
  Batch [24310/35627] - Loss: 0.1006
  Batch [24320/35627] - Loss: 0.1006
  Batch [24330/35627] - Loss: 0.1006
  Batch [24340/35627] - Loss: 0.1006
  Batch [24350/35627] - Loss: 0.1006
  Batch [24360/35627] - Loss: 0.1006
  Batch [24370/35627] - Loss: 0.1006
  Batch [24380/35627] - Loss: 0.1006
  Batch [24390/35627] - Loss: 0.1006
  Batch [24400/35627] - Loss: 0.1006
  Batch [24410/35627] - Loss: 0.1006
  Batch [24420/35627] - Loss: 0.1006
  Batch [24430/35627] - Loss: 0.1006
  Batch [24440/35627] - Loss: 0.1006
  Batch [24450/35627] - Loss: 0.1006
  Batch [24460/35627] - Loss: 0.1006
  Batch [24470/35627] - Loss: 0.1006
  Batch [24480/35627] - Loss: 0.1006
  Batch [24490/35627] - Loss: 0.1006
  Batch [24500/35627] - Loss: 0.1006
  Batch [24510/35627] - Loss: 0.1006
  Batch [24520/35627] - Loss: 0.1006
  Batch [24530/35627] - Loss: 0.1006
  Batch [24540/35627] - Loss: 0.1006
  Batch [24550/35627] - Loss: 0.1006
  Batch [24560/35627] - Loss: 0.1006
  Batch [24570/35627] - Loss: 0.1006
  Batch [24580/35627] - Loss: 0.1006
  Batch [24590/35627] - Loss: 0.1006
  Batch [24600/35627] - Loss: 0.1006
  Batch [24610/35627] - Loss: 0.1006
  Batch [24620/35627] - Loss: 0.1006
  Batch [24630/35627] - Loss: 0.1006
  Batch [24640/35627] - Loss: 0.1006
  Batch [24650/35627] - Loss: 0.1006
  Batch [24660/35627] - Loss: 0.1006
  Batch [24670/35627] - Loss: 0.1006
  Batch [24680/35627] - Loss: 0.1006
  Batch [24690/35627] - Loss: 0.1006
  Batch [24700/35627] - Loss: 0.1006
  Batch [24710/35627] - Loss: 0.1006
  Batch [24720/35627] - Loss: 0.1006
  Batch [24730/35627] - Loss: 0.1006
  Batch [24740/35627] - Loss: 0.1006
  Batch [24750/35627] - Loss: 0.1006
  Batch [24760/35627] - Loss: 0.1006
  Batch [24770/35627] - Loss: 0.1006
  Batch [24780/35627] - Loss: 0.1006
  Batch [24790/35627] - Loss: 0.1006
  Batch [24800/35627] - Loss: 0.1006
  Batch [24810/35627] - Loss: 0.1006
  Batch [24820/35627] - Loss: 0.1006
  Batch [24830/35627] - Loss: 0.1006
  Batch [24840/35627] - Loss: 0.1006
  Batch [24850/35627] - Loss: 0.1006
  Batch [24860/35627] - Loss: 0.1006
  Batch [24870/35627] - Loss: 0.1006
  Batch [24880/35627] - Loss: 0.1006
  Batch [24890/35627] - Loss: 0.1006
  Batch [24900/35627] - Loss: 0.1005
  Batch [24910/35627] - Loss: 0.1005
  Batch [24920/35627] - Loss: 0.1005
  Batch [24930/35627] - Loss: 0.1005
  Batch [24940/35627] - Loss: 0.1005
  Batch [24950/35627] - Loss: 0.1005
  Batch [24960/35627] - Loss: 0.1005
  Batch [24970/35627] - Loss: 0.1005
  Batch [24980/35627] - Loss: 0.1005
  Batch [24990/35627] - Loss: 0.1005
  Batch [25000/35627] - Loss: 0.1005
  Batch [25010/35627] - Loss: 0.1005
  Batch [25020/35627] - Loss: 0.1005
  Batch [25030/35627] - Loss: 0.1005
  Batch [25040/35627] - Loss: 0.1005
  Batch [25050/35627] - Loss: 0.1005
  Batch [25060/35627] - Loss: 0.1005
  Batch [25070/35627] - Loss: 0.1005
  Batch [25080/35627] - Loss: 0.1005
  Batch [25090/35627] - Loss: 0.1005
  Batch [25100/35627] - Loss: 0.1005
  Batch [25110/35627] - Loss: 0.1005
  Batch [25120/35627] - Loss: 0.1006
  Batch [25130/35627] - Loss: 0.1006
  Batch [25140/35627] - Loss: 0.1006
  Batch [25150/35627] - Loss: 0.1006
  Batch [25160/35627] - Loss: 0.1006
  Batch [25170/35627] - Loss: 0.1006
  Batch [25180/35627] - Loss: 0.1006
  Batch [25190/35627] - Loss: 0.1006
  Batch [25200/35627] - Loss: 0.1006
  Batch [25210/35627] - Loss: 0.1006
  Batch [25220/35627] - Loss: 0.1006
  Batch [25230/35627] - Loss: 0.1006
  Batch [25240/35627] - Loss: 0.1006
  Batch [25250/35627] - Loss: 0.1006
  Batch [25260/35627] - Loss: 0.1006
  Batch [25270/35627] - Loss: 0.1006
  Batch [25280/35627] - Loss: 0.1006
  Batch [25290/35627] - Loss: 0.1006
  Batch [25300/35627] - Loss: 0.1006
  Batch [25310/35627] - Loss: 0.1006
  Batch [25320/35627] - Loss: 0.1006
  Batch [25330/35627] - Loss: 0.1006
  Batch [25340/35627] - Loss: 0.1006
  Batch [25350/35627] - Loss: 0.1006
  Batch [25360/35627] - Loss: 0.1006
  Batch [25370/35627] - Loss: 0.1006
  Batch [25380/35627] - Loss: 0.1006
  Batch [25390/35627] - Loss: 0.1006
  Batch [25400/35627] - Loss: 0.1006
  Batch [25410/35627] - Loss: 0.1006
  Batch [25420/35627] - Loss: 0.1006
  Batch [25430/35627] - Loss: 0.1006
  Batch [25440/35627] - Loss: 0.1006
  Batch [25450/35627] - Loss: 0.1006
  Batch [25460/35627] - Loss: 0.1006
  Batch [25470/35627] - Loss: 0.1006
  Batch [25480/35627] - Loss: 0.1006
  Batch [25490/35627] - Loss: 0.1006
  Batch [25500/35627] - Loss: 0.1006
  Batch [25510/35627] - Loss: 0.1006
  Batch [25520/35627] - Loss: 0.1006
  Batch [25530/35627] - Loss: 0.1006
  Batch [25540/35627] - Loss: 0.1006
  Batch [25550/35627] - Loss: 0.1006
  Batch [25560/35627] - Loss: 0.1006
  Batch [25570/35627] - Loss: 0.1006
  Batch [25580/35627] - Loss: 0.1006
  Batch [25590/35627] - Loss: 0.1006
  Batch [25600/35627] - Loss: 0.1006
  Batch [25610/35627] - Loss: 0.1006
  Batch [25620/35627] - Loss: 0.1006
  Batch [25630/35627] - Loss: 0.1006
  Batch [25640/35627] - Loss: 0.1006
  Batch [25650/35627] - Loss: 0.1006
  Batch [25660/35627] - Loss: 0.1006
  Batch [25670/35627] - Loss: 0.1006
  Batch [25680/35627] - Loss: 0.1006
  Batch [25690/35627] - Loss: 0.1006
  Batch [25700/35627] - Loss: 0.1006
  Batch [25710/35627] - Loss: 0.1006
  Batch [25720/35627] - Loss: 0.1006
  Batch [25730/35627] - Loss: 0.1006
  Batch [25740/35627] - Loss: 0.1006
  Batch [25750/35627] - Loss: 0.1006
  Batch [25760/35627] - Loss: 0.1006
  Batch [25770/35627] - Loss: 0.1006
  Batch [25780/35627] - Loss: 0.1006
  Batch [25790/35627] - Loss: 0.1006
  Batch [25800/35627] - Loss: 0.1006
  Batch [25810/35627] - Loss: 0.1006
  Batch [25820/35627] - Loss: 0.1006
  Batch [25830/35627] - Loss: 0.1006
  Batch [25840/35627] - Loss: 0.1006
  Batch [25850/35627] - Loss: 0.1006
  Batch [25860/35627] - Loss: 0.1006
  Batch [25870/35627] - Loss: 0.1006
  Batch [25880/35627] - Loss: 0.1006
  Batch [25890/35627] - Loss: 0.1006
  Batch [25900/35627] - Loss: 0.1006
  Batch [25910/35627] - Loss: 0.1006
  Batch [25920/35627] - Loss: 0.1006
  Batch [25930/35627] - Loss: 0.1006
  Batch [25940/35627] - Loss: 0.1006
  Batch [25950/35627] - Loss: 0.1006
  Batch [25960/35627] - Loss: 0.1006
  Batch [25970/35627] - Loss: 0.1006
  Batch [25980/35627] - Loss: 0.1006
  Batch [25990/35627] - Loss: 0.1006
  Batch [26000/35627] - Loss: 0.1006
  Batch [26010/35627] - Loss: 0.1006
  Batch [26020/35627] - Loss: 0.1006
  Batch [26030/35627] - Loss: 0.1006
  Batch [26040/35627] - Loss: 0.1006
  Batch [26050/35627] - Loss: 0.1006
  Batch [26060/35627] - Loss: 0.1006
  Batch [26070/35627] - Loss: 0.1006
  Batch [26080/35627] - Loss: 0.1006
  Batch [26090/35627] - Loss: 0.1006
  Batch [26100/35627] - Loss: 0.1006
  Batch [26110/35627] - Loss: 0.1006
  Batch [26120/35627] - Loss: 0.1006
  Batch [26130/35627] - Loss: 0.1006
  Batch [26140/35627] - Loss: 0.1006
  Batch [26150/35627] - Loss: 0.1006
  Batch [26160/35627] - Loss: 0.1006
  Batch [26170/35627] - Loss: 0.1006
  Batch [26180/35627] - Loss: 0.1006
  Batch [26190/35627] - Loss: 0.1007
  Batch [26200/35627] - Loss: 0.1007
  Batch [26210/35627] - Loss: 0.1007
  Batch [26220/35627] - Loss: 0.1007
  Batch [26230/35627] - Loss: 0.1007
  Batch [26240/35627] - Loss: 0.1007
  Batch [26250/35627] - Loss: 0.1007
  Batch [26260/35627] - Loss: 0.1007
  Batch [26270/35627] - Loss: 0.1007
  Batch [26280/35627] - Loss: 0.1007
  Batch [26290/35627] - Loss: 0.1007
  Batch [26300/35627] - Loss: 0.1007
  Batch [26310/35627] - Loss: 0.1007
  Batch [26320/35627] - Loss: 0.1007
  Batch [26330/35627] - Loss: 0.1007
  Batch [26340/35627] - Loss: 0.1007
  Batch [26350/35627] - Loss: 0.1007
  Batch [26360/35627] - Loss: 0.1007
  Batch [26370/35627] - Loss: 0.1007
  Batch [26380/35627] - Loss: 0.1007
  Batch [26390/35627] - Loss: 0.1007
  Batch [26400/35627] - Loss: 0.1007
  Batch [26410/35627] - Loss: 0.1007
  Batch [26420/35627] - Loss: 0.1007
  Batch [26430/35627] - Loss: 0.1007
  Batch [26440/35627] - Loss: 0.1007
  Batch [26450/35627] - Loss: 0.1007
  Batch [26460/35627] - Loss: 0.1007
  Batch [26470/35627] - Loss: 0.1007
  Batch [26480/35627] - Loss: 0.1007
  Batch [26490/35627] - Loss: 0.1007
  Batch [26500/35627] - Loss: 0.1007
  Batch [26510/35627] - Loss: 0.1007
  Batch [26520/35627] - Loss: 0.1007
  Batch [26530/35627] - Loss: 0.1007
  Batch [26540/35627] - Loss: 0.1007
  Batch [26550/35627] - Loss: 0.1007
  Batch [26560/35627] - Loss: 0.1007
  Batch [26570/35627] - Loss: 0.1007
  Batch [26580/35627] - Loss: 0.1007
  Batch [26590/35627] - Loss: 0.1007
  Batch [26600/35627] - Loss: 0.1007
  Batch [26610/35627] - Loss: 0.1007
  Batch [26620/35627] - Loss: 0.1007
  Batch [26630/35627] - Loss: 0.1007
  Batch [26640/35627] - Loss: 0.1007
  Batch [26650/35627] - Loss: 0.1007
  Batch [26660/35627] - Loss: 0.1007
  Batch [26670/35627] - Loss: 0.1007
  Batch [26680/35627] - Loss: 0.1007
  Batch [26690/35627] - Loss: 0.1007
  Batch [26700/35627] - Loss: 0.1007
  Batch [26710/35627] - Loss: 0.1007
  Batch [26720/35627] - Loss: 0.1007
  Batch [26730/35627] - Loss: 0.1007
  Batch [26740/35627] - Loss: 0.1007
  Batch [26750/35627] - Loss: 0.1007
  Batch [26760/35627] - Loss: 0.1007
  Batch [26770/35627] - Loss: 0.1007
  Batch [26780/35627] - Loss: 0.1007
  Batch [26790/35627] - Loss: 0.1007
  Batch [26800/35627] - Loss: 0.1007
  Batch [26810/35627] - Loss: 0.1007
  Batch [26820/35627] - Loss: 0.1007
  Batch [26830/35627] - Loss: 0.1007
  Batch [26840/35627] - Loss: 0.1007
  Batch [26850/35627] - Loss: 0.1007
  Batch [26860/35627] - Loss: 0.1007
  Batch [26870/35627] - Loss: 0.1007
  Batch [26880/35627] - Loss: 0.1007
  Batch [26890/35627] - Loss: 0.1007
  Batch [26900/35627] - Loss: 0.1007
  Batch [26910/35627] - Loss: 0.1007
  Batch [26920/35627] - Loss: 0.1007
  Batch [26930/35627] - Loss: 0.1007
  Batch [26940/35627] - Loss: 0.1007
  Batch [26950/35627] - Loss: 0.1007
  Batch [26960/35627] - Loss: 0.1007
  Batch [26970/35627] - Loss: 0.1007
  Batch [26980/35627] - Loss: 0.1007
  Batch [26990/35627] - Loss: 0.1007
  Batch [27000/35627] - Loss: 0.1007
  Batch [27010/35627] - Loss: 0.1007
  Batch [27020/35627] - Loss: 0.1007
  Batch [27030/35627] - Loss: 0.1007
  Batch [27040/35627] - Loss: 0.1007
  Batch [27050/35627] - Loss: 0.1007
  Batch [27060/35627] - Loss: 0.1007
  Batch [27070/35627] - Loss: 0.1007
  Batch [27080/35627] - Loss: 0.1007
  Batch [27090/35627] - Loss: 0.1007
  Batch [27100/35627] - Loss: 0.1007
  Batch [27110/35627] - Loss: 0.1007
  Batch [27120/35627] - Loss: 0.1007
  Batch [27130/35627] - Loss: 0.1007
  Batch [27140/35627] - Loss: 0.1007
  Batch [27150/35627] - Loss: 0.1007
  Batch [27160/35627] - Loss: 0.1007
  Batch [27170/35627] - Loss: 0.1007
  Batch [27180/35627] - Loss: 0.1007
  Batch [27190/35627] - Loss: 0.1007
  Batch [27200/35627] - Loss: 0.1007
  Batch [27210/35627] - Loss: 0.1007
  Batch [27220/35627] - Loss: 0.1007
  Batch [27230/35627] - Loss: 0.1007
  Batch [27240/35627] - Loss: 0.1007
  Batch [27250/35627] - Loss: 0.1007
  Batch [27260/35627] - Loss: 0.1007
  Batch [27270/35627] - Loss: 0.1007
  Batch [27280/35627] - Loss: 0.1007
  Batch [27290/35627] - Loss: 0.1007
  Batch [27300/35627] - Loss: 0.1007
  Batch [27310/35627] - Loss: 0.1007
  Batch [27320/35627] - Loss: 0.1007
  Batch [27330/35627] - Loss: 0.1007
  Batch [27340/35627] - Loss: 0.1007
  Batch [27350/35627] - Loss: 0.1007
  Batch [27360/35627] - Loss: 0.1007
  Batch [27370/35627] - Loss: 0.1007
  Batch [27380/35627] - Loss: 0.1007
  Batch [27390/35627] - Loss: 0.1007
  Batch [27400/35627] - Loss: 0.1006
  Batch [27410/35627] - Loss: 0.1007
  Batch [27420/35627] - Loss: 0.1006
  Batch [27430/35627] - Loss: 0.1006
  Batch [27440/35627] - Loss: 0.1006
  Batch [27450/35627] - Loss: 0.1006
  Batch [27460/35627] - Loss: 0.1006
  Batch [27470/35627] - Loss: 0.1006
  Batch [27480/35627] - Loss: 0.1006
  Batch [27490/35627] - Loss: 0.1006
  Batch [27500/35627] - Loss: 0.1006
  Batch [27510/35627] - Loss: 0.1006
  Batch [27520/35627] - Loss: 0.1006
  Batch [27530/35627] - Loss: 0.1006
  Batch [27540/35627] - Loss: 0.1006
  Batch [27550/35627] - Loss: 0.1006
  Batch [27560/35627] - Loss: 0.1006
  Batch [27570/35627] - Loss: 0.1006
  Batch [27580/35627] - Loss: 0.1006
  Batch [27590/35627] - Loss: 0.1006
  Batch [27600/35627] - Loss: 0.1006
  Batch [27610/35627] - Loss: 0.1006
  Batch [27620/35627] - Loss: 0.1006
  Batch [27630/35627] - Loss: 0.1006
  Batch [27640/35627] - Loss: 0.1006
  Batch [27650/35627] - Loss: 0.1006
  Batch [27660/35627] - Loss: 0.1006
  Batch [27670/35627] - Loss: 0.1006
  Batch [27680/35627] - Loss: 0.1006
  Batch [27690/35627] - Loss: 0.1006
  Batch [27700/35627] - Loss: 0.1006
  Batch [27710/35627] - Loss: 0.1006
  Batch [27720/35627] - Loss: 0.1006
  Batch [27730/35627] - Loss: 0.1006
  Batch [27740/35627] - Loss: 0.1006
  Batch [27750/35627] - Loss: 0.1006
  Batch [27760/35627] - Loss: 0.1006
  Batch [27770/35627] - Loss: 0.1006
  Batch [27780/35627] - Loss: 0.1006
  Batch [27790/35627] - Loss: 0.1006
  Batch [27800/35627] - Loss: 0.1006
  Batch [27810/35627] - Loss: 0.1006
  Batch [27820/35627] - Loss: 0.1006
  Batch [27830/35627] - Loss: 0.1006
  Batch [27840/35627] - Loss: 0.1006
  Batch [27850/35627] - Loss: 0.1006
  Batch [27860/35627] - Loss: 0.1005
  Batch [27870/35627] - Loss: 0.1006
  Batch [27880/35627] - Loss: 0.1005
  Batch [27890/35627] - Loss: 0.1006
  Batch [27900/35627] - Loss: 0.1006
  Batch [27910/35627] - Loss: 0.1005
  Batch [27920/35627] - Loss: 0.1006
  Batch [27930/35627] - Loss: 0.1006
  Batch [27940/35627] - Loss: 0.1006
  Batch [27950/35627] - Loss: 0.1005
  Batch [27960/35627] - Loss: 0.1005
  Batch [27970/35627] - Loss: 0.1005
  Batch [27980/35627] - Loss: 0.1005
  Batch [27990/35627] - Loss: 0.1005
  Batch [28000/35627] - Loss: 0.1005
  Batch [28010/35627] - Loss: 0.1005
  Batch [28020/35627] - Loss: 0.1005
  Batch [28030/35627] - Loss: 0.1005
  Batch [28040/35627] - Loss: 0.1005
  Batch [28050/35627] - Loss: 0.1005
  Batch [28060/35627] - Loss: 0.1005
  Batch [28070/35627] - Loss: 0.1005
  Batch [28080/35627] - Loss: 0.1005
  Batch [28090/35627] - Loss: 0.1005
  Batch [28100/35627] - Loss: 0.1005
  Batch [28110/35627] - Loss: 0.1005
  Batch [28120/35627] - Loss: 0.1005
  Batch [28130/35627] - Loss: 0.1005
  Batch [28140/35627] - Loss: 0.1005
  Batch [28150/35627] - Loss: 0.1005
  Batch [28160/35627] - Loss: 0.1005
  Batch [28170/35627] - Loss: 0.1005
  Batch [28180/35627] - Loss: 0.1005
  Batch [28190/35627] - Loss: 0.1005
  Batch [28200/35627] - Loss: 0.1005
  Batch [28210/35627] - Loss: 0.1005
  Batch [28220/35627] - Loss: 0.1005
  Batch [28230/35627] - Loss: 0.1005
  Batch [28240/35627] - Loss: 0.1005
  Batch [28250/35627] - Loss: 0.1005
  Batch [28260/35627] - Loss: 0.1005
  Batch [28270/35627] - Loss: 0.1005
  Batch [28280/35627] - Loss: 0.1005
  Batch [28290/35627] - Loss: 0.1005
  Batch [28300/35627] - Loss: 0.1005
  Batch [28310/35627] - Loss: 0.1005
  Batch [28320/35627] - Loss: 0.1005
  Batch [28330/35627] - Loss: 0.1005
  Batch [28340/35627] - Loss: 0.1005
  Batch [28350/35627] - Loss: 0.1005
  Batch [28360/35627] - Loss: 0.1005
  Batch [28370/35627] - Loss: 0.1005
  Batch [28380/35627] - Loss: 0.1005
  Batch [28390/35627] - Loss: 0.1005
  Batch [28400/35627] - Loss: 0.1006
  Batch [28410/35627] - Loss: 0.1006
  Batch [28420/35627] - Loss: 0.1006
  Batch [28430/35627] - Loss: 0.1006
  Batch [28440/35627] - Loss: 0.1005
  Batch [28450/35627] - Loss: 0.1005
  Batch [28460/35627] - Loss: 0.1005
  Batch [28470/35627] - Loss: 0.1005
  Batch [28480/35627] - Loss: 0.1005
  Batch [28490/35627] - Loss: 0.1005
  Batch [28500/35627] - Loss: 0.1005
  Batch [28510/35627] - Loss: 0.1005
  Batch [28520/35627] - Loss: 0.1005
  Batch [28530/35627] - Loss: 0.1005
  Batch [28540/35627] - Loss: 0.1006
  Batch [28550/35627] - Loss: 0.1005
  Batch [28560/35627] - Loss: 0.1005
  Batch [28570/35627] - Loss: 0.1005
  Batch [28580/35627] - Loss: 0.1005
  Batch [28590/35627] - Loss: 0.1005
  Batch [28600/35627] - Loss: 0.1005
  Batch [28610/35627] - Loss: 0.1005
  Batch [28620/35627] - Loss: 0.1005
  Batch [28630/35627] - Loss: 0.1005
  Batch [28640/35627] - Loss: 0.1005
  Batch [28650/35627] - Loss: 0.1005
  Batch [28660/35627] - Loss: 0.1005
  Batch [28670/35627] - Loss: 0.1005
  Batch [28680/35627] - Loss: 0.1005
  Batch [28690/35627] - Loss: 0.1005
  Batch [28700/35627] - Loss: 0.1005
  Batch [28710/35627] - Loss: 0.1005
  Batch [28720/35627] - Loss: 0.1005
  Batch [28730/35627] - Loss: 0.1005
  Batch [28740/35627] - Loss: 0.1005
  Batch [28750/35627] - Loss: 0.1006
  Batch [28760/35627] - Loss: 0.1005
  Batch [28770/35627] - Loss: 0.1005
  Batch [28780/35627] - Loss: 0.1005
  Batch [28790/35627] - Loss: 0.1005
  Batch [28800/35627] - Loss: 0.1005
  Batch [28810/35627] - Loss: 0.1005
  Batch [28820/35627] - Loss: 0.1005
  Batch [28830/35627] - Loss: 0.1005
  Batch [28840/35627] - Loss: 0.1005
  Batch [28850/35627] - Loss: 0.1005
  Batch [28860/35627] - Loss: 0.1005
  Batch [28870/35627] - Loss: 0.1005
  Batch [28880/35627] - Loss: 0.1005
  Batch [28890/35627] - Loss: 0.1005
  Batch [28900/35627] - Loss: 0.1005
  Batch [28910/35627] - Loss: 0.1005
  Batch [28920/35627] - Loss: 0.1005
  Batch [28930/35627] - Loss: 0.1005
  Batch [28940/35627] - Loss: 0.1005
  Batch [28950/35627] - Loss: 0.1005
  Batch [28960/35627] - Loss: 0.1005
  Batch [28970/35627] - Loss: 0.1005
  Batch [28980/35627] - Loss: 0.1005
  Batch [28990/35627] - Loss: 0.1005
  Batch [29000/35627] - Loss: 0.1005
  Batch [29010/35627] - Loss: 0.1005
  Batch [29020/35627] - Loss: 0.1005
  Batch [29030/35627] - Loss: 0.1005
  Batch [29040/35627] - Loss: 0.1005
  Batch [29050/35627] - Loss: 0.1005
  Batch [29060/35627] - Loss: 0.1005
  Batch [29070/35627] - Loss: 0.1005
  Batch [29080/35627] - Loss: 0.1005
  Batch [29090/35627] - Loss: 0.1005
  Batch [29100/35627] - Loss: 0.1005
  Batch [29110/35627] - Loss: 0.1005
  Batch [29120/35627] - Loss: 0.1005
  Batch [29130/35627] - Loss: 0.1005
  Batch [29140/35627] - Loss: 0.1005
  Batch [29150/35627] - Loss: 0.1005
  Batch [29160/35627] - Loss: 0.1005
  Batch [29170/35627] - Loss: 0.1005
  Batch [29180/35627] - Loss: 0.1005
  Batch [29190/35627] - Loss: 0.1005
  Batch [29200/35627] - Loss: 0.1005
  Batch [29210/35627] - Loss: 0.1005
  Batch [29220/35627] - Loss: 0.1005
  Batch [29230/35627] - Loss: 0.1005
  Batch [29240/35627] - Loss: 0.1005
  Batch [29250/35627] - Loss: 0.1005
  Batch [29260/35627] - Loss: 0.1005
  Batch [29270/35627] - Loss: 0.1005
  Batch [29280/35627] - Loss: 0.1005
  Batch [29290/35627] - Loss: 0.1005
  Batch [29300/35627] - Loss: 0.1005
  Batch [29310/35627] - Loss: 0.1005
  Batch [29320/35627] - Loss: 0.1005
  Batch [29330/35627] - Loss: 0.1005
  Batch [29340/35627] - Loss: 0.1005
  Batch [29350/35627] - Loss: 0.1005
  Batch [29360/35627] - Loss: 0.1005
  Batch [29370/35627] - Loss: 0.1005
  Batch [29380/35627] - Loss: 0.1005
  Batch [29390/35627] - Loss: 0.1005
  Batch [29400/35627] - Loss: 0.1005
  Batch [29410/35627] - Loss: 0.1005
  Batch [29420/35627] - Loss: 0.1005
  Batch [29430/35627] - Loss: 0.1005
  Batch [29440/35627] - Loss: 0.1005
  Batch [29450/35627] - Loss: 0.1005
  Batch [29460/35627] - Loss: 0.1005
  Batch [29470/35627] - Loss: 0.1005
  Batch [29480/35627] - Loss: 0.1005
  Batch [29490/35627] - Loss: 0.1005
  Batch [29500/35627] - Loss: 0.1005
  Batch [29510/35627] - Loss: 0.1005
  Batch [29520/35627] - Loss: 0.1005
  Batch [29530/35627] - Loss: 0.1005
  Batch [29540/35627] - Loss: 0.1005
  Batch [29550/35627] - Loss: 0.1005
  Batch [29560/35627] - Loss: 0.1005
  Batch [29570/35627] - Loss: 0.1005
  Batch [29580/35627] - Loss: 0.1005
  Batch [29590/35627] - Loss: 0.1005
  Batch [29600/35627] - Loss: 0.1005
  Batch [29610/35627] - Loss: 0.1005
  Batch [29620/35627] - Loss: 0.1005
  Batch [29630/35627] - Loss: 0.1005
  Batch [29640/35627] - Loss: 0.1005
  Batch [29650/35627] - Loss: 0.1005
  Batch [29660/35627] - Loss: 0.1005
  Batch [29670/35627] - Loss: 0.1005
  Batch [29680/35627] - Loss: 0.1005
  Batch [29690/35627] - Loss: 0.1005
  Batch [29700/35627] - Loss: 0.1005
  Batch [29710/35627] - Loss: 0.1005
  Batch [29720/35627] - Loss: 0.1005
  Batch [29730/35627] - Loss: 0.1005
  Batch [29740/35627] - Loss: 0.1005
  Batch [29750/35627] - Loss: 0.1005
  Batch [29760/35627] - Loss: 0.1005
  Batch [29770/35627] - Loss: 0.1005
  Batch [29780/35627] - Loss: 0.1005
  Batch [29790/35627] - Loss: 0.1005
  Batch [29800/35627] - Loss: 0.1005
  Batch [29810/35627] - Loss: 0.1005
  Batch [29820/35627] - Loss: 0.1005
  Batch [29830/35627] - Loss: 0.1005
  Batch [29840/35627] - Loss: 0.1005
  Batch [29850/35627] - Loss: 0.1005
  Batch [29860/35627] - Loss: 0.1005
  Batch [29870/35627] - Loss: 0.1005
  Batch [29880/35627] - Loss: 0.1005
  Batch [29890/35627] - Loss: 0.1005
  Batch [29900/35627] - Loss: 0.1005
  Batch [29910/35627] - Loss: 0.1005
  Batch [29920/35627] - Loss: 0.1005
  Batch [29930/35627] - Loss: 0.1005
  Batch [29940/35627] - Loss: 0.1005
  Batch [29950/35627] - Loss: 0.1005
  Batch [29960/35627] - Loss: 0.1004
  Batch [29970/35627] - Loss: 0.1004
  Batch [29980/35627] - Loss: 0.1004
  Batch [29990/35627] - Loss: 0.1004
  Batch [30000/35627] - Loss: 0.1004
  Batch [30010/35627] - Loss: 0.1004
  Batch [30020/35627] - Loss: 0.1004
  Batch [30030/35627] - Loss: 0.1004
  Batch [30040/35627] - Loss: 0.1004
  Batch [30050/35627] - Loss: 0.1004
  Batch [30060/35627] - Loss: 0.1004
  Batch [30070/35627] - Loss: 0.1004
  Batch [30080/35627] - Loss: 0.1004
  Batch [30090/35627] - Loss: 0.1004
  Batch [30100/35627] - Loss: 0.1004
  Batch [30110/35627] - Loss: 0.1004
  Batch [30120/35627] - Loss: 0.1004
  Batch [30130/35627] - Loss: 0.1004
  Batch [30140/35627] - Loss: 0.1004
  Batch [30150/35627] - Loss: 0.1004
  Batch [30160/35627] - Loss: 0.1004
  Batch [30170/35627] - Loss: 0.1004
  Batch [30180/35627] - Loss: 0.1004
  Batch [30190/35627] - Loss: 0.1005
  Batch [30200/35627] - Loss: 0.1005
  Batch [30210/35627] - Loss: 0.1005
  Batch [30220/35627] - Loss: 0.1005
  Batch [30230/35627] - Loss: 0.1005
  Batch [30240/35627] - Loss: 0.1005
  Batch [30250/35627] - Loss: 0.1005
  Batch [30260/35627] - Loss: 0.1005
  Batch [30270/35627] - Loss: 0.1005
  Batch [30280/35627] - Loss: 0.1005
  Batch [30290/35627] - Loss: 0.1004
  Batch [30300/35627] - Loss: 0.1004
  Batch [30310/35627] - Loss: 0.1004
  Batch [30320/35627] - Loss: 0.1004
  Batch [30330/35627] - Loss: 0.1005
  Batch [30340/35627] - Loss: 0.1005
  Batch [30350/35627] - Loss: 0.1005
  Batch [30360/35627] - Loss: 0.1005
  Batch [30370/35627] - Loss: 0.1005
  Batch [30380/35627] - Loss: 0.1005
  Batch [30390/35627] - Loss: 0.1005
  Batch [30400/35627] - Loss: 0.1005
  Batch [30410/35627] - Loss: 0.1005
  Batch [30420/35627] - Loss: 0.1005
  Batch [30430/35627] - Loss: 0.1005
  Batch [30440/35627] - Loss: 0.1005
  Batch [30450/35627] - Loss: 0.1005
  Batch [30460/35627] - Loss: 0.1005
  Batch [30470/35627] - Loss: 0.1005
  Batch [30480/35627] - Loss: 0.1005
  Batch [30490/35627] - Loss: 0.1005
  Batch [30500/35627] - Loss: 0.1005
  Batch [30510/35627] - Loss: 0.1005
  Batch [30520/35627] - Loss: 0.1005
  Batch [30530/35627] - Loss: 0.1005
  Batch [30540/35627] - Loss: 0.1005
  Batch [30550/35627] - Loss: 0.1005
  Batch [30560/35627] - Loss: 0.1005
  Batch [30570/35627] - Loss: 0.1005
  Batch [30580/35627] - Loss: 0.1005
  Batch [30590/35627] - Loss: 0.1005
  Batch [30600/35627] - Loss: 0.1005
  Batch [30610/35627] - Loss: 0.1005
  Batch [30620/35627] - Loss: 0.1005
  Batch [30630/35627] - Loss: 0.1005
  Batch [30640/35627] - Loss: 0.1005
  Batch [30650/35627] - Loss: 0.1005
  Batch [30660/35627] - Loss: 0.1005
  Batch [30670/35627] - Loss: 0.1005
  Batch [30680/35627] - Loss: 0.1005
  Batch [30690/35627] - Loss: 0.1005
  Batch [30700/35627] - Loss: 0.1005
  Batch [30710/35627] - Loss: 0.1005
  Batch [30720/35627] - Loss: 0.1005
  Batch [30730/35627] - Loss: 0.1005
  Batch [30740/35627] - Loss: 0.1005
  Batch [30750/35627] - Loss: 0.1005
  Batch [30760/35627] - Loss: 0.1005
  Batch [30770/35627] - Loss: 0.1005
  Batch [30780/35627] - Loss: 0.1005
  Batch [30790/35627] - Loss: 0.1005
  Batch [30800/35627] - Loss: 0.1005
  Batch [30810/35627] - Loss: 0.1005
  Batch [30820/35627] - Loss: 0.1005
  Batch [30830/35627] - Loss: 0.1005
  Batch [30840/35627] - Loss: 0.1005
  Batch [30850/35627] - Loss: 0.1004
  Batch [30860/35627] - Loss: 0.1005
  Batch [30870/35627] - Loss: 0.1005
  Batch [30880/35627] - Loss: 0.1005
  Batch [30890/35627] - Loss: 0.1005
  Batch [30900/35627] - Loss: 0.1005
  Batch [30910/35627] - Loss: 0.1005
  Batch [30920/35627] - Loss: 0.1005
  Batch [30930/35627] - Loss: 0.1005
  Batch [30940/35627] - Loss: 0.1005
  Batch [30950/35627] - Loss: 0.1005
  Batch [30960/35627] - Loss: 0.1005
  Batch [30970/35627] - Loss: 0.1005
  Batch [30980/35627] - Loss: 0.1005
  Batch [30990/35627] - Loss: 0.1005
  Batch [31000/35627] - Loss: 0.1005
  Batch [31010/35627] - Loss: 0.1005
  Batch [31020/35627] - Loss: 0.1005
  Batch [31030/35627] - Loss: 0.1005
  Batch [31040/35627] - Loss: 0.1005
  Batch [31050/35627] - Loss: 0.1005
  Batch [31060/35627] - Loss: 0.1005
  Batch [31070/35627] - Loss: 0.1005
  Batch [31080/35627] - Loss: 0.1005
  Batch [31090/35627] - Loss: 0.1005
  Batch [31100/35627] - Loss: 0.1005
  Batch [31110/35627] - Loss: 0.1005
  Batch [31120/35627] - Loss: 0.1005
  Batch [31130/35627] - Loss: 0.1005
  Batch [31140/35627] - Loss: 0.1005
  Batch [31150/35627] - Loss: 0.1005
  Batch [31160/35627] - Loss: 0.1005
  Batch [31170/35627] - Loss: 0.1005
  Batch [31180/35627] - Loss: 0.1005
  Batch [31190/35627] - Loss: 0.1005
  Batch [31200/35627] - Loss: 0.1005
  Batch [31210/35627] - Loss: 0.1005
  Batch [31220/35627] - Loss: 0.1005
  Batch [31230/35627] - Loss: 0.1005
  Batch [31240/35627] - Loss: 0.1005
  Batch [31250/35627] - Loss: 0.1005
  Batch [31260/35627] - Loss: 0.1005
  Batch [31270/35627] - Loss: 0.1005
  Batch [31280/35627] - Loss: 0.1005
  Batch [31290/35627] - Loss: 0.1005
  Batch [31300/35627] - Loss: 0.1005
  Batch [31310/35627] - Loss: 0.1005
  Batch [31320/35627] - Loss: 0.1005
  Batch [31330/35627] - Loss: 0.1005
  Batch [31340/35627] - Loss: 0.1005
  Batch [31350/35627] - Loss: 0.1005
  Batch [31360/35627] - Loss: 0.1005
  Batch [31370/35627] - Loss: 0.1005
  Batch [31380/35627] - Loss: 0.1005
  Batch [31390/35627] - Loss: 0.1005
  Batch [31400/35627] - Loss: 0.1005
  Batch [31410/35627] - Loss: 0.1005
  Batch [31420/35627] - Loss: 0.1005
  Batch [31430/35627] - Loss: 0.1005
  Batch [31440/35627] - Loss: 0.1005
  Batch [31450/35627] - Loss: 0.1005
  Batch [31460/35627] - Loss: 0.1005
  Batch [31470/35627] - Loss: 0.1005
  Batch [31480/35627] - Loss: 0.1005
  Batch [31490/35627] - Loss: 0.1005
  Batch [31500/35627] - Loss: 0.1005
  Batch [31510/35627] - Loss: 0.1005
  Batch [31520/35627] - Loss: 0.1005
  Batch [31530/35627] - Loss: 0.1005
  Batch [31540/35627] - Loss: 0.1005
  Batch [31550/35627] - Loss: 0.1005
  Batch [31560/35627] - Loss: 0.1005
  Batch [31570/35627] - Loss: 0.1005
  Batch [31580/35627] - Loss: 0.1005
  Batch [31590/35627] - Loss: 0.1006
  Batch [31600/35627] - Loss: 0.1005
  Batch [31610/35627] - Loss: 0.1006
  Batch [31620/35627] - Loss: 0.1006
  Batch [31630/35627] - Loss: 0.1006
  Batch [31640/35627] - Loss: 0.1006
  Batch [31650/35627] - Loss: 0.1005
  Batch [31660/35627] - Loss: 0.1005
  Batch [31670/35627] - Loss: 0.1005
  Batch [31680/35627] - Loss: 0.1006
  Batch [31690/35627] - Loss: 0.1006
  Batch [31700/35627] - Loss: 0.1005
  Batch [31710/35627] - Loss: 0.1005
  Batch [31720/35627] - Loss: 0.1006
  Batch [31730/35627] - Loss: 0.1006
  Batch [31740/35627] - Loss: 0.1006
  Batch [31750/35627] - Loss: 0.1006
  Batch [31760/35627] - Loss: 0.1006
  Batch [31770/35627] - Loss: 0.1006
  Batch [31780/35627] - Loss: 0.1006
  Batch [31790/35627] - Loss: 0.1006
  Batch [31800/35627] - Loss: 0.1006
  Batch [31810/35627] - Loss: 0.1006
  Batch [31820/35627] - Loss: 0.1006
  Batch [31830/35627] - Loss: 0.1006
  Batch [31840/35627] - Loss: 0.1006
  Batch [31850/35627] - Loss: 0.1006
  Batch [31860/35627] - Loss: 0.1006
  Batch [31870/35627] - Loss: 0.1006
  Batch [31880/35627] - Loss: 0.1006
  Batch [31890/35627] - Loss: 0.1006
  Batch [31900/35627] - Loss: 0.1006
  Batch [31910/35627] - Loss: 0.1006
  Batch [31920/35627] - Loss: 0.1006
  Batch [31930/35627] - Loss: 0.1006
  Batch [31940/35627] - Loss: 0.1006
  Batch [31950/35627] - Loss: 0.1006
  Batch [31960/35627] - Loss: 0.1006
  Batch [31970/35627] - Loss: 0.1006
  Batch [31980/35627] - Loss: 0.1006
  Batch [31990/35627] - Loss: 0.1006
  Batch [32000/35627] - Loss: 0.1006
  Batch [32010/35627] - Loss: 0.1006
  Batch [32020/35627] - Loss: 0.1006
  Batch [32030/35627] - Loss: 0.1006
  Batch [32040/35627] - Loss: 0.1006
  Batch [32050/35627] - Loss: 0.1006
  Batch [32060/35627] - Loss: 0.1006
  Batch [32070/35627] - Loss: 0.1006
  Batch [32080/35627] - Loss: 0.1006
  Batch [32090/35627] - Loss: 0.1006
  Batch [32100/35627] - Loss: 0.1006
  Batch [32110/35627] - Loss: 0.1006
  Batch [32120/35627] - Loss: 0.1006
  Batch [32130/35627] - Loss: 0.1006
  Batch [32140/35627] - Loss: 0.1006
  Batch [32150/35627] - Loss: 0.1006
  Batch [32160/35627] - Loss: 0.1006
  Batch [32170/35627] - Loss: 0.1006
  Batch [32180/35627] - Loss: 0.1006
  Batch [32190/35627] - Loss: 0.1006
  Batch [32200/35627] - Loss: 0.1006
  Batch [32210/35627] - Loss: 0.1006
  Batch [32220/35627] - Loss: 0.1006
  Batch [32230/35627] - Loss: 0.1006
  Batch [32240/35627] - Loss: 0.1006
  Batch [32250/35627] - Loss: 0.1006
  Batch [32260/35627] - Loss: 0.1006
  Batch [32270/35627] - Loss: 0.1006
  Batch [32280/35627] - Loss: 0.1006
  Batch [32290/35627] - Loss: 0.1006
  Batch [32300/35627] - Loss: 0.1006
  Batch [32310/35627] - Loss: 0.1006
  Batch [32320/35627] - Loss: 0.1006
  Batch [32330/35627] - Loss: 0.1006
  Batch [32340/35627] - Loss: 0.1006
  Batch [32350/35627] - Loss: 0.1006
  Batch [32360/35627] - Loss: 0.1006
  Batch [32370/35627] - Loss: 0.1006
  Batch [32380/35627] - Loss: 0.1006
  Batch [32390/35627] - Loss: 0.1006
  Batch [32400/35627] - Loss: 0.1006
  Batch [32410/35627] - Loss: 0.1006
  Batch [32420/35627] - Loss: 0.1006
  Batch [32430/35627] - Loss: 0.1006
  Batch [32440/35627] - Loss: 0.1006
  Batch [32450/35627] - Loss: 0.1006
  Batch [32460/35627] - Loss: 0.1006
  Batch [32470/35627] - Loss: 0.1006
  Batch [32480/35627] - Loss: 0.1006
  Batch [32490/35627] - Loss: 0.1006
  Batch [32500/35627] - Loss: 0.1006
  Batch [32510/35627] - Loss: 0.1006
  Batch [32520/35627] - Loss: 0.1006
  Batch [32530/35627] - Loss: 0.1006
  Batch [32540/35627] - Loss: 0.1006
  Batch [32550/35627] - Loss: 0.1006
  Batch [32560/35627] - Loss: 0.1006
  Batch [32570/35627] - Loss: 0.1006
  Batch [32580/35627] - Loss: 0.1006
  Batch [32590/35627] - Loss: 0.1006
  Batch [32600/35627] - Loss: 0.1006
  Batch [32610/35627] - Loss: 0.1006
  Batch [32620/35627] - Loss: 0.1006
  Batch [32630/35627] - Loss: 0.1006
  Batch [32640/35627] - Loss: 0.1006
  Batch [32650/35627] - Loss: 0.1006
  Batch [32660/35627] - Loss: 0.1006
  Batch [32670/35627] - Loss: 0.1006
  Batch [32680/35627] - Loss: 0.1006
  Batch [32690/35627] - Loss: 0.1006
  Batch [32700/35627] - Loss: 0.1006
  Batch [32710/35627] - Loss: 0.1006
  Batch [32720/35627] - Loss: 0.1006
  Batch [32730/35627] - Loss: 0.1006
  Batch [32740/35627] - Loss: 0.1006
  Batch [32750/35627] - Loss: 0.1006
  Batch [32760/35627] - Loss: 0.1006
  Batch [32770/35627] - Loss: 0.1007
  Batch [32780/35627] - Loss: 0.1007
  Batch [32790/35627] - Loss: 0.1007
  Batch [32800/35627] - Loss: 0.1007
  Batch [32810/35627] - Loss: 0.1007
  Batch [32820/35627] - Loss: 0.1007
  Batch [32830/35627] - Loss: 0.1007
  Batch [32840/35627] - Loss: 0.1007
  Batch [32850/35627] - Loss: 0.1007
  Batch [32860/35627] - Loss: 0.1006
  Batch [32870/35627] - Loss: 0.1007
  Batch [32880/35627] - Loss: 0.1007
  Batch [32890/35627] - Loss: 0.1007
  Batch [32900/35627] - Loss: 0.1007
  Batch [32910/35627] - Loss: 0.1007
  Batch [32920/35627] - Loss: 0.1007
  Batch [32930/35627] - Loss: 0.1007
  Batch [32940/35627] - Loss: 0.1007
  Batch [32950/35627] - Loss: 0.1007
  Batch [32960/35627] - Loss: 0.1007
  Batch [32970/35627] - Loss: 0.1007
  Batch [32980/35627] - Loss: 0.1007
  Batch [32990/35627] - Loss: 0.1007
  Batch [33000/35627] - Loss: 0.1007
  Batch [33010/35627] - Loss: 0.1007
  Batch [33020/35627] - Loss: 0.1007
  Batch [33030/35627] - Loss: 0.1007
  Batch [33040/35627] - Loss: 0.1007
  Batch [33050/35627] - Loss: 0.1007
  Batch [33060/35627] - Loss: 0.1007
  Batch [33070/35627] - Loss: 0.1007
  Batch [33080/35627] - Loss: 0.1007
  Batch [33090/35627] - Loss: 0.1007
  Batch [33100/35627] - Loss: 0.1007
  Batch [33110/35627] - Loss: 0.1007
  Batch [33120/35627] - Loss: 0.1007
  Batch [33130/35627] - Loss: 0.1007
  Batch [33140/35627] - Loss: 0.1007
  Batch [33150/35627] - Loss: 0.1007
  Batch [33160/35627] - Loss: 0.1007
  Batch [33170/35627] - Loss: 0.1007
  Batch [33180/35627] - Loss: 0.1007
  Batch [33190/35627] - Loss: 0.1007
  Batch [33200/35627] - Loss: 0.1007
  Batch [33210/35627] - Loss: 0.1007
  Batch [33220/35627] - Loss: 0.1007
  Batch [33230/35627] - Loss: 0.1007
  Batch [33240/35627] - Loss: 0.1007
  Batch [33250/35627] - Loss: 0.1007
  Batch [33260/35627] - Loss: 0.1007
  Batch [33270/35627] - Loss: 0.1007
  Batch [33280/35627] - Loss: 0.1007
  Batch [33290/35627] - Loss: 0.1007
  Batch [33300/35627] - Loss: 0.1007
  Batch [33310/35627] - Loss: 0.1007
  Batch [33320/35627] - Loss: 0.1007
  Batch [33330/35627] - Loss: 0.1007
  Batch [33340/35627] - Loss: 0.1007
  Batch [33350/35627] - Loss: 0.1007
  Batch [33360/35627] - Loss: 0.1007
  Batch [33370/35627] - Loss: 0.1007
  Batch [33380/35627] - Loss: 0.1007
  Batch [33390/35627] - Loss: 0.1007
  Batch [33400/35627] - Loss: 0.1007
  Batch [33410/35627] - Loss: 0.1007
  Batch [33420/35627] - Loss: 0.1007
  Batch [33430/35627] - Loss: 0.1007
  Batch [33440/35627] - Loss: 0.1007
  Batch [33450/35627] - Loss: 0.1007
  Batch [33460/35627] - Loss: 0.1007
  Batch [33470/35627] - Loss: 0.1006
  Batch [33480/35627] - Loss: 0.1007
  Batch [33490/35627] - Loss: 0.1006
  Batch [33500/35627] - Loss: 0.1006
  Batch [33510/35627] - Loss: 0.1006
  Batch [33520/35627] - Loss: 0.1006
  Batch [33530/35627] - Loss: 0.1006
  Batch [33540/35627] - Loss: 0.1006
  Batch [33550/35627] - Loss: 0.1006
  Batch [33560/35627] - Loss: 0.1006
  Batch [33570/35627] - Loss: 0.1006
  Batch [33580/35627] - Loss: 0.1006
  Batch [33590/35627] - Loss: 0.1006
  Batch [33600/35627] - Loss: 0.1006
  Batch [33610/35627] - Loss: 0.1006
  Batch [33620/35627] - Loss: 0.1006
  Batch [33630/35627] - Loss: 0.1006
  Batch [33640/35627] - Loss: 0.1006
  Batch [33650/35627] - Loss: 0.1006
  Batch [33660/35627] - Loss: 0.1006
  Batch [33670/35627] - Loss: 0.1006
  Batch [33680/35627] - Loss: 0.1006
  Batch [33690/35627] - Loss: 0.1006
  Batch [33700/35627] - Loss: 0.1006
  Batch [33710/35627] - Loss: 0.1006
  Batch [33720/35627] - Loss: 0.1006
  Batch [33730/35627] - Loss: 0.1006
  Batch [33740/35627] - Loss: 0.1006
  Batch [33750/35627] - Loss: 0.1006
  Batch [33760/35627] - Loss: 0.1006
  Batch [33770/35627] - Loss: 0.1006
  Batch [33780/35627] - Loss: 0.1006
  Batch [33790/35627] - Loss: 0.1006
  Batch [33800/35627] - Loss: 0.1006
  Batch [33810/35627] - Loss: 0.1006
  Batch [33820/35627] - Loss: 0.1006
  Batch [33830/35627] - Loss: 0.1006
  Batch [33840/35627] - Loss: 0.1006
  Batch [33850/35627] - Loss: 0.1006
  Batch [33860/35627] - Loss: 0.1006
  Batch [33870/35627] - Loss: 0.1006
  Batch [33880/35627] - Loss: 0.1006
  Batch [33890/35627] - Loss: 0.1006
  Batch [33900/35627] - Loss: 0.1006
  Batch [33910/35627] - Loss: 0.1006
  Batch [33920/35627] - Loss: 0.1006
  Batch [33930/35627] - Loss: 0.1006
  Batch [33940/35627] - Loss: 0.1006
  Batch [33950/35627] - Loss: 0.1006
  Batch [33960/35627] - Loss: 0.1006
  Batch [33970/35627] - Loss: 0.1006
  Batch [33980/35627] - Loss: 0.1006
  Batch [33990/35627] - Loss: 0.1006
  Batch [34000/35627] - Loss: 0.1006
  Batch [34010/35627] - Loss: 0.1006
  Batch [34020/35627] - Loss: 0.1006
  Batch [34030/35627] - Loss: 0.1006
  Batch [34040/35627] - Loss: 0.1006
  Batch [34050/35627] - Loss: 0.1006
  Batch [34060/35627] - Loss: 0.1006
  Batch [34070/35627] - Loss: 0.1006
  Batch [34080/35627] - Loss: 0.1006
  Batch [34090/35627] - Loss: 0.1006
  Batch [34100/35627] - Loss: 0.1006
  Batch [34110/35627] - Loss: 0.1007
  Batch [34120/35627] - Loss: 0.1007
  Batch [34130/35627] - Loss: 0.1006
  Batch [34140/35627] - Loss: 0.1006
  Batch [34150/35627] - Loss: 0.1006
  Batch [34160/35627] - Loss: 0.1006
  Batch [34170/35627] - Loss: 0.1006
  Batch [34180/35627] - Loss: 0.1006
  Batch [34190/35627] - Loss: 0.1006
  Batch [34200/35627] - Loss: 0.1006
  Batch [34210/35627] - Loss: 0.1006
  Batch [34220/35627] - Loss: 0.1006
  Batch [34230/35627] - Loss: 0.1006
  Batch [34240/35627] - Loss: 0.1006
  Batch [34250/35627] - Loss: 0.1006
  Batch [34260/35627] - Loss: 0.1006
  Batch [34270/35627] - Loss: 0.1006
  Batch [34280/35627] - Loss: 0.1007
  Batch [34290/35627] - Loss: 0.1007
  Batch [34300/35627] - Loss: 0.1007
  Batch [34310/35627] - Loss: 0.1007
  Batch [34320/35627] - Loss: 0.1007
  Batch [34330/35627] - Loss: 0.1007
  Batch [34340/35627] - Loss: 0.1007
  Batch [34350/35627] - Loss: 0.1007
  Batch [34360/35627] - Loss: 0.1007
  Batch [34370/35627] - Loss: 0.1007
  Batch [34380/35627] - Loss: 0.1007
  Batch [34390/35627] - Loss: 0.1007
  Batch [34400/35627] - Loss: 0.1007
  Batch [34410/35627] - Loss: 0.1007
  Batch [34420/35627] - Loss: 0.1007
  Batch [34430/35627] - Loss: 0.1007
  Batch [34440/35627] - Loss: 0.1007
  Batch [34450/35627] - Loss: 0.1007
  Batch [34460/35627] - Loss: 0.1007
  Batch [34470/35627] - Loss: 0.1007
  Batch [34480/35627] - Loss: 0.1007
  Batch [34490/35627] - Loss: 0.1007
  Batch [34500/35627] - Loss: 0.1007
  Batch [34510/35627] - Loss: 0.1007
  Batch [34520/35627] - Loss: 0.1007
  Batch [34530/35627] - Loss: 0.1007
  Batch [34540/35627] - Loss: 0.1007
  Batch [34550/35627] - Loss: 0.1007
  Batch [34560/35627] - Loss: 0.1007
  Batch [34570/35627] - Loss: 0.1007
  Batch [34580/35627] - Loss: 0.1007
  Batch [34590/35627] - Loss: 0.1007
  Batch [34600/35627] - Loss: 0.1007
  Batch [34610/35627] - Loss: 0.1007
  Batch [34620/35627] - Loss: 0.1007
  Batch [34630/35627] - Loss: 0.1007
  Batch [34640/35627] - Loss: 0.1007
  Batch [34650/35627] - Loss: 0.1007
  Batch [34660/35627] - Loss: 0.1007
  Batch [34670/35627] - Loss: 0.1007
  Batch [34680/35627] - Loss: 0.1007
  Batch [34690/35627] - Loss: 0.1007
  Batch [34700/35627] - Loss: 0.1007
  Batch [34710/35627] - Loss: 0.1007
  Batch [34720/35627] - Loss: 0.1007
  Batch [34730/35627] - Loss: 0.1007
  Batch [34740/35627] - Loss: 0.1007
  Batch [34750/35627] - Loss: 0.1007
  Batch [34760/35627] - Loss: 0.1007
  Batch [34770/35627] - Loss: 0.1007
  Batch [34780/35627] - Loss: 0.1007
  Batch [34790/35627] - Loss: 0.1007
  Batch [34800/35627] - Loss: 0.1007
  Batch [34810/35627] - Loss: 0.1007
  Batch [34820/35627] - Loss: 0.1007
  Batch [34830/35627] - Loss: 0.1007
  Batch [34840/35627] - Loss: 0.1007
  Batch [34850/35627] - Loss: 0.1007
  Batch [34860/35627] - Loss: 0.1007
  Batch [34870/35627] - Loss: 0.1007
  Batch [34880/35627] - Loss: 0.1007
  Batch [34890/35627] - Loss: 0.1007
  Batch [34900/35627] - Loss: 0.1007
  Batch [34910/35627] - Loss: 0.1007
  Batch [34920/35627] - Loss: 0.1007
  Batch [34930/35627] - Loss: 0.1007
  Batch [34940/35627] - Loss: 0.1007
  Batch [34950/35627] - Loss: 0.1007
  Batch [34960/35627] - Loss: 0.1007
  Batch [34970/35627] - Loss: 0.1007
  Batch [34980/35627] - Loss: 0.1007
  Batch [34990/35627] - Loss: 0.1007
  Batch [35000/35627] - Loss: 0.1007
  Batch [35010/35627] - Loss: 0.1007
  Batch [35020/35627] - Loss: 0.1007
  Batch [35030/35627] - Loss: 0.1007
  Batch [35040/35627] - Loss: 0.1007
  Batch [35050/35627] - Loss: 0.1007
  Batch [35060/35627] - Loss: 0.1007
  Batch [35070/35627] - Loss: 0.1007
  Batch [35080/35627] - Loss: 0.1007
  Batch [35090/35627] - Loss: 0.1007
  Batch [35100/35627] - Loss: 0.1007
  Batch [35110/35627] - Loss: 0.1007
  Batch [35120/35627] - Loss: 0.1007
  Batch [35130/35627] - Loss: 0.1007
  Batch [35140/35627] - Loss: 0.1007
  Batch [35150/35627] - Loss: 0.1007
  Batch [35160/35627] - Loss: 0.1007
  Batch [35170/35627] - Loss: 0.1007
  Batch [35180/35627] - Loss: 0.1007
  Batch [35190/35627] - Loss: 0.1007
  Batch [35200/35627] - Loss: 0.1007
  Batch [35210/35627] - Loss: 0.1007
  Batch [35220/35627] - Loss: 0.1007
  Batch [35230/35627] - Loss: 0.1007
  Batch [35240/35627] - Loss: 0.1007
  Batch [35250/35627] - Loss: 0.1007
  Batch [35260/35627] - Loss: 0.1007
  Batch [35270/35627] - Loss: 0.1007
  Batch [35280/35627] - Loss: 0.1007
  Batch [35290/35627] - Loss: 0.1007
  Batch [35300/35627] - Loss: 0.1007
  Batch [35310/35627] - Loss: 0.1007
  Batch [35320/35627] - Loss: 0.1007
  Batch [35330/35627] - Loss: 0.1007
  Batch [35340/35627] - Loss: 0.1007
  Batch [35350/35627] - Loss: 0.1007
  Batch [35360/35627] - Loss: 0.1007
  Batch [35370/35627] - Loss: 0.1007
  Batch [35380/35627] - Loss: 0.1007
  Batch [35390/35627] - Loss: 0.1007
  Batch [35400/35627] - Loss: 0.1007
  Batch [35410/35627] - Loss: 0.1007
  Batch [35420/35627] - Loss: 0.1007
  Batch [35430/35627] - Loss: 0.1007
  Batch [35440/35627] - Loss: 0.1007
  Batch [35450/35627] - Loss: 0.1007
  Batch [35460/35627] - Loss: 0.1007
  Batch [35470/35627] - Loss: 0.1007
  Batch [35480/35627] - Loss: 0.1007
  Batch [35490/35627] - Loss: 0.1007
  Batch [35500/35627] - Loss: 0.1007
  Batch [35510/35627] - Loss: 0.1007
  Batch [35520/35627] - Loss: 0.1007
  Batch [35530/35627] - Loss: 0.1007
  Batch [35540/35627] - Loss: 0.1007
  Batch [35550/35627] - Loss: 0.1007
  Batch [35560/35627] - Loss: 0.1007
  Batch [35570/35627] - Loss: 0.1007
  Batch [35580/35627] - Loss: 0.1007
  Batch [35590/35627] - Loss: 0.1007
  Batch [35600/35627] - Loss: 0.1007
  Batch [35610/35627] - Loss: 0.1007
  Batch [35620/35627] - Loss: 0.1007

Epoch 4 Results:
  Train Loss: 0.1007
  Val Loss: 0.1204
  Val Accuracy: 0.9606 (96.06%)
  Val Recall: 0.8793 (87.93%)
  Val Precision: 0.9497 (94.97%)

──────────────────────────────────────────────────────────────────────
Epoch 5/5
──────────────────────────────────────────────────────────────────────
  Batch [10/35627] - Loss: 0.0824
  Batch [20/35627] - Loss: 0.0664
  Batch [30/35627] - Loss: 0.0643
  Batch [40/35627] - Loss: 0.0735
  Batch [50/35627] - Loss: 0.0816
  Batch [60/35627] - Loss: 0.0862
  Batch [70/35627] - Loss: 0.0879
  Batch [80/35627] - Loss: 0.0883
  Batch [90/35627] - Loss: 0.0877
  Batch [100/35627] - Loss: 0.0865
  Batch [110/35627] - Loss: 0.0872
  Batch [120/35627] - Loss: 0.0892
  Batch [130/35627] - Loss: 0.0909
  Batch [140/35627] - Loss: 0.0907
  Batch [150/35627] - Loss: 0.0897
  Batch [160/35627] - Loss: 0.0905
  Batch [170/35627] - Loss: 0.0916
  Batch [180/35627] - Loss: 0.0906
  Batch [190/35627] - Loss: 0.0911
  Batch [200/35627] - Loss: 0.0902
  Batch [210/35627] - Loss: 0.0908
  Batch [220/35627] - Loss: 0.0903
  Batch [230/35627] - Loss: 0.0909
  Batch [240/35627] - Loss: 0.0913
  Batch [250/35627] - Loss: 0.0913
  Batch [260/35627] - Loss: 0.0907
  Batch [270/35627] - Loss: 0.0913
  Batch [280/35627] - Loss: 0.0921
  Batch [290/35627] - Loss: 0.0932
  Batch [300/35627] - Loss: 0.0951
  Batch [310/35627] - Loss: 0.0970
  Batch [320/35627] - Loss: 0.0987
  Batch [330/35627] - Loss: 0.0984
  Batch [340/35627] - Loss: 0.0983
  Batch [350/35627] - Loss: 0.0983
  Batch [360/35627] - Loss: 0.0993
  Batch [370/35627] - Loss: 0.0986
  Batch [380/35627] - Loss: 0.0983
  Batch [390/35627] - Loss: 0.0985
  Batch [400/35627] - Loss: 0.0983
  Batch [410/35627] - Loss: 0.0987
  Batch [420/35627] - Loss: 0.0982
  Batch [430/35627] - Loss: 0.0986
  Batch [440/35627] - Loss: 0.0988
  Batch [450/35627] - Loss: 0.0988
  Batch [460/35627] - Loss: 0.0988
  Batch [470/35627] - Loss: 0.0987
  Batch [480/35627] - Loss: 0.0986
  Batch [490/35627] - Loss: 0.0985
  Batch [500/35627] - Loss: 0.0980
  Batch [510/35627] - Loss: 0.0980
  Batch [520/35627] - Loss: 0.0976
  Batch [530/35627] - Loss: 0.0977
  Batch [540/35627] - Loss: 0.0976
  Batch [550/35627] - Loss: 0.0967
  Batch [560/35627] - Loss: 0.0965
  Batch [570/35627] - Loss: 0.0965
  Batch [580/35627] - Loss: 0.0968
  Batch [590/35627] - Loss: 0.0972
  Batch [600/35627] - Loss: 0.0972
  Batch [610/35627] - Loss: 0.0974
  Batch [620/35627] - Loss: 0.0977
  Batch [630/35627] - Loss: 0.0974
  Batch [640/35627] - Loss: 0.0971
  Batch [650/35627] - Loss: 0.0974
  Batch [660/35627] - Loss: 0.0977
  Batch [670/35627] - Loss: 0.0983
  Batch [680/35627] - Loss: 0.0986
  Batch [690/35627] - Loss: 0.0986
  Batch [700/35627] - Loss: 0.0989
  Batch [710/35627] - Loss: 0.0986
  Batch [720/35627] - Loss: 0.0987
  Batch [730/35627] - Loss: 0.0981
  Batch [740/35627] - Loss: 0.0979
  Batch [750/35627] - Loss: 0.0978
  Batch [760/35627] - Loss: 0.0976
  Batch [770/35627] - Loss: 0.0983
  Batch [780/35627] - Loss: 0.0985
  Batch [790/35627] - Loss: 0.0984
  Batch [800/35627] - Loss: 0.0988
  Batch [810/35627] - Loss: 0.0986
  Batch [820/35627] - Loss: 0.0985
  Batch [830/35627] - Loss: 0.0985
  Batch [840/35627] - Loss: 0.0990
  Batch [850/35627] - Loss: 0.0993
  Batch [860/35627] - Loss: 0.0997
  Batch [870/35627] - Loss: 0.0996
  Batch [880/35627] - Loss: 0.1000
  Batch [890/35627] - Loss: 0.1005
  Batch [900/35627] - Loss: 0.1006
  Batch [910/35627] - Loss: 0.1005
  Batch [920/35627] - Loss: 0.1010
  Batch [930/35627] - Loss: 0.1011
  Batch [940/35627] - Loss: 0.1013
  Batch [950/35627] - Loss: 0.1015
  Batch [960/35627] - Loss: 0.1017
  Batch [970/35627] - Loss: 0.1016
  Batch [980/35627] - Loss: 0.1014
  Batch [990/35627] - Loss: 0.1011
  Batch [1000/35627] - Loss: 0.1011
  Batch [1010/35627] - Loss: 0.1013
  Batch [1020/35627] - Loss: 0.1011
  Batch [1030/35627] - Loss: 0.1011
  Batch [1040/35627] - Loss: 0.1011
  Batch [1050/35627] - Loss: 0.1012
  Batch [1060/35627] - Loss: 0.1011
  Batch [1070/35627] - Loss: 0.1011
  Batch [1080/35627] - Loss: 0.1013
  Batch [1090/35627] - Loss: 0.1012
  Batch [1100/35627] - Loss: 0.1010
  Batch [1110/35627] - Loss: 0.1007
  Batch [1120/35627] - Loss: 0.1009
  Batch [1130/35627] - Loss: 0.1010
  Batch [1140/35627] - Loss: 0.1012
  Batch [1150/35627] - Loss: 0.1013
  Batch [1160/35627] - Loss: 0.1013
  Batch [1170/35627] - Loss: 0.1011
  Batch [1180/35627] - Loss: 0.1012
  Batch [1190/35627] - Loss: 0.1012
  Batch [1200/35627] - Loss: 0.1011
  Batch [1210/35627] - Loss: 0.1014
  Batch [1220/35627] - Loss: 0.1016
  Batch [1230/35627] - Loss: 0.1013
  Batch [1240/35627] - Loss: 0.1012
  Batch [1250/35627] - Loss: 0.1009
  Batch [1260/35627] - Loss: 0.1007
  Batch [1270/35627] - Loss: 0.1007
  Batch [1280/35627] - Loss: 0.1009
  Batch [1290/35627] - Loss: 0.1008
  Batch [1300/35627] - Loss: 0.1007
  Batch [1310/35627] - Loss: 0.1008
  Batch [1320/35627] - Loss: 0.1006
  Batch [1330/35627] - Loss: 0.1006
  Batch [1340/35627] - Loss: 0.1006
  Batch [1350/35627] - Loss: 0.1008
  Batch [1360/35627] - Loss: 0.1009
  Batch [1370/35627] - Loss: 0.1009
  Batch [1380/35627] - Loss: 0.1009
  Batch [1390/35627] - Loss: 0.1008
  Batch [1400/35627] - Loss: 0.1007
  Batch [1410/35627] - Loss: 0.1005
  Batch [1420/35627] - Loss: 0.1005
  Batch [1430/35627] - Loss: 0.1003
  Batch [1440/35627] - Loss: 0.1005
  Batch [1450/35627] - Loss: 0.1006
  Batch [1460/35627] - Loss: 0.1006
  Batch [1470/35627] - Loss: 0.1005
  Batch [1480/35627] - Loss: 0.1008
  Batch [1490/35627] - Loss: 0.1007
  Batch [1500/35627] - Loss: 0.1006
  Batch [1510/35627] - Loss: 0.1009
  Batch [1520/35627] - Loss: 0.1007
  Batch [1530/35627] - Loss: 0.1007
  Batch [1540/35627] - Loss: 0.1005
  Batch [1550/35627] - Loss: 0.1005
  Batch [1560/35627] - Loss: 0.1004
  Batch [1570/35627] - Loss: 0.1005
  Batch [1580/35627] - Loss: 0.1004
  Batch [1590/35627] - Loss: 0.1004
  Batch [1600/35627] - Loss: 0.1003
  Batch [1610/35627] - Loss: 0.1005
  Batch [1620/35627] - Loss: 0.1005
  Batch [1630/35627] - Loss: 0.1004
  Batch [1640/35627] - Loss: 0.1004
  Batch [1650/35627] - Loss: 0.1002
  Batch [1660/35627] - Loss: 0.1002
  Batch [1670/35627] - Loss: 0.1001
  Batch [1680/35627] - Loss: 0.1000
  Batch [1690/35627] - Loss: 0.1000
  Batch [1700/35627] - Loss: 0.0999
  Batch [1710/35627] - Loss: 0.0998
  Batch [1720/35627] - Loss: 0.0998
  Batch [1730/35627] - Loss: 0.0998
  Batch [1740/35627] - Loss: 0.0998
  Batch [1750/35627] - Loss: 0.0999
  Batch [1760/35627] - Loss: 0.1001
  Batch [1770/35627] - Loss: 0.1002
  Batch [1780/35627] - Loss: 0.1003
  Batch [1790/35627] - Loss: 0.1002
  Batch [1800/35627] - Loss: 0.1002
  Batch [1810/35627] - Loss: 0.1003
  Batch [1820/35627] - Loss: 0.1003
  Batch [1830/35627] - Loss: 0.1001
  Batch [1840/35627] - Loss: 0.1001
  Batch [1850/35627] - Loss: 0.1001
  Batch [1860/35627] - Loss: 0.1002
  Batch [1870/35627] - Loss: 0.1002
  Batch [1880/35627] - Loss: 0.1001
  Batch [1890/35627] - Loss: 0.1002
  Batch [1900/35627] - Loss: 0.1003
  Batch [1910/35627] - Loss: 0.1003
  Batch [1920/35627] - Loss: 0.1001
  Batch [1930/35627] - Loss: 0.1000
  Batch [1940/35627] - Loss: 0.1000
  Batch [1950/35627] - Loss: 0.0998
  Batch [1960/35627] - Loss: 0.0997
  Batch [1970/35627] - Loss: 0.0998
  Batch [1980/35627] - Loss: 0.0996
  Batch [1990/35627] - Loss: 0.0997
  Batch [2000/35627] - Loss: 0.0999
  Batch [2010/35627] - Loss: 0.1000
  Batch [2020/35627] - Loss: 0.1000
  Batch [2030/35627] - Loss: 0.1001
  Batch [2040/35627] - Loss: 0.1000
  Batch [2050/35627] - Loss: 0.1000
  Batch [2060/35627] - Loss: 0.1000
  Batch [2070/35627] - Loss: 0.0999
  Batch [2080/35627] - Loss: 0.0999
  Batch [2090/35627] - Loss: 0.1001
  Batch [2100/35627] - Loss: 0.1002
  Batch [2110/35627] - Loss: 0.1003
  Batch [2120/35627] - Loss: 0.1003
  Batch [2130/35627] - Loss: 0.1002
  Batch [2140/35627] - Loss: 0.1001
  Batch [2150/35627] - Loss: 0.1001
  Batch [2160/35627] - Loss: 0.1000
  Batch [2170/35627] - Loss: 0.0999
  Batch [2180/35627] - Loss: 0.0998
  Batch [2190/35627] - Loss: 0.0999
  Batch [2200/35627] - Loss: 0.1000
  Batch [2210/35627] - Loss: 0.1000
  Batch [2220/35627] - Loss: 0.1001
  Batch [2230/35627] - Loss: 0.1001
  Batch [2240/35627] - Loss: 0.1000
  Batch [2250/35627] - Loss: 0.1000
  Batch [2260/35627] - Loss: 0.1000
  Batch [2270/35627] - Loss: 0.1000
  Batch [2280/35627] - Loss: 0.1000
  Batch [2290/35627] - Loss: 0.1000
  Batch [2300/35627] - Loss: 0.0999
  Batch [2310/35627] - Loss: 0.0999
  Batch [2320/35627] - Loss: 0.0999
  Batch [2330/35627] - Loss: 0.1002
  Batch [2340/35627] - Loss: 0.1002
  Batch [2350/35627] - Loss: 0.1004
  Batch [2360/35627] - Loss: 0.1004
  Batch [2370/35627] - Loss: 0.1004
  Batch [2380/35627] - Loss: 0.1004
  Batch [2390/35627] - Loss: 0.1005
  Batch [2400/35627] - Loss: 0.1006
  Batch [2410/35627] - Loss: 0.1005
  Batch [2420/35627] - Loss: 0.1006
  Batch [2430/35627] - Loss: 0.1008
  Batch [2440/35627] - Loss: 0.1010
  Batch [2450/35627] - Loss: 0.1010
  Batch [2460/35627] - Loss: 0.1009
  Batch [2470/35627] - Loss: 0.1010
  Batch [2480/35627] - Loss: 0.1010
  Batch [2490/35627] - Loss: 0.1010
  Batch [2500/35627] - Loss: 0.1010
  Batch [2510/35627] - Loss: 0.1009
  Batch [2520/35627] - Loss: 0.1009
  Batch [2530/35627] - Loss: 0.1010
  Batch [2540/35627] - Loss: 0.1010
  Batch [2550/35627] - Loss: 0.1011
  Batch [2560/35627] - Loss: 0.1011
  Batch [2570/35627] - Loss: 0.1012
  Batch [2580/35627] - Loss: 0.1012
  Batch [2590/35627] - Loss: 0.1012
  Batch [2600/35627] - Loss: 0.1012
  Batch [2610/35627] - Loss: 0.1011
  Batch [2620/35627] - Loss: 0.1011
  Batch [2630/35627] - Loss: 0.1011
  Batch [2640/35627] - Loss: 0.1012
  Batch [2650/35627] - Loss: 0.1012
  Batch [2660/35627] - Loss: 0.1013
  Batch [2670/35627] - Loss: 0.1013
  Batch [2680/35627] - Loss: 0.1015
  Batch [2690/35627] - Loss: 0.1016
  Batch [2700/35627] - Loss: 0.1014
  Batch [2710/35627] - Loss: 0.1014
  Batch [2720/35627] - Loss: 0.1013
  Batch [2730/35627] - Loss: 0.1014
  Batch [2740/35627] - Loss: 0.1013
  Batch [2750/35627] - Loss: 0.1013
  Batch [2760/35627] - Loss: 0.1013
  Batch [2770/35627] - Loss: 0.1014
  Batch [2780/35627] - Loss: 0.1014
  Batch [2790/35627] - Loss: 0.1015
  Batch [2800/35627] - Loss: 0.1016
  Batch [2810/35627] - Loss: 0.1015
  Batch [2820/35627] - Loss: 0.1014
  Batch [2830/35627] - Loss: 0.1015
  Batch [2840/35627] - Loss: 0.1015
  Batch [2850/35627] - Loss: 0.1015
  Batch [2860/35627] - Loss: 0.1015
  Batch [2870/35627] - Loss: 0.1014
  Batch [2880/35627] - Loss: 0.1015
  Batch [2890/35627] - Loss: 0.1016
  Batch [2900/35627] - Loss: 0.1015
  Batch [2910/35627] - Loss: 0.1014
  Batch [2920/35627] - Loss: 0.1014
  Batch [2930/35627] - Loss: 0.1013
  Batch [2940/35627] - Loss: 0.1015
  Batch [2950/35627] - Loss: 0.1014
  Batch [2960/35627] - Loss: 0.1015
  Batch [2970/35627] - Loss: 0.1014
  Batch [2980/35627] - Loss: 0.1013
  Batch [2990/35627] - Loss: 0.1014
  Batch [3000/35627] - Loss: 0.1014
  Batch [3010/35627] - Loss: 0.1014
  Batch [3020/35627] - Loss: 0.1013
  Batch [3030/35627] - Loss: 0.1012
  Batch [3040/35627] - Loss: 0.1013
  Batch [3050/35627] - Loss: 0.1013
  Batch [3060/35627] - Loss: 0.1013
  Batch [3070/35627] - Loss: 0.1012
  Batch [3080/35627] - Loss: 0.1011
  Batch [3090/35627] - Loss: 0.1011
  Batch [3100/35627] - Loss: 0.1011
  Batch [3110/35627] - Loss: 0.1011
  Batch [3120/35627] - Loss: 0.1011
  Batch [3130/35627] - Loss: 0.1011
  Batch [3140/35627] - Loss: 0.1011
  Batch [3150/35627] - Loss: 0.1010
  Batch [3160/35627] - Loss: 0.1011
  Batch [3170/35627] - Loss: 0.1011
  Batch [3180/35627] - Loss: 0.1010
  Batch [3190/35627] - Loss: 0.1010
  Batch [3200/35627] - Loss: 0.1010
  Batch [3210/35627] - Loss: 0.1010
  Batch [3220/35627] - Loss: 0.1011
  Batch [3230/35627] - Loss: 0.1012
  Batch [3240/35627] - Loss: 0.1011
  Batch [3250/35627] - Loss: 0.1011
  Batch [3260/35627] - Loss: 0.1011
  Batch [3270/35627] - Loss: 0.1011
  Batch [3280/35627] - Loss: 0.1011
  Batch [3290/35627] - Loss: 0.1010
  Batch [3300/35627] - Loss: 0.1010
  Batch [3310/35627] - Loss: 0.1010
  Batch [3320/35627] - Loss: 0.1010
  Batch [3330/35627] - Loss: 0.1010
  Batch [3340/35627] - Loss: 0.1009
  Batch [3350/35627] - Loss: 0.1009
  Batch [3360/35627] - Loss: 0.1009
  Batch [3370/35627] - Loss: 0.1011
  Batch [3380/35627] - Loss: 0.1011
  Batch [3390/35627] - Loss: 0.1011
  Batch [3400/35627] - Loss: 0.1012
  Batch [3410/35627] - Loss: 0.1011
  Batch [3420/35627] - Loss: 0.1012
  Batch [3430/35627] - Loss: 0.1012
  Batch [3440/35627] - Loss: 0.1011
  Batch [3450/35627] - Loss: 0.1011
  Batch [3460/35627] - Loss: 0.1012
  Batch [3470/35627] - Loss: 0.1012
  Batch [3480/35627] - Loss: 0.1012
  Batch [3490/35627] - Loss: 0.1012
  Batch [3500/35627] - Loss: 0.1012
  Batch [3510/35627] - Loss: 0.1012
  Batch [3520/35627] - Loss: 0.1012
  Batch [3530/35627] - Loss: 0.1013
  Batch [3540/35627] - Loss: 0.1014
  Batch [3550/35627] - Loss: 0.1014
  Batch [3560/35627] - Loss: 0.1014
  Batch [3570/35627] - Loss: 0.1013
  Batch [3580/35627] - Loss: 0.1013
  Batch [3590/35627] - Loss: 0.1014
  Batch [3600/35627] - Loss: 0.1014
  Batch [3610/35627] - Loss: 0.1014
  Batch [3620/35627] - Loss: 0.1013
  Batch [3630/35627] - Loss: 0.1013
  Batch [3640/35627] - Loss: 0.1014
  Batch [3650/35627] - Loss: 0.1013
  Batch [3660/35627] - Loss: 0.1014
  Batch [3670/35627] - Loss: 0.1015
  Batch [3680/35627] - Loss: 0.1016
  Batch [3690/35627] - Loss: 0.1015
  Batch [3700/35627] - Loss: 0.1015
  Batch [3710/35627] - Loss: 0.1016
  Batch [3720/35627] - Loss: 0.1015
  Batch [3730/35627] - Loss: 0.1016
  Batch [3740/35627] - Loss: 0.1017
  Batch [3750/35627] - Loss: 0.1016
  Batch [3760/35627] - Loss: 0.1017
  Batch [3770/35627] - Loss: 0.1016
  Batch [3780/35627] - Loss: 0.1016
  Batch [3790/35627] - Loss: 0.1015
  Batch [3800/35627] - Loss: 0.1015
  Batch [3810/35627] - Loss: 0.1016
  Batch [3820/35627] - Loss: 0.1015
  Batch [3830/35627] - Loss: 0.1014
  Batch [3840/35627] - Loss: 0.1015
  Batch [3850/35627] - Loss: 0.1015
  Batch [3860/35627] - Loss: 0.1015
  Batch [3870/35627] - Loss: 0.1015
  Batch [3880/35627] - Loss: 0.1015
  Batch [3890/35627] - Loss: 0.1015
  Batch [3900/35627] - Loss: 0.1014
  Batch [3910/35627] - Loss: 0.1014
  Batch [3920/35627] - Loss: 0.1014
  Batch [3930/35627] - Loss: 0.1015
  Batch [3940/35627] - Loss: 0.1015
  Batch [3950/35627] - Loss: 0.1015
  Batch [3960/35627] - Loss: 0.1016
  Batch [3970/35627] - Loss: 0.1015
  Batch [3980/35627] - Loss: 0.1015
  Batch [3990/35627] - Loss: 0.1015
  Batch [4000/35627] - Loss: 0.1015
  Batch [4010/35627] - Loss: 0.1015
  Batch [4020/35627] - Loss: 0.1015
  Batch [4030/35627] - Loss: 0.1016
  Batch [4040/35627] - Loss: 0.1016
  Batch [4050/35627] - Loss: 0.1016
  Batch [4060/35627] - Loss: 0.1017
  Batch [4070/35627] - Loss: 0.1017
  Batch [4080/35627] - Loss: 0.1017
  Batch [4090/35627] - Loss: 0.1016
  Batch [4100/35627] - Loss: 0.1016
  Batch [4110/35627] - Loss: 0.1015
  Batch [4120/35627] - Loss: 0.1015
  Batch [4130/35627] - Loss: 0.1015
  Batch [4140/35627] - Loss: 0.1015
  Batch [4150/35627] - Loss: 0.1015
  Batch [4160/35627] - Loss: 0.1014
  Batch [4170/35627] - Loss: 0.1014
  Batch [4180/35627] - Loss: 0.1014
  Batch [4190/35627] - Loss: 0.1014
  Batch [4200/35627] - Loss: 0.1014
  Batch [4210/35627] - Loss: 0.1014
  Batch [4220/35627] - Loss: 0.1013
  Batch [4230/35627] - Loss: 0.1013
  Batch [4240/35627] - Loss: 0.1013
  Batch [4250/35627] - Loss: 0.1014
  Batch [4260/35627] - Loss: 0.1014
  Batch [4270/35627] - Loss: 0.1013
  Batch [4280/35627] - Loss: 0.1014
  Batch [4290/35627] - Loss: 0.1013
  Batch [4300/35627] - Loss: 0.1013
  Batch [4310/35627] - Loss: 0.1013
  Batch [4320/35627] - Loss: 0.1013
  Batch [4330/35627] - Loss: 0.1012
  Batch [4340/35627] - Loss: 0.1012
  Batch [4350/35627] - Loss: 0.1012
  Batch [4360/35627] - Loss: 0.1013
  Batch [4370/35627] - Loss: 0.1013
  Batch [4380/35627] - Loss: 0.1013
  Batch [4390/35627] - Loss: 0.1013
  Batch [4400/35627] - Loss: 0.1013
  Batch [4410/35627] - Loss: 0.1013
  Batch [4420/35627] - Loss: 0.1013
  Batch [4430/35627] - Loss: 0.1013
  Batch [4440/35627] - Loss: 0.1013
  Batch [4450/35627] - Loss: 0.1013
  Batch [4460/35627] - Loss: 0.1013
  Batch [4470/35627] - Loss: 0.1013
  Batch [4480/35627] - Loss: 0.1013
  Batch [4490/35627] - Loss: 0.1013
  Batch [4500/35627] - Loss: 0.1013
  Batch [4510/35627] - Loss: 0.1013
  Batch [4520/35627] - Loss: 0.1013
  Batch [4530/35627] - Loss: 0.1013
  Batch [4540/35627] - Loss: 0.1013
  Batch [4550/35627] - Loss: 0.1013
  Batch [4560/35627] - Loss: 0.1013
  Batch [4570/35627] - Loss: 0.1014
  Batch [4580/35627] - Loss: 0.1014
  Batch [4590/35627] - Loss: 0.1014
  Batch [4600/35627] - Loss: 0.1013
  Batch [4610/35627] - Loss: 0.1013
  Batch [4620/35627] - Loss: 0.1013
  Batch [4630/35627] - Loss: 0.1012
  Batch [4640/35627] - Loss: 0.1013
  Batch [4650/35627] - Loss: 0.1013
  Batch [4660/35627] - Loss: 0.1013
  Batch [4670/35627] - Loss: 0.1013
  Batch [4680/35627] - Loss: 0.1013
  Batch [4690/35627] - Loss: 0.1013
  Batch [4700/35627] - Loss: 0.1013
  Batch [4710/35627] - Loss: 0.1013
  Batch [4720/35627] - Loss: 0.1013
  Batch [4730/35627] - Loss: 0.1013
  Batch [4740/35627] - Loss: 0.1013
  Batch [4750/35627] - Loss: 0.1012
  Batch [4760/35627] - Loss: 0.1012
  Batch [4770/35627] - Loss: 0.1011
  Batch [4780/35627] - Loss: 0.1010
  Batch [4790/35627] - Loss: 0.1009
  Batch [4800/35627] - Loss: 0.1009
  Batch [4810/35627] - Loss: 0.1008
  Batch [4820/35627] - Loss: 0.1008
  Batch [4830/35627] - Loss: 0.1008
  Batch [4840/35627] - Loss: 0.1009
  Batch [4850/35627] - Loss: 0.1009
  Batch [4860/35627] - Loss: 0.1010
  Batch [4870/35627] - Loss: 0.1010
  Batch [4880/35627] - Loss: 0.1010
  Batch [4890/35627] - Loss: 0.1010
  Batch [4900/35627] - Loss: 0.1010
  Batch [4910/35627] - Loss: 0.1010
  Batch [4920/35627] - Loss: 0.1010
  Batch [4930/35627] - Loss: 0.1010
  Batch [4940/35627] - Loss: 0.1010
  Batch [4950/35627] - Loss: 0.1010
  Batch [4960/35627] - Loss: 0.1010
  Batch [4970/35627] - Loss: 0.1010
  Batch [4980/35627] - Loss: 0.1010
  Batch [4990/35627] - Loss: 0.1010
  Batch [5000/35627] - Loss: 0.1010
  Batch [5010/35627] - Loss: 0.1010
  Batch [5020/35627] - Loss: 0.1011
  Batch [5030/35627] - Loss: 0.1010
  Batch [5040/35627] - Loss: 0.1010
  Batch [5050/35627] - Loss: 0.1011
  Batch [5060/35627] - Loss: 0.1010
  Batch [5070/35627] - Loss: 0.1011
  Batch [5080/35627] - Loss: 0.1011
  Batch [5090/35627] - Loss: 0.1010
  Batch [5100/35627] - Loss: 0.1010
  Batch [5110/35627] - Loss: 0.1011
  Batch [5120/35627] - Loss: 0.1011
  Batch [5130/35627] - Loss: 0.1011
  Batch [5140/35627] - Loss: 0.1011
  Batch [5150/35627] - Loss: 0.1011
  Batch [5160/35627] - Loss: 0.1010
  Batch [5170/35627] - Loss: 0.1010
  Batch [5180/35627] - Loss: 0.1010
  Batch [5190/35627] - Loss: 0.1011
  Batch [5200/35627] - Loss: 0.1013
  Batch [5210/35627] - Loss: 0.1012
  Batch [5220/35627] - Loss: 0.1013
  Batch [5230/35627] - Loss: 0.1013
  Batch [5240/35627] - Loss: 0.1014
  Batch [5250/35627] - Loss: 0.1014
  Batch [5260/35627] - Loss: 0.1014
  Batch [5270/35627] - Loss: 0.1014
  Batch [5280/35627] - Loss: 0.1014
  Batch [5290/35627] - Loss: 0.1014
  Batch [5300/35627] - Loss: 0.1014
  Batch [5310/35627] - Loss: 0.1015
  Batch [5320/35627] - Loss: 0.1015
  Batch [5330/35627] - Loss: 0.1015
  Batch [5340/35627] - Loss: 0.1015
  Batch [5350/35627] - Loss: 0.1014
  Batch [5360/35627] - Loss: 0.1014
  Batch [5370/35627] - Loss: 0.1014
  Batch [5380/35627] - Loss: 0.1014
  Batch [5390/35627] - Loss: 0.1015
  Batch [5400/35627] - Loss: 0.1015
  Batch [5410/35627] - Loss: 0.1015
  Batch [5420/35627] - Loss: 0.1015
  Batch [5430/35627] - Loss: 0.1015
  Batch [5440/35627] - Loss: 0.1015
  Batch [5450/35627] - Loss: 0.1015
  Batch [5460/35627] - Loss: 0.1015
  Batch [5470/35627] - Loss: 0.1015
  Batch [5480/35627] - Loss: 0.1015
  Batch [5490/35627] - Loss: 0.1015
  Batch [5500/35627] - Loss: 0.1016
  Batch [5510/35627] - Loss: 0.1016
  Batch [5520/35627] - Loss: 0.1016
  Batch [5530/35627] - Loss: 0.1017
  Batch [5540/35627] - Loss: 0.1017
  Batch [5550/35627] - Loss: 0.1016
  Batch [5560/35627] - Loss: 0.1016
  Batch [5570/35627] - Loss: 0.1016
  Batch [5580/35627] - Loss: 0.1016
  Batch [5590/35627] - Loss: 0.1016
  Batch [5600/35627] - Loss: 0.1016
  Batch [5610/35627] - Loss: 0.1015
  Batch [5620/35627] - Loss: 0.1015
  Batch [5630/35627] - Loss: 0.1015
  Batch [5640/35627] - Loss: 0.1015
  Batch [5650/35627] - Loss: 0.1014
  Batch [5660/35627] - Loss: 0.1014
  Batch [5670/35627] - Loss: 0.1014
  Batch [5680/35627] - Loss: 0.1014
  Batch [5690/35627] - Loss: 0.1014
  Batch [5700/35627] - Loss: 0.1014
  Batch [5710/35627] - Loss: 0.1014
  Batch [5720/35627] - Loss: 0.1014
  Batch [5730/35627] - Loss: 0.1014
  Batch [5740/35627] - Loss: 0.1014
  Batch [5750/35627] - Loss: 0.1014
  Batch [5760/35627] - Loss: 0.1014
  Batch [5770/35627] - Loss: 0.1014
  Batch [5780/35627] - Loss: 0.1014
  Batch [5790/35627] - Loss: 0.1014
  Batch [5800/35627] - Loss: 0.1014
  Batch [5810/35627] - Loss: 0.1014
  Batch [5820/35627] - Loss: 0.1014
  Batch [5830/35627] - Loss: 0.1015
  Batch [5840/35627] - Loss: 0.1015
  Batch [5850/35627] - Loss: 0.1014
  Batch [5860/35627] - Loss: 0.1015
  Batch [5870/35627] - Loss: 0.1014
  Batch [5880/35627] - Loss: 0.1014
  Batch [5890/35627] - Loss: 0.1014
  Batch [5900/35627] - Loss: 0.1014
  Batch [5910/35627] - Loss: 0.1014
  Batch [5920/35627] - Loss: 0.1015
  Batch [5930/35627] - Loss: 0.1015
  Batch [5940/35627] - Loss: 0.1015
  Batch [5950/35627] - Loss: 0.1017
  Batch [5960/35627] - Loss: 0.1017
  Batch [5970/35627] - Loss: 0.1016
  Batch [5980/35627] - Loss: 0.1016
  Batch [5990/35627] - Loss: 0.1015
  Batch [6000/35627] - Loss: 0.1015
  Batch [6010/35627] - Loss: 0.1014
  Batch [6020/35627] - Loss: 0.1014
  Batch [6030/35627] - Loss: 0.1014
  Batch [6040/35627] - Loss: 0.1015
  Batch [6050/35627] - Loss: 0.1014
  Batch [6060/35627] - Loss: 0.1014
  Batch [6070/35627] - Loss: 0.1014
  Batch [6080/35627] - Loss: 0.1014
  Batch [6090/35627] - Loss: 0.1014
  Batch [6100/35627] - Loss: 0.1014
  Batch [6110/35627] - Loss: 0.1014
  Batch [6120/35627] - Loss: 0.1013
  Batch [6130/35627] - Loss: 0.1013
  Batch [6140/35627] - Loss: 0.1013
  Batch [6150/35627] - Loss: 0.1013
  Batch [6160/35627] - Loss: 0.1013
  Batch [6170/35627] - Loss: 0.1013
  Batch [6180/35627] - Loss: 0.1013
  Batch [6190/35627] - Loss: 0.1013
  Batch [6200/35627] - Loss: 0.1013
  Batch [6210/35627] - Loss: 0.1013
  Batch [6220/35627] - Loss: 0.1013
  Batch [6230/35627] - Loss: 0.1013
  Batch [6240/35627] - Loss: 0.1013
  Batch [6250/35627] - Loss: 0.1013
  Batch [6260/35627] - Loss: 0.1013
  Batch [6270/35627] - Loss: 0.1012
  Batch [6280/35627] - Loss: 0.1012
  Batch [6290/35627] - Loss: 0.1012
  Batch [6300/35627] - Loss: 0.1011
  Batch [6310/35627] - Loss: 0.1012
  Batch [6320/35627] - Loss: 0.1011
  Batch [6330/35627] - Loss: 0.1012
  Batch [6340/35627] - Loss: 0.1012
  Batch [6350/35627] - Loss: 0.1012
  Batch [6360/35627] - Loss: 0.1012
  Batch [6370/35627] - Loss: 0.1012
  Batch [6380/35627] - Loss: 0.1011
  Batch [6390/35627] - Loss: 0.1012
  Batch [6400/35627] - Loss: 0.1012
  Batch [6410/35627] - Loss: 0.1012
  Batch [6420/35627] - Loss: 0.1012
  Batch [6430/35627] - Loss: 0.1012
  Batch [6440/35627] - Loss: 0.1012
  Batch [6450/35627] - Loss: 0.1012
  Batch [6460/35627] - Loss: 0.1012
  Batch [6470/35627] - Loss: 0.1012
  Batch [6480/35627] - Loss: 0.1013
  Batch [6490/35627] - Loss: 0.1013
  Batch [6500/35627] - Loss: 0.1012
  Batch [6510/35627] - Loss: 0.1012
  Batch [6520/35627] - Loss: 0.1012
  Batch [6530/35627] - Loss: 0.1011
  Batch [6540/35627] - Loss: 0.1011
  Batch [6550/35627] - Loss: 0.1011
  Batch [6560/35627] - Loss: 0.1011
  Batch [6570/35627] - Loss: 0.1012
  Batch [6580/35627] - Loss: 0.1012
  Batch [6590/35627] - Loss: 0.1012
  Batch [6600/35627] - Loss: 0.1011
  Batch [6610/35627] - Loss: 0.1011
  Batch [6620/35627] - Loss: 0.1011
  Batch [6630/35627] - Loss: 0.1012
  Batch [6640/35627] - Loss: 0.1012
  Batch [6650/35627] - Loss: 0.1011
  Batch [6660/35627] - Loss: 0.1011
  Batch [6670/35627] - Loss: 0.1011
  Batch [6680/35627] - Loss: 0.1011
  Batch [6690/35627] - Loss: 0.1011
  Batch [6700/35627] - Loss: 0.1011
  Batch [6710/35627] - Loss: 0.1011
  Batch [6720/35627] - Loss: 0.1011
  Batch [6730/35627] - Loss: 0.1011
  Batch [6740/35627] - Loss: 0.1011
  Batch [6750/35627] - Loss: 0.1010
  Batch [6760/35627] - Loss: 0.1010
  Batch [6770/35627] - Loss: 0.1011
  Batch [6780/35627] - Loss: 0.1010
  Batch [6790/35627] - Loss: 0.1011
  Batch [6800/35627] - Loss: 0.1011
  Batch [6810/35627] - Loss: 0.1011
  Batch [6820/35627] - Loss: 0.1010
  Batch [6830/35627] - Loss: 0.1010
  Batch [6840/35627] - Loss: 0.1010
  Batch [6850/35627] - Loss: 0.1011
  Batch [6860/35627] - Loss: 0.1011
  Batch [6870/35627] - Loss: 0.1011
  Batch [6880/35627] - Loss: 0.1012
  Batch [6890/35627] - Loss: 0.1012
  Batch [6900/35627] - Loss: 0.1012
  Batch [6910/35627] - Loss: 0.1013
  Batch [6920/35627] - Loss: 0.1013
  Batch [6930/35627] - Loss: 0.1013
  Batch [6940/35627] - Loss: 0.1012
  Batch [6950/35627] - Loss: 0.1012
  Batch [6960/35627] - Loss: 0.1012
  Batch [6970/35627] - Loss: 0.1012
  Batch [6980/35627] - Loss: 0.1012
  Batch [6990/35627] - Loss: 0.1012
  Batch [7000/35627] - Loss: 0.1012
  Batch [7010/35627] - Loss: 0.1012
  Batch [7020/35627] - Loss: 0.1012
  Batch [7030/35627] - Loss: 0.1012
  Batch [7040/35627] - Loss: 0.1012
  Batch [7050/35627] - Loss: 0.1012
  Batch [7060/35627] - Loss: 0.1012
  Batch [7070/35627] - Loss: 0.1012
  Batch [7080/35627] - Loss: 0.1012
  Batch [7090/35627] - Loss: 0.1012
  Batch [7100/35627] - Loss: 0.1012
  Batch [7110/35627] - Loss: 0.1012
  Batch [7120/35627] - Loss: 0.1012
  Batch [7130/35627] - Loss: 0.1011
  Batch [7140/35627] - Loss: 0.1011
  Batch [7150/35627] - Loss: 0.1011
  Batch [7160/35627] - Loss: 0.1011
  Batch [7170/35627] - Loss: 0.1011
  Batch [7180/35627] - Loss: 0.1011
  Batch [7190/35627] - Loss: 0.1010
  Batch [7200/35627] - Loss: 0.1010
  Batch [7210/35627] - Loss: 0.1010
  Batch [7220/35627] - Loss: 0.1011
  Batch [7230/35627] - Loss: 0.1011
  Batch [7240/35627] - Loss: 0.1011
  Batch [7250/35627] - Loss: 0.1011
  Batch [7260/35627] - Loss: 0.1011
  Batch [7270/35627] - Loss: 0.1011
  Batch [7280/35627] - Loss: 0.1011
  Batch [7290/35627] - Loss: 0.1011
  Batch [7300/35627] - Loss: 0.1011
  Batch [7310/35627] - Loss: 0.1011
  Batch [7320/35627] - Loss: 0.1011
  Batch [7330/35627] - Loss: 0.1011
  Batch [7340/35627] - Loss: 0.1012
  Batch [7350/35627] - Loss: 0.1011
  Batch [7360/35627] - Loss: 0.1011
  Batch [7370/35627] - Loss: 0.1011
  Batch [7380/35627] - Loss: 0.1011
  Batch [7390/35627] - Loss: 0.1012
  Batch [7400/35627] - Loss: 0.1012
  Batch [7410/35627] - Loss: 0.1011
  Batch [7420/35627] - Loss: 0.1012
  Batch [7430/35627] - Loss: 0.1011
  Batch [7440/35627] - Loss: 0.1012
  Batch [7450/35627] - Loss: 0.1012
  Batch [7460/35627] - Loss: 0.1012
  Batch [7470/35627] - Loss: 0.1013
  Batch [7480/35627] - Loss: 0.1013
  Batch [7490/35627] - Loss: 0.1012
  Batch [7500/35627] - Loss: 0.1012
  Batch [7510/35627] - Loss: 0.1013
  Batch [7520/35627] - Loss: 0.1012
  Batch [7530/35627] - Loss: 0.1013
  Batch [7540/35627] - Loss: 0.1013
  Batch [7550/35627] - Loss: 0.1013
  Batch [7560/35627] - Loss: 0.1013
  Batch [7570/35627] - Loss: 0.1014
  Batch [7580/35627] - Loss: 0.1014
  Batch [7590/35627] - Loss: 0.1014
  Batch [7600/35627] - Loss: 0.1013
  Batch [7610/35627] - Loss: 0.1013
  Batch [7620/35627] - Loss: 0.1013
  Batch [7630/35627] - Loss: 0.1013
  Batch [7640/35627] - Loss: 0.1013
  Batch [7650/35627] - Loss: 0.1013
  Batch [7660/35627] - Loss: 0.1013
  Batch [7670/35627] - Loss: 0.1013
  Batch [7680/35627] - Loss: 0.1013
  Batch [7690/35627] - Loss: 0.1012
  Batch [7700/35627] - Loss: 0.1012
  Batch [7710/35627] - Loss: 0.1013
  Batch [7720/35627] - Loss: 0.1013
  Batch [7730/35627] - Loss: 0.1013
  Batch [7740/35627] - Loss: 0.1013
  Batch [7750/35627] - Loss: 0.1013
  Batch [7760/35627] - Loss: 0.1013
  Batch [7770/35627] - Loss: 0.1013
  Batch [7780/35627] - Loss: 0.1012
  Batch [7790/35627] - Loss: 0.1012
  Batch [7800/35627] - Loss: 0.1013
  Batch [7810/35627] - Loss: 0.1013
  Batch [7820/35627] - Loss: 0.1013
  Batch [7830/35627] - Loss: 0.1013
  Batch [7840/35627] - Loss: 0.1013
  Batch [7850/35627] - Loss: 0.1013
  Batch [7860/35627] - Loss: 0.1013
  Batch [7870/35627] - Loss: 0.1013
  Batch [7880/35627] - Loss: 0.1013
  Batch [7890/35627] - Loss: 0.1013
  Batch [7900/35627] - Loss: 0.1013
  Batch [7910/35627] - Loss: 0.1013
  Batch [7920/35627] - Loss: 0.1014
  Batch [7930/35627] - Loss: 0.1014
  Batch [7940/35627] - Loss: 0.1014
  Batch [7950/35627] - Loss: 0.1014
  Batch [7960/35627] - Loss: 0.1013
  Batch [7970/35627] - Loss: 0.1013
  Batch [7980/35627] - Loss: 0.1013
  Batch [7990/35627] - Loss: 0.1013
  Batch [8000/35627] - Loss: 0.1014
  Batch [8010/35627] - Loss: 0.1013
  Batch [8020/35627] - Loss: 0.1013
  Batch [8030/35627] - Loss: 0.1013
  Batch [8040/35627] - Loss: 0.1013
  Batch [8050/35627] - Loss: 0.1013
  Batch [8060/35627] - Loss: 0.1013
  Batch [8070/35627] - Loss: 0.1014
  Batch [8080/35627] - Loss: 0.1014
  Batch [8090/35627] - Loss: 0.1013
  Batch [8100/35627] - Loss: 0.1013
  Batch [8110/35627] - Loss: 0.1013
  Batch [8120/35627] - Loss: 0.1013
  Batch [8130/35627] - Loss: 0.1013
  Batch [8140/35627] - Loss: 0.1013
  Batch [8150/35627] - Loss: 0.1013
  Batch [8160/35627] - Loss: 0.1014
  Batch [8170/35627] - Loss: 0.1014
  Batch [8180/35627] - Loss: 0.1014
  Batch [8190/35627] - Loss: 0.1014
  Batch [8200/35627] - Loss: 0.1014
  Batch [8210/35627] - Loss: 0.1013
  Batch [8220/35627] - Loss: 0.1014
  Batch [8230/35627] - Loss: 0.1014
  Batch [8240/35627] - Loss: 0.1014
  Batch [8250/35627] - Loss: 0.1014
  Batch [8260/35627] - Loss: 0.1014
  Batch [8270/35627] - Loss: 0.1014
  Batch [8280/35627] - Loss: 0.1014
  Batch [8290/35627] - Loss: 0.1013
  Batch [8300/35627] - Loss: 0.1013
  Batch [8310/35627] - Loss: 0.1013
  Batch [8320/35627] - Loss: 0.1013
  Batch [8330/35627] - Loss: 0.1013
  Batch [8340/35627] - Loss: 0.1013
  Batch [8350/35627] - Loss: 0.1013
  Batch [8360/35627] - Loss: 0.1013
  Batch [8370/35627] - Loss: 0.1013
  Batch [8380/35627] - Loss: 0.1013
  Batch [8390/35627] - Loss: 0.1013
  Batch [8400/35627] - Loss: 0.1012
  Batch [8410/35627] - Loss: 0.1012
  Batch [8420/35627] - Loss: 0.1013
  Batch [8430/35627] - Loss: 0.1013
  Batch [8440/35627] - Loss: 0.1014
  Batch [8450/35627] - Loss: 0.1014
  Batch [8460/35627] - Loss: 0.1014
  Batch [8470/35627] - Loss: 0.1014
  Batch [8480/35627] - Loss: 0.1014
  Batch [8490/35627] - Loss: 0.1014
  Batch [8500/35627] - Loss: 0.1014
  Batch [8510/35627] - Loss: 0.1014
  Batch [8520/35627] - Loss: 0.1014
  Batch [8530/35627] - Loss: 0.1013
  Batch [8540/35627] - Loss: 0.1013
  Batch [8550/35627] - Loss: 0.1013
  Batch [8560/35627] - Loss: 0.1013
  Batch [8570/35627] - Loss: 0.1013
  Batch [8580/35627] - Loss: 0.1013
  Batch [8590/35627] - Loss: 0.1013
  Batch [8600/35627] - Loss: 0.1013
  Batch [8610/35627] - Loss: 0.1013
  Batch [8620/35627] - Loss: 0.1013
  Batch [8630/35627] - Loss: 0.1013
  Batch [8640/35627] - Loss: 0.1013
  Batch [8650/35627] - Loss: 0.1013
  Batch [8660/35627] - Loss: 0.1013
  Batch [8670/35627] - Loss: 0.1014
  Batch [8680/35627] - Loss: 0.1013
  Batch [8690/35627] - Loss: 0.1014
  Batch [8700/35627] - Loss: 0.1013
  Batch [8710/35627] - Loss: 0.1013
  Batch [8720/35627] - Loss: 0.1014
  Batch [8730/35627] - Loss: 0.1014
  Batch [8740/35627] - Loss: 0.1014
  Batch [8750/35627] - Loss: 0.1014
  Batch [8760/35627] - Loss: 0.1014
  Batch [8770/35627] - Loss: 0.1014
  Batch [8780/35627] - Loss: 0.1015
  Batch [8790/35627] - Loss: 0.1015
  Batch [8800/35627] - Loss: 0.1015
  Batch [8810/35627] - Loss: 0.1015
  Batch [8820/35627] - Loss: 0.1015
  Batch [8830/35627] - Loss: 0.1014
  Batch [8840/35627] - Loss: 0.1015
  Batch [8850/35627] - Loss: 0.1015
  Batch [8860/35627] - Loss: 0.1014
  Batch [8870/35627] - Loss: 0.1014
  Batch [8880/35627] - Loss: 0.1014
  Batch [8890/35627] - Loss: 0.1014
  Batch [8900/35627] - Loss: 0.1014
  Batch [8910/35627] - Loss: 0.1014
  Batch [8920/35627] - Loss: 0.1014
  Batch [8930/35627] - Loss: 0.1014
  Batch [8940/35627] - Loss: 0.1014
  Batch [8950/35627] - Loss: 0.1013
  Batch [8960/35627] - Loss: 0.1014
  Batch [8970/35627] - Loss: 0.1014
  Batch [8980/35627] - Loss: 0.1014
  Batch [8990/35627] - Loss: 0.1014
  Batch [9000/35627] - Loss: 0.1014
  Batch [9010/35627] - Loss: 0.1013
  Batch [9020/35627] - Loss: 0.1013
  Batch [9030/35627] - Loss: 0.1013
  Batch [9040/35627] - Loss: 0.1013
  Batch [9050/35627] - Loss: 0.1013
  Batch [9060/35627] - Loss: 0.1013
  Batch [9070/35627] - Loss: 0.1012
  Batch [9080/35627] - Loss: 0.1012
  Batch [9090/35627] - Loss: 0.1012
  Batch [9100/35627] - Loss: 0.1012
  Batch [9110/35627] - Loss: 0.1012
  Batch [9120/35627] - Loss: 0.1011
  Batch [9130/35627] - Loss: 0.1011
  Batch [9140/35627] - Loss: 0.1011
  Batch [9150/35627] - Loss: 0.1011
  Batch [9160/35627] - Loss: 0.1011
  Batch [9170/35627] - Loss: 0.1011
  Batch [9180/35627] - Loss: 0.1011
  Batch [9190/35627] - Loss: 0.1011
  Batch [9200/35627] - Loss: 0.1011
  Batch [9210/35627] - Loss: 0.1011
  Batch [9220/35627] - Loss: 0.1011
  Batch [9230/35627] - Loss: 0.1011
  Batch [9240/35627] - Loss: 0.1011
  Batch [9250/35627] - Loss: 0.1011
  Batch [9260/35627] - Loss: 0.1011
  Batch [9270/35627] - Loss: 0.1011
  Batch [9280/35627] - Loss: 0.1011
  Batch [9290/35627] - Loss: 0.1011
  Batch [9300/35627] - Loss: 0.1011
  Batch [9310/35627] - Loss: 0.1011
  Batch [9320/35627] - Loss: 0.1011
  Batch [9330/35627] - Loss: 0.1011
  Batch [9340/35627] - Loss: 0.1011
  Batch [9350/35627] - Loss: 0.1011
  Batch [9360/35627] - Loss: 0.1011
  Batch [9370/35627] - Loss: 0.1011
  Batch [9380/35627] - Loss: 0.1010
  Batch [9390/35627] - Loss: 0.1011
  Batch [9400/35627] - Loss: 0.1010
  Batch [9410/35627] - Loss: 0.1010
  Batch [9420/35627] - Loss: 0.1010
  Batch [9430/35627] - Loss: 0.1010
  Batch [9440/35627] - Loss: 0.1011
  Batch [9450/35627] - Loss: 0.1010
  Batch [9460/35627] - Loss: 0.1010
  Batch [9470/35627] - Loss: 0.1010
  Batch [9480/35627] - Loss: 0.1010
  Batch [9490/35627] - Loss: 0.1010
  Batch [9500/35627] - Loss: 0.1010
  Batch [9510/35627] - Loss: 0.1009
  Batch [9520/35627] - Loss: 0.1009
  Batch [9530/35627] - Loss: 0.1009
  Batch [9540/35627] - Loss: 0.1009
  Batch [9550/35627] - Loss: 0.1009
  Batch [9560/35627] - Loss: 0.1009
  Batch [9570/35627] - Loss: 0.1009
  Batch [9580/35627] - Loss: 0.1009
  Batch [9590/35627] - Loss: 0.1008
  Batch [9600/35627] - Loss: 0.1009
  Batch [9610/35627] - Loss: 0.1008
  Batch [9620/35627] - Loss: 0.1008
  Batch [9630/35627] - Loss: 0.1008
  Batch [9640/35627] - Loss: 0.1008
  Batch [9650/35627] - Loss: 0.1008
  Batch [9660/35627] - Loss: 0.1008
  Batch [9670/35627] - Loss: 0.1008
  Batch [9680/35627] - Loss: 0.1008
  Batch [9690/35627] - Loss: 0.1008
  Batch [9700/35627] - Loss: 0.1009
  Batch [9710/35627] - Loss: 0.1009
  Batch [9720/35627] - Loss: 0.1008
  Batch [9730/35627] - Loss: 0.1008
  Batch [9740/35627] - Loss: 0.1008
  Batch [9750/35627] - Loss: 0.1008
  Batch [9760/35627] - Loss: 0.1008
  Batch [9770/35627] - Loss: 0.1008
  Batch [9780/35627] - Loss: 0.1008
  Batch [9790/35627] - Loss: 0.1008
  Batch [9800/35627] - Loss: 0.1008
  Batch [9810/35627] - Loss: 0.1008
  Batch [9820/35627] - Loss: 0.1008
  Batch [9830/35627] - Loss: 0.1007
  Batch [9840/35627] - Loss: 0.1007
  Batch [9850/35627] - Loss: 0.1007
  Batch [9860/35627] - Loss: 0.1007
  Batch [9870/35627] - Loss: 0.1007
  Batch [9880/35627] - Loss: 0.1007
  Batch [9890/35627] - Loss: 0.1007
  Batch [9900/35627] - Loss: 0.1007
  Batch [9910/35627] - Loss: 0.1007
  Batch [9920/35627] - Loss: 0.1007
  Batch [9930/35627] - Loss: 0.1007
  Batch [9940/35627] - Loss: 0.1007
  Batch [9950/35627] - Loss: 0.1007
  Batch [9960/35627] - Loss: 0.1007
  Batch [9970/35627] - Loss: 0.1007
  Batch [9980/35627] - Loss: 0.1007
  Batch [9990/35627] - Loss: 0.1007
  Batch [10000/35627] - Loss: 0.1007
  Batch [10010/35627] - Loss: 0.1007
  Batch [10020/35627] - Loss: 0.1007
  Batch [10030/35627] - Loss: 0.1007
  Batch [10040/35627] - Loss: 0.1007
  Batch [10050/35627] - Loss: 0.1007
  Batch [10060/35627] - Loss: 0.1007
  Batch [10070/35627] - Loss: 0.1007
  Batch [10080/35627] - Loss: 0.1007
  Batch [10090/35627] - Loss: 0.1007
  Batch [10100/35627] - Loss: 0.1007
  Batch [10110/35627] - Loss: 0.1007
  Batch [10120/35627] - Loss: 0.1007
  Batch [10130/35627] - Loss: 0.1007
  Batch [10140/35627] - Loss: 0.1007
  Batch [10150/35627] - Loss: 0.1007
  Batch [10160/35627] - Loss: 0.1007
  Batch [10170/35627] - Loss: 0.1007
  Batch [10180/35627] - Loss: 0.1007
  Batch [10190/35627] - Loss: 0.1007
  Batch [10200/35627] - Loss: 0.1007
  Batch [10210/35627] - Loss: 0.1007
  Batch [10220/35627] - Loss: 0.1008
  Batch [10230/35627] - Loss: 0.1007
  Batch [10240/35627] - Loss: 0.1007
  Batch [10250/35627] - Loss: 0.1007
  Batch [10260/35627] - Loss: 0.1007
  Batch [10270/35627] - Loss: 0.1007
  Batch [10280/35627] - Loss: 0.1007
  Batch [10290/35627] - Loss: 0.1007
  Batch [10300/35627] - Loss: 0.1007
  Batch [10310/35627] - Loss: 0.1007
  Batch [10320/35627] - Loss: 0.1007
  Batch [10330/35627] - Loss: 0.1007
  Batch [10340/35627] - Loss: 0.1007
  Batch [10350/35627] - Loss: 0.1007
  Batch [10360/35627] - Loss: 0.1007
  Batch [10370/35627] - Loss: 0.1007
  Batch [10380/35627] - Loss: 0.1007
  Batch [10390/35627] - Loss: 0.1007
  Batch [10400/35627] - Loss: 0.1007
  Batch [10410/35627] - Loss: 0.1007
  Batch [10420/35627] - Loss: 0.1007
  Batch [10430/35627] - Loss: 0.1007
  Batch [10440/35627] - Loss: 0.1007
  Batch [10450/35627] - Loss: 0.1008
  Batch [10460/35627] - Loss: 0.1008
  Batch [10470/35627] - Loss: 0.1008
  Batch [10480/35627] - Loss: 0.1008
  Batch [10490/35627] - Loss: 0.1008
  Batch [10500/35627] - Loss: 0.1008
  Batch [10510/35627] - Loss: 0.1008
  Batch [10520/35627] - Loss: 0.1008
  Batch [10530/35627] - Loss: 0.1008
  Batch [10540/35627] - Loss: 0.1008
  Batch [10550/35627] - Loss: 0.1008
  Batch [10560/35627] - Loss: 0.1008
  Batch [10570/35627] - Loss: 0.1008
  Batch [10580/35627] - Loss: 0.1008
  Batch [10590/35627] - Loss: 0.1008
  Batch [10600/35627] - Loss: 0.1008
  Batch [10610/35627] - Loss: 0.1008
  Batch [10620/35627] - Loss: 0.1008
  Batch [10630/35627] - Loss: 0.1008
  Batch [10640/35627] - Loss: 0.1008
  Batch [10650/35627] - Loss: 0.1009
  Batch [10660/35627] - Loss: 0.1008
  Batch [10670/35627] - Loss: 0.1008
  Batch [10680/35627] - Loss: 0.1008
  Batch [10690/35627] - Loss: 0.1009
  Batch [10700/35627] - Loss: 0.1009
  Batch [10710/35627] - Loss: 0.1009
  Batch [10720/35627] - Loss: 0.1009
  Batch [10730/35627] - Loss: 0.1008
  Batch [10740/35627] - Loss: 0.1009
  Batch [10750/35627] - Loss: 0.1008
  Batch [10760/35627] - Loss: 0.1008
  Batch [10770/35627] - Loss: 0.1008
  Batch [10780/35627] - Loss: 0.1009
  Batch [10790/35627] - Loss: 0.1009
  Batch [10800/35627] - Loss: 0.1009
  Batch [10810/35627] - Loss: 0.1008
  Batch [10820/35627] - Loss: 0.1008
  Batch [10830/35627] - Loss: 0.1008
  Batch [10840/35627] - Loss: 0.1008
  Batch [10850/35627] - Loss: 0.1008
  Batch [10860/35627] - Loss: 0.1009
  Batch [10870/35627] - Loss: 0.1008
  Batch [10880/35627] - Loss: 0.1008
  Batch [10890/35627] - Loss: 0.1008
  Batch [10900/35627] - Loss: 0.1008
  Batch [10910/35627] - Loss: 0.1008
  Batch [10920/35627] - Loss: 0.1007
  Batch [10930/35627] - Loss: 0.1007
  Batch [10940/35627] - Loss: 0.1007
  Batch [10950/35627] - Loss: 0.1007
  Batch [10960/35627] - Loss: 0.1007
  Batch [10970/35627] - Loss: 0.1007
  Batch [10980/35627] - Loss: 0.1007
  Batch [10990/35627] - Loss: 0.1007
  Batch [11000/35627] - Loss: 0.1007
  Batch [11010/35627] - Loss: 0.1007
  Batch [11020/35627] - Loss: 0.1007
  Batch [11030/35627] - Loss: 0.1007
  Batch [11040/35627] - Loss: 0.1007
  Batch [11050/35627] - Loss: 0.1007
  Batch [11060/35627] - Loss: 0.1007
  Batch [11070/35627] - Loss: 0.1007
  Batch [11080/35627] - Loss: 0.1007
  Batch [11090/35627] - Loss: 0.1007
  Batch [11100/35627] - Loss: 0.1007
  Batch [11110/35627] - Loss: 0.1007
  Batch [11120/35627] - Loss: 0.1007
  Batch [11130/35627] - Loss: 0.1007
  Batch [11140/35627] - Loss: 0.1007
  Batch [11150/35627] - Loss: 0.1007
  Batch [11160/35627] - Loss: 0.1007
  Batch [11170/35627] - Loss: 0.1007
  Batch [11180/35627] - Loss: 0.1007
  Batch [11190/35627] - Loss: 0.1008
  Batch [11200/35627] - Loss: 0.1008
  Batch [11210/35627] - Loss: 0.1008
  Batch [11220/35627] - Loss: 0.1008
  Batch [11230/35627] - Loss: 0.1008
  Batch [11240/35627] - Loss: 0.1008
  Batch [11250/35627] - Loss: 0.1008
  Batch [11260/35627] - Loss: 0.1008
  Batch [11270/35627] - Loss: 0.1008
  Batch [11280/35627] - Loss: 0.1008
  Batch [11290/35627] - Loss: 0.1009
  Batch [11300/35627] - Loss: 0.1009
  Batch [11310/35627] - Loss: 0.1008
  Batch [11320/35627] - Loss: 0.1009
  Batch [11330/35627] - Loss: 0.1009
  Batch [11340/35627] - Loss: 0.1009
  Batch [11350/35627] - Loss: 0.1009
  Batch [11360/35627] - Loss: 0.1009
  Batch [11370/35627] - Loss: 0.1009
  Batch [11380/35627] - Loss: 0.1009
  Batch [11390/35627] - Loss: 0.1008
  Batch [11400/35627] - Loss: 0.1009
  Batch [11410/35627] - Loss: 0.1008
  Batch [11420/35627] - Loss: 0.1008
  Batch [11430/35627] - Loss: 0.1008
  Batch [11440/35627] - Loss: 0.1008
  Batch [11450/35627] - Loss: 0.1008
  Batch [11460/35627] - Loss: 0.1008
  Batch [11470/35627] - Loss: 0.1008
  Batch [11480/35627] - Loss: 0.1008
  Batch [11490/35627] - Loss: 0.1008
  Batch [11500/35627] - Loss: 0.1008
  Batch [11510/35627] - Loss: 0.1007
  Batch [11520/35627] - Loss: 0.1007
  Batch [11530/35627] - Loss: 0.1007
  Batch [11540/35627] - Loss: 0.1007
  Batch [11550/35627] - Loss: 0.1007
  Batch [11560/35627] - Loss: 0.1007
  Batch [11570/35627] - Loss: 0.1007
  Batch [11580/35627] - Loss: 0.1007
  Batch [11590/35627] - Loss: 0.1007
  Batch [11600/35627] - Loss: 0.1008
  Batch [11610/35627] - Loss: 0.1008
  Batch [11620/35627] - Loss: 0.1008
  Batch [11630/35627] - Loss: 0.1007
  Batch [11640/35627] - Loss: 0.1007
  Batch [11650/35627] - Loss: 0.1007
  Batch [11660/35627] - Loss: 0.1007
  Batch [11670/35627] - Loss: 0.1008
  Batch [11680/35627] - Loss: 0.1008
  Batch [11690/35627] - Loss: 0.1008
  Batch [11700/35627] - Loss: 0.1007
  Batch [11710/35627] - Loss: 0.1007
  Batch [11720/35627] - Loss: 0.1007
  Batch [11730/35627] - Loss: 0.1007
  Batch [11740/35627] - Loss: 0.1008
  Batch [11750/35627] - Loss: 0.1008
  Batch [11760/35627] - Loss: 0.1008
  Batch [11770/35627] - Loss: 0.1008
  Batch [11780/35627] - Loss: 0.1008
  Batch [11790/35627] - Loss: 0.1008
  Batch [11800/35627] - Loss: 0.1008
  Batch [11810/35627] - Loss: 0.1008
  Batch [11820/35627] - Loss: 0.1008
  Batch [11830/35627] - Loss: 0.1008
  Batch [11840/35627] - Loss: 0.1008
  Batch [11850/35627] - Loss: 0.1008
  Batch [11860/35627] - Loss: 0.1008
  Batch [11870/35627] - Loss: 0.1008
  Batch [11880/35627] - Loss: 0.1008
  Batch [11890/35627] - Loss: 0.1008
  Batch [11900/35627] - Loss: 0.1009
  Batch [11910/35627] - Loss: 0.1009
  Batch [11920/35627] - Loss: 0.1009
  Batch [11930/35627] - Loss: 0.1008
  Batch [11940/35627] - Loss: 0.1008
  Batch [11950/35627] - Loss: 0.1008
  Batch [11960/35627] - Loss: 0.1008
  Batch [11970/35627] - Loss: 0.1008
  Batch [11980/35627] - Loss: 0.1008
  Batch [11990/35627] - Loss: 0.1008
  Batch [12000/35627] - Loss: 0.1008
  Batch [12010/35627] - Loss: 0.1008
  Batch [12020/35627] - Loss: 0.1008
  Batch [12030/35627] - Loss: 0.1008
  Batch [12040/35627] - Loss: 0.1008
  Batch [12050/35627] - Loss: 0.1008
  Batch [12060/35627] - Loss: 0.1008
  Batch [12070/35627] - Loss: 0.1008
  Batch [12080/35627] - Loss: 0.1008
  Batch [12090/35627] - Loss: 0.1008
  Batch [12100/35627] - Loss: 0.1008
  Batch [12110/35627] - Loss: 0.1008
  Batch [12120/35627] - Loss: 0.1008
  Batch [12130/35627] - Loss: 0.1008
  Batch [12140/35627] - Loss: 0.1008
  Batch [12150/35627] - Loss: 0.1008
  Batch [12160/35627] - Loss: 0.1008
  Batch [12170/35627] - Loss: 0.1009
  Batch [12180/35627] - Loss: 0.1009
  Batch [12190/35627] - Loss: 0.1008
  Batch [12200/35627] - Loss: 0.1008
  Batch [12210/35627] - Loss: 0.1009
  Batch [12220/35627] - Loss: 0.1008
  Batch [12230/35627] - Loss: 0.1008
  Batch [12240/35627] - Loss: 0.1008
  Batch [12250/35627] - Loss: 0.1009
  Batch [12260/35627] - Loss: 0.1009
  Batch [12270/35627] - Loss: 0.1009
  Batch [12280/35627] - Loss: 0.1009
  Batch [12290/35627] - Loss: 0.1008
  Batch [12300/35627] - Loss: 0.1008
  Batch [12310/35627] - Loss: 0.1009
  Batch [12320/35627] - Loss: 0.1008
  Batch [12330/35627] - Loss: 0.1008
  Batch [12340/35627] - Loss: 0.1008
  Batch [12350/35627] - Loss: 0.1008
  Batch [12360/35627] - Loss: 0.1008
  Batch [12370/35627] - Loss: 0.1009
  Batch [12380/35627] - Loss: 0.1009
  Batch [12390/35627] - Loss: 0.1009
  Batch [12400/35627] - Loss: 0.1009
  Batch [12410/35627] - Loss: 0.1009
  Batch [12420/35627] - Loss: 0.1009
  Batch [12430/35627] - Loss: 0.1009
  Batch [12440/35627] - Loss: 0.1009
  Batch [12450/35627] - Loss: 0.1009
  Batch [12460/35627] - Loss: 0.1009
  Batch [12470/35627] - Loss: 0.1009
  Batch [12480/35627] - Loss: 0.1009
  Batch [12490/35627] - Loss: 0.1009
  Batch [12500/35627] - Loss: 0.1010
  Batch [12510/35627] - Loss: 0.1009
  Batch [12520/35627] - Loss: 0.1009
  Batch [12530/35627] - Loss: 0.1009
  Batch [12540/35627] - Loss: 0.1010
  Batch [12550/35627] - Loss: 0.1010
  Batch [12560/35627] - Loss: 0.1009
  Batch [12570/35627] - Loss: 0.1010
  Batch [12580/35627] - Loss: 0.1010
  Batch [12590/35627] - Loss: 0.1010
  Batch [12600/35627] - Loss: 0.1010
  Batch [12610/35627] - Loss: 0.1010
  Batch [12620/35627] - Loss: 0.1011
  Batch [12630/35627] - Loss: 0.1010
  Batch [12640/35627] - Loss: 0.1010
  Batch [12650/35627] - Loss: 0.1010
  Batch [12660/35627] - Loss: 0.1010
  Batch [12670/35627] - Loss: 0.1010
  Batch [12680/35627] - Loss: 0.1010
  Batch [12690/35627] - Loss: 0.1011
  Batch [12700/35627] - Loss: 0.1011
  Batch [12710/35627] - Loss: 0.1011
  Batch [12720/35627] - Loss: 0.1011
  Batch [12730/35627] - Loss: 0.1011
  Batch [12740/35627] - Loss: 0.1011
  Batch [12750/35627] - Loss: 0.1010
  Batch [12760/35627] - Loss: 0.1010
  Batch [12770/35627] - Loss: 0.1010
  Batch [12780/35627] - Loss: 0.1010
  Batch [12790/35627] - Loss: 0.1010
  Batch [12800/35627] - Loss: 0.1010
  Batch [12810/35627] - Loss: 0.1010
  Batch [12820/35627] - Loss: 0.1010
  Batch [12830/35627] - Loss: 0.1010
  Batch [12840/35627] - Loss: 0.1011
  Batch [12850/35627] - Loss: 0.1010
  Batch [12860/35627] - Loss: 0.1010
  Batch [12870/35627] - Loss: 0.1010
  Batch [12880/35627] - Loss: 0.1010
  Batch [12890/35627] - Loss: 0.1010
  Batch [12900/35627] - Loss: 0.1010
  Batch [12910/35627] - Loss: 0.1010
  Batch [12920/35627] - Loss: 0.1010
  Batch [12930/35627] - Loss: 0.1010
  Batch [12940/35627] - Loss: 0.1010
  Batch [12950/35627] - Loss: 0.1010
  Batch [12960/35627] - Loss: 0.1010
  Batch [12970/35627] - Loss: 0.1010
  Batch [12980/35627] - Loss: 0.1010
  Batch [12990/35627] - Loss: 0.1010
  Batch [13000/35627] - Loss: 0.1010
  Batch [13010/35627] - Loss: 0.1010
  Batch [13020/35627] - Loss: 0.1010
  Batch [13030/35627] - Loss: 0.1010
  Batch [13040/35627] - Loss: 0.1010
  Batch [13050/35627] - Loss: 0.1009
  Batch [13060/35627] - Loss: 0.1010
  Batch [13070/35627] - Loss: 0.1009
  Batch [13080/35627] - Loss: 0.1010
  Batch [13090/35627] - Loss: 0.1009
  Batch [13100/35627] - Loss: 0.1009
  Batch [13110/35627] - Loss: 0.1009
  Batch [13120/35627] - Loss: 0.1009
  Batch [13130/35627] - Loss: 0.1009
  Batch [13140/35627] - Loss: 0.1010
  Batch [13150/35627] - Loss: 0.1010
  Batch [13160/35627] - Loss: 0.1010
  Batch [13170/35627] - Loss: 0.1010
  Batch [13180/35627] - Loss: 0.1009
  Batch [13190/35627] - Loss: 0.1009
  Batch [13200/35627] - Loss: 0.1009
  Batch [13210/35627] - Loss: 0.1009
  Batch [13220/35627] - Loss: 0.1009
  Batch [13230/35627] - Loss: 0.1009
  Batch [13240/35627] - Loss: 0.1009
  Batch [13250/35627] - Loss: 0.1009
  Batch [13260/35627] - Loss: 0.1009
  Batch [13270/35627] - Loss: 0.1008
  Batch [13280/35627] - Loss: 0.1008
  Batch [13290/35627] - Loss: 0.1008
  Batch [13300/35627] - Loss: 0.1008
  Batch [13310/35627] - Loss: 0.1008
  Batch [13320/35627] - Loss: 0.1008
  Batch [13330/35627] - Loss: 0.1008
  Batch [13340/35627] - Loss: 0.1008
  Batch [13350/35627] - Loss: 0.1007
  Batch [13360/35627] - Loss: 0.1007
  Batch [13370/35627] - Loss: 0.1008
  Batch [13380/35627] - Loss: 0.1008
  Batch [13390/35627] - Loss: 0.1008
  Batch [13400/35627] - Loss: 0.1007
  Batch [13410/35627] - Loss: 0.1007
  Batch [13420/35627] - Loss: 0.1007
  Batch [13430/35627] - Loss: 0.1007
  Batch [13440/35627] - Loss: 0.1007
  Batch [13450/35627] - Loss: 0.1007
  Batch [13460/35627] - Loss: 0.1007
  Batch [13470/35627] - Loss: 0.1007
  Batch [13480/35627] - Loss: 0.1007
  Batch [13490/35627] - Loss: 0.1007
  Batch [13500/35627] - Loss: 0.1007
  Batch [13510/35627] - Loss: 0.1007
  Batch [13520/35627] - Loss: 0.1007
  Batch [13530/35627] - Loss: 0.1007
  Batch [13540/35627] - Loss: 0.1007
  Batch [13550/35627] - Loss: 0.1007
  Batch [13560/35627] - Loss: 0.1007
  Batch [13570/35627] - Loss: 0.1007
  Batch [13580/35627] - Loss: 0.1006
  Batch [13590/35627] - Loss: 0.1006
  Batch [13600/35627] - Loss: 0.1006
  Batch [13610/35627] - Loss: 0.1006
  Batch [13620/35627] - Loss: 0.1006
  Batch [13630/35627] - Loss: 0.1006
  Batch [13640/35627] - Loss: 0.1006
  Batch [13650/35627] - Loss: 0.1006
  Batch [13660/35627] - Loss: 0.1006
  Batch [13670/35627] - Loss: 0.1006
  Batch [13680/35627] - Loss: 0.1006
  Batch [13690/35627] - Loss: 0.1007
  Batch [13700/35627] - Loss: 0.1007
  Batch [13710/35627] - Loss: 0.1006
  Batch [13720/35627] - Loss: 0.1006
  Batch [13730/35627] - Loss: 0.1006
  Batch [13740/35627] - Loss: 0.1006
  Batch [13750/35627] - Loss: 0.1006
  Batch [13760/35627] - Loss: 0.1006
  Batch [13770/35627] - Loss: 0.1006
  Batch [13780/35627] - Loss: 0.1006
  Batch [13790/35627] - Loss: 0.1006
  Batch [13800/35627] - Loss: 0.1006
  Batch [13810/35627] - Loss: 0.1006
  Batch [13820/35627] - Loss: 0.1006
  Batch [13830/35627] - Loss: 0.1005
  Batch [13840/35627] - Loss: 0.1005
  Batch [13850/35627] - Loss: 0.1005
  Batch [13860/35627] - Loss: 0.1005
  Batch [13870/35627] - Loss: 0.1005
  Batch [13880/35627] - Loss: 0.1005
  Batch [13890/35627] - Loss: 0.1005
  Batch [13900/35627] - Loss: 0.1005
  Batch [13910/35627] - Loss: 0.1005
  Batch [13920/35627] - Loss: 0.1005
  Batch [13930/35627] - Loss: 0.1005
  Batch [13940/35627] - Loss: 0.1005
  Batch [13950/35627] - Loss: 0.1005
  Batch [13960/35627] - Loss: 0.1005
  Batch [13970/35627] - Loss: 0.1005
  Batch [13980/35627] - Loss: 0.1005
  Batch [13990/35627] - Loss: 0.1005
  Batch [14000/35627] - Loss: 0.1005
  Batch [14010/35627] - Loss: 0.1005
  Batch [14020/35627] - Loss: 0.1005
  Batch [14030/35627] - Loss: 0.1005
  Batch [14040/35627] - Loss: 0.1005
  Batch [14050/35627] - Loss: 0.1005
  Batch [14060/35627] - Loss: 0.1006
  Batch [14070/35627] - Loss: 0.1006
  Batch [14080/35627] - Loss: 0.1006
  Batch [14090/35627] - Loss: 0.1006
  Batch [14100/35627] - Loss: 0.1007
  Batch [14110/35627] - Loss: 0.1007
  Batch [14120/35627] - Loss: 0.1007
  Batch [14130/35627] - Loss: 0.1006
  Batch [14140/35627] - Loss: 0.1006
  Batch [14150/35627] - Loss: 0.1007
  Batch [14160/35627] - Loss: 0.1006
  Batch [14170/35627] - Loss: 0.1006
  Batch [14180/35627] - Loss: 0.1006
  Batch [14190/35627] - Loss: 0.1006
  Batch [14200/35627] - Loss: 0.1006
  Batch [14210/35627] - Loss: 0.1006
  Batch [14220/35627] - Loss: 0.1006
  Batch [14230/35627] - Loss: 0.1006
  Batch [14240/35627] - Loss: 0.1006
  Batch [14250/35627] - Loss: 0.1006
  Batch [14260/35627] - Loss: 0.1006
  Batch [14270/35627] - Loss: 0.1006
  Batch [14280/35627] - Loss: 0.1006
  Batch [14290/35627] - Loss: 0.1006
  Batch [14300/35627] - Loss: 0.1006
  Batch [14310/35627] - Loss: 0.1006
  Batch [14320/35627] - Loss: 0.1006
  Batch [14330/35627] - Loss: 0.1006
  Batch [14340/35627] - Loss: 0.1006
  Batch [14350/35627] - Loss: 0.1006
  Batch [14360/35627] - Loss: 0.1007
  Batch [14370/35627] - Loss: 0.1006
  Batch [14380/35627] - Loss: 0.1006
  Batch [14390/35627] - Loss: 0.1006
  Batch [14400/35627] - Loss: 0.1006
  Batch [14410/35627] - Loss: 0.1006
  Batch [14420/35627] - Loss: 0.1006
  Batch [14430/35627] - Loss: 0.1007
  Batch [14440/35627] - Loss: 0.1007
  Batch [14450/35627] - Loss: 0.1007
  Batch [14460/35627] - Loss: 0.1007
  Batch [14470/35627] - Loss: 0.1007
  Batch [14480/35627] - Loss: 0.1007
  Batch [14490/35627] - Loss: 0.1007
  Batch [14500/35627] - Loss: 0.1007
  Batch [14510/35627] - Loss: 0.1007
  Batch [14520/35627] - Loss: 0.1007
  Batch [14530/35627] - Loss: 0.1007
  Batch [14540/35627] - Loss: 0.1007
  Batch [14550/35627] - Loss: 0.1007
  Batch [14560/35627] - Loss: 0.1007
  Batch [14570/35627] - Loss: 0.1007
  Batch [14580/35627] - Loss: 0.1007
  Batch [14590/35627] - Loss: 0.1007
  Batch [14600/35627] - Loss: 0.1007
  Batch [14610/35627] - Loss: 0.1007
  Batch [14620/35627] - Loss: 0.1007
  Batch [14630/35627] - Loss: 0.1007
  Batch [14640/35627] - Loss: 0.1007
  Batch [14650/35627] - Loss: 0.1007
  Batch [14660/35627] - Loss: 0.1007
  Batch [14670/35627] - Loss: 0.1007
  Batch [14680/35627] - Loss: 0.1007
  Batch [14690/35627] - Loss: 0.1007
  Batch [14700/35627] - Loss: 0.1006
  Batch [14710/35627] - Loss: 0.1006
  Batch [14720/35627] - Loss: 0.1007
  Batch [14730/35627] - Loss: 0.1007
  Batch [14740/35627] - Loss: 0.1007
  Batch [14750/35627] - Loss: 0.1007
  Batch [14760/35627] - Loss: 0.1006
  Batch [14770/35627] - Loss: 0.1006
  Batch [14780/35627] - Loss: 0.1006
  Batch [14790/35627] - Loss: 0.1007
  Batch [14800/35627] - Loss: 0.1007
  Batch [14810/35627] - Loss: 0.1007
  Batch [14820/35627] - Loss: 0.1007
  Batch [14830/35627] - Loss: 0.1007
  Batch [14840/35627] - Loss: 0.1007
  Batch [14850/35627] - Loss: 0.1007
  Batch [14860/35627] - Loss: 0.1007
  Batch [14870/35627] - Loss: 0.1007
  Batch [14880/35627] - Loss: 0.1007
  Batch [14890/35627] - Loss: 0.1007
  Batch [14900/35627] - Loss: 0.1007
  Batch [14910/35627] - Loss: 0.1007
  Batch [14920/35627] - Loss: 0.1007
  Batch [14930/35627] - Loss: 0.1007
  Batch [14940/35627] - Loss: 0.1007
  Batch [14950/35627] - Loss: 0.1007
  Batch [14960/35627] - Loss: 0.1006
  Batch [14970/35627] - Loss: 0.1007
  Batch [14980/35627] - Loss: 0.1007
  Batch [14990/35627] - Loss: 0.1007
  Batch [15000/35627] - Loss: 0.1007
  Batch [15010/35627] - Loss: 0.1007
  Batch [15020/35627] - Loss: 0.1007
  Batch [15030/35627] - Loss: 0.1007
  Batch [15040/35627] - Loss: 0.1007
  Batch [15050/35627] - Loss: 0.1007
  Batch [15060/35627] - Loss: 0.1007
  Batch [15070/35627] - Loss: 0.1007
  Batch [15080/35627] - Loss: 0.1007
  Batch [15090/35627] - Loss: 0.1007
  Batch [15100/35627] - Loss: 0.1006
  Batch [15110/35627] - Loss: 0.1006
  Batch [15120/35627] - Loss: 0.1006
  Batch [15130/35627] - Loss: 0.1006
  Batch [15140/35627] - Loss: 0.1006
  Batch [15150/35627] - Loss: 0.1006
  Batch [15160/35627] - Loss: 0.1006
  Batch [15170/35627] - Loss: 0.1007
  Batch [15180/35627] - Loss: 0.1007
  Batch [15190/35627] - Loss: 0.1006
  Batch [15200/35627] - Loss: 0.1006
  Batch [15210/35627] - Loss: 0.1007
  Batch [15220/35627] - Loss: 0.1007
  Batch [15230/35627] - Loss: 0.1006
  Batch [15240/35627] - Loss: 0.1006
  Batch [15250/35627] - Loss: 0.1006
  Batch [15260/35627] - Loss: 0.1006
  Batch [15270/35627] - Loss: 0.1007
  Batch [15280/35627] - Loss: 0.1007
  Batch [15290/35627] - Loss: 0.1007
  Batch [15300/35627] - Loss: 0.1007
  Batch [15310/35627] - Loss: 0.1007
  Batch [15320/35627] - Loss: 0.1007
  Batch [15330/35627] - Loss: 0.1007
  Batch [15340/35627] - Loss: 0.1007
  Batch [15350/35627] - Loss: 0.1007
  Batch [15360/35627] - Loss: 0.1007
  Batch [15370/35627] - Loss: 0.1007
  Batch [15380/35627] - Loss: 0.1007
  Batch [15390/35627] - Loss: 0.1007
  Batch [15400/35627] - Loss: 0.1007
  Batch [15410/35627] - Loss: 0.1007
  Batch [15420/35627] - Loss: 0.1007
  Batch [15430/35627] - Loss: 0.1007
  Batch [15440/35627] - Loss: 0.1008
  Batch [15450/35627] - Loss: 0.1008
  Batch [15460/35627] - Loss: 0.1008
  Batch [15470/35627] - Loss: 0.1008
  Batch [15480/35627] - Loss: 0.1008
  Batch [15490/35627] - Loss: 0.1007
  Batch [15500/35627] - Loss: 0.1008
  Batch [15510/35627] - Loss: 0.1008
  Batch [15520/35627] - Loss: 0.1008
  Batch [15530/35627] - Loss: 0.1008
  Batch [15540/35627] - Loss: 0.1008
  Batch [15550/35627] - Loss: 0.1008
  Batch [15560/35627] - Loss: 0.1008
  Batch [15570/35627] - Loss: 0.1008
  Batch [15580/35627] - Loss: 0.1008
  Batch [15590/35627] - Loss: 0.1008
  Batch [15600/35627] - Loss: 0.1008
  Batch [15610/35627] - Loss: 0.1008
  Batch [15620/35627] - Loss: 0.1008
  Batch [15630/35627] - Loss: 0.1008
  Batch [15640/35627] - Loss: 0.1008
  Batch [15650/35627] - Loss: 0.1008
  Batch [15660/35627] - Loss: 0.1007
  Batch [15670/35627] - Loss: 0.1007
  Batch [15680/35627] - Loss: 0.1007
  Batch [15690/35627] - Loss: 0.1007
  Batch [15700/35627] - Loss: 0.1007
  Batch [15710/35627] - Loss: 0.1007
  Batch [15720/35627] - Loss: 0.1007
  Batch [15730/35627] - Loss: 0.1007
  Batch [15740/35627] - Loss: 0.1007
  Batch [15750/35627] - Loss: 0.1007
  Batch [15760/35627] - Loss: 0.1007
  Batch [15770/35627] - Loss: 0.1007
  Batch [15780/35627] - Loss: 0.1007
  Batch [15790/35627] - Loss: 0.1007
  Batch [15800/35627] - Loss: 0.1007
  Batch [15810/35627] - Loss: 0.1007
  Batch [15820/35627] - Loss: 0.1007
  Batch [15830/35627] - Loss: 0.1007
  Batch [15840/35627] - Loss: 0.1007
  Batch [15850/35627] - Loss: 0.1007
  Batch [15860/35627] - Loss: 0.1007
  Batch [15870/35627] - Loss: 0.1007
  Batch [15880/35627] - Loss: 0.1007
  Batch [15890/35627] - Loss: 0.1007
  Batch [15900/35627] - Loss: 0.1007
  Batch [15910/35627] - Loss: 0.1007
  Batch [15920/35627] - Loss: 0.1008
  Batch [15930/35627] - Loss: 0.1008
  Batch [15940/35627] - Loss: 0.1008
  Batch [15950/35627] - Loss: 0.1007
  Batch [15960/35627] - Loss: 0.1008
  Batch [15970/35627] - Loss: 0.1008
  Batch [15980/35627] - Loss: 0.1008
  Batch [15990/35627] - Loss: 0.1008
  Batch [16000/35627] - Loss: 0.1008
  Batch [16010/35627] - Loss: 0.1008
  Batch [16020/35627] - Loss: 0.1007
  Batch [16030/35627] - Loss: 0.1007
  Batch [16040/35627] - Loss: 0.1007
  Batch [16050/35627] - Loss: 0.1007
  Batch [16060/35627] - Loss: 0.1008
  Batch [16070/35627] - Loss: 0.1008
  Batch [16080/35627] - Loss: 0.1008
  Batch [16090/35627] - Loss: 0.1008
  Batch [16100/35627] - Loss: 0.1007
  Batch [16110/35627] - Loss: 0.1007
  Batch [16120/35627] - Loss: 0.1007
  Batch [16130/35627] - Loss: 0.1007
  Batch [16140/35627] - Loss: 0.1007
  Batch [16150/35627] - Loss: 0.1008
  Batch [16160/35627] - Loss: 0.1007
  Batch [16170/35627] - Loss: 0.1007
  Batch [16180/35627] - Loss: 0.1007
  Batch [16190/35627] - Loss: 0.1007
  Batch [16200/35627] - Loss: 0.1007
  Batch [16210/35627] - Loss: 0.1007
  Batch [16220/35627] - Loss: 0.1007
  Batch [16230/35627] - Loss: 0.1007
  Batch [16240/35627] - Loss: 0.1007
  Batch [16250/35627] - Loss: 0.1007
  Batch [16260/35627] - Loss: 0.1007
  Batch [16270/35627] - Loss: 0.1007
  Batch [16280/35627] - Loss: 0.1007
  Batch [16290/35627] - Loss: 0.1007
  Batch [16300/35627] - Loss: 0.1007
  Batch [16310/35627] - Loss: 0.1007
  Batch [16320/35627] - Loss: 0.1007
  Batch [16330/35627] - Loss: 0.1007
  Batch [16340/35627] - Loss: 0.1007
  Batch [16350/35627] - Loss: 0.1007
  Batch [16360/35627] - Loss: 0.1007
  Batch [16370/35627] - Loss: 0.1007
  Batch [16380/35627] - Loss: 0.1007
  Batch [16390/35627] - Loss: 0.1007
  Batch [16400/35627] - Loss: 0.1007
  Batch [16410/35627] - Loss: 0.1007
  Batch [16420/35627] - Loss: 0.1007
  Batch [16430/35627] - Loss: 0.1007
  Batch [16440/35627] - Loss: 0.1007
  Batch [16450/35627] - Loss: 0.1007
  Batch [16460/35627] - Loss: 0.1007
  Batch [16470/35627] - Loss: 0.1007
  Batch [16480/35627] - Loss: 0.1007
  Batch [16490/35627] - Loss: 0.1007
  Batch [16500/35627] - Loss: 0.1007
  Batch [16510/35627] - Loss: 0.1007
  Batch [16520/35627] - Loss: 0.1007
  Batch [16530/35627] - Loss: 0.1007
  Batch [16540/35627] - Loss: 0.1006
  Batch [16550/35627] - Loss: 0.1006
  Batch [16560/35627] - Loss: 0.1007
  Batch [16570/35627] - Loss: 0.1007
  Batch [16580/35627] - Loss: 0.1006
  Batch [16590/35627] - Loss: 0.1007
  Batch [16600/35627] - Loss: 0.1007
  Batch [16610/35627] - Loss: 0.1007
  Batch [16620/35627] - Loss: 0.1007
  Batch [16630/35627] - Loss: 0.1007
  Batch [16640/35627] - Loss: 0.1007
  Batch [16650/35627] - Loss: 0.1006
  Batch [16660/35627] - Loss: 0.1006
  Batch [16670/35627] - Loss: 0.1006
  Batch [16680/35627] - Loss: 0.1006
  Batch [16690/35627] - Loss: 0.1006
  Batch [16700/35627] - Loss: 0.1006
  Batch [16710/35627] - Loss: 0.1006
  Batch [16720/35627] - Loss: 0.1006
  Batch [16730/35627] - Loss: 0.1006
  Batch [16740/35627] - Loss: 0.1006
  Batch [16750/35627] - Loss: 0.1006
  Batch [16760/35627] - Loss: 0.1006
  Batch [16770/35627] - Loss: 0.1006
  Batch [16780/35627] - Loss: 0.1006
  Batch [16790/35627] - Loss: 0.1006
  Batch [16800/35627] - Loss: 0.1006
  Batch [16810/35627] - Loss: 0.1006
  Batch [16820/35627] - Loss: 0.1006
  Batch [16830/35627] - Loss: 0.1006
  Batch [16840/35627] - Loss: 0.1006
  Batch [16850/35627] - Loss: 0.1006
  Batch [16860/35627] - Loss: 0.1006
  Batch [16870/35627] - Loss: 0.1006
  Batch [16880/35627] - Loss: 0.1006
  Batch [16890/35627] - Loss: 0.1006
  Batch [16900/35627] - Loss: 0.1006
  Batch [16910/35627] - Loss: 0.1006
  Batch [16920/35627] - Loss: 0.1005
  Batch [16930/35627] - Loss: 0.1005
  Batch [16940/35627] - Loss: 0.1005
  Batch [16950/35627] - Loss: 0.1005
  Batch [16960/35627] - Loss: 0.1005
  Batch [16970/35627] - Loss: 0.1005
  Batch [16980/35627] - Loss: 0.1005
  Batch [16990/35627] - Loss: 0.1005
  Batch [17000/35627] - Loss: 0.1005
  Batch [17010/35627] - Loss: 0.1005
  Batch [17020/35627] - Loss: 0.1005
  Batch [17030/35627] - Loss: 0.1005
  Batch [17040/35627] - Loss: 0.1005
  Batch [17050/35627] - Loss: 0.1005
  Batch [17060/35627] - Loss: 0.1005
  Batch [17070/35627] - Loss: 0.1005
  Batch [17080/35627] - Loss: 0.1005
  Batch [17090/35627] - Loss: 0.1005
  Batch [17100/35627] - Loss: 0.1005
  Batch [17110/35627] - Loss: 0.1005
  Batch [17120/35627] - Loss: 0.1005
  Batch [17130/35627] - Loss: 0.1005
  Batch [17140/35627] - Loss: 0.1004
  Batch [17150/35627] - Loss: 0.1004
  Batch [17160/35627] - Loss: 0.1004
  Batch [17170/35627] - Loss: 0.1005
  Batch [17180/35627] - Loss: 0.1005
  Batch [17190/35627] - Loss: 0.1005
  Batch [17200/35627] - Loss: 0.1005
  Batch [17210/35627] - Loss: 0.1005
  Batch [17220/35627] - Loss: 0.1005
  Batch [17230/35627] - Loss: 0.1005
  Batch [17240/35627] - Loss: 0.1005
  Batch [17250/35627] - Loss: 0.1005
  Batch [17260/35627] - Loss: 0.1005
  Batch [17270/35627] - Loss: 0.1005
  Batch [17280/35627] - Loss: 0.1005
  Batch [17290/35627] - Loss: 0.1005
  Batch [17300/35627] - Loss: 0.1005
  Batch [17310/35627] - Loss: 0.1005
  Batch [17320/35627] - Loss: 0.1005
  Batch [17330/35627] - Loss: 0.1006
  Batch [17340/35627] - Loss: 0.1006
  Batch [17350/35627] - Loss: 0.1006
  Batch [17360/35627] - Loss: 0.1006
  Batch [17370/35627] - Loss: 0.1006
  Batch [17380/35627] - Loss: 0.1006
  Batch [17390/35627] - Loss: 0.1006
  Batch [17400/35627] - Loss: 0.1006
  Batch [17410/35627] - Loss: 0.1006
  Batch [17420/35627] - Loss: 0.1006
  Batch [17430/35627] - Loss: 0.1005
  Batch [17440/35627] - Loss: 0.1005
  Batch [17450/35627] - Loss: 0.1005
  Batch [17460/35627] - Loss: 0.1005
  Batch [17470/35627] - Loss: 0.1005
  Batch [17480/35627] - Loss: 0.1006
  Batch [17490/35627] - Loss: 0.1005
  Batch [17500/35627] - Loss: 0.1005
  Batch [17510/35627] - Loss: 0.1006
  Batch [17520/35627] - Loss: 0.1006
  Batch [17530/35627] - Loss: 0.1006
  Batch [17540/35627] - Loss: 0.1006
  Batch [17550/35627] - Loss: 0.1006
  Batch [17560/35627] - Loss: 0.1005
  Batch [17570/35627] - Loss: 0.1005
  Batch [17580/35627] - Loss: 0.1005
  Batch [17590/35627] - Loss: 0.1005
  Batch [17600/35627] - Loss: 0.1005
  Batch [17610/35627] - Loss: 0.1005
  Batch [17620/35627] - Loss: 0.1005
  Batch [17630/35627] - Loss: 0.1005
  Batch [17640/35627] - Loss: 0.1005
  Batch [17650/35627] - Loss: 0.1005
  Batch [17660/35627] - Loss: 0.1005
  Batch [17670/35627] - Loss: 0.1005
  Batch [17680/35627] - Loss: 0.1005
  Batch [17690/35627] - Loss: 0.1006
  Batch [17700/35627] - Loss: 0.1005
  Batch [17710/35627] - Loss: 0.1005
  Batch [17720/35627] - Loss: 0.1005
  Batch [17730/35627] - Loss: 0.1005
  Batch [17740/35627] - Loss: 0.1006
  Batch [17750/35627] - Loss: 0.1006
  Batch [17760/35627] - Loss: 0.1006
  Batch [17770/35627] - Loss: 0.1006
  Batch [17780/35627] - Loss: 0.1006
  Batch [17790/35627] - Loss: 0.1006
  Batch [17800/35627] - Loss: 0.1006
  Batch [17810/35627] - Loss: 0.1006
  Batch [17820/35627] - Loss: 0.1006
  Batch [17830/35627] - Loss: 0.1006
  Batch [17840/35627] - Loss: 0.1006
  Batch [17850/35627] - Loss: 0.1005
  Batch [17860/35627] - Loss: 0.1005
  Batch [17870/35627] - Loss: 0.1005
  Batch [17880/35627] - Loss: 0.1005
  Batch [17890/35627] - Loss: 0.1005
  Batch [17900/35627] - Loss: 0.1005
  Batch [17910/35627] - Loss: 0.1005
  Batch [17920/35627] - Loss: 0.1005
  Batch [17930/35627] - Loss: 0.1006
  Batch [17940/35627] - Loss: 0.1005
  Batch [17950/35627] - Loss: 0.1005
  Batch [17960/35627] - Loss: 0.1005
  Batch [17970/35627] - Loss: 0.1005
  Batch [17980/35627] - Loss: 0.1005
  Batch [17990/35627] - Loss: 0.1005
  Batch [18000/35627] - Loss: 0.1005
  Batch [18010/35627] - Loss: 0.1005
  Batch [18020/35627] - Loss: 0.1005
  Batch [18030/35627] - Loss: 0.1005
  Batch [18040/35627] - Loss: 0.1005
  Batch [18050/35627] - Loss: 0.1005
  Batch [18060/35627] - Loss: 0.1005
  Batch [18070/35627] - Loss: 0.1005
  Batch [18080/35627] - Loss: 0.1006
  Batch [18090/35627] - Loss: 0.1006
  Batch [18100/35627] - Loss: 0.1005
  Batch [18110/35627] - Loss: 0.1006
  Batch [18120/35627] - Loss: 0.1006
  Batch [18130/35627] - Loss: 0.1006
  Batch [18140/35627] - Loss: 0.1006
  Batch [18150/35627] - Loss: 0.1006
  Batch [18160/35627] - Loss: 0.1006
  Batch [18170/35627] - Loss: 0.1006
  Batch [18180/35627] - Loss: 0.1006
  Batch [18190/35627] - Loss: 0.1006
  Batch [18200/35627] - Loss: 0.1006
  Batch [18210/35627] - Loss: 0.1006
  Batch [18220/35627] - Loss: 0.1006
  Batch [18230/35627] - Loss: 0.1005
  Batch [18240/35627] - Loss: 0.1005
  Batch [18250/35627] - Loss: 0.1005
  Batch [18260/35627] - Loss: 0.1005
  Batch [18270/35627] - Loss: 0.1005
  Batch [18280/35627] - Loss: 0.1005
  Batch [18290/35627] - Loss: 0.1005
  Batch [18300/35627] - Loss: 0.1005
  Batch [18310/35627] - Loss: 0.1005
  Batch [18320/35627] - Loss: 0.1005
  Batch [18330/35627] - Loss: 0.1005
  Batch [18340/35627] - Loss: 0.1005
  Batch [18350/35627] - Loss: 0.1005
  Batch [18360/35627] - Loss: 0.1005
  Batch [18370/35627] - Loss: 0.1005
  Batch [18380/35627] - Loss: 0.1005
  Batch [18390/35627] - Loss: 0.1005
  Batch [18400/35627] - Loss: 0.1005
  Batch [18410/35627] - Loss: 0.1005
  Batch [18420/35627] - Loss: 0.1005
  Batch [18430/35627] - Loss: 0.1005
  Batch [18440/35627] - Loss: 0.1005
  Batch [18450/35627] - Loss: 0.1005
  Batch [18460/35627] - Loss: 0.1005
  Batch [18470/35627] - Loss: 0.1005
  Batch [18480/35627] - Loss: 0.1005
  Batch [18490/35627] - Loss: 0.1005
  Batch [18500/35627] - Loss: 0.1005
  Batch [18510/35627] - Loss: 0.1005
  Batch [18520/35627] - Loss: 0.1005
  Batch [18530/35627] - Loss: 0.1005
  Batch [18540/35627] - Loss: 0.1005
  Batch [18550/35627] - Loss: 0.1005
  Batch [18560/35627] - Loss: 0.1005
  Batch [18570/35627] - Loss: 0.1005
  Batch [18580/35627] - Loss: 0.1005
  Batch [18590/35627] - Loss: 0.1005
  Batch [18600/35627] - Loss: 0.1005
  Batch [18610/35627] - Loss: 0.1005
  Batch [18620/35627] - Loss: 0.1005
  Batch [18630/35627] - Loss: 0.1005
  Batch [18640/35627] - Loss: 0.1005
  Batch [18650/35627] - Loss: 0.1005
  Batch [18660/35627] - Loss: 0.1005
  Batch [18670/35627] - Loss: 0.1005
  Batch [18680/35627] - Loss: 0.1005
  Batch [18690/35627] - Loss: 0.1005
  Batch [18700/35627] - Loss: 0.1005
  Batch [18710/35627] - Loss: 0.1005
  Batch [18720/35627] - Loss: 0.1005
  Batch [18730/35627] - Loss: 0.1005
  Batch [18740/35627] - Loss: 0.1005
  Batch [18750/35627] - Loss: 0.1005
  Batch [18760/35627] - Loss: 0.1005
  Batch [18770/35627] - Loss: 0.1005
  Batch [18780/35627] - Loss: 0.1005
  Batch [18790/35627] - Loss: 0.1005
  Batch [18800/35627] - Loss: 0.1005
  Batch [18810/35627] - Loss: 0.1005
  Batch [18820/35627] - Loss: 0.1005
  Batch [18830/35627] - Loss: 0.1005
  Batch [18840/35627] - Loss: 0.1005
  Batch [18850/35627] - Loss: 0.1005
  Batch [18860/35627] - Loss: 0.1005
  Batch [18870/35627] - Loss: 0.1005
  Batch [18880/35627] - Loss: 0.1005
  Batch [18890/35627] - Loss: 0.1005
  Batch [18900/35627] - Loss: 0.1005
  Batch [18910/35627] - Loss: 0.1004
  Batch [18920/35627] - Loss: 0.1004
  Batch [18930/35627] - Loss: 0.1004
  Batch [18940/35627] - Loss: 0.1004
  Batch [18950/35627] - Loss: 0.1004
  Batch [18960/35627] - Loss: 0.1004
  Batch [18970/35627] - Loss: 0.1004
  Batch [18980/35627] - Loss: 0.1004
  Batch [18990/35627] - Loss: 0.1004
  Batch [19000/35627] - Loss: 0.1004
  Batch [19010/35627] - Loss: 0.1004
  Batch [19020/35627] - Loss: 0.1004
  Batch [19030/35627] - Loss: 0.1004
  Batch [19040/35627] - Loss: 0.1004
  Batch [19050/35627] - Loss: 0.1004
  Batch [19060/35627] - Loss: 0.1004
  Batch [19070/35627] - Loss: 0.1004
  Batch [19080/35627] - Loss: 0.1004
  Batch [19090/35627] - Loss: 0.1004
  Batch [19100/35627] - Loss: 0.1004
  Batch [19110/35627] - Loss: 0.1004
  Batch [19120/35627] - Loss: 0.1004
  Batch [19130/35627] - Loss: 0.1004
  Batch [19140/35627] - Loss: 0.1004
  Batch [19150/35627] - Loss: 0.1005
  Batch [19160/35627] - Loss: 0.1005
  Batch [19170/35627] - Loss: 0.1005
  Batch [19180/35627] - Loss: 0.1005
  Batch [19190/35627] - Loss: 0.1004
  Batch [19200/35627] - Loss: 0.1005
  Batch [19210/35627] - Loss: 0.1005
  Batch [19220/35627] - Loss: 0.1004
  Batch [19230/35627] - Loss: 0.1004
  Batch [19240/35627] - Loss: 0.1005
  Batch [19250/35627] - Loss: 0.1005
  Batch [19260/35627] - Loss: 0.1005
  Batch [19270/35627] - Loss: 0.1004
  Batch [19280/35627] - Loss: 0.1005
  Batch [19290/35627] - Loss: 0.1004
  Batch [19300/35627] - Loss: 0.1004
  Batch [19310/35627] - Loss: 0.1004
  Batch [19320/35627] - Loss: 0.1005
  Batch [19330/35627] - Loss: 0.1004
  Batch [19340/35627] - Loss: 0.1004
  Batch [19350/35627] - Loss: 0.1004
  Batch [19360/35627] - Loss: 0.1004
  Batch [19370/35627] - Loss: 0.1004
  Batch [19380/35627] - Loss: 0.1004
  Batch [19390/35627] - Loss: 0.1004
  Batch [19400/35627] - Loss: 0.1004
  Batch [19410/35627] - Loss: 0.1004
  Batch [19420/35627] - Loss: 0.1004
  Batch [19430/35627] - Loss: 0.1004
  Batch [19440/35627] - Loss: 0.1004
  Batch [19450/35627] - Loss: 0.1004
  Batch [19460/35627] - Loss: 0.1004
  Batch [19470/35627] - Loss: 0.1004
  Batch [19480/35627] - Loss: 0.1004
  Batch [19490/35627] - Loss: 0.1004
  Batch [19500/35627] - Loss: 0.1004
  Batch [19510/35627] - Loss: 0.1004
  Batch [19520/35627] - Loss: 0.1004
  Batch [19530/35627] - Loss: 0.1004
  Batch [19540/35627] - Loss: 0.1004
  Batch [19550/35627] - Loss: 0.1004
  Batch [19560/35627] - Loss: 0.1004
  Batch [19570/35627] - Loss: 0.1004
  Batch [19580/35627] - Loss: 0.1004
  Batch [19590/35627] - Loss: 0.1004
  Batch [19600/35627] - Loss: 0.1004
  Batch [19610/35627] - Loss: 0.1004
  Batch [19620/35627] - Loss: 0.1004
  Batch [19630/35627] - Loss: 0.1004
  Batch [19640/35627] - Loss: 0.1004
  Batch [19650/35627] - Loss: 0.1004
  Batch [19660/35627] - Loss: 0.1004
  Batch [19670/35627] - Loss: 0.1004
  Batch [19680/35627] - Loss: 0.1004
  Batch [19690/35627] - Loss: 0.1004
  Batch [19700/35627] - Loss: 0.1004
  Batch [19710/35627] - Loss: 0.1004
  Batch [19720/35627] - Loss: 0.1004
  Batch [19730/35627] - Loss: 0.1004
  Batch [19740/35627] - Loss: 0.1004
  Batch [19750/35627] - Loss: 0.1004
  Batch [19760/35627] - Loss: 0.1004
  Batch [19770/35627] - Loss: 0.1004
  Batch [19780/35627] - Loss: 0.1003
  Batch [19790/35627] - Loss: 0.1003
  Batch [19800/35627] - Loss: 0.1004
  Batch [19810/35627] - Loss: 0.1004
  Batch [19820/35627] - Loss: 0.1003
  Batch [19830/35627] - Loss: 0.1004
  Batch [19840/35627] - Loss: 0.1003
  Batch [19850/35627] - Loss: 0.1003
  Batch [19860/35627] - Loss: 0.1003
  Batch [19870/35627] - Loss: 0.1003
  Batch [19880/35627] - Loss: 0.1003
  Batch [19890/35627] - Loss: 0.1003
  Batch [19900/35627] - Loss: 0.1003
  Batch [19910/35627] - Loss: 0.1003
  Batch [19920/35627] - Loss: 0.1003
  Batch [19930/35627] - Loss: 0.1003
  Batch [19940/35627] - Loss: 0.1003
  Batch [19950/35627] - Loss: 0.1003
  Batch [19960/35627] - Loss: 0.1003
  Batch [19970/35627] - Loss: 0.1003
  Batch [19980/35627] - Loss: 0.1003
  Batch [19990/35627] - Loss: 0.1003
  Batch [20000/35627] - Loss: 0.1003
  Batch [20010/35627] - Loss: 0.1003
  Batch [20020/35627] - Loss: 0.1003
  Batch [20030/35627] - Loss: 0.1003
  Batch [20040/35627] - Loss: 0.1003
  Batch [20050/35627] - Loss: 0.1003
  Batch [20060/35627] - Loss: 0.1003
  Batch [20070/35627] - Loss: 0.1003
  Batch [20080/35627] - Loss: 0.1003
  Batch [20090/35627] - Loss: 0.1003
  Batch [20100/35627] - Loss: 0.1003
  Batch [20110/35627] - Loss: 0.1003
  Batch [20120/35627] - Loss: 0.1003
  Batch [20130/35627] - Loss: 0.1003
  Batch [20140/35627] - Loss: 0.1003
  Batch [20150/35627] - Loss: 0.1003
  Batch [20160/35627] - Loss: 0.1003
  Batch [20170/35627] - Loss: 0.1003
  Batch [20180/35627] - Loss: 0.1003
  Batch [20190/35627] - Loss: 0.1003
  Batch [20200/35627] - Loss: 0.1003
  Batch [20210/35627] - Loss: 0.1003
  Batch [20220/35627] - Loss: 0.1003
  Batch [20230/35627] - Loss: 0.1003
  Batch [20240/35627] - Loss: 0.1004
  Batch [20250/35627] - Loss: 0.1003
  Batch [20260/35627] - Loss: 0.1003
  Batch [20270/35627] - Loss: 0.1004
  Batch [20280/35627] - Loss: 0.1004
  Batch [20290/35627] - Loss: 0.1004
  Batch [20300/35627] - Loss: 0.1003
  Batch [20310/35627] - Loss: 0.1003
  Batch [20320/35627] - Loss: 0.1003
  Batch [20330/35627] - Loss: 0.1003
  Batch [20340/35627] - Loss: 0.1003
  Batch [20350/35627] - Loss: 0.1003
  Batch [20360/35627] - Loss: 0.1003
  Batch [20370/35627] - Loss: 0.1003
  Batch [20380/35627] - Loss: 0.1003
  Batch [20390/35627] - Loss: 0.1003
  Batch [20400/35627] - Loss: 0.1003
  Batch [20410/35627] - Loss: 0.1003
  Batch [20420/35627] - Loss: 0.1003
  Batch [20430/35627] - Loss: 0.1003
  Batch [20440/35627] - Loss: 0.1003
  Batch [20450/35627] - Loss: 0.1003
  Batch [20460/35627] - Loss: 0.1003
  Batch [20470/35627] - Loss: 0.1003
  Batch [20480/35627] - Loss: 0.1003
  Batch [20490/35627] - Loss: 0.1003
  Batch [20500/35627] - Loss: 0.1004
  Batch [20510/35627] - Loss: 0.1003
  Batch [20520/35627] - Loss: 0.1004
  Batch [20530/35627] - Loss: 0.1004
  Batch [20540/35627] - Loss: 0.1003
  Batch [20550/35627] - Loss: 0.1003
  Batch [20560/35627] - Loss: 0.1003
  Batch [20570/35627] - Loss: 0.1003
  Batch [20580/35627] - Loss: 0.1003
  Batch [20590/35627] - Loss: 0.1003
  Batch [20600/35627] - Loss: 0.1003
  Batch [20610/35627] - Loss: 0.1003
  Batch [20620/35627] - Loss: 0.1003
  Batch [20630/35627] - Loss: 0.1003
  Batch [20640/35627] - Loss: 0.1003
  Batch [20650/35627] - Loss: 0.1003
  Batch [20660/35627] - Loss: 0.1003
  Batch [20670/35627] - Loss: 0.1003
  Batch [20680/35627] - Loss: 0.1003
  Batch [20690/35627] - Loss: 0.1003
  Batch [20700/35627] - Loss: 0.1003
  Batch [20710/35627] - Loss: 0.1003
  Batch [20720/35627] - Loss: 0.1003
  Batch [20730/35627] - Loss: 0.1003
  Batch [20740/35627] - Loss: 0.1003
  Batch [20750/35627] - Loss: 0.1003
  Batch [20760/35627] - Loss: 0.1003
  Batch [20770/35627] - Loss: 0.1003
  Batch [20780/35627] - Loss: 0.1003
  Batch [20790/35627] - Loss: 0.1003
  Batch [20800/35627] - Loss: 0.1003
  Batch [20810/35627] - Loss: 0.1003
  Batch [20820/35627] - Loss: 0.1003
  Batch [20830/35627] - Loss: 0.1003
  Batch [20840/35627] - Loss: 0.1003
  Batch [20850/35627] - Loss: 0.1003
  Batch [20860/35627] - Loss: 0.1003
  Batch [20870/35627] - Loss: 0.1003
  Batch [20880/35627] - Loss: 0.1003
  Batch [20890/35627] - Loss: 0.1003
  Batch [20900/35627] - Loss: 0.1003
  Batch [20910/35627] - Loss: 0.1003
  Batch [20920/35627] - Loss: 0.1003
  Batch [20930/35627] - Loss: 0.1003
  Batch [20940/35627] - Loss: 0.1003
  Batch [20950/35627] - Loss: 0.1003
  Batch [20960/35627] - Loss: 0.1003
  Batch [20970/35627] - Loss: 0.1003
  Batch [20980/35627] - Loss: 0.1003
  Batch [20990/35627] - Loss: 0.1003
  Batch [21000/35627] - Loss: 0.1003
  Batch [21010/35627] - Loss: 0.1003
  Batch [21020/35627] - Loss: 0.1003
  Batch [21030/35627] - Loss: 0.1003
  Batch [21040/35627] - Loss: 0.1003
  Batch [21050/35627] - Loss: 0.1003
  Batch [21060/35627] - Loss: 0.1003
  Batch [21070/35627] - Loss: 0.1003
  Batch [21080/35627] - Loss: 0.1003
  Batch [21090/35627] - Loss: 0.1003
  Batch [21100/35627] - Loss: 0.1003
  Batch [21110/35627] - Loss: 0.1003
  Batch [21120/35627] - Loss: 0.1003
  Batch [21130/35627] - Loss: 0.1003
  Batch [21140/35627] - Loss: 0.1003
  Batch [21150/35627] - Loss: 0.1003
  Batch [21160/35627] - Loss: 0.1003
  Batch [21170/35627] - Loss: 0.1003
  Batch [21180/35627] - Loss: 0.1003
  Batch [21190/35627] - Loss: 0.1003
  Batch [21200/35627] - Loss: 0.1003
  Batch [21210/35627] - Loss: 0.1003
  Batch [21220/35627] - Loss: 0.1003
  Batch [21230/35627] - Loss: 0.1003
  Batch [21240/35627] - Loss: 0.1002
  Batch [21250/35627] - Loss: 0.1002
  Batch [21260/35627] - Loss: 0.1002
  Batch [21270/35627] - Loss: 0.1002
  Batch [21280/35627] - Loss: 0.1002
  Batch [21290/35627] - Loss: 0.1003
  Batch [21300/35627] - Loss: 0.1002
  Batch [21310/35627] - Loss: 0.1002
  Batch [21320/35627] - Loss: 0.1002
  Batch [21330/35627] - Loss: 0.1002
  Batch [21340/35627] - Loss: 0.1002
  Batch [21350/35627] - Loss: 0.1002
  Batch [21360/35627] - Loss: 0.1002
  Batch [21370/35627] - Loss: 0.1002
  Batch [21380/35627] - Loss: 0.1002
  Batch [21390/35627] - Loss: 0.1002
  Batch [21400/35627] - Loss: 0.1002
  Batch [21410/35627] - Loss: 0.1002
  Batch [21420/35627] - Loss: 0.1003
  Batch [21430/35627] - Loss: 0.1002
  Batch [21440/35627] - Loss: 0.1002
  Batch [21450/35627] - Loss: 0.1002
  Batch [21460/35627] - Loss: 0.1002
  Batch [21470/35627] - Loss: 0.1002
  Batch [21480/35627] - Loss: 0.1002
  Batch [21490/35627] - Loss: 0.1002
  Batch [21500/35627] - Loss: 0.1002
  Batch [21510/35627] - Loss: 0.1002
  Batch [21520/35627] - Loss: 0.1002
  Batch [21530/35627] - Loss: 0.1002
  Batch [21540/35627] - Loss: 0.1002
  Batch [21550/35627] - Loss: 0.1002
  Batch [21560/35627] - Loss: 0.1002
  Batch [21570/35627] - Loss: 0.1002
  Batch [21580/35627] - Loss: 0.1002
  Batch [21590/35627] - Loss: 0.1002
  Batch [21600/35627] - Loss: 0.1002
  Batch [21610/35627] - Loss: 0.1002
  Batch [21620/35627] - Loss: 0.1002
  Batch [21630/35627] - Loss: 0.1002
  Batch [21640/35627] - Loss: 0.1002
  Batch [21650/35627] - Loss: 0.1002
  Batch [21660/35627] - Loss: 0.1003
  Batch [21670/35627] - Loss: 0.1002
  Batch [21680/35627] - Loss: 0.1002
  Batch [21690/35627] - Loss: 0.1002
  Batch [21700/35627] - Loss: 0.1002
  Batch [21710/35627] - Loss: 0.1002
  Batch [21720/35627] - Loss: 0.1002
  Batch [21730/35627] - Loss: 0.1002
  Batch [21740/35627] - Loss: 0.1002
  Batch [21750/35627] - Loss: 0.1002
  Batch [21760/35627] - Loss: 0.1002
  Batch [21770/35627] - Loss: 0.1002
  Batch [21780/35627] - Loss: 0.1002
  Batch [21790/35627] - Loss: 0.1002
  Batch [21800/35627] - Loss: 0.1002
  Batch [21810/35627] - Loss: 0.1002
  Batch [21820/35627] - Loss: 0.1002
  Batch [21830/35627] - Loss: 0.1002
  Batch [21840/35627] - Loss: 0.1002
  Batch [21850/35627] - Loss: 0.1002
  Batch [21860/35627] - Loss: 0.1002
  Batch [21870/35627] - Loss: 0.1001
  Batch [21880/35627] - Loss: 0.1001
  Batch [21890/35627] - Loss: 0.1001
  Batch [21900/35627] - Loss: 0.1002
  Batch [21910/35627] - Loss: 0.1002
  Batch [21920/35627] - Loss: 0.1002
  Batch [21930/35627] - Loss: 0.1002
  Batch [21940/35627] - Loss: 0.1002
  Batch [21950/35627] - Loss: 0.1002
  Batch [21960/35627] - Loss: 0.1002
  Batch [21970/35627] - Loss: 0.1002
  Batch [21980/35627] - Loss: 0.1002
  Batch [21990/35627] - Loss: 0.1002
  Batch [22000/35627] - Loss: 0.1002
  Batch [22010/35627] - Loss: 0.1002
  Batch [22020/35627] - Loss: 0.1002
  Batch [22030/35627] - Loss: 0.1002
  Batch [22040/35627] - Loss: 0.1002
  Batch [22050/35627] - Loss: 0.1002
  Batch [22060/35627] - Loss: 0.1002
  Batch [22070/35627] - Loss: 0.1002
  Batch [22080/35627] - Loss: 0.1002
  Batch [22090/35627] - Loss: 0.1002
  Batch [22100/35627] - Loss: 0.1002
  Batch [22110/35627] - Loss: 0.1002
  Batch [22120/35627] - Loss: 0.1002
  Batch [22130/35627] - Loss: 0.1002
  Batch [22140/35627] - Loss: 0.1002
  Batch [22150/35627] - Loss: 0.1002
  Batch [22160/35627] - Loss: 0.1002
  Batch [22170/35627] - Loss: 0.1002
  Batch [22180/35627] - Loss: 0.1002
  Batch [22190/35627] - Loss: 0.1002
  Batch [22200/35627] - Loss: 0.1002
  Batch [22210/35627] - Loss: 0.1002
  Batch [22220/35627] - Loss: 0.1002
  Batch [22230/35627] - Loss: 0.1002
  Batch [22240/35627] - Loss: 0.1002
  Batch [22250/35627] - Loss: 0.1002
  Batch [22260/35627] - Loss: 0.1002
  Batch [22270/35627] - Loss: 0.1003
  Batch [22280/35627] - Loss: 0.1003
  Batch [22290/35627] - Loss: 0.1003
  Batch [22300/35627] - Loss: 0.1003
  Batch [22310/35627] - Loss: 0.1002
  Batch [22320/35627] - Loss: 0.1003
  Batch [22330/35627] - Loss: 0.1003
  Batch [22340/35627] - Loss: 0.1003
  Batch [22350/35627] - Loss: 0.1003
  Batch [22360/35627] - Loss: 0.1003
  Batch [22370/35627] - Loss: 0.1003
  Batch [22380/35627] - Loss: 0.1003
  Batch [22390/35627] - Loss: 0.1002
  Batch [22400/35627] - Loss: 0.1002
  Batch [22410/35627] - Loss: 0.1002
  Batch [22420/35627] - Loss: 0.1002
  Batch [22430/35627] - Loss: 0.1002
  Batch [22440/35627] - Loss: 0.1002
  Batch [22450/35627] - Loss: 0.1002
  Batch [22460/35627] - Loss: 0.1002
  Batch [22470/35627] - Loss: 0.1002
  Batch [22480/35627] - Loss: 0.1002
  Batch [22490/35627] - Loss: 0.1002
  Batch [22500/35627] - Loss: 0.1003
  Batch [22510/35627] - Loss: 0.1003
  Batch [22520/35627] - Loss: 0.1003
  Batch [22530/35627] - Loss: 0.1003
  Batch [22540/35627] - Loss: 0.1003
  Batch [22550/35627] - Loss: 0.1003
  Batch [22560/35627] - Loss: 0.1003
  Batch [22570/35627] - Loss: 0.1003
  Batch [22580/35627] - Loss: 0.1003
  Batch [22590/35627] - Loss: 0.1002
  Batch [22600/35627] - Loss: 0.1003
  Batch [22610/35627] - Loss: 0.1002
  Batch [22620/35627] - Loss: 0.1003
  Batch [22630/35627] - Loss: 0.1003
  Batch [22640/35627] - Loss: 0.1003
  Batch [22650/35627] - Loss: 0.1003
  Batch [22660/35627] - Loss: 0.1002
  Batch [22670/35627] - Loss: 0.1002
  Batch [22680/35627] - Loss: 0.1002
  Batch [22690/35627] - Loss: 0.1002
  Batch [22700/35627] - Loss: 0.1002
  Batch [22710/35627] - Loss: 0.1002
  Batch [22720/35627] - Loss: 0.1002
  Batch [22730/35627] - Loss: 0.1002
  Batch [22740/35627] - Loss: 0.1002
  Batch [22750/35627] - Loss: 0.1003
  Batch [22760/35627] - Loss: 0.1002
  Batch [22770/35627] - Loss: 0.1002
  Batch [22780/35627] - Loss: 0.1002
  Batch [22790/35627] - Loss: 0.1002
  Batch [22800/35627] - Loss: 0.1002
  Batch [22810/35627] - Loss: 0.1003
  Batch [22820/35627] - Loss: 0.1003
  Batch [22830/35627] - Loss: 0.1003
  Batch [22840/35627] - Loss: 0.1003
  Batch [22850/35627] - Loss: 0.1003
  Batch [22860/35627] - Loss: 0.1003
  Batch [22870/35627] - Loss: 0.1002
  Batch [22880/35627] - Loss: 0.1002
  Batch [22890/35627] - Loss: 0.1002
  Batch [22900/35627] - Loss: 0.1002
  Batch [22910/35627] - Loss: 0.1003
  Batch [22920/35627] - Loss: 0.1003
  Batch [22930/35627] - Loss: 0.1003
  Batch [22940/35627] - Loss: 0.1003
  Batch [22950/35627] - Loss: 0.1003
  Batch [22960/35627] - Loss: 0.1003
  Batch [22970/35627] - Loss: 0.1003
  Batch [22980/35627] - Loss: 0.1003
  Batch [22990/35627] - Loss: 0.1003
  Batch [23000/35627] - Loss: 0.1003
  Batch [23010/35627] - Loss: 0.1002
  Batch [23020/35627] - Loss: 0.1002
  Batch [23030/35627] - Loss: 0.1003
  Batch [23040/35627] - Loss: 0.1003
  Batch [23050/35627] - Loss: 0.1003
  Batch [23060/35627] - Loss: 0.1003
  Batch [23070/35627] - Loss: 0.1003
  Batch [23080/35627] - Loss: 0.1003
  Batch [23090/35627] - Loss: 0.1003
  Batch [23100/35627] - Loss: 0.1003
  Batch [23110/35627] - Loss: 0.1003
  Batch [23120/35627] - Loss: 0.1003
  Batch [23130/35627] - Loss: 0.1003
  Batch [23140/35627] - Loss: 0.1003
  Batch [23150/35627] - Loss: 0.1003
  Batch [23160/35627] - Loss: 0.1003
  Batch [23170/35627] - Loss: 0.1003
  Batch [23180/35627] - Loss: 0.1003
  Batch [23190/35627] - Loss: 0.1003
  Batch [23200/35627] - Loss: 0.1003
  Batch [23210/35627] - Loss: 0.1003
  Batch [23220/35627] - Loss: 0.1003
  Batch [23230/35627] - Loss: 0.1003
  Batch [23240/35627] - Loss: 0.1003
  Batch [23250/35627] - Loss: 0.1003
  Batch [23260/35627] - Loss: 0.1003
  Batch [23270/35627] - Loss: 0.1003
  Batch [23280/35627] - Loss: 0.1003
  Batch [23290/35627] - Loss: 0.1003
  Batch [23300/35627] - Loss: 0.1003
  Batch [23310/35627] - Loss: 0.1003
  Batch [23320/35627] - Loss: 0.1003
  Batch [23330/35627] - Loss: 0.1003
  Batch [23340/35627] - Loss: 0.1003
  Batch [23350/35627] - Loss: 0.1003
  Batch [23360/35627] - Loss: 0.1003
  Batch [23370/35627] - Loss: 0.1003
  Batch [23380/35627] - Loss: 0.1003
  Batch [23390/35627] - Loss: 0.1004
  Batch [23400/35627] - Loss: 0.1004
  Batch [23410/35627] - Loss: 0.1004
  Batch [23420/35627] - Loss: 0.1004
  Batch [23430/35627] - Loss: 0.1004
  Batch [23440/35627] - Loss: 0.1004
  Batch [23450/35627] - Loss: 0.1004
  Batch [23460/35627] - Loss: 0.1004
  Batch [23470/35627] - Loss: 0.1004
  Batch [23480/35627] - Loss: 0.1004
  Batch [23490/35627] - Loss: 0.1004
  Batch [23500/35627] - Loss: 0.1004
  Batch [23510/35627] - Loss: 0.1004
  Batch [23520/35627] - Loss: 0.1004
  Batch [23530/35627] - Loss: 0.1004
  Batch [23540/35627] - Loss: 0.1003
  Batch [23550/35627] - Loss: 0.1004
  Batch [23560/35627] - Loss: 0.1004
  Batch [23570/35627] - Loss: 0.1004
  Batch [23580/35627] - Loss: 0.1004
  Batch [23590/35627] - Loss: 0.1004
  Batch [23600/35627] - Loss: 0.1004
  Batch [23610/35627] - Loss: 0.1003
  Batch [23620/35627] - Loss: 0.1003
  Batch [23630/35627] - Loss: 0.1003
  Batch [23640/35627] - Loss: 0.1004
  Batch [23650/35627] - Loss: 0.1004
  Batch [23660/35627] - Loss: 0.1004
  Batch [23670/35627] - Loss: 0.1004
  Batch [23680/35627] - Loss: 0.1004
  Batch [23690/35627] - Loss: 0.1004
  Batch [23700/35627] - Loss: 0.1004
  Batch [23710/35627] - Loss: 0.1004
  Batch [23720/35627] - Loss: 0.1004
  Batch [23730/35627] - Loss: 0.1004
  Batch [23740/35627] - Loss: 0.1004
  Batch [23750/35627] - Loss: 0.1004
  Batch [23760/35627] - Loss: 0.1004
  Batch [23770/35627] - Loss: 0.1003
  Batch [23780/35627] - Loss: 0.1003
  Batch [23790/35627] - Loss: 0.1003
  Batch [23800/35627] - Loss: 0.1004
  Batch [23810/35627] - Loss: 0.1004
  Batch [23820/35627] - Loss: 0.1003
  Batch [23830/35627] - Loss: 0.1004
  Batch [23840/35627] - Loss: 0.1003
  Batch [23850/35627] - Loss: 0.1004
  Batch [23860/35627] - Loss: 0.1004
  Batch [23870/35627] - Loss: 0.1003
  Batch [23880/35627] - Loss: 0.1003
  Batch [23890/35627] - Loss: 0.1003
  Batch [23900/35627] - Loss: 0.1003
  Batch [23910/35627] - Loss: 0.1003
  Batch [23920/35627] - Loss: 0.1003
  Batch [23930/35627] - Loss: 0.1003
  Batch [23940/35627] - Loss: 0.1003
  Batch [23950/35627] - Loss: 0.1003
  Batch [23960/35627] - Loss: 0.1003
  Batch [23970/35627] - Loss: 0.1003
  Batch [23980/35627] - Loss: 0.1003
  Batch [23990/35627] - Loss: 0.1003
  Batch [24000/35627] - Loss: 0.1003
  Batch [24010/35627] - Loss: 0.1003
  Batch [24020/35627] - Loss: 0.1003
  Batch [24030/35627] - Loss: 0.1003
  Batch [24040/35627] - Loss: 0.1003
  Batch [24050/35627] - Loss: 0.1003
  Batch [24060/35627] - Loss: 0.1003
  Batch [24070/35627] - Loss: 0.1003
  Batch [24080/35627] - Loss: 0.1003
  Batch [24090/35627] - Loss: 0.1003
  Batch [24100/35627] - Loss: 0.1003
  Batch [24110/35627] - Loss: 0.1003
  Batch [24120/35627] - Loss: 0.1003
  Batch [24130/35627] - Loss: 0.1003
  Batch [24140/35627] - Loss: 0.1003
  Batch [24150/35627] - Loss: 0.1003
  Batch [24160/35627] - Loss: 0.1002
  Batch [24170/35627] - Loss: 0.1002
  Batch [24180/35627] - Loss: 0.1002
  Batch [24190/35627] - Loss: 0.1002
  Batch [24200/35627] - Loss: 0.1002
  Batch [24210/35627] - Loss: 0.1002
  Batch [24220/35627] - Loss: 0.1002
  Batch [24230/35627] - Loss: 0.1002
  Batch [24240/35627] - Loss: 0.1002
  Batch [24250/35627] - Loss: 0.1002
  Batch [24260/35627] - Loss: 0.1002
  Batch [24270/35627] - Loss: 0.1002
  Batch [24280/35627] - Loss: 0.1002
  Batch [24290/35627] - Loss: 0.1002
  Batch [24300/35627] - Loss: 0.1002
  Batch [24310/35627] - Loss: 0.1002
  Batch [24320/35627] - Loss: 0.1002
  Batch [24330/35627] - Loss: 0.1002
  Batch [24340/35627] - Loss: 0.1002
  Batch [24350/35627] - Loss: 0.1002
  Batch [24360/35627] - Loss: 0.1002
  Batch [24370/35627] - Loss: 0.1002
  Batch [24380/35627] - Loss: 0.1002
  Batch [24390/35627] - Loss: 0.1002
  Batch [24400/35627] - Loss: 0.1002
  Batch [24410/35627] - Loss: 0.1002
  Batch [24420/35627] - Loss: 0.1002
  Batch [24430/35627] - Loss: 0.1002
  Batch [24440/35627] - Loss: 0.1002
  Batch [24450/35627] - Loss: 0.1002
  Batch [24460/35627] - Loss: 0.1002
  Batch [24470/35627] - Loss: 0.1002
  Batch [24480/35627] - Loss: 0.1002
  Batch [24490/35627] - Loss: 0.1002
  Batch [24500/35627] - Loss: 0.1002
  Batch [24510/35627] - Loss: 0.1002
  Batch [24520/35627] - Loss: 0.1002
  Batch [24530/35627] - Loss: 0.1002
  Batch [24540/35627] - Loss: 0.1002
  Batch [24550/35627] - Loss: 0.1002
  Batch [24560/35627] - Loss: 0.1002
  Batch [24570/35627] - Loss: 0.1002
  Batch [24580/35627] - Loss: 0.1002
  Batch [24590/35627] - Loss: 0.1002
  Batch [24600/35627] - Loss: 0.1002
  Batch [24610/35627] - Loss: 0.1002
  Batch [24620/35627] - Loss: 0.1002
  Batch [24630/35627] - Loss: 0.1002
  Batch [24640/35627] - Loss: 0.1002
  Batch [24650/35627] - Loss: 0.1002
  Batch [24660/35627] - Loss: 0.1002
  Batch [24670/35627] - Loss: 0.1002
  Batch [24680/35627] - Loss: 0.1002
  Batch [24690/35627] - Loss: 0.1002
  Batch [24700/35627] - Loss: 0.1002
  Batch [24710/35627] - Loss: 0.1002
  Batch [24720/35627] - Loss: 0.1002
  Batch [24730/35627] - Loss: 0.1002
  Batch [24740/35627] - Loss: 0.1002
  Batch [24750/35627] - Loss: 0.1002
  Batch [24760/35627] - Loss: 0.1002
  Batch [24770/35627] - Loss: 0.1002
  Batch [24780/35627] - Loss: 0.1002
  Batch [24790/35627] - Loss: 0.1002
  Batch [24800/35627] - Loss: 0.1002
  Batch [24810/35627] - Loss: 0.1002
  Batch [24820/35627] - Loss: 0.1002
  Batch [24830/35627] - Loss: 0.1002
  Batch [24840/35627] - Loss: 0.1002
  Batch [24850/35627] - Loss: 0.1002
  Batch [24860/35627] - Loss: 0.1002
  Batch [24870/35627] - Loss: 0.1002
  Batch [24880/35627] - Loss: 0.1002
  Batch [24890/35627] - Loss: 0.1002
  Batch [24900/35627] - Loss: 0.1002
  Batch [24910/35627] - Loss: 0.1002
  Batch [24920/35627] - Loss: 0.1002
  Batch [24930/35627] - Loss: 0.1001
  Batch [24940/35627] - Loss: 0.1002
  Batch [24950/35627] - Loss: 0.1002
  Batch [24960/35627] - Loss: 0.1002
  Batch [24970/35627] - Loss: 0.1002
  Batch [24980/35627] - Loss: 0.1002
  Batch [24990/35627] - Loss: 0.1002
  Batch [25000/35627] - Loss: 0.1002
  Batch [25010/35627] - Loss: 0.1002
  Batch [25020/35627] - Loss: 0.1002
  Batch [25030/35627] - Loss: 0.1002
  Batch [25040/35627] - Loss: 0.1002
  Batch [25050/35627] - Loss: 0.1002
  Batch [25060/35627] - Loss: 0.1002
  Batch [25070/35627] - Loss: 0.1002
  Batch [25080/35627] - Loss: 0.1002
  Batch [25090/35627] - Loss: 0.1002
  Batch [25100/35627] - Loss: 0.1002
  Batch [25110/35627] - Loss: 0.1002
  Batch [25120/35627] - Loss: 0.1002
  Batch [25130/35627] - Loss: 0.1002
  Batch [25140/35627] - Loss: 0.1002
  Batch [25150/35627] - Loss: 0.1002
  Batch [25160/35627] - Loss: 0.1002
  Batch [25170/35627] - Loss: 0.1002
  Batch [25180/35627] - Loss: 0.1002
  Batch [25190/35627] - Loss: 0.1002
  Batch [25200/35627] - Loss: 0.1002
  Batch [25210/35627] - Loss: 0.1002
  Batch [25220/35627] - Loss: 0.1002
  Batch [25230/35627] - Loss: 0.1002
  Batch [25240/35627] - Loss: 0.1002
  Batch [25250/35627] - Loss: 0.1002
  Batch [25260/35627] - Loss: 0.1002
  Batch [25270/35627] - Loss: 0.1002
  Batch [25280/35627] - Loss: 0.1002
  Batch [25290/35627] - Loss: 0.1002
  Batch [25300/35627] - Loss: 0.1002
  Batch [25310/35627] - Loss: 0.1002
  Batch [25320/35627] - Loss: 0.1002
  Batch [25330/35627] - Loss: 0.1002
  Batch [25340/35627] - Loss: 0.1002
  Batch [25350/35627] - Loss: 0.1002
  Batch [25360/35627] - Loss: 0.1002
  Batch [25370/35627] - Loss: 0.1002
  Batch [25380/35627] - Loss: 0.1002
  Batch [25390/35627] - Loss: 0.1002
  Batch [25400/35627] - Loss: 0.1002
  Batch [25410/35627] - Loss: 0.1002
  Batch [25420/35627] - Loss: 0.1003
  Batch [25430/35627] - Loss: 0.1003
  Batch [25440/35627] - Loss: 0.1003
  Batch [25450/35627] - Loss: 0.1003
  Batch [25460/35627] - Loss: 0.1003
  Batch [25470/35627] - Loss: 0.1003
  Batch [25480/35627] - Loss: 0.1003
  Batch [25490/35627] - Loss: 0.1003
  Batch [25500/35627] - Loss: 0.1003
  Batch [25510/35627] - Loss: 0.1003
  Batch [25520/35627] - Loss: 0.1003
  Batch [25530/35627] - Loss: 0.1003
  Batch [25540/35627] - Loss: 0.1003
  Batch [25550/35627] - Loss: 0.1003
  Batch [25560/35627] - Loss: 0.1003
  Batch [25570/35627] - Loss: 0.1003
  Batch [25580/35627] - Loss: 0.1003
  Batch [25590/35627] - Loss: 0.1003
  Batch [25600/35627] - Loss: 0.1003
  Batch [25610/35627] - Loss: 0.1003
  Batch [25620/35627] - Loss: 0.1003
  Batch [25630/35627] - Loss: 0.1003
  Batch [25640/35627] - Loss: 0.1003
  Batch [25650/35627] - Loss: 0.1003
  Batch [25660/35627] - Loss: 0.1003
  Batch [25670/35627] - Loss: 0.1003
  Batch [25680/35627] - Loss: 0.1003
  Batch [25690/35627] - Loss: 0.1003
  Batch [25700/35627] - Loss: 0.1003
  Batch [25710/35627] - Loss: 0.1003
  Batch [25720/35627] - Loss: 0.1003
  Batch [25730/35627] - Loss: 0.1003
  Batch [25740/35627] - Loss: 0.1003
  Batch [25750/35627] - Loss: 0.1003
  Batch [25760/35627] - Loss: 0.1003
  Batch [25770/35627] - Loss: 0.1003
  Batch [25780/35627] - Loss: 0.1003
  Batch [25790/35627] - Loss: 0.1003
  Batch [25800/35627] - Loss: 0.1003
  Batch [25810/35627] - Loss: 0.1003
  Batch [25820/35627] - Loss: 0.1003
  Batch [25830/35627] - Loss: 0.1003
  Batch [25840/35627] - Loss: 0.1003
  Batch [25850/35627] - Loss: 0.1003
  Batch [25860/35627] - Loss: 0.1003
  Batch [25870/35627] - Loss: 0.1003
  Batch [25880/35627] - Loss: 0.1003
  Batch [25890/35627] - Loss: 0.1003
  Batch [25900/35627] - Loss: 0.1003
  Batch [25910/35627] - Loss: 0.1002
  Batch [25920/35627] - Loss: 0.1002
  Batch [25930/35627] - Loss: 0.1002
  Batch [25940/35627] - Loss: 0.1002
  Batch [25950/35627] - Loss: 0.1002
  Batch [25960/35627] - Loss: 0.1002
  Batch [25970/35627] - Loss: 0.1002
  Batch [25980/35627] - Loss: 0.1002
  Batch [25990/35627] - Loss: 0.1002
  Batch [26000/35627] - Loss: 0.1002
  Batch [26010/35627] - Loss: 0.1002
  Batch [26020/35627] - Loss: 0.1002
  Batch [26030/35627] - Loss: 0.1002
  Batch [26040/35627] - Loss: 0.1002
  Batch [26050/35627] - Loss: 0.1002
  Batch [26060/35627] - Loss: 0.1003
  Batch [26070/35627] - Loss: 0.1003
  Batch [26080/35627] - Loss: 0.1003
  Batch [26090/35627] - Loss: 0.1003
  Batch [26100/35627] - Loss: 0.1003
  Batch [26110/35627] - Loss: 0.1003
  Batch [26120/35627] - Loss: 0.1003
  Batch [26130/35627] - Loss: 0.1003
  Batch [26140/35627] - Loss: 0.1003
  Batch [26150/35627] - Loss: 0.1003
  Batch [26160/35627] - Loss: 0.1003
  Batch [26170/35627] - Loss: 0.1003
  Batch [26180/35627] - Loss: 0.1003
  Batch [26190/35627] - Loss: 0.1003
  Batch [26200/35627] - Loss: 0.1003
  Batch [26210/35627] - Loss: 0.1003
  Batch [26220/35627] - Loss: 0.1003
  Batch [26230/35627] - Loss: 0.1003
  Batch [26240/35627] - Loss: 0.1003
  Batch [26250/35627] - Loss: 0.1003
  Batch [26260/35627] - Loss: 0.1003
  Batch [26270/35627] - Loss: 0.1003
  Batch [26280/35627] - Loss: 0.1003
  Batch [26290/35627] - Loss: 0.1003
  Batch [26300/35627] - Loss: 0.1003
  Batch [26310/35627] - Loss: 0.1003
  Batch [26320/35627] - Loss: 0.1003
  Batch [26330/35627] - Loss: 0.1003
  Batch [26340/35627] - Loss: 0.1003
  Batch [26350/35627] - Loss: 0.1003
  Batch [26360/35627] - Loss: 0.1003
  Batch [26370/35627] - Loss: 0.1003
  Batch [26380/35627] - Loss: 0.1003
  Batch [26390/35627] - Loss: 0.1003
  Batch [26400/35627] - Loss: 0.1003
  Batch [26410/35627] - Loss: 0.1003
  Batch [26420/35627] - Loss: 0.1003
  Batch [26430/35627] - Loss: 0.1003
  Batch [26440/35627] - Loss: 0.1003
  Batch [26450/35627] - Loss: 0.1003
  Batch [26460/35627] - Loss: 0.1003
  Batch [26470/35627] - Loss: 0.1003
  Batch [26480/35627] - Loss: 0.1003
  Batch [26490/35627] - Loss: 0.1003
  Batch [26500/35627] - Loss: 0.1003
  Batch [26510/35627] - Loss: 0.1003
  Batch [26520/35627] - Loss: 0.1003
  Batch [26530/35627] - Loss: 0.1003
  Batch [26540/35627] - Loss: 0.1003
  Batch [26550/35627] - Loss: 0.1003
  Batch [26560/35627] - Loss: 0.1003
  Batch [26570/35627] - Loss: 0.1003
  Batch [26580/35627] - Loss: 0.1003
  Batch [26590/35627] - Loss: 0.1003
  Batch [26600/35627] - Loss: 0.1003
  Batch [26610/35627] - Loss: 0.1002
  Batch [26620/35627] - Loss: 0.1003
  Batch [26630/35627] - Loss: 0.1003
  Batch [26640/35627] - Loss: 0.1003
  Batch [26650/35627] - Loss: 0.1002
  Batch [26660/35627] - Loss: 0.1002
  Batch [26670/35627] - Loss: 0.1002
  Batch [26680/35627] - Loss: 0.1002
  Batch [26690/35627] - Loss: 0.1002
  Batch [26700/35627] - Loss: 0.1002
  Batch [26710/35627] - Loss: 0.1002
  Batch [26720/35627] - Loss: 0.1002
  Batch [26730/35627] - Loss: 0.1002
  Batch [26740/35627] - Loss: 0.1002
  Batch [26750/35627] - Loss: 0.1002
  Batch [26760/35627] - Loss: 0.1002
  Batch [26770/35627] - Loss: 0.1002
  Batch [26780/35627] - Loss: 0.1002
  Batch [26790/35627] - Loss: 0.1002
  Batch [26800/35627] - Loss: 0.1002
  Batch [26810/35627] - Loss: 0.1002
  Batch [26820/35627] - Loss: 0.1002
  Batch [26830/35627] - Loss: 0.1002
  Batch [26840/35627] - Loss: 0.1002
  Batch [26850/35627] - Loss: 0.1002
  Batch [26860/35627] - Loss: 0.1002
  Batch [26870/35627] - Loss: 0.1002
  Batch [26880/35627] - Loss: 0.1002
  Batch [26890/35627] - Loss: 0.1002
  Batch [26900/35627] - Loss: 0.1003
  Batch [26910/35627] - Loss: 0.1003
  Batch [26920/35627] - Loss: 0.1003
  Batch [26930/35627] - Loss: 0.1003
  Batch [26940/35627] - Loss: 0.1003
  Batch [26950/35627] - Loss: 0.1003
  Batch [26960/35627] - Loss: 0.1002
  Batch [26970/35627] - Loss: 0.1002
  Batch [26980/35627] - Loss: 0.1003
  Batch [26990/35627] - Loss: 0.1003
  Batch [27000/35627] - Loss: 0.1002
  Batch [27010/35627] - Loss: 0.1002
  Batch [27020/35627] - Loss: 0.1002
  Batch [27030/35627] - Loss: 0.1002
  Batch [27040/35627] - Loss: 0.1002
  Batch [27050/35627] - Loss: 0.1002
  Batch [27060/35627] - Loss: 0.1003
  Batch [27070/35627] - Loss: 0.1003
  Batch [27080/35627] - Loss: 0.1003
  Batch [27090/35627] - Loss: 0.1003
  Batch [27100/35627] - Loss: 0.1003
  Batch [27110/35627] - Loss: 0.1003
  Batch [27120/35627] - Loss: 0.1003
  Batch [27130/35627] - Loss: 0.1003
  Batch [27140/35627] - Loss: 0.1003
  Batch [27150/35627] - Loss: 0.1003
  Batch [27160/35627] - Loss: 0.1003
  Batch [27170/35627] - Loss: 0.1003
  Batch [27180/35627] - Loss: 0.1003
  Batch [27190/35627] - Loss: 0.1003
  Batch [27200/35627] - Loss: 0.1003
  Batch [27210/35627] - Loss: 0.1003
  Batch [27220/35627] - Loss: 0.1003
  Batch [27230/35627] - Loss: 0.1003
  Batch [27240/35627] - Loss: 0.1003
  Batch [27250/35627] - Loss: 0.1003
  Batch [27260/35627] - Loss: 0.1003
  Batch [27270/35627] - Loss: 0.1003
  Batch [27280/35627] - Loss: 0.1003
  Batch [27290/35627] - Loss: 0.1003
  Batch [27300/35627] - Loss: 0.1002
  Batch [27310/35627] - Loss: 0.1002
  Batch [27320/35627] - Loss: 0.1002
  Batch [27330/35627] - Loss: 0.1002
  Batch [27340/35627] - Loss: 0.1002
  Batch [27350/35627] - Loss: 0.1002
  Batch [27360/35627] - Loss: 0.1003
  Batch [27370/35627] - Loss: 0.1003
  Batch [27380/35627] - Loss: 0.1003
  Batch [27390/35627] - Loss: 0.1003
  Batch [27400/35627] - Loss: 0.1003
  Batch [27410/35627] - Loss: 0.1003
  Batch [27420/35627] - Loss: 0.1003
  Batch [27430/35627] - Loss: 0.1003
  Batch [27440/35627] - Loss: 0.1003
  Batch [27450/35627] - Loss: 0.1003
  Batch [27460/35627] - Loss: 0.1003
  Batch [27470/35627] - Loss: 0.1003
  Batch [27480/35627] - Loss: 0.1003
  Batch [27490/35627] - Loss: 0.1003
  Batch [27500/35627] - Loss: 0.1003
  Batch [27510/35627] - Loss: 0.1003
  Batch [27520/35627] - Loss: 0.1003
  Batch [27530/35627] - Loss: 0.1003
  Batch [27540/35627] - Loss: 0.1003
  Batch [27550/35627] - Loss: 0.1003
  Batch [27560/35627] - Loss: 0.1003
  Batch [27570/35627] - Loss: 0.1003
  Batch [27580/35627] - Loss: 0.1003
  Batch [27590/35627] - Loss: 0.1003
  Batch [27600/35627] - Loss: 0.1003
  Batch [27610/35627] - Loss: 0.1003
  Batch [27620/35627] - Loss: 0.1003
  Batch [27630/35627] - Loss: 0.1003
  Batch [27640/35627] - Loss: 0.1003
  Batch [27650/35627] - Loss: 0.1003
  Batch [27660/35627] - Loss: 0.1003
  Batch [27670/35627] - Loss: 0.1003
  Batch [27680/35627] - Loss: 0.1003
  Batch [27690/35627] - Loss: 0.1003
  Batch [27700/35627] - Loss: 0.1003
  Batch [27710/35627] - Loss: 0.1003
  Batch [27720/35627] - Loss: 0.1003
  Batch [27730/35627] - Loss: 0.1003
  Batch [27740/35627] - Loss: 0.1003
  Batch [27750/35627] - Loss: 0.1003
  Batch [27760/35627] - Loss: 0.1003
  Batch [27770/35627] - Loss: 0.1003
  Batch [27780/35627] - Loss: 0.1003
  Batch [27790/35627] - Loss: 0.1003
  Batch [27800/35627] - Loss: 0.1003
  Batch [27810/35627] - Loss: 0.1003
  Batch [27820/35627] - Loss: 0.1003
  Batch [27830/35627] - Loss: 0.1003
  Batch [27840/35627] - Loss: 0.1003
  Batch [27850/35627] - Loss: 0.1003
  Batch [27860/35627] - Loss: 0.1003
  Batch [27870/35627] - Loss: 0.1003
  Batch [27880/35627] - Loss: 0.1003
  Batch [27890/35627] - Loss: 0.1003
  Batch [27900/35627] - Loss: 0.1003
  Batch [27910/35627] - Loss: 0.1003
  Batch [27920/35627] - Loss: 0.1003
  Batch [27930/35627] - Loss: 0.1003
  Batch [27940/35627] - Loss: 0.1003
  Batch [27950/35627] - Loss: 0.1003
  Batch [27960/35627] - Loss: 0.1003
  Batch [27970/35627] - Loss: 0.1003
  Batch [27980/35627] - Loss: 0.1003
  Batch [27990/35627] - Loss: 0.1003
  Batch [28000/35627] - Loss: 0.1003
  Batch [28010/35627] - Loss: 0.1003
  Batch [28020/35627] - Loss: 0.1003
  Batch [28030/35627] - Loss: 0.1003
  Batch [28040/35627] - Loss: 0.1003
  Batch [28050/35627] - Loss: 0.1003
  Batch [28060/35627] - Loss: 0.1003
  Batch [28070/35627] - Loss: 0.1003
  Batch [28080/35627] - Loss: 0.1003
  Batch [28090/35627] - Loss: 0.1003
  Batch [28100/35627] - Loss: 0.1003
  Batch [28110/35627] - Loss: 0.1003
  Batch [28120/35627] - Loss: 0.1003
  Batch [28130/35627] - Loss: 0.1003
  Batch [28140/35627] - Loss: 0.1003
  Batch [28150/35627] - Loss: 0.1003
  Batch [28160/35627] - Loss: 0.1003
  Batch [28170/35627] - Loss: 0.1003
  Batch [28180/35627] - Loss: 0.1003
  Batch [28190/35627] - Loss: 0.1003
  Batch [28200/35627] - Loss: 0.1003
  Batch [28210/35627] - Loss: 0.1003
  Batch [28220/35627] - Loss: 0.1003
  Batch [28230/35627] - Loss: 0.1003
  Batch [28240/35627] - Loss: 0.1003
  Batch [28250/35627] - Loss: 0.1003
  Batch [28260/35627] - Loss: 0.1003
  Batch [28270/35627] - Loss: 0.1003
  Batch [28280/35627] - Loss: 0.1003
  Batch [28290/35627] - Loss: 0.1003
  Batch [28300/35627] - Loss: 0.1003
  Batch [28310/35627] - Loss: 0.1003
  Batch [28320/35627] - Loss: 0.1003
  Batch [28330/35627] - Loss: 0.1003
  Batch [28340/35627] - Loss: 0.1003
  Batch [28350/35627] - Loss: 0.1003
  Batch [28360/35627] - Loss: 0.1003
  Batch [28370/35627] - Loss: 0.1003
  Batch [28380/35627] - Loss: 0.1003
  Batch [28390/35627] - Loss: 0.1003
  Batch [28400/35627] - Loss: 0.1003
  Batch [28410/35627] - Loss: 0.1003
  Batch [28420/35627] - Loss: 0.1003
  Batch [28430/35627] - Loss: 0.1003
  Batch [28440/35627] - Loss: 0.1003
  Batch [28450/35627] - Loss: 0.1003
  Batch [28460/35627] - Loss: 0.1003
  Batch [28470/35627] - Loss: 0.1003
  Batch [28480/35627] - Loss: 0.1003
  Batch [28490/35627] - Loss: 0.1003
  Batch [28500/35627] - Loss: 0.1003
  Batch [28510/35627] - Loss: 0.1003
  Batch [28520/35627] - Loss: 0.1003
  Batch [28530/35627] - Loss: 0.1004
  Batch [28540/35627] - Loss: 0.1004
  Batch [28550/35627] - Loss: 0.1004
  Batch [28560/35627] - Loss: 0.1004
  Batch [28570/35627] - Loss: 0.1004
  Batch [28580/35627] - Loss: 0.1004
  Batch [28590/35627] - Loss: 0.1004
  Batch [28600/35627] - Loss: 0.1004
  Batch [28610/35627] - Loss: 0.1003
  Batch [28620/35627] - Loss: 0.1003
  Batch [28630/35627] - Loss: 0.1003
  Batch [28640/35627] - Loss: 0.1004
  Batch [28650/35627] - Loss: 0.1003
  Batch [28660/35627] - Loss: 0.1003
  Batch [28670/35627] - Loss: 0.1003
  Batch [28680/35627] - Loss: 0.1003
  Batch [28690/35627] - Loss: 0.1003
  Batch [28700/35627] - Loss: 0.1003
  Batch [28710/35627] - Loss: 0.1004
  Batch [28720/35627] - Loss: 0.1004
  Batch [28730/35627] - Loss: 0.1004
  Batch [28740/35627] - Loss: 0.1004
  Batch [28750/35627] - Loss: 0.1004
  Batch [28760/35627] - Loss: 0.1004
  Batch [28770/35627] - Loss: 0.1004
  Batch [28780/35627] - Loss: 0.1004
  Batch [28790/35627] - Loss: 0.1004
  Batch [28800/35627] - Loss: 0.1004
  Batch [28810/35627] - Loss: 0.1004
  Batch [28820/35627] - Loss: 0.1004
  Batch [28830/35627] - Loss: 0.1004
  Batch [28840/35627] - Loss: 0.1003
  Batch [28850/35627] - Loss: 0.1003
  Batch [28860/35627] - Loss: 0.1003
  Batch [28870/35627] - Loss: 0.1003
  Batch [28880/35627] - Loss: 0.1004
  Batch [28890/35627] - Loss: 0.1003
  Batch [28900/35627] - Loss: 0.1003
  Batch [28910/35627] - Loss: 0.1003
  Batch [28920/35627] - Loss: 0.1004
  Batch [28930/35627] - Loss: 0.1004
  Batch [28940/35627] - Loss: 0.1004
  Batch [28950/35627] - Loss: 0.1004
  Batch [28960/35627] - Loss: 0.1004
  Batch [28970/35627] - Loss: 0.1004
  Batch [28980/35627] - Loss: 0.1004
  Batch [28990/35627] - Loss: 0.1004
  Batch [29000/35627] - Loss: 0.1004
  Batch [29010/35627] - Loss: 0.1004
  Batch [29020/35627] - Loss: 0.1004
  Batch [29030/35627] - Loss: 0.1004
  Batch [29040/35627] - Loss: 0.1004
  Batch [29050/35627] - Loss: 0.1004
  Batch [29060/35627] - Loss: 0.1004
  Batch [29070/35627] - Loss: 0.1003
  Batch [29080/35627] - Loss: 0.1003
  Batch [29090/35627] - Loss: 0.1003
  Batch [29100/35627] - Loss: 0.1004
  Batch [29110/35627] - Loss: 0.1003
  Batch [29120/35627] - Loss: 0.1003
  Batch [29130/35627] - Loss: 0.1003
  Batch [29140/35627] - Loss: 0.1003
  Batch [29150/35627] - Loss: 0.1003
  Batch [29160/35627] - Loss: 0.1003
  Batch [29170/35627] - Loss: 0.1003
  Batch [29180/35627] - Loss: 0.1003
  Batch [29190/35627] - Loss: 0.1003
  Batch [29200/35627] - Loss: 0.1003
  Batch [29210/35627] - Loss: 0.1003
  Batch [29220/35627] - Loss: 0.1003
  Batch [29230/35627] - Loss: 0.1003
  Batch [29240/35627] - Loss: 0.1003
  Batch [29250/35627] - Loss: 0.1003
  Batch [29260/35627] - Loss: 0.1003
  Batch [29270/35627] - Loss: 0.1003
  Batch [29280/35627] - Loss: 0.1003
  Batch [29290/35627] - Loss: 0.1003
  Batch [29300/35627] - Loss: 0.1003
  Batch [29310/35627] - Loss: 0.1003
  Batch [29320/35627] - Loss: 0.1003
  Batch [29330/35627] - Loss: 0.1003
  Batch [29340/35627] - Loss: 0.1003
  Batch [29350/35627] - Loss: 0.1003
  Batch [29360/35627] - Loss: 0.1003
  Batch [29370/35627] - Loss: 0.1003
  Batch [29380/35627] - Loss: 0.1003
  Batch [29390/35627] - Loss: 0.1003
  Batch [29400/35627] - Loss: 0.1003
  Batch [29410/35627] - Loss: 0.1003
  Batch [29420/35627] - Loss: 0.1003
  Batch [29430/35627] - Loss: 0.1003
  Batch [29440/35627] - Loss: 0.1003
  Batch [29450/35627] - Loss: 0.1003
  Batch [29460/35627] - Loss: 0.1003
  Batch [29470/35627] - Loss: 0.1003
  Batch [29480/35627] - Loss: 0.1003
  Batch [29490/35627] - Loss: 0.1003
  Batch [29500/35627] - Loss: 0.1003
  Batch [29510/35627] - Loss: 0.1003
  Batch [29520/35627] - Loss: 0.1003
  Batch [29530/35627] - Loss: 0.1003
  Batch [29540/35627] - Loss: 0.1003
  Batch [29550/35627] - Loss: 0.1003
  Batch [29560/35627] - Loss: 0.1003
  Batch [29570/35627] - Loss: 0.1003
  Batch [29580/35627] - Loss: 0.1003
  Batch [29590/35627] - Loss: 0.1003
  Batch [29600/35627] - Loss: 0.1003
  Batch [29610/35627] - Loss: 0.1003
  Batch [29620/35627] - Loss: 0.1003
  Batch [29630/35627] - Loss: 0.1003
  Batch [29640/35627] - Loss: 0.1003
  Batch [29650/35627] - Loss: 0.1003
  Batch [29660/35627] - Loss: 0.1003
  Batch [29670/35627] - Loss: 0.1003
  Batch [29680/35627] - Loss: 0.1003
  Batch [29690/35627] - Loss: 0.1003
  Batch [29700/35627] - Loss: 0.1003
  Batch [29710/35627] - Loss: 0.1003
  Batch [29720/35627] - Loss: 0.1003
  Batch [29730/35627] - Loss: 0.1003
  Batch [29740/35627] - Loss: 0.1003
  Batch [29750/35627] - Loss: 0.1003
  Batch [29760/35627] - Loss: 0.1003
  Batch [29770/35627] - Loss: 0.1003
  Batch [29780/35627] - Loss: 0.1003
  Batch [29790/35627] - Loss: 0.1003
  Batch [29800/35627] - Loss: 0.1003
  Batch [29810/35627] - Loss: 0.1003
  Batch [29820/35627] - Loss: 0.1003
  Batch [29830/35627] - Loss: 0.1003
  Batch [29840/35627] - Loss: 0.1003
  Batch [29850/35627] - Loss: 0.1003
  Batch [29860/35627] - Loss: 0.1003
  Batch [29870/35627] - Loss: 0.1003
  Batch [29880/35627] - Loss: 0.1003
  Batch [29890/35627] - Loss: 0.1003
  Batch [29900/35627] - Loss: 0.1003
  Batch [29910/35627] - Loss: 0.1003
  Batch [29920/35627] - Loss: 0.1003
  Batch [29930/35627] - Loss: 0.1003
  Batch [29940/35627] - Loss: 0.1003
  Batch [29950/35627] - Loss: 0.1003
  Batch [29960/35627] - Loss: 0.1003
  Batch [29970/35627] - Loss: 0.1003
  Batch [29980/35627] - Loss: 0.1003
  Batch [29990/35627] - Loss: 0.1003
  Batch [30000/35627] - Loss: 0.1003
  Batch [30010/35627] - Loss: 0.1003
  Batch [30020/35627] - Loss: 0.1003
  Batch [30030/35627] - Loss: 0.1003
  Batch [30040/35627] - Loss: 0.1003
  Batch [30050/35627] - Loss: 0.1003
  Batch [30060/35627] - Loss: 0.1003
  Batch [30070/35627] - Loss: 0.1003
  Batch [30080/35627] - Loss: 0.1003
  Batch [30090/35627] - Loss: 0.1003
  Batch [30100/35627] - Loss: 0.1003
  Batch [30110/35627] - Loss: 0.1003
  Batch [30120/35627] - Loss: 0.1003
  Batch [30130/35627] - Loss: 0.1003
  Batch [30140/35627] - Loss: 0.1003
  Batch [30150/35627] - Loss: 0.1003
  Batch [30160/35627] - Loss: 0.1003
  Batch [30170/35627] - Loss: 0.1003
  Batch [30180/35627] - Loss: 0.1003
  Batch [30190/35627] - Loss: 0.1003
  Batch [30200/35627] - Loss: 0.1003
  Batch [30210/35627] - Loss: 0.1003
  Batch [30220/35627] - Loss: 0.1003
  Batch [30230/35627] - Loss: 0.1003
  Batch [30240/35627] - Loss: 0.1003
  Batch [30250/35627] - Loss: 0.1003
  Batch [30260/35627] - Loss: 0.1003
  Batch [30270/35627] - Loss: 0.1003
  Batch [30280/35627] - Loss: 0.1003
  Batch [30290/35627] - Loss: 0.1003
  Batch [30300/35627] - Loss: 0.1003
  Batch [30310/35627] - Loss: 0.1003
  Batch [30320/35627] - Loss: 0.1003
  Batch [30330/35627] - Loss: 0.1003
  Batch [30340/35627] - Loss: 0.1003
  Batch [30350/35627] - Loss: 0.1003
  Batch [30360/35627] - Loss: 0.1003
  Batch [30370/35627] - Loss: 0.1003
  Batch [30380/35627] - Loss: 0.1003
  Batch [30390/35627] - Loss: 0.1003
  Batch [30400/35627] - Loss: 0.1003
  Batch [30410/35627] - Loss: 0.1003
  Batch [30420/35627] - Loss: 0.1003
  Batch [30430/35627] - Loss: 0.1003
  Batch [30440/35627] - Loss: 0.1003
  Batch [30450/35627] - Loss: 0.1003
  Batch [30460/35627] - Loss: 0.1003
  Batch [30470/35627] - Loss: 0.1003
  Batch [30480/35627] - Loss: 0.1003
  Batch [30490/35627] - Loss: 0.1003
  Batch [30500/35627] - Loss: 0.1002
  Batch [30510/35627] - Loss: 0.1003
  Batch [30520/35627] - Loss: 0.1003
  Batch [30530/35627] - Loss: 0.1003
  Batch [30540/35627] - Loss: 0.1003
  Batch [30550/35627] - Loss: 0.1003
  Batch [30560/35627] - Loss: 0.1003
  Batch [30570/35627] - Loss: 0.1003
  Batch [30580/35627] - Loss: 0.1003
  Batch [30590/35627] - Loss: 0.1003
  Batch [30600/35627] - Loss: 0.1003
  Batch [30610/35627] - Loss: 0.1003
  Batch [30620/35627] - Loss: 0.1003
  Batch [30630/35627] - Loss: 0.1003
  Batch [30640/35627] - Loss: 0.1003
  Batch [30650/35627] - Loss: 0.1003
  Batch [30660/35627] - Loss: 0.1003
  Batch [30670/35627] - Loss: 0.1003
  Batch [30680/35627] - Loss: 0.1003
  Batch [30690/35627] - Loss: 0.1003
  Batch [30700/35627] - Loss: 0.1002
  Batch [30710/35627] - Loss: 0.1002
  Batch [30720/35627] - Loss: 0.1003
  Batch [30730/35627] - Loss: 0.1003
  Batch [30740/35627] - Loss: 0.1002
  Batch [30750/35627] - Loss: 0.1002
  Batch [30760/35627] - Loss: 0.1002
  Batch [30770/35627] - Loss: 0.1002
  Batch [30780/35627] - Loss: 0.1002
  Batch [30790/35627] - Loss: 0.1002
  Batch [30800/35627] - Loss: 0.1002
  Batch [30810/35627] - Loss: 0.1002
  Batch [30820/35627] - Loss: 0.1002
  Batch [30830/35627] - Loss: 0.1002
  Batch [30840/35627] - Loss: 0.1002
  Batch [30850/35627] - Loss: 0.1002
  Batch [30860/35627] - Loss: 0.1002
  Batch [30870/35627] - Loss: 0.1002
  Batch [30880/35627] - Loss: 0.1002
  Batch [30890/35627] - Loss: 0.1002
  Batch [30900/35627] - Loss: 0.1002
  Batch [30910/35627] - Loss: 0.1002
  Batch [30920/35627] - Loss: 0.1002
  Batch [30930/35627] - Loss: 0.1002
  Batch [30940/35627] - Loss: 0.1002
  Batch [30950/35627] - Loss: 0.1002
  Batch [30960/35627] - Loss: 0.1002
  Batch [30970/35627] - Loss: 0.1002
  Batch [30980/35627] - Loss: 0.1002
  Batch [30990/35627] - Loss: 0.1002
  Batch [31000/35627] - Loss: 0.1002
  Batch [31010/35627] - Loss: 0.1002
  Batch [31020/35627] - Loss: 0.1002
  Batch [31030/35627] - Loss: 0.1002
  Batch [31040/35627] - Loss: 0.1002
  Batch [31050/35627] - Loss: 0.1002
  Batch [31060/35627] - Loss: 0.1002
  Batch [31070/35627] - Loss: 0.1002
  Batch [31080/35627] - Loss: 0.1002
  Batch [31090/35627] - Loss: 0.1002
  Batch [31100/35627] - Loss: 0.1002
  Batch [31110/35627] - Loss: 0.1002
  Batch [31120/35627] - Loss: 0.1002
  Batch [31130/35627] - Loss: 0.1002
  Batch [31140/35627] - Loss: 0.1002
  Batch [31150/35627] - Loss: 0.1002
  Batch [31160/35627] - Loss: 0.1002
  Batch [31170/35627] - Loss: 0.1002
  Batch [31180/35627] - Loss: 0.1002
  Batch [31190/35627] - Loss: 0.1002
  Batch [31200/35627] - Loss: 0.1002
  Batch [31210/35627] - Loss: 0.1002
  Batch [31220/35627] - Loss: 0.1002
  Batch [31230/35627] - Loss: 0.1002
  Batch [31240/35627] - Loss: 0.1001
  Batch [31250/35627] - Loss: 0.1001
  Batch [31260/35627] - Loss: 0.1001
  Batch [31270/35627] - Loss: 0.1002
  Batch [31280/35627] - Loss: 0.1002
  Batch [31290/35627] - Loss: 0.1002
  Batch [31300/35627] - Loss: 0.1002
  Batch [31310/35627] - Loss: 0.1002
  Batch [31320/35627] - Loss: 0.1002
  Batch [31330/35627] - Loss: 0.1002
  Batch [31340/35627] - Loss: 0.1002
  Batch [31350/35627] - Loss: 0.1002
  Batch [31360/35627] - Loss: 0.1002
  Batch [31370/35627] - Loss: 0.1002
  Batch [31380/35627] - Loss: 0.1002
  Batch [31390/35627] - Loss: 0.1002
  Batch [31400/35627] - Loss: 0.1002
  Batch [31410/35627] - Loss: 0.1002
  Batch [31420/35627] - Loss: 0.1002
  Batch [31430/35627] - Loss: 0.1002
  Batch [31440/35627] - Loss: 0.1002
  Batch [31450/35627] - Loss: 0.1002
  Batch [31460/35627] - Loss: 0.1002
  Batch [31470/35627] - Loss: 0.1002
  Batch [31480/35627] - Loss: 0.1002
  Batch [31490/35627] - Loss: 0.1002
  Batch [31500/35627] - Loss: 0.1002
  Batch [31510/35627] - Loss: 0.1002
  Batch [31520/35627] - Loss: 0.1002
  Batch [31530/35627] - Loss: 0.1002
  Batch [31540/35627] - Loss: 0.1002
  Batch [31550/35627] - Loss: 0.1002
  Batch [31560/35627] - Loss: 0.1002
  Batch [31570/35627] - Loss: 0.1002
  Batch [31580/35627] - Loss: 0.1002
  Batch [31590/35627] - Loss: 0.1002
  Batch [31600/35627] - Loss: 0.1002
  Batch [31610/35627] - Loss: 0.1002
  Batch [31620/35627] - Loss: 0.1002
  Batch [31630/35627] - Loss: 0.1001
  Batch [31640/35627] - Loss: 0.1001
  Batch [31650/35627] - Loss: 0.1001
  Batch [31660/35627] - Loss: 0.1002
  Batch [31670/35627] - Loss: 0.1002
  Batch [31680/35627] - Loss: 0.1002
  Batch [31690/35627] - Loss: 0.1001
  Batch [31700/35627] - Loss: 0.1002
  Batch [31710/35627] - Loss: 0.1001
  Batch [31720/35627] - Loss: 0.1001
  Batch [31730/35627] - Loss: 0.1001
  Batch [31740/35627] - Loss: 0.1001
  Batch [31750/35627] - Loss: 0.1001
  Batch [31760/35627] - Loss: 0.1001
  Batch [31770/35627] - Loss: 0.1001
  Batch [31780/35627] - Loss: 0.1001
  Batch [31790/35627] - Loss: 0.1001
  Batch [31800/35627] - Loss: 0.1001
  Batch [31810/35627] - Loss: 0.1001
  Batch [31820/35627] - Loss: 0.1001
  Batch [31830/35627] - Loss: 0.1001
  Batch [31840/35627] - Loss: 0.1001
  Batch [31850/35627] - Loss: 0.1001
  Batch [31860/35627] - Loss: 0.1001
  Batch [31870/35627] - Loss: 0.1001
  Batch [31880/35627] - Loss: 0.1001
  Batch [31890/35627] - Loss: 0.1001
  Batch [31900/35627] - Loss: 0.1002
  Batch [31910/35627] - Loss: 0.1002
  Batch [31920/35627] - Loss: 0.1002
  Batch [31930/35627] - Loss: 0.1002
  Batch [31940/35627] - Loss: 0.1002
  Batch [31950/35627] - Loss: 0.1002
  Batch [31960/35627] - Loss: 0.1002
  Batch [31970/35627] - Loss: 0.1002
  Batch [31980/35627] - Loss: 0.1002
  Batch [31990/35627] - Loss: 0.1002
  Batch [32000/35627] - Loss: 0.1002
  Batch [32010/35627] - Loss: 0.1002
  Batch [32020/35627] - Loss: 0.1002
  Batch [32030/35627] - Loss: 0.1002
  Batch [32040/35627] - Loss: 0.1002
  Batch [32050/35627] - Loss: 0.1002
  Batch [32060/35627] - Loss: 0.1002
  Batch [32070/35627] - Loss: 0.1002
  Batch [32080/35627] - Loss: 0.1002
  Batch [32090/35627] - Loss: 0.1002
  Batch [32100/35627] - Loss: 0.1002
  Batch [32110/35627] - Loss: 0.1002
  Batch [32120/35627] - Loss: 0.1002
  Batch [32130/35627] - Loss: 0.1002
  Batch [32140/35627] - Loss: 0.1002
  Batch [32150/35627] - Loss: 0.1002
  Batch [32160/35627] - Loss: 0.1002
  Batch [32170/35627] - Loss: 0.1002
  Batch [32180/35627] - Loss: 0.1002
  Batch [32190/35627] - Loss: 0.1002
  Batch [32200/35627] - Loss: 0.1002
  Batch [32210/35627] - Loss: 0.1002
  Batch [32220/35627] - Loss: 0.1002
  Batch [32230/35627] - Loss: 0.1002
  Batch [32240/35627] - Loss: 0.1002
  Batch [32250/35627] - Loss: 0.1002
  Batch [32260/35627] - Loss: 0.1002
  Batch [32270/35627] - Loss: 0.1002
  Batch [32280/35627] - Loss: 0.1002
  Batch [32290/35627] - Loss: 0.1002
  Batch [32300/35627] - Loss: 0.1002
  Batch [32310/35627] - Loss: 0.1002
  Batch [32320/35627] - Loss: 0.1002
  Batch [32330/35627] - Loss: 0.1002
  Batch [32340/35627] - Loss: 0.1002
  Batch [32350/35627] - Loss: 0.1003
  Batch [32360/35627] - Loss: 0.1003
  Batch [32370/35627] - Loss: 0.1002
  Batch [32380/35627] - Loss: 0.1002
  Batch [32390/35627] - Loss: 0.1002
  Batch [32400/35627] - Loss: 0.1002
  Batch [32410/35627] - Loss: 0.1002
  Batch [32420/35627] - Loss: 0.1002
  Batch [32430/35627] - Loss: 0.1002
  Batch [32440/35627] - Loss: 0.1002
  Batch [32450/35627] - Loss: 0.1002
  Batch [32460/35627] - Loss: 0.1002
  Batch [32470/35627] - Loss: 0.1002
  Batch [32480/35627] - Loss: 0.1002
  Batch [32490/35627] - Loss: 0.1002
  Batch [32500/35627] - Loss: 0.1002
  Batch [32510/35627] - Loss: 0.1002
  Batch [32520/35627] - Loss: 0.1003
  Batch [32530/35627] - Loss: 0.1003
  Batch [32540/35627] - Loss: 0.1003
  Batch [32550/35627] - Loss: 0.1003
  Batch [32560/35627] - Loss: 0.1003
  Batch [32570/35627] - Loss: 0.1003
  Batch [32580/35627] - Loss: 0.1003
  Batch [32590/35627] - Loss: 0.1003
  Batch [32600/35627] - Loss: 0.1003
  Batch [32610/35627] - Loss: 0.1003
  Batch [32620/35627] - Loss: 0.1003
  Batch [32630/35627] - Loss: 0.1003
  Batch [32640/35627] - Loss: 0.1003
  Batch [32650/35627] - Loss: 0.1003
  Batch [32660/35627] - Loss: 0.1003
  Batch [32670/35627] - Loss: 0.1003
  Batch [32680/35627] - Loss: 0.1003
  Batch [32690/35627] - Loss: 0.1003
  Batch [32700/35627] - Loss: 0.1003
  Batch [32710/35627] - Loss: 0.1003
  Batch [32720/35627] - Loss: 0.1003
  Batch [32730/35627] - Loss: 0.1003
  Batch [32740/35627] - Loss: 0.1003
  Batch [32750/35627] - Loss: 0.1003
  Batch [32760/35627] - Loss: 0.1003
  Batch [32770/35627] - Loss: 0.1003
  Batch [32780/35627] - Loss: 0.1003
  Batch [32790/35627] - Loss: 0.1003
  Batch [32800/35627] - Loss: 0.1003
  Batch [32810/35627] - Loss: 0.1003
  Batch [32820/35627] - Loss: 0.1003
  Batch [32830/35627] - Loss: 0.1003
  Batch [32840/35627] - Loss: 0.1003
  Batch [32850/35627] - Loss: 0.1003
  Batch [32860/35627] - Loss: 0.1003
  Batch [32870/35627] - Loss: 0.1003
  Batch [32880/35627] - Loss: 0.1003
  Batch [32890/35627] - Loss: 0.1003
  Batch [32900/35627] - Loss: 0.1003
  Batch [32910/35627] - Loss: 0.1003
  Batch [32920/35627] - Loss: 0.1003
  Batch [32930/35627] - Loss: 0.1003
  Batch [32940/35627] - Loss: 0.1003
  Batch [32950/35627] - Loss: 0.1003
  Batch [32960/35627] - Loss: 0.1003
  Batch [32970/35627] - Loss: 0.1003
  Batch [32980/35627] - Loss: 0.1003
  Batch [32990/35627] - Loss: 0.1003
  Batch [33000/35627] - Loss: 0.1003
  Batch [33010/35627] - Loss: 0.1003
  Batch [33020/35627] - Loss: 0.1003
  Batch [33030/35627] - Loss: 0.1003
  Batch [33040/35627] - Loss: 0.1003
  Batch [33050/35627] - Loss: 0.1003
  Batch [33060/35627] - Loss: 0.1003
  Batch [33070/35627] - Loss: 0.1003
  Batch [33080/35627] - Loss: 0.1003
  Batch [33090/35627] - Loss: 0.1003
  Batch [33100/35627] - Loss: 0.1003
  Batch [33110/35627] - Loss: 0.1003
  Batch [33120/35627] - Loss: 0.1003
  Batch [33130/35627] - Loss: 0.1003
  Batch [33140/35627] - Loss: 0.1003
  Batch [33150/35627] - Loss: 0.1003
  Batch [33160/35627] - Loss: 0.1003
  Batch [33170/35627] - Loss: 0.1003
  Batch [33180/35627] - Loss: 0.1003
  Batch [33190/35627] - Loss: 0.1003
  Batch [33200/35627] - Loss: 0.1003
  Batch [33210/35627] - Loss: 0.1003
  Batch [33220/35627] - Loss: 0.1003
  Batch [33230/35627] - Loss: 0.1003
  Batch [33240/35627] - Loss: 0.1003
  Batch [33250/35627] - Loss: 0.1003
  Batch [33260/35627] - Loss: 0.1003
  Batch [33270/35627] - Loss: 0.1003
  Batch [33280/35627] - Loss: 0.1003
  Batch [33290/35627] - Loss: 0.1003
  Batch [33300/35627] - Loss: 0.1003
  Batch [33310/35627] - Loss: 0.1003
  Batch [33320/35627] - Loss: 0.1003
  Batch [33330/35627] - Loss: 0.1003
  Batch [33340/35627] - Loss: 0.1003
  Batch [33350/35627] - Loss: 0.1003
  Batch [33360/35627] - Loss: 0.1003
  Batch [33370/35627] - Loss: 0.1003
  Batch [33380/35627] - Loss: 0.1003
  Batch [33390/35627] - Loss: 0.1003
  Batch [33400/35627] - Loss: 0.1003
  Batch [33410/35627] - Loss: 0.1003
  Batch [33420/35627] - Loss: 0.1003
  Batch [33430/35627] - Loss: 0.1003
  Batch [33440/35627] - Loss: 0.1003
  Batch [33450/35627] - Loss: 0.1003
  Batch [33460/35627] - Loss: 0.1003
  Batch [33470/35627] - Loss: 0.1003
  Batch [33480/35627] - Loss: 0.1003
  Batch [33490/35627] - Loss: 0.1003
  Batch [33500/35627] - Loss: 0.1003
  Batch [33510/35627] - Loss: 0.1003
  Batch [33520/35627] - Loss: 0.1004
  Batch [33530/35627] - Loss: 0.1004
  Batch [33540/35627] - Loss: 0.1004
  Batch [33550/35627] - Loss: 0.1004
  Batch [33560/35627] - Loss: 0.1004
  Batch [33570/35627] - Loss: 0.1004
  Batch [33580/35627] - Loss: 0.1003
  Batch [33590/35627] - Loss: 0.1004
  Batch [33600/35627] - Loss: 0.1004
  Batch [33610/35627] - Loss: 0.1004
  Batch [33620/35627] - Loss: 0.1004
  Batch [33630/35627] - Loss: 0.1004
  Batch [33640/35627] - Loss: 0.1004
  Batch [33650/35627] - Loss: 0.1004
  Batch [33660/35627] - Loss: 0.1004
  Batch [33670/35627] - Loss: 0.1004
  Batch [33680/35627] - Loss: 0.1004
  Batch [33690/35627] - Loss: 0.1004
  Batch [33700/35627] - Loss: 0.1004
  Batch [33710/35627] - Loss: 0.1004
  Batch [33720/35627] - Loss: 0.1004
  Batch [33730/35627] - Loss: 0.1004
  Batch [33740/35627] - Loss: 0.1004
  Batch [33750/35627] - Loss: 0.1004
  Batch [33760/35627] - Loss: 0.1004
  Batch [33770/35627] - Loss: 0.1004
  Batch [33780/35627] - Loss: 0.1004
  Batch [33790/35627] - Loss: 0.1004
  Batch [33800/35627] - Loss: 0.1004
  Batch [33810/35627] - Loss: 0.1004
  Batch [33820/35627] - Loss: 0.1004
  Batch [33830/35627] - Loss: 0.1004
  Batch [33840/35627] - Loss: 0.1004
  Batch [33850/35627] - Loss: 0.1004
  Batch [33860/35627] - Loss: 0.1004
  Batch [33870/35627] - Loss: 0.1004
  Batch [33880/35627] - Loss: 0.1004
  Batch [33890/35627] - Loss: 0.1004
  Batch [33900/35627] - Loss: 0.1004
  Batch [33910/35627] - Loss: 0.1004
  Batch [33920/35627] - Loss: 0.1004
  Batch [33930/35627] - Loss: 0.1004
  Batch [33940/35627] - Loss: 0.1004
  Batch [33950/35627] - Loss: 0.1004
  Batch [33960/35627] - Loss: 0.1004
  Batch [33970/35627] - Loss: 0.1004
  Batch [33980/35627] - Loss: 0.1004
  Batch [33990/35627] - Loss: 0.1004
  Batch [34000/35627] - Loss: 0.1004
  Batch [34010/35627] - Loss: 0.1004
  Batch [34020/35627] - Loss: 0.1004
  Batch [34030/35627] - Loss: 0.1004
  Batch [34040/35627] - Loss: 0.1004
  Batch [34050/35627] - Loss: 0.1004
  Batch [34060/35627] - Loss: 0.1004
  Batch [34070/35627] - Loss: 0.1004
  Batch [34080/35627] - Loss: 0.1004
  Batch [34090/35627] - Loss: 0.1004
  Batch [34100/35627] - Loss: 0.1004
  Batch [34110/35627] - Loss: 0.1004
  Batch [34120/35627] - Loss: 0.1004
  Batch [34130/35627] - Loss: 0.1004
  Batch [34140/35627] - Loss: 0.1004
  Batch [34150/35627] - Loss: 0.1004
  Batch [34160/35627] - Loss: 0.1004
  Batch [34170/35627] - Loss: 0.1004
  Batch [34180/35627] - Loss: 0.1004
  Batch [34190/35627] - Loss: 0.1004
  Batch [34200/35627] - Loss: 0.1004
  Batch [34210/35627] - Loss: 0.1004
  Batch [34220/35627] - Loss: 0.1004
  Batch [34230/35627] - Loss: 0.1004
  Batch [34240/35627] - Loss: 0.1004
  Batch [34250/35627] - Loss: 0.1004
  Batch [34260/35627] - Loss: 0.1004
  Batch [34270/35627] - Loss: 0.1004
  Batch [34280/35627] - Loss: 0.1004
  Batch [34290/35627] - Loss: 0.1004
  Batch [34300/35627] - Loss: 0.1004
  Batch [34310/35627] - Loss: 0.1004
  Batch [34320/35627] - Loss: 0.1004
  Batch [34330/35627] - Loss: 0.1004
  Batch [34340/35627] - Loss: 0.1004
  Batch [34350/35627] - Loss: 0.1004
  Batch [34360/35627] - Loss: 0.1004
  Batch [34370/35627] - Loss: 0.1004
  Batch [34380/35627] - Loss: 0.1004
  Batch [34390/35627] - Loss: 0.1004
  Batch [34400/35627] - Loss: 0.1004
  Batch [34410/35627] - Loss: 0.1004
  Batch [34420/35627] - Loss: 0.1004
  Batch [34430/35627] - Loss: 0.1004
  Batch [34440/35627] - Loss: 0.1004
  Batch [34450/35627] - Loss: 0.1004
  Batch [34460/35627] - Loss: 0.1004
  Batch [34470/35627] - Loss: 0.1004
  Batch [34480/35627] - Loss: 0.1004
  Batch [34490/35627] - Loss: 0.1004
  Batch [34500/35627] - Loss: 0.1004
  Batch [34510/35627] - Loss: 0.1004
  Batch [34520/35627] - Loss: 0.1004
  Batch [34530/35627] - Loss: 0.1004
  Batch [34540/35627] - Loss: 0.1004
  Batch [34550/35627] - Loss: 0.1005
  Batch [34560/35627] - Loss: 0.1005
  Batch [34570/35627] - Loss: 0.1005
  Batch [34580/35627] - Loss: 0.1005
  Batch [34590/35627] - Loss: 0.1005
  Batch [34600/35627] - Loss: 0.1005
  Batch [34610/35627] - Loss: 0.1005
  Batch [34620/35627] - Loss: 0.1005
  Batch [34630/35627] - Loss: 0.1004
  Batch [34640/35627] - Loss: 0.1004
  Batch [34650/35627] - Loss: 0.1004
  Batch [34660/35627] - Loss: 0.1004
  Batch [34670/35627] - Loss: 0.1004
  Batch [34680/35627] - Loss: 0.1004
  Batch [34690/35627] - Loss: 0.1004
  Batch [34700/35627] - Loss: 0.1004
  Batch [34710/35627] - Loss: 0.1004
  Batch [34720/35627] - Loss: 0.1004
  Batch [34730/35627] - Loss: 0.1004
  Batch [34740/35627] - Loss: 0.1004
  Batch [34750/35627] - Loss: 0.1004
  Batch [34760/35627] - Loss: 0.1004
  Batch [34770/35627] - Loss: 0.1004
  Batch [34780/35627] - Loss: 0.1005
  Batch [34790/35627] - Loss: 0.1005
  Batch [34800/35627] - Loss: 0.1004
  Batch [34810/35627] - Loss: 0.1004
  Batch [34820/35627] - Loss: 0.1004
  Batch [34830/35627] - Loss: 0.1004
  Batch [34840/35627] - Loss: 0.1004
  Batch [34850/35627] - Loss: 0.1004
  Batch [34860/35627] - Loss: 0.1004
  Batch [34870/35627] - Loss: 0.1004
  Batch [34880/35627] - Loss: 0.1004
  Batch [34890/35627] - Loss: 0.1004
  Batch [34900/35627] - Loss: 0.1004
  Batch [34910/35627] - Loss: 0.1004
  Batch [34920/35627] - Loss: 0.1004
  Batch [34930/35627] - Loss: 0.1004
  Batch [34940/35627] - Loss: 0.1004
  Batch [34950/35627] - Loss: 0.1004
  Batch [34960/35627] - Loss: 0.1004
  Batch [34970/35627] - Loss: 0.1004
  Batch [34980/35627] - Loss: 0.1004
  Batch [34990/35627] - Loss: 0.1004
  Batch [35000/35627] - Loss: 0.1004
  Batch [35010/35627] - Loss: 0.1004
  Batch [35020/35627] - Loss: 0.1004
  Batch [35030/35627] - Loss: 0.1004
  Batch [35040/35627] - Loss: 0.1004
  Batch [35050/35627] - Loss: 0.1004
  Batch [35060/35627] - Loss: 0.1004
  Batch [35070/35627] - Loss: 0.1004
  Batch [35080/35627] - Loss: 0.1004
  Batch [35090/35627] - Loss: 0.1004
  Batch [35100/35627] - Loss: 0.1004
  Batch [35110/35627] - Loss: 0.1004
  Batch [35120/35627] - Loss: 0.1004
  Batch [35130/35627] - Loss: 0.1004
  Batch [35140/35627] - Loss: 0.1004
  Batch [35150/35627] - Loss: 0.1004
  Batch [35160/35627] - Loss: 0.1004
  Batch [35170/35627] - Loss: 0.1004
  Batch [35180/35627] - Loss: 0.1004
  Batch [35190/35627] - Loss: 0.1004
  Batch [35200/35627] - Loss: 0.1004
  Batch [35210/35627] - Loss: 0.1004
  Batch [35220/35627] - Loss: 0.1004
  Batch [35230/35627] - Loss: 0.1004
  Batch [35240/35627] - Loss: 0.1004
  Batch [35250/35627] - Loss: 0.1004
  Batch [35260/35627] - Loss: 0.1004
  Batch [35270/35627] - Loss: 0.1004
  Batch [35280/35627] - Loss: 0.1004
  Batch [35290/35627] - Loss: 0.1004
  Batch [35300/35627] - Loss: 0.1004
  Batch [35310/35627] - Loss: 0.1004
  Batch [35320/35627] - Loss: 0.1004
  Batch [35330/35627] - Loss: 0.1005
  Batch [35340/35627] - Loss: 0.1004
  Batch [35350/35627] - Loss: 0.1004
  Batch [35360/35627] - Loss: 0.1004
  Batch [35370/35627] - Loss: 0.1005
  Batch [35380/35627] - Loss: 0.1005
  Batch [35390/35627] - Loss: 0.1005
  Batch [35400/35627] - Loss: 0.1005
  Batch [35410/35627] - Loss: 0.1005
  Batch [35420/35627] - Loss: 0.1005
  Batch [35430/35627] - Loss: 0.1005
  Batch [35440/35627] - Loss: 0.1005
  Batch [35450/35627] - Loss: 0.1005
  Batch [35460/35627] - Loss: 0.1005
  Batch [35470/35627] - Loss: 0.1005
  Batch [35480/35627] - Loss: 0.1005
  Batch [35490/35627] - Loss: 0.1005
  Batch [35500/35627] - Loss: 0.1005
  Batch [35510/35627] - Loss: 0.1005
  Batch [35520/35627] - Loss: 0.1005
  Batch [35530/35627] - Loss: 0.1005
  Batch [35540/35627] - Loss: 0.1005
  Batch [35550/35627] - Loss: 0.1005
  Batch [35560/35627] - Loss: 0.1005
  Batch [35570/35627] - Loss: 0.1005
  Batch [35580/35627] - Loss: 0.1005
  Batch [35590/35627] - Loss: 0.1005
  Batch [35600/35627] - Loss: 0.1005
  Batch [35610/35627] - Loss: 0.1005
  Batch [35620/35627] - Loss: 0.1005

Epoch 5 Results:
  Train Loss: 0.1005
  Val Loss: 0.1185
  Val Accuracy: 0.9617 (96.17%)
  Val Recall: 0.8854 (88.54%)
  Val Precision: 0.9478 (94.78%)

======================================================================
QAT Fine-Tuning Complete!
======================================================================

======================================================================
Converting to Quantized INT8 Model
======================================================================
✓ Conversion complete!
  - Model is now fully INT8 quantized
  - Weights and activations are INT8
  - Inference will be ~4× faster with ~4× size reduction

======================================================================
Evaluating Quantized Model (INT8)
======================================================================
⚠️  WARNING: Cannot evaluate quantized Conv1D on CPU
   Error: Could not run 'quantized::conv1d' with arguments from the 'CPU' backend. This could be because the o...

   Using QAT validation metrics as proxy (last epoch):
   Accuracy:  0.9617 (96.17%)
   Recall:    0.8854 (88.54%)
   Precision: 0.9478 (94.78%)
   F1 Score:  0.9155 (91.55%)

   NOTE: These are from QAT training (with fake quantization)
         True INT8 performance may differ slightly.

======================================================================
Saving Results
======================================================================
✓ Saved quantized model: outputs/quantization/qat_s03_seed42/quantized_model.pt
✓ Saved training history: outputs/quantization/qat_s03_seed42/qat_losses.csv
✓ Saved summary: outputs/quantization/qat_s03_seed42/final_summary.csv

──────────────────────────────────────────────────────────────────────
Quantization Results Summary:
──────────────────────────────────────────────────────────────────────

Model Sizes:
  Pruned (FP32):    43.20 KB
  Quantized (INT8): 19.41 KB
  Size Reduction:   23.79 KB (55.1%)
  Compression:      2.23×

Performance Metrics:
  Baseline (Pruned FP32):
    Accuracy:  0.9628 (96.28%)
    Recall:    0.8937 (89.37%)
    Precision: 0.9440 (94.40%)
    F1 Score:  0.9182 (91.82%)

  Quantized (INT8):
    Accuracy:  0.9617 (96.17%)
    Recall:    0.8854 (88.54%)
    Precision: 0.9478 (94.78%)
    F1 Score:  0.9155 (91.55%)

  Performance Drops:
    Accuracy:  +0.11%
    Recall:    +0.83%
    Precision: -0.37%
    F1 Score:  +0.27%
======================================================================

✓ QAT complete! Quantized model ready for deployment.

================================================
JOB COMPLETED
================================================
Finished at: Mon 12 Jan 2026 05:01:57 PM IST
Exit code: 0
