,Train,Test
0,0.7551925271360918,0.5063984191717953
1,0.2597064123736048,0.3292463031524567
2,0.1842450165385148,0.29397374004852284
