,Train,Test
0,0.7551925271360918,0.5063984191717953
1,0.2597064123736048,0.3292463031524567
2,0.1842450165385148,0.29397374004852284
3,0.15858267245955698,0.24572325732443173
4,0.14255963171855493,0.23960453941559645
5,0.13065968592991195,0.2207514944776797
6,0.12166142919863196,0.19875502534458236
7,0.11460713206894924,0.2070488924967147
8,0.10842445503789383,0.19197833973770645
9,0.10403491785916628,0.19183136243373156
