,Accuracy,Recall,Precision
0,0.7821974848820907,0.42979831624240833,0.644337463409759
1,0.8077085643740454,0.4975593605674488,0.9030219818473799
2,0.8461509489234375,0.607278920422643,0.913990838976322
3,0.8739260530225357,0.6830776051497438,0.9215596952890852
4,0.8801866460212174,0.6971501232108357,0.9288976298818025
