,Accuracy,Recall,Precision
0,0.7917055512544203,0.4724164659102912,0.7663428465704639
1,0.8156682220501769,0.5253670241086279,0.8389546864077915
2,0.8351446925153272,0.5823058720259884,0.8678870106218867
3,0.8617438429829885,0.6567948882242088,0.8948940187107448
4,0.8619405327362892,0.6440697295938322,0.916776091936711
