,Train,Test
0,1.1024125919047625,0.8354789080645991
1,0.5092081817029814,0.5806143900761646
2,0.32237500512099815,0.5396499776854576
3,0.23060072893888706,0.5269100062160523
4,0.17646634720504303,0.48191579253336464
