,Accuracy,Recall,Precision
0,0.768935573643573,0.4289308013421459,0.6347375410036985
1,0.7864451465757151,0.43076615100156657,0.8014994445341038
2,0.8019334184260635,0.47081724574298445,0.8471314580731117
3,0.8165261241656379,0.5060668049064205,0.8813880767582563
4,0.8393212111066938,0.5672401504589273,0.9045641907242528
