,Train,Test
0,0.7140166549345736,0.5631512336648545
1,0.29368770800767435,0.38984986013729855
2,0.20308699156928495,0.34475670608972364
3,0.164635769917277,0.29742070227773565
4,0.14422034096984349,0.25284331249789854
5,0.13148544679850957,0.2505552315743119
6,0.12190181734293801,0.24836706451768215
7,0.11479384020866315,0.22412849261374526
8,0.1096454558507571,0.22502899212944386
9,0.10545088899719937,0.20366318569701297
