,Train,Test
0,0.9464038072580883,0.7032944751004516
1,0.42277827489386854,0.5144940960032932
2,0.25895060964007055,0.43497231037789447
3,0.18416880099198693,0.40820991160995546
4,0.14514081024562803,0.36328413098228446
