filter_type,config_label,signal_label,snr_db,smoothness_score,correlation,peak_preservation,edge_sharpness,phase_delay_ms,composite_score
Butterworth,40Hz-O2,ID01-Seat-G1,6.77009674352374,1.596789681791515,0.6365905455365134,0.9470637492389619,1.7462464843544794,5.0,62.77984458124239
Butterworth,40Hz-O2,ID05-Stand-G2,2.9775754056888126,0.23805794816919532,0.5345370699532099,0.9665383802901565,7.49134189630454,5.0,58.319295331788666
Butterworth,40Hz-O2,ID08-Seat-G3,8.927470711540305,1.5552298016266963,0.6821027748299854,0.9868521575965428,1.1577399059746076,5.0,65.47750231074791
Butterworth,40Hz-O2,ID10-Stand-G4,10.326524222099176,1.66759786936265,0.6095425233922378,0.9413249183316094,0.20543432363557268,5.0,66.104717739199
Butterworth,40Hz-O3,ID01-Seat-G1,4.638542867928908,1.589585980879012,0.5096422224595089,0.9658986835664226,1.719291720623769,9.166666666666666,58.95701962087399
Butterworth,40Hz-O3,ID05-Stand-G2,1.0358863986535514,0.23400455959650035,0.3659146821564305,0.9821246425395848,7.369617529837996,10.0,54.190869727524706
Butterworth,40Hz-O3,ID08-Seat-G3,6.753141926695126,1.5522558999410243,0.587215425335879,0.9740250737977164,1.1874385129285991,7.5,62.02738298570281
Butterworth,40Hz-O3,ID10-Stand-G4,8.368333125025691,1.6702343982038208,0.5002659206580033,0.9490303558990535,0.19247799543012092,9.166666666666666,62.532145976122656
Butterworth,42Hz-O2,ID01-Seat-G1,7.149048073268266,1.5841315599736687,0.6523379905946322,0.949475986663851,1.764903224932966,5.0,63.288962936047255
Butterworth,42Hz-O2,ID05-Stand-G2,3.3393557408641334,0.2185127454591899,0.5552739991708463,0.9703874479856297,7.84565971785452,5.0,58.85584797457363
Butterworth,42Hz-O2,ID08-Seat-G3,9.301314276265888,1.5436099401734344,0.6931143234374523,0.9886677524414381,1.1893846427887442,5.0,65.94301046425397
Butterworth,42Hz-O2,ID10-Stand-G4,10.635418577659534,1.6481976602952038,0.6220669947348143,0.9426296577643941,0.21218625590400222,5.0,66.51406932699261
Butterworth,42Hz-O3,ID01-Seat-G1,5.032462035622686,1.578226739980595,0.5343028854750472,0.9675798187194888,1.7852940376747728,5.833333333333333,60.210966103616315
Butterworth,42Hz-O3,ID05-Stand-G2,1.3913999521532912,0.2142440341098648,0.39488945059974084,0.9954306879805551,7.479386934839728,7.5,55.330224271554115
Butterworth,42Hz-O3,ID08-Seat-G3,7.1432038454787765,1.5413393329847045,0.6027261419577971,0.9750151670815695,1.2025301780676025,5.0,63.038725745570105
Butterworth,42Hz-O3,ID10-Stand-G4,8.67801459705634,1.6503080019075826,0.5123027855162181,0.9512660674363239,0.19663656023120069,6.666666666666667,63.44328249227627
Butterworth,44Hz-O2,ID01-Seat-G1,7.514358853418574,1.5724395423234692,0.6665788608334863,0.9594660717503422,1.7733629393155248,5.0,63.811030668421424
Butterworth,44Hz-O2,ID05-Stand-G2,3.691616353229609,0.20049952780983002,0.5745477353470388,0.9735704321322861,8.172550677905742,5.0,59.368576528993835
Butterworth,44Hz-O2,ID08-Seat-G3,9.66305741328105,1.5325971956069244,0.7032663077548759,0.9902039508237724,1.21874605488536,5.0,66.38857447556148
Butterworth,44Hz-O2,ID10-Stand-G4,10.938430796082683,1.6297735763932686,0.6344138587993511,0.9439525322503989,0.21823948979376787,5.0,66.9162973983298
Butterworth,44Hz-O3,ID01-Seat-G1,5.412617449275465,1.5678466598098335,0.5563236065577122,0.95770132424293,1.8375978800624029,5.0,60.87355111967295
Butterworth,44Hz-O3,ID05-Stand-G2,1.7430035515485016,0.19629683357365182,0.4222619373196304,0.9980858509554208,7.544180908187655,5.833333333333333,56.23373066955617
Butterworth,44Hz-O3,ID08-Seat-G3,7.5222698290532195,1.5309012842113277,0.6166253286764632,0.9765931852843149,1.2084871180247068,5.0,63.52992572054828
Butterworth,44Hz-O3,ID10-Stand-G4,8.979588991203308,1.6313126990143985,0.5240007936116391,0.9529661220696305,0.20115107618680791,5.0,64.17442555363874
Butterworth,46Hz-O2,ID01-Seat-G1,7.867741913222146,1.5614926340524125,0.6795380060670254,0.9817583336909594,1.7946958222873157,5.0,64.37306862717963
Butterworth,46Hz-O2,ID05-Stand-G2,4.035211607397343,0.18377411433086685,0.5924999481016148,0.9764421673065075,8.47508783107017,5.0,59.86117205469199
Butterworth,46Hz-O2,ID08-Seat-G3,10.01427580488769,1.5220547475439996,0.7127173855450079,1.0028537319103907,1.2462929853533777,5.0,66.85965619647524
Butterworth,46Hz-O2,ID10-Stand-G4,11.236926599530177,1.6121928852202683,0.6466343023736667,0.9450377168588568,0.22359598680213574,5.0,67.31187245162695
Butterworth,46Hz-O3,ID01-Seat-G1,5.78046465017686,1.5581455645332796,0.5758941877731099,0.9590200946435502,1.873982989441185,5.0,61.394771531692925
Butterworth,46Hz-O3,ID05-Stand-G2,2.091219368840832,0.17994548577470956,0.4480432835656511,1.0001864581499111,7.715554407682546,5.0,56.95154399558322
Butterworth,46Hz-O3,ID08-Seat-G3,7.891858251681384,1.5207909942805304,0.629145021082228,0.9894815093317813,1.2173082298065432,5.0,64.057853456457
Butterworth,46Hz-O3,ID10-Stand-G4,9.273760183353048,1.6129843912535182,0.5355032563163507,0.9472640536426121,0.2055329136809583,5.0,64.52635487393873
Butterworth,48Hz-O2,ID01-Seat-G1,8.210909854745129,1.5511077461456626,0.6914230560952639,0.9838993282015859,1.8150509860517223,5.0,64.81607941646753
Butterworth,48Hz-O2,ID05-Stand-G2,4.37090905967702,0.16811753543906083,0.6092632711394469,0.978832961800276,8.755738368769952,5.0,60.33454840222424
Butterworth,48Hz-O2,ID08-Seat-G3,10.35643934699703,1.511872927067282,0.7216076011715472,1.0037925387432824,1.2717170889895206,5.0,67.26849635578364
Butterworth,48Hz-O2,ID10-Stand-G4,11.532363841993153,1.5953548422129413,0.6587780462183505,0.9460178804396974,0.2282677254041039,5.0,67.70328859082927
Butterworth,48Hz-O3,ID01-Seat-G1,6.1374760235977375,1.548855656231984,0.5932325681843272,0.9684000076692039,1.9062245605178723,5.0,61.9287203233262
Butterworth,48Hz-O3,ID05-Stand-G2,2.4360025729428725,0.16495464568136134,0.4721744017853469,0.9888120302360726,7.870025452715281,5.0,57.421370737513335
Butterworth,48Hz-O3,ID08-Seat-G3,8.25354711735528,1.510896093042333,0.6405088832413307,0.9904911835823914,1.228224819449325,5.0,64.50981965957722
Butterworth,48Hz-O3,ID10-Stand-G4,9.56211485945334,1.5951593693667672,0.5470418166954808,0.9484866004097695,0.20902036256724266,5.0,64.9073614867183
Butterworth,50Hz-O2,ID01-Seat-G1,8.545571135574335,1.54113486985547,0.702426012831027,0.9857743433391767,1.8544369736019501,5.0,65.24263794850292
Butterworth,50Hz-O2,ID05-Stand-G2,4.699456777587932,0.1533294251492042,0.624967999552609,0.9807134509303994,9.01614488357898,5.0,60.7902840288845
Butterworth,50Hz-O2,ID08-Seat-G3,10.690919002961571,1.5019635402795897,0.7300609834563957,1.0046054931987352,1.3046272105906938,5.0,67.66637637888454
Butterworth,50Hz-O2,ID10-Stand-G4,11.826250218877952,1.5791882559732286,0.6708859463621053,0.9473642946831228,0.23297377742474026,5.0,68.09471629000936
Butterworth,50Hz-O3,ID01-Seat-G1,6.485110973509605,1.5397483837959651,0.6086015436084996,0.9703986558217665,1.9254605960656273,5.0,62.401615829682186
Butterworth,50Hz-O3,ID05-Stand-G2,2.776848431488771,0.1510612561255147,0.49457093514015266,0.984775810122502,7.977511676635642,5.0,57.910009495652425
Butterworth,50Hz-O3,ID08-Seat-G3,8.608856859792064,1.501136647407905,0.650927723634363,0.9921870186714727,1.2434278719393028,5.0,64.95174988040715
Butterworth,50Hz-O3,ID10-Stand-G4,9.847021186144095,1.57777668508572,0.5588848137527063,0.9658329468368095,0.21555073168870886,5.0,65.36782202347344
Butterworth,52Hz-O2,ID01-Seat-G1,8.873436831735056,1.531453909961148,0.7127235069597863,0.9871657369609732,1.8981358125733108,5.0,65.65469181873831
Butterworth,52Hz-O2,ID05-Stand-G2,5.021656936181761,0.13922483880369532,0.6397475585289187,0.9985101771258785,9.256962253852224,5.0,61.31231451077803
Butterworth,52Hz-O2,ID08-Seat-G3,11.018998855496115,1.4922553297832621,0.7381879859689304,1.0052923977199582,1.339211033654889,5.0,68.0554087502631
Butterworth,52Hz-O2,ID10-Stand-G4,12.120089920521702,1.5636466603682315,0.6829849519920889,0.9489149761113489,0.23788301920333074,5.0,68.4870519410191
Butterworth,52Hz-O3,ID01-Seat-G1,6.8248222270710555,1.5306442875164477,0.6223127252788753,0.9722778111527743,1.9316910556548148,5.0,62.8535567224265
Butterworth,52Hz-O3,ID05-Stand-G2,3.112964515142122,0.13797998043258045,0.5151710311013838,0.9872382585710223,8.047178269114232,5.0,58.412938541257596
Butterworth,52Hz-O3,ID08-Seat-G3,8.959100218023826,1.4914565078428683,0.6605923655202082,0.994522750844335,1.2642737807608724,5.0,65.38615671364705
Butterworth,52Hz-O3,ID10-Stand-G4,10.131382069383546,1.5608660738618978,0.57128039881369,0.9667519712929478,0.22257306910620542,5.0,65.74974491695096
Butterworth,54Hz-O2,ID01-Seat-G1,9.196234491716673,1.5219722946598244,0.722475946215375,0.9883689270845025,1.9354679398457397,5.0,66.05664872375449
Butterworth,54Hz-O2,ID05-Stand-G2,5.338443646091284,0.12563362301808437,0.6537421733241483,1.000952835264245,9.477743139446217,5.0,61.7415099460224
Butterworth,54Hz-O2,ID08-Seat-G3,11.341897703740239,1.4826904369417029,0.7460878318966383,1.005918308460859,1.3780200507488374,5.0,68.43755644296503
Butterworth,54Hz-O2,ID10-Stand-G4,12.415330618770055,1.5487018116906002,0.6950858074240328,0.9666119345328795,0.24204220283244257,5.0,68.9615338471147
Butterworth,54Hz-O3,ID01-Seat-G1,7.158090853204551,1.5214211819754393,0.6347175163740943,0.9801002969638547,1.961685632813131,5.0,63.31897371082953
Butterworth,54Hz-O3,ID05-Stand-G2,3.4434799559877267,0.12541796107889766,0.5339756969203595,0.98948023571735,8.237440475543183,5.0,58.89569886147717
Butterworth,54Hz-O3,ID08-Seat-G3,9.305259896322875,1.4818125174112102,0.6696699191288458,0.9965097086752062,1.2917467316082407,5.0,65.81033283316525
Butterworth,54Hz-O3,ID10-Stand-G4,10.418267070731583,1.5445208158443038,0.5844031557925251,0.942934582024007,0.22888965211216825,5.0,66.01596364929556
Butterworth,56Hz-O2,ID01-Seat-G1,9.51572481448515,1.5126226803641103,0.7318259483809259,0.9892031154328812,1.9680908133780255,5.0,66.4504350045065
Butterworth,56Hz-O2,ID05-Stand-G2,5.650962802259474,0.1124015615248765,0.6671004984928085,1.0038073172607758,9.676865768999841,5.0,62.154216540955545
Butterworth,56Hz-O2,ID08-Seat-G3,11.660801917047339,1.4732218742346355,0.7538507123366612,1.0065496314472695,1.414251095376101,5.0,68.81468225957231
Butterworth,56Hz-O2,ID10-Stand-G4,12.713320805007863,1.5343363580758125,0.7071835548380045,0.967952991701706,0.24535954279199404,5.0,69.35696242480141
Butterworth,56Hz-O3,ID01-Seat-G1,7.486504721767645,1.512017582202466,0.6461875666840478,0.9820489649872212,1.9912054216711408,5.0,63.7431562968341
Butterworth,56Hz-O3,ID05-Stand-G2,3.7676739948854947,0.11309398641487604,0.5510758050461727,0.9922573482690343,8.623087797271326,5.0,59.36202927407697
Butterworth,56Hz-O3,ID08-Seat-G3,9.6479667086299,1.4721650133819024,0.6783078175357934,0.9980553273281493,1.3182047203792402,5.0,66.22555197678909
Butterworth,56Hz-O3,ID10-Stand-G4,10.710501378237305,1.5288595857887077,0.5983173530043445,0.9436634114191569,0.23589866632715215,5.0,66.41619858286568
Butterworth,58Hz-O2,ID01-Seat-G1,9.833715861107931,1.5033602681597393,0.7408965280547438,0.9899914102871078,1.9948694493778634,5.0,66.84039687295405
Butterworth,58Hz-O2,ID05-Stand-G2,5.960651745738994,0.09939263124732751,0.6799792046100283,1.0066344554969466,9.851499310374233,5.0,62.560495780314206
Butterworth,58Hz-O2,ID08-Seat-G3,11.976907814965784,1.4638120747701284,0.7615596511579903,1.006947672877355,1.4475347299613952,5.0,69.1886051986507
Butterworth,58Hz-O2,ID10-Stand-G4,13.015285665414018,1.520536579899261,0.7192605513565362,0.9752139272665148,0.2478701864101672,5.0,69.78580943692062
Butterworth,58Hz-O3,ID01-Seat-G1,7.811897592531058,1.502429959797553,0.6570890661417571,0.9834104772627428,2.0087628690352686,5.0,64.15711797490795
Butterworth,58Hz-O3,ID05-Stand-G2,4.085215575974859,0.10075803720346084,0.5666635517376207,0.9947755912254804,9.015816803055907,5.0,59.80907017013442
Butterworth,58Hz-O3,ID08-Seat-G3,9.987619165611605,1.462473126980868,0.6866452239117735,1.0103367020828111,1.3623622562333397,5.0,66.6374583449499
Butterworth,58Hz-O3,ID10-Stand-G4,11.010325742099765,1.513986722965831,0.6129678019751758,0.9441482495979187,0.24355725243195955,5.0,66.82832550490316
Butterworth,60Hz-O2,ID01-Seat-G1,10.15206861438228,1.4941594270304417,0.749789527558243,0.9905861912311903,2.0159745355701566,5.0,67.22842102722507
Butterworth,60Hz-O2,ID05-Stand-G2,6.269316534649825,0.0864918043237155,0.6925406749505196,0.9851513864977205,9.99760448217126,5.0,62.889128529267325
Butterworth,60Hz-O2,ID08-Seat-G3,12.29146845256591,1.454432549521204,0.7692917447271954,1.0072164907573204,1.4806545143859384,5.0,69.56115653801987
Butterworth,60Hz-O2,ID10-Stand-G4,13.322327330010438,1.5072860252808262,0.731291406124119,0.9682277390988124,0.25174678012864077,4.166666666666667,70.31481823810206
Butterworth,60Hz-O3,ID01-Seat-G1,8.136529694469997,1.4927042546035934,0.6677554916630286,0.9928547988197026,2.0143107330918766,5.0,64.60896987604123
Butterworth,60Hz-O3,ID05-Stand-G2,4.396410294170857,0.08820820387422586,0.5810295540120536,0.9968951946413904,9.413036168733841,5.0,60.238607922468205
Butterworth,60Hz-O3,ID08-Seat-G3,10.324625563361016,1.4526962619898,0.6948278233506854,1.0110259555704213,1.406603808824448,5.0,67.03583423849115
Butterworth,60Hz-O3,ID10-Stand-G4,11.319222397063188,1.4999618561923738,0.6281999374024495,0.9443622598449185,0.2501454150259376,5.0,67.25253322680615
Biquad,40Hz-Q1.2,ID01-Seat-G1,8.210211989953706,1.418052593069506,0.6706190205449752,1.0037049993578042,2.1744799746908083,5.0,64.73985464404103
Biquad,40Hz-Q1.2,ID05-Stand-G2,4.292484332404896,0.0077087456700800265,0.5641861406965698,0.9900434315879897,9.59700803308734,5.0,59.974097545569116
Biquad,40Hz-Q1.2,ID08-Seat-G3,10.246038343484882,1.3995403693767619,0.6969298618120444,1.0086888055012666,1.4178696062623901,5.0,66.97301230707521
Biquad,40Hz-Q1.2,ID10-Stand-G4,10.950218714532356,1.4636442873809277,0.6069814283236455,0.9433381037084292,0.25021985594947665,5.0,66.71926994550184
Biquad,40Hz-Q1.3,ID01-Seat-G1,8.367093055516206,1.381986437470122,0.6736826408225077,1.0112599838670204,2.2796155579927633,5.0,64.91971286168501
Biquad,40Hz-Q1.3,ID05-Stand-G2,4.45220713772672,-0.039938557862310875,0.565957068316244,1.020006930773352,10.000438026434972,5.0,60.19688515009855
Biquad,40Hz-Q1.3,ID08-Seat-G3,10.363663281931395,1.3670679049142358,0.6964977383035285,1.0126935882609713,1.4762335537082956,5.0,67.08739631920785
Biquad,40Hz-Q1.3,ID10-Stand-G4,10.94844845430348,1.419331101053196,0.6046442160364331,0.9540689313514287,0.26125546870722316,5.0,66.75362473133386
Biquad,40Hz-Q1.5,ID01-Seat-G1,8.453988763106913,1.350362509005848,0.675096332402287,1.0178443256043161,2.3806101899861343,5.0,65.01721125612406
Biquad,40Hz-Q1.5,ID05-Stand-G2,4.552705957685407,-0.08179905697701483,0.5660641469471568,1.0558735273975952,10.335791025877539,5.0,60.29818705978908
Biquad,40Hz-Q1.5,ID08-Seat-G3,10.415425949725913,1.338295704122225,0.6950713892120447,1.0160935953735175,1.5253226513587321,5.0,67.12846136881625
Biquad,40Hz-Q1.5,ID10-Stand-G4,10.907688697289844,1.3801297128097196,0.6020734181094644,0.9542383298249731,0.2709802157757614,5.0,66.69443098223569
Biquad,40Hz-Q1.6,ID01-Seat-G1,8.490478793751992,1.3220988709045784,0.6753320541635613,1.023767658789421,2.484839071667344,5.0,65.0554691999787
Biquad,40Hz-Q1.6,ID05-Stand-G2,4.610339771660121,-0.11915720789366546,0.5649964775743335,1.0679725486894185,10.617817929404302,5.0,60.34781335346763
Biquad,40Hz-Q1.6,ID08-Seat-G3,10.421388945726614,1.3123613313404614,0.6929838976747864,1.0104675076171683,1.5667355683507393,5.0,67.11876817828751
Biquad,40Hz-Q1.6,ID10-Stand-G4,10.841513478422533,1.3450370958931355,0.5993690805945386,0.952306300869712,0.27957875933042736,5.0,66.59831308723012
Biquad,40Hz-Q1.8,ID01-Seat-G1,8.49062147193438,1.2964556467030435,0.6747117605060318,1.0290334279431947,2.577180296507919,5.0,65.05095967572963
Biquad,40Hz-Q1.8,ID05-Stand-G2,4.6367849370086835,-0.1529151293509002,0.5630937396849626,1.0799985182199154,10.857518850442917,5.0,60.359987984645905
Biquad,40Hz-Q1.8,ID08-Seat-G3,10.395507955439724,1.288670610413471,0.69045509982426,1.0043434090968122,1.6022236708753121,5.0,67.07392120412167
Biquad,40Hz-Q1.8,ID10-Stand-G4,10.758925915309403,1.3133056864109312,0.596591400092563,0.965103130164716,0.28719951404936406,5.0,66.5588770668272
Biquad,42Hz-Q1.2,ID01-Seat-G1,8.541995246735839,1.4159453871222423,0.6829765825737968,1.011463453121814,2.203432135840605,5.0,65.16431961603931
Biquad,42Hz-Q1.2,ID05-Stand-G2,4.645607722944397,-0.002117002585007207,0.5842034284679581,1.0279010756335338,9.835868622826784,5.0,60.527133436454086
Biquad,42Hz-Q1.2,ID08-Seat-G3,10.581710401289012,1.394071940202628,0.7048774841945495,1.0085725305514972,1.439877768183255,5.0,67.36829153274813
Biquad,42Hz-Q1.2,ID10-Stand-G4,11.24125686777826,1.4486354710255018,0.6189133111800292,0.9434848804254322,0.2592659279981779,5.0,67.10053110375563
Biquad,42Hz-Q1.3,ID01-Seat-G1,8.681621852547783,1.3820838391097576,0.6854413045772865,1.0104680974100848,2.3019304033405024,5.0,65.32243163687743
Biquad,42Hz-Q1.3,ID05-Stand-G2,4.801523410334138,-0.047877708094531936,0.5859687397353112,1.047808964681754,10.190316083328161,5.0,60.696288958348966
Biquad,42Hz-Q1.3,ID08-Seat-G3,10.687564750290894,1.3625577915856215,0.7037911549403862,1.0123078037297657,1.4975434770561,5.0,67.46599841234378
Biquad,42Hz-Q1.3,ID10-Stand-G4,11.23247512832148,1.4054833564584592,0.6160500153796525,0.9485842023472202,0.27040878174202404,5.0,67.09577125540497
Biquad,42Hz-Q1.5,ID01-Seat-G1,8.752040853464239,1.3524191662618323,0.6864283001494345,1.0164050169548966,2.3865283618807394,5.0,65.40025310458499
Biquad,42Hz-Q1.5,ID05-Stand-G2,4.89822447491348,-0.08815246603674622,0.5861501436979454,1.061555102827946,10.476634237293224,5.0,60.79435055264808
Biquad,42Hz-Q1.5,ID08-Seat-G3,10.727966715824406,1.3345169501318725,0.7018102845610925,1.0155258485987984,1.5478781403020638,5.0,67.4915438500326
Biquad,42Hz-Q1.5,ID10-Stand-G4,11.184441753138922,1.3673363208968947,0.6128841619256137,0.9534665197549734,0.2801401122588723,5.0,67.04840556635588
Biquad,42Hz-Q1.6,ID01-Seat-G1,8.773306160695446,1.325939007169903,0.6863844545402485,1.0222774601229971,2.471452361906138,5.0,65.42118956974731
Biquad,42Hz-Q1.6,ID05-Stand-G2,4.952160084166358,-0.12415972220315925,0.5852194056904615,1.0757806737837268,10.719263739951598,5.0,60.84130562684482
Biquad,42Hz-Q1.6,ID08-Seat-G3,10.723035674858984,1.309151890411919,0.699253875211529,1.0094450154659165,1.5918356295391771,5.0,67.46743973894546
Biquad,42Hz-Q1.6,ID10-Stand-G4,11.110959975718766,1.333187020193541,0.6095504243387571,0.9512278500303742,0.28872342655795097,5.0,66.93872740841131
Biquad,42Hz-Q1.8,ID01-Seat-G1,8.759696846270414,1.3019525565462682,0.6856085824672996,1.0274821377625074,2.550009845288674,5.0,65.40176121477515
Biquad,42Hz-Q1.8,ID05-Stand-G2,4.975048222084384,-0.15675218549103448,0.5835012034929888,1.089654385514361,10.92615485018797,5.0,60.851307248281806
Biquad,42Hz-Q1.8,ID08-Seat-G3,10.686743832629041,1.285915570508098,0.6963298913392867,1.0122927139539613,1.6306016490642579,5.0,67.4092180176737
Biquad,42Hz-Q1.8,ID10-Stand-G4,11.021190917306468,1.3022880344566268,0.6061338320850536,0.9552249912939407,0.2963623613820739,5.0,66.84331961441407
Biquad,44Hz-Q1.2,ID01-Seat-G1,8.849861456790537,1.4137669523149576,0.6933239073253615,1.0116995121217707,2.2128401097993073,5.0,65.54979076173075
Biquad,44Hz-Q1.2,ID05-Stand-G2,4.986036604613813,-0.010427759449750532,0.6025298070748449,1.028827008589248,10.050120197636021,5.0,61.00501015767515
Biquad,44Hz-Q1.2,ID08-Seat-G3,10.900481875539382,1.388228495781999,0.7119886767771472,1.0088372328335615,1.4732987385854697,5.0,67.74039695136798
Biquad,44Hz-Q1.2,ID10-Stand-G4,11.51701087734129,1.4338372343839987,0.6304087345874629,0.9377784552105267,0.2665694451478303,5.0,67.4339686627999
Biquad,44Hz-Q1.3,ID01-Seat-G1,8.970979329483574,1.3818914822755841,0.6950220175529537,0.9975622053791321,2.3018105068950083,5.0,65.67145548802638
Biquad,44Hz-Q1.3,ID05-Stand-G2,5.138654715808536,-0.054161837462361785,0.6043372542981218,1.0416215350920002,10.365920353930228,5.0,61.171184123044455
Biquad,44Hz-Q1.3,ID08-Seat-G3,10.993429338935456,1.3574213165381999,0.7102491140924384,1.0124081674244259,1.5346850584063485,5.0,67.82029769462874
Biquad,44Hz-Q1.3,ID10-Stand-G4,11.49692795603952,1.3913863908392023,0.626934166797284,0.9428502095290071,0.2773958454736892,5.0,67.41318525466417
Biquad,44Hz-Q1.5,ID01-Seat-G1,9.024286252833365,1.3540117634583257,0.6954003356806858,1.0041291037951379,2.377355497335414,5.0,65.7397887704385
Biquad,44Hz-Q1.5,ID05-Stand-G2,5.232606762237673,-0.09265698165066803,0.6046722087091982,1.0441981095695665,10.626076739512508,5.0,61.26764832755667
Biquad,44Hz-Q1.5,ID08-Seat-G3,11.021265316688032,1.3298794935723073,0.7077011042705742,1.0153219111763467,1.5875309831833124,5.0,67.82902359871734
Biquad,44Hz-Q1.5,ID10-Stand-G4,11.43717151412485,1.3537795307930354,0.6230970716943779,0.9521118907105559,0.28677634475727004,5.0,67.37095900538547
Biquad,44Hz-Q1.6,ID01-Seat-G1,9.030089932959566,1.3291776799938784,0.6948806916467835,1.009802963897007,2.4427005854050807,5.0,65.74169512031044
Biquad,44Hz-Q1.6,ID05-Stand-G2,5.28431809397141,-0.1270754543376901,0.6039787616133793,1.056381120533367,10.835033374643201,5.0,61.31415880607176
Biquad,44Hz-Q1.6,ID08-Seat-G3,11.004119063089293,1.3048659749436078,0.7046474582220008,1.0088782041492634,1.6335360864012871,5.0,67.7889749997543
Biquad,44Hz-Q1.6,ID10-Stand-G4,11.351998919109045,1.320033449517241,0.6190704299609474,0.9562809333438415,0.29500381489290123,5.0,67.27643181053536
Biquad,44Hz-Q1.8,ID01-Seat-G1,9.002687157838528,1.30673914237694,0.6937394945742055,1.0216575252912654,2.499341286957605,4.166666666666667,65.87240003381174
Biquad,44Hz-Q1.8,ID05-Stand-G2,5.30544576259042,-0.15822944517456508,0.6025582692259511,1.0678880996746825,11.004140600626435,5.0,61.32463278178506
Biquad,44Hz-Q1.8,ID08-Seat-G3,10.955967972837948,1.2818762413572105,0.7012837985440473,1.022984416294005,1.673970483183244,5.0,67.71559646191831
Biquad,44Hz-Q1.8,ID10-Stand-G4,11.250898866679144,1.2894250647565129,0.6149661895261208,0.9504463930436517,0.3023024372144973,5.0,67.1153772533433
Biquad,46Hz-Q1.2,ID01-Seat-G1,9.138516675082498,1.411141782300371,0.7019664278181305,0.991271087370586,2.2071067374236826,5.0,65.8596203205714
Biquad,46Hz-Q1.2,ID05-Stand-G2,5.3128112231216305,-0.017487817320122796,0.6190956924577777,1.0134341864636116,10.253391359775273,5.0,61.45602891655497
Biquad,46Hz-Q1.2,ID08-Seat-G3,11.20640735094464,1.381980779502398,0.7185169926898284,1.0206925212454159,1.5204019783735276,5.0,68.09528479611835
Biquad,46Hz-Q1.2,ID10-Stand-G4,11.782407580906964,1.4190687838971041,0.6418851653773223,0.9369546420459162,0.27226804318703846,5.0,67.78131953146647
Biquad,46Hz-Q1.3,ID01-Seat-G1,9.240563413710918,1.3809115868663888,0.702713582909079,0.9978261862944601,2.2872597581558787,5.0,66.00004621700131
Biquad,46Hz-Q1.3,ID05-Stand-G2,5.461838134157617,-0.05907409889589552,0.6208571852422711,1.0235502907022607,10.551932550571681,5.0,61.61826702347466
Biquad,46Hz-Q1.3,ID08-Seat-G3,11.286693670356039,1.3516543917571593,0.716155397849758,1.0241258969551443,1.5839541688174357,5.0,68.15785915422923
Biquad,46Hz-Q1.3,ID10-Stand-G4,11.748512144448966,1.3768828855849689,0.6378658820158064,0.9421505188987934,0.2826880715310278,5.0,67.74325885406148
Biquad,46Hz-Q1.5,ID01-Seat-G1,9.276543740916132,1.3544767471195607,0.702270414098226,1.003745964018371,2.362676123181932,5.0,66.04357184665282
Biquad,46Hz-Q1.5,ID05-Stand-G2,5.553197936684285,-0.09562608005785611,0.6212669421483691,1.0180862073379384,10.785211317707974,5.0,61.71270000279705
Biquad,46Hz-Q1.5,ID08-Seat-G3,11.302374647267051,1.3243907797176862,0.7130604632583871,1.0269833939213,1.6391998579804807,5.0,68.15032812170494
Biquad,46Hz-Q1.5,ID10-Stand-G4,11.674370704292768,1.339341396575705,0.6334282689905981,0.9428545285589326,0.2915773279166393,5.0,67.6393553645169
Biquad,46Hz-Q1.6,ID01-Seat-G1,9.266792563023472,1.3309422416717827,0.7010379170393013,1.015865381650776,2.427120830364481,4.166666666666667,66.1912436074849
Biquad,46Hz-Q1.6,ID05-Stand-G2,5.603184256220357,-0.1282621895603308,0.620737452850678,1.0164818427775473,10.968692967306348,5.0,61.75871515260044
Biquad,46Hz-Q1.6,ID08-Seat-G3,11.273473393255953,1.2995059243973903,0.7095166784142868,1.0294332297010362,1.6877824362344336,5.0,68.0948484813631
Biquad,46Hz-Q1.6,ID10-Stand-G4,11.574755217372035,1.3055072903145144,0.6287771943139352,0.9468739321913139,0.30013491433123335,5.0,67.52495383568312
Biquad,46Hz-Q1.8,ID01-Seat-G1,9.225456091160622,1.3096926489217253,0.6992749975122181,1.0207785765027813,2.4827364646752366,3.3333333333333335,66.3033519058356
Biquad,46Hz-Q1.8,ID05-Stand-G2,5.623292270547814,-0.15776505791848586,0.6195438409495583,1.0242743083404207,11.114420601902715,5.0,61.7698710776695
Biquad,46Hz-Q1.8,ID08-Seat-G3,11.213899424482387,1.2765326012449805,0.7057065286133576,1.0316956620346993,1.7309238419542063,5.0,68.00669838908256
Biquad,46Hz-Q1.8,ID10-Stand-G4,11.459521240573023,1.2746980011413211,0.6240463429243558,0.9505108873467311,0.308258817572935,5.0,67.39242324923934
Biquad,48Hz-Q1.2,ID01-Seat-G1,9.412115154107285,1.4077461998513225,0.7092717142680675,0.9914645689433002,2.2356033299487468,5.0,66.1889758558343
Biquad,48Hz-Q1.2,ID05-Stand-G2,5.624426209515257,-0.023675017558175065,0.6338321281939412,1.0131836702035646,10.466006034620827,5.0,61.878167170969824
Biquad,48Hz-Q1.2,ID08-Seat-G3,11.503122318577448,1.375355327462066,0.7246896098675103,1.0205874722405928,1.5601256765455336,5.0,68.43829439258377
Biquad,48Hz-Q1.2,ID10-Stand-G4,12.043529902367064,1.404394796267809,0.6537140756616863,0.9446449634367021,0.2772909798589254,5.0,68.16961028701323
Biquad,48Hz-Q1.3,ID01-Seat-G1,9.495103404421661,1.3787149252554372,0.7089247432981387,0.9970794140201967,2.318442044871991,5.0,66.29743604925868
Biquad,48Hz-Q1.3,ID05-Stand-G2,5.768505602133263,-0.06308541459904203,0.6353352965067395,1.0075723482552148,10.747469030530738,5.0,62.03352032593381
Biquad,48Hz-Q1.3,ID08-Seat-G3,11.572263909773568,1.3453390558150493,0.7217770941731657,1.0238894292894196,1.6239776135164934,5.0,68.48559211607231
Biquad,48Hz-Q1.3,ID10-Stand-G4,11.995453200280801,1.3621502868993645,0.6493535118181198,0.9496144843973747,0.2872568599669781,5.0,68.11367696090358
Biquad,48Hz-Q1.5,ID01-Seat-G1,9.514068057824245,1.3532528068482497,0.7074885575929063,1.0021422833886287,2.3876395620155155,4.166666666666667,66.48689890643772
Biquad,48Hz-Q1.5,ID05-Stand-G2,5.856272014087021,-0.09764244774893195,0.6356013212641164,1.01522489373113,10.964994957457082,5.0,62.123281923567895
Biquad,48Hz-Q1.5,ID08-Seat-G3,11.57774851263653,1.318193715926171,0.7182075799999023,1.0266739720392442,1.6792784383329746,5.0,68.4643053626358
Biquad,48Hz-Q1.5,ID10-Stand-G4,11.906410391295239,1.3243240004001866,0.644526067426188,0.954041866507919,0.29673044999979764,5.0,68.01056522953125
Biquad,48Hz-Q1.6,ID01-Seat-G1,9.489228563693704,1.3305198544602863,0.7053494359867516,1.0138267213449021,2.4461310586733283,3.3333333333333335,66.61268266692768
Biquad,48Hz-Q1.6,ID05-Stand-G2,5.903822094720304,-0.1284299770131844,0.6350150259344343,1.0218893665790776,11.138457902206833,5.0,62.16643478922856
Biquad,48Hz-Q1.6,ID08-Seat-G3,11.539304572104845,1.293280208448391,0.7142458544427132,1.0201905670684672,1.7288770900814836,5.0,68.3961484804252
Biquad,48Hz-Q1.6,ID10-Stand-G4,11.791602860033256,1.2900348897512686,0.639456938888152,0.9533079071704612,0.30553899575414006,5.0,67.8540694375467
Biquad,48Hz-Q1.8,ID01-Seat-G1,9.434501922240957,1.3099377587273076,0.7027552956858499,1.0184489661844618,2.49759644509109,3.3333333333333335,66.53849997321817
Biquad,48Hz-Q1.8,ID05-Stand-G2,5.9224212840728745,-0.15620880855785646,0.633829125354582,1.017646260559184,11.278180532658256,5.0,62.176139724232236
Biquad,48Hz-Q1.8,ID08-Seat-G3,11.470595412688224,1.2701619515560314,0.7100594262976877,1.0223771098117969,1.77334904653087,4.166666666666667,68.46270777658755
Biquad,48Hz-Q1.8,ID10-Stand-G4,11.661200107976144,1.2586468242145261,0.6342936610362995,0.9368163767241123,0.31317478735015924,5.0,67.60248444936894
Biquad,50Hz-Q1.2,ID01-Seat-G1,9.674323837349005,1.4033639332751264,0.7156618502160003,0.9909904977834442,2.262248175544252,5.0,66.49674020288622
Biquad,50Hz-Q1.2,ID05-Stand-G2,5.919358079843644,-0.029450713543620426,0.6467474505658974,1.0120897292659075,10.683530318514793,5.0,62.26996395908788
Biquad,50Hz-Q1.2,ID08-Seat-G3,11.793259408173242,1.3684211218441493,0.7306896512892861,1.02013860859337,1.5924563206751434,5.0,68.77343179284289
Biquad,50Hz-Q1.2,ID10-Stand-G4,12.306756943945437,1.3900829453671844,0.666154039207625,0.9453621336909944,0.2812643971256716,5.0,68.5297229064576
Biquad,50Hz-Q1.3,ID01-Seat-G1,9.738696030903354,1.3750358387151287,0.714165112050369,0.9961816895011938,2.3381525515347907,4.166666666666667,66.74250948545377
Biquad,50Hz-Q1.3,ID05-Stand-G2,6.056059081347445,-0.0667977151050934,0.6477005421749588,1.0186618796640692,10.958184719696694,5.0,62.41381314765964
Biquad,50Hz-Q1.3,ID08-Seat-G3,11.853516600843294,1.3386266386676322,0.727322729277874,1.0233404405739477,1.655196616008437,5.0,68.80843707042736
Biquad,50Hz-Q1.3,ID10-Stand-G4,12.24644480956993,1.3476506386364269,0.6617553498262464,0.949919372274351,0.2911857617144287,5.0,68.45920679463853
Biquad,50Hz-Q1.5,ID01-Seat-G1,9.741392082310737,1.3500178925190307,0.7116586045847791,1.001050187997303,2.4008670873230655,3.3333333333333335,66.91216495002992
Biquad,50Hz-Q1.5,ID05-Stand-G2,6.138083886563515,-0.09946785782313085,0.6475150465759972,1.0243764032189935,11.175083124608674,5.0,62.4944467358835
Biquad,50Hz-Q1.5,ID08-Seat-G3,11.851797667551855,1.3115466888219183,0.7233866735719184,1.026110362802946,1.7093806055008436,4.166666666666667,68.94386438600792
Biquad,50Hz-Q1.5,ID10-Stand-G4,12.144468680885078,1.309408679747542,0.6568602511960028,0.9385315641816837,0.30083551494369926,5.0,68.26357838576351
Biquad,50Hz-Q1.6,ID01-Seat-G1,9.702433366848274,1.327530305754154,0.7085173109528714,1.0055299455466093,2.4533504381820745,3.3333333333333335,66.84964653232815
Biquad,50Hz-Q1.6,ID05-Stand-G2,6.181334806564382,-0.12851215147525363,0.6465566938055136,1.0143018514931794,11.35007579888996,5.0,62.530510010105736
Biquad,50Hz-Q1.6,ID08-Seat-G3,11.807410005874146,1.2865832545530762,0.7191284654320333,1.019865591083735,1.7566661744338514,4.166666666666667,68.86754016328108
Biquad,50Hz-Q1.6,ID10-Stand-G4,12.016281522752644,1.2745315169120264,0.6517012050540734,0.9377717434198543,0.30905716646371634,5.0,68.09289927775747
Biquad,50Hz-Q1.8,ID01-Seat-G1,9.635464710403705,1.3070388840972227,0.7049816029641329,1.0167069942429459,2.4992958640304894,2.5,66.9228267326347
Biquad,50Hz-Q1.8,ID05-Stand-G2,6.196840999501613,-0.15466986794686186,0.6450633622075078,1.033690648840471,11.491063844824959,4.166666666666667,62.70148288272459
Biquad,50Hz-Q1.8,ID08-Seat-G3,11.73363572671442,1.2633262419651607,0.7147016128334361,1.022314249802606,1.798298043537547,3.3333333333333335,68.92723115629853
Biquad,50Hz-Q1.8,ID10-Stand-G4,11.872243962651645,1.242427343997204,0.6464299978066418,0.945744805825789,0.31611928100544245,5.0,67.9491929753304
Biquad,52Hz-Q1.2,ID01-Seat-G1,9.928363035140151,1.3979228953981346,0.7215817550477047,0.9974042025274982,2.2791461888268985,4.166666666666667,66.9939138773021
Biquad,52Hz-Q1.2,ID05-Stand-G2,6.196599595210066,-0.035309011862950844,0.6579751649034128,0.9905661408400057,10.904750486277502,5.0,62.58424403618569
Biquad,52Hz-Q1.2,ID08-Seat-G3,12.078054129317252,1.3612544238783926,0.7366457806248548,1.0197026680764056,1.6143790605036337,5.0,69.10289748400366
Biquad,52Hz-Q1.2,ID10-Stand-G4,12.577796219754072,1.376526515985132,0.6792968771464127,0.9417851145131212,0.2839262984288266,5.0,68.88144837091777
Biquad,52Hz-Q1.3,ID01-Seat-G1,9.974714510562162,1.369827866235599,0.7189931328006383,1.0025766198784696,2.3480311818716397,3.3333333333333335,67.20049633990028
Biquad,52Hz-Q1.3,ID05-Stand-G2,6.322588724017437,-0.07086408659374017,0.6580702387432994,0.9959830961480813,11.18319990326345,5.0,62.738030995332586
Biquad,52Hz-Q1.3,ID08-Seat-G3,12.131467940412056,1.3316680593433474,0.7329128922478919,1.0229676372833003,1.6745522528522934,4.166666666666667,69.29498129893791
Biquad,52Hz-Q1.3,ID10-Stand-G4,12.50926513504669,1.334020149867878,0.6751932140866411,0.9300229255756983,0.2941150846958329,5.0,68.72332886857498
Biquad,52Hz-Q1.5,ID01-Seat-G1,9.961947144407878,1.3447606439027673,0.7154640497421103,1.0073776873005906,2.406018594270988,3.3333333333333335,67.16126085080705
Biquad,52Hz-Q1.5,ID05-Stand-G2,6.395720049008198,-0.1019351980694213,0.6571045787870511,1.0008683126170486,11.409799224616167,5.0,62.82400438991108
Biquad,52Hz-Q1.5,ID08-Seat-G3,12.12534423582237,1.3046978381350158,0.728704679624764,1.0259684961694975,1.7262733528830128,3.3333333333333335,69.42396266634144
Biquad,52Hz-Q1.5,ID10-Stand-G4,12.39870555987414,1.2955140381279107,0.6705914216254921,0.934160932247018,0.30314995790910804,5.0,68.59894588330042
Biquad,52Hz-Q1.6,ID01-Seat-G1,9.909823621774434,1.3220061550572122,0.7113579783583567,1.0116008929112594,2.4593618232324315,2.5,67.24500845946211
Biquad,52Hz-Q1.6,ID05-Stand-G2,6.431741485828277,-0.12953640711584047,0.6554330136591765,1.005125357511638,11.594415016372393,4.166666666666667,63.01415575493877
Biquad,52Hz-Q1.6,ID08-Seat-G3,12.078565256719271,1.279789122992611,0.7242531304767915,1.0287019515586628,1.7712081347273447,2.5,69.51046373529522
Biquad,52Hz-Q1.6,ID10-Stand-G4,12.261617286498506,1.2602308088371614,0.665720011098564,0.9464209642162972,0.31116525196885975,4.166666666666667,68.65328885748589
Biquad,52Hz-Q1.8,ID01-Seat-G1,9.831672341537297,1.3010785677451306,0.7069072542777338,1.0153203123157784,2.505380582950738,2.5,67.1334767486203
Biquad,52Hz-Q1.8,ID05-Stand-G2,6.441471409759327,-0.15438072026401833,0.653285074693193,1.0085870860034787,11.746688059079998,4.166666666666667,63.00777613662495
Biquad,52Hz-Q1.8,ID08-Seat-G3,12.004032417711608,1.2565608737324248,0.7197002495808781,1.0312065437348767,1.8106219284257843,1.6666666666666667,69.56845095623486
Biquad,52Hz-Q1.8,ID10-Stand-G4,12.108394595722913,1.2276144541601755,0.6607261542758588,0.9499702205886443,0.3182283194583033,3.3333333333333335,68.64702518906842
Biquad,54Hz-Q1.2,ID01-Seat-G1,10.177167464877899,1.391505834128463,0.7274542150733256,0.9965043398366635,2.290727746097715,3.3333333333333335,67.4489291104445
Biquad,54Hz-Q1.2,ID05-Stand-G2,6.456159699942304,-0.041714635644050126,0.6677900066309572,0.9919257936460116,11.124522729953037,5.0,62.92421371790453
Biquad,54Hz-Q1.2,ID08-Seat-G3,12.35742915542717,1.353900994963159,0.7426438779673843,1.0193413177583956,1.6255047281476367,4.166666666666667,69.59392490684922
Biquad,54Hz-Q1.2,ID10-Stand-G4,12.860721379203312,1.3641351786625835,0.6930466116697436,0.972809332118228,0.28573676736692205,4.166666666666667,69.58928429398419
Biquad,54Hz-Q1.3,ID01-Seat-G1,10.205979512674968,1.3632764509538358,0.7239446377094932,1.0013042730689243,2.3559748165273233,3.3333333333333335,67.46889762882951
Biquad,54Hz-Q1.3,ID05-Stand-G2,6.567558913049591,-0.07589178082813897,0.6667713477521301,0.9978501909719119,11.414839750927163,5.0,63.057594976050126
Biquad,54Hz-Q1.3,ID08-Seat-G3,12.404784857121044,1.3245365579002601,0.7385989942249518,1.022584281369198,1.6817035151316635,3.3333333333333335,69.77761064714151
Biquad,54Hz-Q1.3,ID10-Stand-G4,12.789224258633006,1.3218947477425544,0.6895112709652399,0.9616466822488675,0.2965034188725281,4.166666666666667,69.4354588687833
Biquad,54Hz-Q1.5,ID01-Seat-G1,10.178230510229623,1.3377963896714942,0.7195673106856355,1.0058198355432693,2.413989594009856,2.5,67.5749853403719
Biquad,54Hz-Q1.5,ID05-Stand-G2,6.627979028106531,-0.10581203692168704,0.6647535219666264,1.0026160086266744,11.656275273167473,5.0,63.11363044285623
Biquad,54Hz-Q1.5,ID08-Seat-G3,12.395339686670802,1.2977398579167598,0.7341595520178229,1.0254935799226026,1.7296999598527163,2.5,69.90153632680448
Biquad,54Hz-Q1.5,ID10-Stand-G4,12.675923888056735,1.2835387774317857,0.6854978805099852,0.9696693469503065,0.30540054787236065,4.166666666666667,69.33217139329982
Biquad,54Hz-Q1.6,ID01-Seat-G1,10.113404342580287,1.3144188075697263,0.7146732707305167,1.0098667712026859,2.465488008741824,2.5,67.47345387305916
Biquad,54Hz-Q1.6,ID05-Stand-G2,6.653051968837933,-0.13244618211874984,0.6620866986736693,1.006523379963273,11.857841017377671,4.166666666666667,63.285368875557126
Biquad,54Hz-Q1.6,ID08-Seat-G3,12.347545194782718,1.2729971724828426,0.7295423901766652,1.0281060009553393,1.7711684001425925,1.6666666666666667,69.98577978777438
Biquad,54Hz-Q1.6,ID10-Stand-G4,12.536204093238657,1.248328321379958,0.6812243566202483,0.968027504739798,0.31278511837091,3.3333333333333335,69.31885762492284
Biquad,54Hz-Q1.8,ID01-Seat-G1,10.02450848627671,1.2927079383077162,0.709486037908603,1.0134532631487014,2.509566569302899,2.5,67.34565377059123
Biquad,54Hz-Q1.8,ID05-Stand-G2,6.6534069279416,-0.15647531021155395,0.6589964699946722,1.0354459235262896,12.028370079744453,3.3333333333333335,63.42921378623498
Biquad,54Hz-Q1.8,ID08-Seat-G3,12.27392516665777,1.2499538562404187,0.7248775785698158,1.0304993186245357,1.807349591586098,1.6666666666666667,69.87717367259806
Biquad,54Hz-Q1.8,ID10-Stand-G4,12.380366403243912,1.2157327875577897,0.6768284988382508,0.9719411783045668,0.3189574387261426,3.3333333333333335,69.14961936938697
Biquad,56Hz-Q1.2,ID01-Seat-G1,10.423744588929976,1.3843311186045721,0.7336332740513888,0.9953192904231486,2.2975024275513127,3.3333333333333335,67.73592392976447
Biquad,56Hz-Q1.2,ID05-Stand-G2,6.699483237457664,-0.049039726128894144,0.6765923509168991,0.9948481364762006,11.33291968962777,5.0,63.248166551715414
Biquad,56Hz-Q1.2,ID08-Seat-G3,12.63069270856687,1.346362272121633,0.7487570984866073,1.018629527853023,1.6645609811420723,3.3333333333333335,70.07970428054976
Biquad,56Hz-Q1.2,ID10-Stand-G4,13.157302820135563,1.3532209709383627,0.7071479433334694,0.9610485634065699,0.2887631065568837,4.166666666666667,69.93282187883611
Biquad,56Hz-Q1.3,ID01-Seat-G1,10.43533079909148,1.355758449100989,0.7294571411773783,0.9998618280535042,2.361356675571668,2.5,67.90556849818934
Biquad,56Hz-Q1.3,ID05-Stand-G2,6.792409253626354,-0.08234169437979565,0.6743124909032927,1.009487647198999,11.639512362820248,5.0,63.34975293540105
Biquad,56Hz-Q1.3,ID08-Seat-G3,12.671100431260838,1.3172095434482636,0.7444221897447115,1.0219774355956535,1.7103115847552106,3.3333333333333335,70.08760018767951
Biquad,56Hz-Q1.3,ID10-Stand-G4,13.088017186642821,1.311722236518493,0.7043180426659501,0.965766339029639,0.2987817330841554,4.166666666666667,69.86590086845231
Biquad,56Hz-Q1.5,ID01-Seat-G1,10.39262315634373,1.3296966625204247,0.7244942880698023,1.003983841626039,2.41639992240745,2.5,67.82633031686724
Biquad,56Hz-Q1.5,ID05-Stand-G2,6.836230302360707,-0.11165061060773523,0.6710910126304231,1.0148648111763348,11.897035778394459,4.166666666666667,63.53607956375556
Biquad,56Hz-Q1.5,ID08-Seat-G3,12.657115258626353,1.2905931064870704,0.7397474540261871,1.0250884885109912,1.7485226116231039,1.6666666666666667,70.37188783048943
Biquad,56Hz-Q1.5,ID10-Stand-G4,12.977695804496973,1.274073088983026,0.7010294686462543,0.9644213533392447,0.3069546555855796,3.3333333333333335,69.89085691937345
Biquad,56Hz-Q1.6,ID01-Seat-G1,10.31485528138072,1.305571542009382,0.719081572977892,1.007618160066154,2.4637014412149116,2.5,67.70796707871492
Biquad,56Hz-Q1.6,ID05-Stand-G2,6.84649770471028,-0.13788485862562466,0.6672781228217741,1.0196422667379839,12.11889063626883,2.5,63.851083625873585
Biquad,56Hz-Q1.6,ID08-Seat-G3,12.606717836889205,1.2660283351590758,0.7349352686375744,1.0281355721030998,1.7810280569439187,0.8333333333333334,70.45206568500436
Biquad,56Hz-Q1.6,ID10-Stand-G4,12.84149371216563,1.2395616417371198,0.6974870918482626,0.9601907477245845,0.31366911100390205,3.3333333333333335,69.70693397298386
Biquad,56Hz-Q1.8,ID01-Seat-G1,10.21478550055039,1.283000328715992,0.7134332177859224,1.0110367839243135,2.5041469956379583,2.5,67.56553463394481
Biquad,56Hz-Q1.8,ID05-Stand-G2,6.833673579435495,-0.16168578894646188,0.663098808607122,1.0379901036555819,12.310627766209365,2.5,63.80691464398891
Biquad,56Hz-Q1.8,ID08-Seat-G3,12.532030562910043,1.2431750891176212,0.7301044721482316,1.031272288006736,1.8090982980507722,0.8333333333333334,70.34114743735512
Biquad,56Hz-Q1.8,ID10-Stand-G4,12.689541209063714,1.2076723895316237,0.6938187560218494,0.9636906781315638,0.3192120060813935,3.3333333333333335,69.54496860321873
Biquad,58Hz-Q1.2,ID01-Seat-G1,10.67166888847177,1.3767091843225694,0.7403700029433947,1.0082180807015877,2.3015149433399906,2.5,68.22444391054722
Biquad,58Hz-Q1.2,ID05-Stand-G2,6.929719485667814,-0.05751388754310194,0.6848675469606338,0.9894966875796646,11.516038339101955,5.0,63.51370952577089
Biquad,58Hz-Q1.2,ID08-Seat-G3,12.897564359518077,1.3386131855349295,0.7550754200797679,1.0194460929293345,1.7014626397905086,3.3333333333333335,70.39396334344968
Biquad,58Hz-Q1.2,ID10-Stand-G4,13.466925997881694,1.3439196673694873,0.7212606455058194,0.9534293181834809,0.2907693701053767,4.166666666666667,70.3101940967594
Biquad,58Hz-Q1.3,ID01-Seat-G1,10.666529419201918,1.3477577572499209,0.7358197427509338,1.0120824475414942,2.3594247235062267,2.5,68.18517748983393
Biquad,58Hz-Q1.3,ID05-Stand-G2,7.000892550440952,-0.09045471497245516,0.681315423066712,1.0133216928570243,11.838964883578432,4.166666666666667,63.77742489010796
Biquad,58Hz-Q1.3,ID08-Seat-G3,12.92895395641535,1.3096183260269039,0.7504647192380615,1.022848527696928,1.7501112695904333,0.8333333333333334,70.89077268403415
Biquad,58Hz-Q1.3,ID10-Stand-G4,13.403644645586878,1.3036430392617806,0.7191103075691389,0.9655028425934383,0.29999048134565864,3.3333333333333335,70.45781949865595
Biquad,58Hz-Q1.5,ID01-Seat-G1,10.60878741081881,1.3211404743469604,0.7305636715576013,0.9981379186845075,2.4081187303463163,2.5,68.07870454092335
Biquad,58Hz-Q1.5,ID05-Stand-G2,7.024842973994257,-0.11968641712117195,0.6768861399024358,1.01921482218985,12.116374354432603,2.5,64.10148902326253
Biquad,58Hz-Q1.5,ID08-Seat-G3,12.907721661277877,1.2831191082653588,0.7455434766427681,1.026503691665071,1.7915458885851647,0.8333333333333334,70.83263106943198
Biquad,58Hz-Q1.5,ID10-Stand-G4,13.300245840886063,1.267226512142807,0.7164956364998732,0.9641776846837863,0.30769771420850384,3.3333333333333335,70.32818487138739
Biquad,58Hz-Q1.6,ID01-Seat-G1,10.517417842707326,1.2963544557627606,0.7249183174662589,1.0165149161935219,2.450629649032328,1.6666666666666667,68.12097189037094
Biquad,58Hz-Q1.6,ID05-Stand-G2,7.017081567742295,-0.14606318049029862,0.6719316058556428,1.0087544305657412,12.361751804155807,2.5,64.05656861165961
Biquad,58Hz-Q1.6,ID08-Seat-G3,12.85140748073884,1.2586508533977039,0.7405050553272136,1.029988726123483,1.8274510710631924,0.8333333333333334,70.73852872902629
Biquad,58Hz-Q1.6,ID10-Stand-G4,13.171554130089282,1.2339697513344234,0.7136091267841027,0.974999352684759,0.3141006052446966,2.5,70.39861934439385
Biquad,58Hz-Q1.8,ID01-Seat-G1,10.404986481073955,1.2730678627791991,0.7190844172698917,1.0156547316712443,2.486879766414922,0.8333333333333334,68.13145294393148
Biquad,58Hz-Q1.8,ID05-Stand-G2,6.987931855062636,-0.1701769100483751,0.6666769390824835,1.0335291180940012,12.579265896104806,2.5,63.98800889818127
Biquad,58Hz-Q1.8,ID08-Seat-G3,12.771798418984867,1.2358812403027495,0.735462795387036,1.0332438047458279,1.8590039046141815,0.0,70.78776938438763
Biquad,58Hz-Q1.8,ID10-Stand-G4,13.02746335392851,1.2033600474476682,0.7105708020098551,0.9791871388130069,0.319484637332674,1.6666666666666667,70.41934672973412
Biquad,60Hz-Q1.2,ID01-Seat-G1,10.92545238495606,1.368991778191657,0.7477972780651648,1.0080062842830604,2.2963459504221553,2.5,68.5339319704448
Biquad,60Hz-Q1.2,ID05-Stand-G2,7.151809909643442,-0.067198093925035,0.6931336029464351,0.9910526077947565,11.656985984024244,5.0,63.80557497071548
Biquad,60Hz-Q1.2,ID08-Seat-G3,13.15901014545855,1.3306369381444547,0.7617207817032688,1.0208918238571798,1.7467287466894372,0.8333333333333334,71.2052493415664
Biquad,60Hz-Q1.2,ID10-Stand-G4,13.787155658319563,1.3361753229399265,0.7350515821783001,0.9613086888397699,0.2920774024393184,3.3333333333333335,70.939919302189
Biquad,60Hz-Q1.3,ID01-Seat-G1,10.905096331935345,1.3397819601320091,0.7431639052057563,1.0125289806281599,2.3477508257084994,2.5,68.47882562097851
Biquad,60Hz-Q1.3,ID05-Stand-G2,7.19908066171088,-0.10022526697731082,0.6884329086195672,0.9975356053386912,12.000005832409961,2.5,64.3500055030511
Biquad,60Hz-Q1.3,ID08-Seat-G3,13.17916318837518,1.3017144240544758,0.7568674011972837,1.0248643494608036,1.810953504036721,0.8333333333333334,71.18900203068814
Biquad,60Hz-Q1.3,ID10-Stand-G4,13.731559615805352,1.2974950304718593,0.7334247352949097,0.9654443034915966,0.30002761161497954,3.3333333333333335,70.89279998130849
Biquad,60Hz-Q1.5,ID01-Seat-G1,10.833253770684204,1.3127886978869103,0.737897006371994,1.008652399367622,2.389689204976484,0.0,68.86748131847415
Biquad,60Hz-Q1.5,ID05-Stand-G2,7.201041089670178,-0.12982021841617505,0.682929178380172,1.0287294141483356,12.297665145626114,2.5,64.32300992752147
Biquad,60Hz-Q1.5,ID08-Seat-G3,13.147906607168805,1.2752286742830659,0.7517114935199832,1.0285224835421927,1.8676767239649834,0.0,71.28574280856868
Biquad,60Hz-Q1.5,ID10-Stand-G4,13.636475103609735,1.262674338499921,0.7312965778932984,0.964138794447693,0.3074329467618472,1.6666666666666667,71.10856007671461
Biquad,60Hz-Q1.6,ID01-Seat-G1,10.7285530895955,1.2875660827207336,0.732284109304886,1.0125997018084305,2.425087429223621,0.0,68.72068390938215
Biquad,60Hz-Q1.6,ID05-Stand-G2,7.17320239616609,-0.1567626654553628,0.6769737085289876,1.0362559977845291,12.558686908684495,1.6666666666666667,64.41717187680017
Biquad,60Hz-Q1.6,ID08-Seat-G3,13.08243226144782,1.2507355406847005,0.7464431569449395,1.0319815029163986,1.9184882616605121,0.0,71.18075593853487
Biquad,60Hz-Q1.6,ID10-Stand-G4,13.516316451839138,1.231007419874973,0.7288518391526844,0.9753888059976884,0.31373177508880484,1.6666666666666667,71.02631594213938
Biquad,60Hz-Q1.8,ID01-Seat-G1,10.603341073434144,1.2638190906040185,0.7265059616045049,1.016431058544306,2.457111253813822,0.0,68.55213578546794
Biquad,60Hz-Q1.8,ID05-Stand-G2,7.125788733814706,-0.18158841537018774,0.670789311022273,1.0432956237558875,12.790127518630944,0.8333333333333334,64.49004189981508
Biquad,60Hz-Q1.8,ID08-Seat-G3,12.994315561749287,1.2279150929781624,0.741175813551731,1.0351283564531661,1.9644906122704107,0.0,71.05313416338727
Biquad,60Hz-Q1.8,ID10-Stand-G4,13.38069454951703,1.201972416660499,0.7262074943486164,0.9836667167169414,0.31921622097597746,0.8333333333333334,71.0789176740497
Kalman,Q=0.00001-R=0.00001,ID01-Seat-G1,12.563410332186677,1.600827018220226,0.9463766265004093,0.9700626597309198,1.9871955286975436,0.0,72.01154832959435
Kalman,Q=0.00001-R=0.00001,ID05-Stand-G2,9.214994926630348,0.2235478913713029,0.9403378712255229,0.9717535781467886,9.027544190234284,0.0,68.62629685155571
Kalman,Q=0.00001-R=0.00001,ID08-Seat-G3,14.616559703935017,1.5558726447260762,0.9531364732343062,0.9856848797359706,1.429362923945166,0.0,74.19350765187215
Kalman,Q=0.00001-R=0.00001,ID10-Stand-G4,16.5233813787544,1.6533957887327977,0.9545631790263672,0.980780800017289,0.25283874061450134,0.0,76.0865092215386
Kalman,Q=0.00001-R=0.00001,ID01-Seat-G1,10.891565885557268,1.6598175274251796,0.9267943655300632,0.9618846206240573,1.8568774803513335,0.0,70.15194673015303
Kalman,Q=0.00001-R=0.00001,ID05-Stand-G2,7.570086634662336,0.2931889594794447,0.9189119091240312,0.9613498804947339,8.048258913466604,0.0,66.76867535556623
Kalman,Q=0.00001-R=0.00001,ID08-Seat-G3,12.943532960114227,1.6087410697202154,0.9362155322292441,0.9804583085129684,1.295506987355888,0.0,72.36744099439841
Kalman,Q=0.00001-R=0.00001,ID10-Stand-G4,14.970352285864438,1.7142549515589864,0.9387760307903333,0.974411745444063,0.2319786137433925,0.0,74.38323124401225
Kalman,Q=0.00001-R=0.00001,ID01-Seat-G1,10.257185350432122,1.6848196921229739,0.9179308698643379,0.9502790611973637,1.8037366456944783,1.6666666666666667,69.05972884706813
Kalman,Q=0.00001-R=0.00001,ID05-Stand-G2,6.948666354618925,0.32272678394875426,0.9092941382186068,0.9565718864820955,7.65783928812622,0.0,66.05123182366896
Kalman,Q=0.00001-R=0.00001,ID08-Seat-G3,12.306818266186406,1.6309121852923008,0.9285765192865076,0.9782005288745651,1.2534106393091764,0.0,71.66214480520803
Kalman,Q=0.00001-R=0.00001,ID10-Stand-G4,14.38433357223905,1.7394616962906522,0.9317499274376706,0.9714998939111733,0.22363498509406077,0.0,73.72995749757744
Kalman,Q=0.00001-R=0.00001,ID01-Seat-G1,9.710617781240094,1.7076425924369525,0.9096019296005954,0.9466295048698713,1.7561315866803797,1.6666666666666667,68.43244644426059
Kalman,Q=0.00001-R=0.00001,ID05-Stand-G2,6.414628330139813,0.34967643845829116,0.9003039565167158,0.9378496312762237,7.314825360112013,0.0,65.35615616039631
Kalman,Q=0.00001-R=0.00001,ID08-Seat-G3,11.7572885563302,1.651041285831309,0.9214062239978579,0.9759928375095078,1.2158948562169998,1.6666666666666667,70.71446609052833
Kalman,Q=0.00001-R=0.00001,ID10-Stand-G4,13.880631130308918,1.762146304821929,0.9252095149138372,0.9687469133183116,0.2162805748086376,1.6666666666666667,72.83010372542093
Kalman,Q=0.00001-R=0.00001,ID01-Seat-G1,9.231654060019883,1.728678732011992,0.9017517382729446,0.9431511422835867,1.7130757530997487,2.5,67.7105478084849
Kalman,Q=0.00001-R=0.00001,ID05-Stand-G2,5.947762264188658,0.3744942401351736,0.8918736331541076,0.9337707837113328,7.010099132008043,0.8333333333333334,64.63900176473447
Kalman,Q=0.00001-R=0.00001,ID08-Seat-G3,11.274968136559936,1.6695099978914911,0.9146533645774991,0.9738386248102234,1.1821088766295211,3.3333333333333335,69.83739482827563
Kalman,Q=0.00001-R=0.00001,ID10-Stand-G4,13.440010292073671,1.7827760498984795,0.9190964104160685,0.9661231143465551,0.20972179705207972,3.3333333333333335,71.9971822752603
Kalman,Q=0.00001-R=0.00001,ID01-Seat-G1,8.806208670397494,1.748219271876468,0.8943313569580993,0.9331827678947886,1.6738233205810245,3.3333333333333335,67.01294102039051
Kalman,Q=0.00001-R=0.00001,ID05-Stand-G2,5.534000589543713,0.3975217755787484,0.8839440090030456,0.9299497793059407,6.736880050006679,1.6666666666666667,63.979996220262926
Kalman,Q=0.00001-R=0.00001,ID08-Seat-G3,10.845930287125277,1.6865995564314986,0.9082735258182293,0.9717389096433192,1.1514178652385036,4.166666666666667,69.18334294564525
Kalman,Q=0.00001-R=0.00001,ID10-Stand-G4,13.04913832700566,1.801699128799837,0.9133608699990502,0.9636161151031627,0.2038156219787293,4.166666666666667,71.38409209418101
Kalman,Q=0.00001-R=0.00001,ID01-Seat-G1,8.424095035747275,1.7664866409387792,0.887298219294713,0.9300634491572524,1.6377966034222275,3.3333333333333335,66.56248225957722
Kalman,Q=0.00001-R=0.00001,ID05-Stand-G2,5.163182228574841,0.4190218833903903,0.876463806863191,0.9263098961778234,6.48999414162586,2.5,63.36821026093789
Kalman,Q=0.00001-R=0.00001,ID08-Seat-G3,10.460098366620896,1.702523382289402,0.9022284558273932,0.9455205326617135,1.1233355219078986,4.166666666666667,68.62108111530159
Kalman,Q=0.00001-R=0.00001,ID10-Stand-G4,12.698420328709888,1.819182004259085,0.9079606376055107,0.9612876265975051,0.19845355174686283,4.166666666666667,70.9812299104054
Kalman,Q=0.00001-R=0.00002,ID01-Seat-G1,7.470273880384595,1.8152246796544595,0.8681758710947453,0.9169004164613899,1.5457957822081658,4.166666666666667,65.2327616625688
Kalman,Q=0.00001-R=0.00002,ID05-Stand-G2,4.241187143553522,0.4762327021083041,0.8563043421952026,0.916962009425364,5.870942472438357,3.3333333333333335,62.081613090477695
Kalman,Q=0.00001-R=0.00002,ID08-Seat-G3,9.495030896909165,1.7447977855608752,0.8857940138444803,0.9398011114698792,1.0523243858732425,4.166666666666667,67.50415822475884
Kalman,Q=0.00001-R=0.00002,ID10-Stand-G4,11.824008418400204,1.8648734997732415,0.8934374395678399,0.9470585986797876,0.18487430757829384,4.166666666666667,69.92674887522462
Kalman,Q=0.00001-R=0.00002,ID01-Seat-G1,6.29179470052917,1.8821197972453234,0.8413857786508752,0.9149459752242418,1.4273265079806998,4.166666666666667,63.843584583198606
Kalman,Q=0.00001-R=0.00002,ID05-Stand-G2,3.1102587342361594,0.5543369170234033,0.8285106465104914,0.9100924024350094,5.208502776353651,5.0,60.374550595239896
Kalman,Q=0.00001-R=0.00002,ID08-Seat-G3,8.299323636694627,1.8024449683794914,0.8627481609612871,0.9214541708785365,0.9618237564071942,4.166666666666667,66.04387236496363
Kalman,Q=0.00001-R=0.00002,ID10-Stand-G4,10.744806828457584,1.9254782725112667,0.8734183235673232,0.9292238524566326,0.1678463811623689,4.166666666666667,68.60823018416234
Kalman,Q=0.00001-R=0.00001,ID01-Seat-G1,14.34749677643169,1.5474141019915795,0.9620878648257545,0.9762582488220138,2.108636594877426,0.0,73.9444470067349
Kalman,Q=0.00001-R=0.00001,ID05-Stand-G2,10.980064577052334,0.16077726140345105,0.9576919653939747,0.9798682628385106,9.977224745443364,0.0,70.56209563169969
Kalman,Q=0.00001-R=0.00001,ID08-Seat-G3,16.395855187484706,1.507257127194394,0.9667728339767616,0.9898401286456439,1.5625612900082768,0.0,76.09585208553864
Kalman,Q=0.00001-R=0.00001,ID10-Stand-G4,18.196712181366696,1.596870459100885,0.9675200245665381,0.9858134585613249,0.27305728872809737,0.0,77.88217965842236
Kalman,Q=0.00001-R=0.00001,ID01-Seat-G1,12.563410332186672,1.6008270182212943,0.9463766265001873,0.9700626597309198,1.9871955286975436,0.0,72.01154832959267
Kalman,Q=0.00001-R=0.00001,ID05-Stand-G2,9.214994926630347,0.22354789137130326,0.9403378712255229,0.9717535781467886,9.02754419023428,0.0,68.62629685155571
Kalman,Q=0.00001-R=0.00001,ID08-Seat-G3,14.616559703935012,1.5558726447482307,0.9531364732277634,0.9856848797359706,1.4293629239451657,0.0,74.19350765182308
Kalman,Q=0.00001-R=0.00001,ID10-Stand-G4,16.523381378754397,1.6533957887338877,0.9545631790259034,0.980780800017289,0.25283874061450134,0.0,76.08650922153511
Kalman,Q=0.00001-R=0.00001,ID01-Seat-G1,11.886987112326556,1.6235600512196253,0.939076274237225,0.9670579847580979,1.9363246786225838,0.0,71.26534909289623
Kalman,Q=0.00001-R=0.00001,ID05-Stand-G2,8.548293579907886,0.25036449486140794,0.9323224879068172,0.9679067017196464,8.640843011100301,0.0,67.88024574780725
Kalman,Q=0.00001-R=0.00001,ID08-Seat-G3,13.940446145032524,1.5763443230289838,0.9468199526238442,0.9836781418931969,1.3749026769652373,0.0,73.45998649917733
Kalman,Q=0.00001-R=0.00001,ID10-Stand-G4,15.89339705656967,1.6770672255470815,0.9486329718308847,0.9784229397967937,0.2446081002383741,0.0,75.40025904428526
Kalman,Q=0.00001-R=0.00001,ID01-Seat-G1,11.30457602313629,1.644349860089697,0.9321229525240775,0.9641275229764045,1.8903873883341336,0.0,70.6161357819489
Kalman,Q=0.00001-R=0.00001,ID05-Stand-G2,7.975511729579726,0.2749152880765375,0.924718478810541,0.9642028743966223,8.29731194470107,0.0,67.2319146926419
Kalman,Q=0.00001-R=0.00001,ID08-Seat-G3,13.357466453303024,1.5949572791773567,0.9408132467054974,0.9818042981568861,1.3264144242772973,0.0,72.82258729437868
Kalman,Q=0.00001-R=0.00001,ID10-Stand-G4,15.352780456344712,1.6984795155414087,0.9430346598313357,0.9761592090624137,0.2372903364390604,0.0,74.80633645039178
Kalman,Q=0.00001-R=0.00001,ID01-Seat-G1,10.794559114040636,1.663541320600622,0.9254931257163275,0.9613331668531658,1.8489009147712794,0.0,70.04242339117891
Kalman,Q=0.00001-R=0.00001,ID05-Stand-G2,7.474956708487419,0.2975886123163403,0.9174967194311644,0.9606517301954481,7.989151154215967,0.0,66.65944075519839
Kalman,Q=0.00001-R=0.00001,ID08-Seat-G3,12.846242855442485,1.6120515862660916,0.9350934129678681,0.9801329264381002,1.289172636218621,0.0,72.260108084892
Kalman,Q=0.00001-R=0.00001,ID10-Stand-G4,14.880635543926893,1.7180324070275572,0.9377401018488825,0.9739832781747787,0.23071690633609757,0.0,74.28360269866741
Kalman,Q=0.00001-R=0.00001,ID01-Seat-G1,10.34186167811279,1.681392154267778,0.9191629679785439,0.9508115878734259,1.8109624797285198,1.6666666666666667,69.15630854398567
Kalman,Q=0.00001-R=0.00001,ID05-Stand-G2,7.031517175631623,0.318678018576707,0.9106279935380314,0.9572391414358633,7.710461417208037,0.0,66.14742283434617
Kalman,Q=0.00001-R=0.00001,ID08-Seat-G3,12.391873151275979,1.6278804144124857,0.9296378250170307,0.9785201219948059,1.2591206965792197,0.0,71.75675744887774
Kalman,Q=0.00001-R=0.00001,ID10-Stand-G4,14.462463715630868,1.7360279372637615,0.9327224434150202,0.9719045256706199,0.2247610483456872,0.0,73.81740466959663
Kalman,Q=0.00001-R=0.00001,ID01-Seat-G1,9.935578155338266,1.698100230469441,0.9131097581968072,0.9481769593741268,1.7759257255385388,1.6666666666666667,68.69145280535162
Kalman,Q=0.00001-R=0.00001,ID05-Stand-G2,6.634272340436965,0.3384110928430804,0.9040845879603613,0.9396616103261182,7.456675368233871,0.0,65.61321480177027
Kalman,Q=0.00001-R=0.00001,ID08-Seat-G3,11.983578260116841,1.6426373230724458,0.924425265434975,0.9769325712626168,1.2314726407659387,0.8333333333333334,71.13476394052556
Kalman,Q=0.00001-R=0.00001,ID10-Stand-G4,14.087825389256059,1.752699929503778,0.927957030209006,0.9699101597625858,0.21932514043766282,0.8333333333333334,73.23038724796986
Kalman,Q=0.00001-R=0.00002,ID01-Seat-G1,8.922954759146768,1.7427748567221426,0.8964102016162322,0.93409403251043,1.6846864826585553,3.3333333333333335,67.149834767154
Kalman,Q=0.00001-R=0.00002,ID05-Stand-G2,5.647449296007196,0.39110862759288584,0.8861616519625352,0.9310214048607603,6.812053932800755,1.6666666666666667,64.11543537669668
Kalman,Q=0.00001-R=0.00002,ID08-Seat-G3,10.963719714039604,1.6818440813888216,0.9100606107129116,0.9723332696412417,1.159901545267002,3.3333333333333335,69.48417397592598
Kalman,Q=0.00001-R=0.00002,ID10-Stand-G4,13.156353893160393,1.7964498955593724,0.9149636606322279,0.9643211377816873,0.2054433619745152,3.3333333333333335,71.67352037014388
Kalman,Q=0.00001-R=0.00002,ID01-Seat-G1,7.675721128766706,1.804334257390679,0.872486504102535,0.9188269400877046,1.5659196642876132,4.166666666666667,65.4801712766409
Kalman,Q=0.00001-R=0.00002,ID05-Stand-G2,4.439313849738791,0.4634698928041711,0.8608257459483607,0.9190419779024889,6.004339946752953,3.3333333333333335,62.32405016719728
Kalman,Q=0.00001-R=0.00002,ID08-Seat-G3,9.703127766126853,1.7353754026325685,0.8894991235230454,0.9411099745443039,1.0677548996683839,4.166666666666667,67.74658773193788
Kalman,Q=0.00001-R=0.00002,ID10-Stand-G4,12.012253368962655,1.854781311685999,0.8966923840003425,0.9563988277187819,0.18781918383193344,4.166666666666667,70.18610705422581
Kalman,Q=0.00001-R=0.00001,ID01-Seat-G1,15.088472723675673,1.5277336724618744,0.9673004059489297,0.978226564324256,2.153775552324389,0.0,74.73435858991392
Kalman,Q=0.00001-R=0.00001,ID05-Stand-G2,11.71558159210889,0.13777860013454926,0.9634784586395111,0.9825047621595938,10.339720506404342,0.0,71.35419384270318
Kalman,Q=0.00001-R=0.00001,ID08-Seat-G3,17.133584795732798,1.4891573521040462,0.9713120088498478,0.9912873749191454,1.6134138337816806,0.0,76.87486173670239
Kalman,Q=0.00001-R=0.00001,ID10-Stand-G4,18.896861458248935,1.5757897381016972,0.9718805985130655,0.987485957618171,0.28078745154066026,0.0,78.62339573518777
Kalman,Q=0.00001-R=0.00001,ID01-Seat-G1,13.257522897057441,1.578971225505357,0.953065063136363,0.9727469845434779,2.0366229497702633,0.0,72.76924579329756
Kalman,Q=0.00001-R=0.00001,ID05-Stand-G2,9.900635244567754,0.197813035685826,0.9477089300740252,0.9752370968129194,9.409565876789054,0.0,69.38463770418754
Kalman,Q=0.00001-R=0.00001,ID08-Seat-G3,15.309414602459581,1.536068878500548,0.9589339237013386,0.9874750049005381,1.4830378850106296,0.0,74.93879405472231
Kalman,Q=0.00001-R=0.00001,ID10-Stand-G4,17.17233407624027,1.6304066344859052,0.960045695504924,0.9829256585002555,0.26096857566026954,0.0,76.78730508502846
Kalman,Q=0.00001-R=0.00001,ID01-Seat-G1,12.563410332186676,1.6008270182218283,0.9463766265000763,0.9700626597309198,1.9871955286975436,0.0,72.01154832959183
Kalman,Q=0.00001-R=0.00001,ID05-Stand-G2,9.214994926630347,0.2235478913713034,0.9403378712255227,0.9717535781467886,9.027544190234282,0.0,68.62629685155571
Kalman,Q=0.00001-R=0.00001,ID08-Seat-G3,14.616559703935016,1.5558726447593074,0.9531364732244919,0.9856848797359706,1.429362923945166,0.0,74.19350765179856
Kalman,Q=0.00001-R=0.00001,ID10-Stand-G4,16.523381378754397,1.6533957887344328,0.9545631790256716,0.980780800017289,0.25283874061450134,0.0,76.08650922153338
Kalman,Q=0.00001-R=0.00001,ID01-Seat-G1,11.965860761804828,1.6208329682407918,0.9399693765882969,0.9674296134117636,1.9423940177063177,0.0,71.35277915327588
Kalman,Q=0.00001-R=0.00001,ID05-Stand-G2,8.625954946669998,0.24714559338109685,0.9333013359918856,0.968379688377888,8.686633924104799,0.0,67.96761340849858
Kalman,Q=0.00001-R=0.00001,ID08-Seat-G3,14.01933498043877,1.5738951867037585,0.9475921138291513,0.9839265311315009,1.3813582426954414,0.0,73.5459084898149
Kalman,Q=0.00001-R=0.00001,ID10-Stand-G4,15.966736534007602,1.6742413765024875,0.9493555177943523,0.9787123976643312,0.24558297973702423,0.0,75.4804649057869
Kalman,Q=0.00001-R=0.00001,ID01-Seat-G1,11.442683293715739,1.6393139692836138,0.933830014995383,0.9648529517202027,1.9014586024569933,0.0,70.77067316478212
Kalman,Q=0.00001-R=0.00001,ID05-Stand-G2,8.111225283802252,0.2689668731042092,0.9265824875499112,0.9651155945676017,8.379612024067997,0.0,67.38617191326459
Kalman,Q=0.00001-R=0.00001,ID08-Seat-G3,13.495783710065622,1.5904579466661037,0.9422871252164039,0.9822330395228787,1.338040069673178,0.0,72.97410234680304
Kalman,Q=0.00001-R=0.00001,ID10-Stand-G4,15.48083221905612,1.6933144221579337,0.9444046722102649,0.9767166607725657,0.239044248373926,0.0,74.94745056449594
Kalman,Q=0.00001-R=0.00001,ID01-Seat-G1,10.978398402385102,1.656513937950309,0.9279429284465639,0.9623695705364473,1.863971263415525,0.0,70.24981821841656
Kalman,Q=0.00001-R=0.00001,ID05-Stand-G2,7.655270321727939,0.289285818129282,0.9201619611761059,0.9619651327975034,8.100974793505666,0.0,66.86631069453625
Kalman,Q=0.00001-R=0.00001,ID08-Seat-G3,13.030597293717562,1.605801590554675,0.9372061928860025,0.9807437413164991,1.3011451160317236,0.0,72.46336244694508
Kalman,Q=0.00001-R=0.00001,ID10-Stand-G4,15.05069321329452,1.7108970634507064,0.9396917123967659,0.9747893672228876,0.2331035041214297,0.0,74.4723278923847
Kalman,Q=0.00001-R=0.00001,ID01-Seat-G1,10.56180508382179,1.6726207859447122,0.9222920433349814,0.9521602066657232,1.8295412588958404,0.0,69.73979644216277
Kalman,Q=0.00001-R=0.00001,ID05-Stand-G2,7.246858447217434,0.3083157905087143,0.9140200049350784,0.9589293424103903,7.846434001960605,0.0,66.39665519628247
Kalman,Q=0.00001-R=0.00001,ID08-Seat-G3,12.612702095327927,1.620110930458407,0.9323339540635929,0.9793235022720568,1.2738220347000644,0.0,72.00182426216514
Kalman,Q=0.00001-R=0.00001,ID10-Stand-G4,14.665531251260598,1.727208891937557,0.9351982574403749,0.9729291843274394,0.22766845258723908,0.0,74.04416410370061
Kalman,Q=0.00001-R=0.00002,ID01-Seat-G1,9.523945564515712,1.7157230909612073,0.906604780022941,0.9453018942713675,1.7394969478363296,2.5,68.0499908860446
Kalman,Q=0.00001-R=0.00002,ID05-Stand-G2,6.232542641372876,0.3592125403510404,0.8970803368065172,0.9362961399242223,7.196472258108969,0.0,65.14212586704286
Kalman,Q=0.00001-R=0.00002,ID08-Seat-G3,11.569393982332011,1.6581447435769154,0.9188275130769821,0.9751786469136472,1.2028259957108898,3.3333333333333335,70.16982689831094
Kalman,Q=0.00001-R=0.00002,ID10-Stand-G4,13.708822910188175,1.7701024298599977,0.9228698748412641,0.9677485530616509,0.2137363800491683,2.5,72.46908973680591
Kalman,Q=0.00001-R=0.00002,ID01-Seat-G1,8.24683827608436,1.7751987835075422,0.8839151171815475,0.9285436019898295,1.6209074030354298,3.3333333333333335,66.35225299822845
Kalman,Q=0.00001-R=0.00002,ID05-Stand-G2,4.991436041544776,0.4292655470443645,0.8728781252940415,0.9245779288862369,6.375130254227099,2.5,63.16091162568127
Kalman,Q=0.00001-R=0.00002,ID08-Seat-G3,10.280960326340947,1.7101014644189345,0.8993209774678999,0.9445115888879495,1.110150339696434,4.166666666666667,68.41509226845662
Kalman,Q=0.00001-R=0.00002,ID10-Stand-G4,12.53582104383897,1.8274503118072236,0.905374808304411,0.9601713919914739,0.19594951151268847,4.166666666666667,70.79365573274609
Kalman,Q=0.00001-R=0.00001,ID01-Seat-G1,15.758144343561826,1.511086257088338,0.9714429275162032,0.9797585585294221,2.1920012935413458,0.0,75.44275909258046
Kalman,Q=0.00001-R=0.00001,ID05-Stand-G2,12.38136641888339,0.11839812697720042,0.9680863613522348,0.984584012163802,10.65071667317787,0.0,72.06493418984417
Kalman,Q=0.00001-R=0.00001,ID08-Seat-G3,17.79988550747328,1.473768706001306,0.9749254244910488,0.9924216165003354,1.657173978181717,0.0,77.57393427365783
Kalman,Q=0.00001-R=0.00001,ID10-Stand-G4,19.53223353154942,1.5578826108641202,0.9753689789827563,0.9889007351584347,0.28742859521803277,0.0,79.29200454971227
Kalman,Q=0.00001-R=0.00001,ID01-Seat-G1,13.884883560900546,1.5604135486581132,0.9584665866438442,0.9748646067088336,2.0788996815009617,0.0,73.44770599427355
Kalman,Q=0.00001-R=0.00001,ID05-Stand-G2,10.521539400027422,0.17601276339025154,0.9536800639889775,0.9780194420919636,9.741229333511344,0.0,70.06423709040457
Kalman,Q=0.00001-R=0.00001,ID08-Seat-G3,15.93494608145599,1.519157082861802,0.963624044247196,0.9888855734984427,1.5295348813705747,0.0,75.60655428080217
Kalman,Q=0.00001-R=0.00001,ID10-Stand-G4,17.761135371843412,1.6107292885300482,0.964509165919336,0.98464890022038,0.26802966626044133,0.0,77.41819861734032
Kalman,Q=0.00001-R=0.00001,ID01-Seat-G1,13.174723190832822,1.581503551605555,0.9523077122900041,0.9724464330473497,2.030873832134754,0.0,72.6792631982446
Kalman,Q=0.00001-R=0.00001,ID05-Stand-G2,9.818770524749128,0.20079181549254,0.9468730019146926,0.974844720291885,9.364813106149438,0.0,69.29454164056874
Kalman,Q=0.00001-R=0.00001,ID08-Seat-G3,15.226809901172906,1.538369699101903,0.9582769211374474,0.9872746878153688,1.4767565286727542,0.0,74.8502602487806
Kalman,Q=0.00001-R=0.00001,ID10-Stand-G4,17.094784957458405,1.6330810309821189,0.9594224588389849,0.982683469277336,0.2600160794517073,0.0,76.70387074513746
Kalman,Q=0.00001-R=0.00001,ID01-Seat-G1,12.563410332186672,1.600827018222362,0.9463766264999656,0.9700626597309198,1.9871955286975436,0.0,72.01154832959101
Kalman,Q=0.00001-R=0.00001,ID05-Stand-G2,9.214994926630347,0.22354789137130351,0.9403378712255228,0.9717535781467886,9.02754419023428,0.0,68.62629685155571
Kalman,Q=0.00001-R=0.00001,ID08-Seat-G3,14.616559703935012,1.5558726447703846,0.9531364732212205,0.9856848797359706,1.4293629239451657,0.0,74.19350765177401
Kalman,Q=0.00001-R=0.00001,ID10-Stand-G4,16.523381378754397,1.6533957887349782,0.9545631790254397,0.980780800017289,0.25283874061450134,0.0,76.08650922153164
Kalman,Q=0.00001-R=0.00001,ID01-Seat-G1,12.028246097540324,1.618690520348072,0.9406677916343177,0.9677194568757231,1.9471688680751613,0.0,71.42185181917633
Kalman,Q=0.00001-R=0.00001,ID05-Stand-G2,8.687396465588305,0.24461708330024504,0.9340671444330028,0.9687491185881792,8.722724348847779,0.0,68.03664564177672
Kalman,Q=0.00001-R=0.00001,ID08-Seat-G3,14.081722370671221,1.5719698382935234,0.9481960603805965,0.9841202178244081,1.3864449731089934,0.0,73.61379391264774
Kalman,Q=0.00001-R=0.00001,ID10-Stand-G4,16.024766493845892,1.6720186325626487,0.949921119447788,0.9789385566451011,0.24635127308982227,0.0,75.5438676729298
Kalman,Q=0.00001-R=0.00001,ID01-Seat-G1,11.553390161690531,1.6353253601792088,0.9351719502262575,0.9654205090746336,1.9102534997993803,0.0,70.89428233376063
Kalman,Q=0.00001-R=0.00001,ID05-Stand-G2,8.220063563976431,0.26425608684090884,0.9280490859803452,0.9658315536987909,8.445214185369517,0.0,67.50958947732298
Kalman,Q=0.00001-R=0.00001,ID08-Seat-G3,13.606624478223386,1.58689015064658,0.9434461014814858,0.9825829818911259,1.3473027911471502,0.0,73.09538514879016
Kalman,Q=0.00001-R=0.00001,ID10-Stand-G4,15.583542579922417,1.6892135756973585,0.9454836376623837,0.9771540919697012,0.24044191211644692,0.0,75.0604403222388
Kalman,Q=0.00001-R=0.00001,ID01-Seat-G1,11.127377221044911,1.6509104044571377,0.9298782554383599,0.9631828473119665,1.8760401099980395,0.0,70.41737837339245
Kalman,Q=0.00001-R=0.00001,ID05-Stand-G2,7.80148787484546,0.28266555656915493,0.9222702155716626,0.962999710634163,8.190985537297644,0.0,67.03351304480374
Kalman,Q=0.00001-R=0.00001,ID08-Seat-G3,13.179926659696333,1.6008101466682,0.9388758994298328,0.9812348726338262,1.3113861540173957,0.0,72.62767026858921
Kalman,Q=0.00001-R=0.00001,ID10-Stand-G4,15.18861043073322,1.7051871598667854,0.9412374223081003,0.975424458159556,0.23502346327740423,0.0,74.62501338884175
Kalman,Q=0.00001-R=0.00002,ID01-Seat-G1,10.066396749422696,1.692647523415184,0.9150980599139752,0.9490474088817131,1.7873079132174505,1.6666666666666667,68.84153590985275
Kalman,Q=0.00001-R=0.00002,ID05-Stand-G2,6.762102767428381,0.3319721620589305,0.9062312028910734,0.9550341608916079,7.53874289200789,0.0,65.83400759356947
Kalman,Q=0.00001-R=0.00002,ID08-Seat-G3,12.115098621637891,1.6378273903257226,0.9261370196618751,0.9774588353837949,1.2404438518244145,0.0,71.44842044602093
Kalman,Q=0.00001-R=0.00002,ID10-Stand-G4,14.208390574468751,1.7472774063124659,0.9295188958725861,0.9705670432470909,0.22108443300323563,0.8333333333333334,73.36595084308193
Kalman,Q=0.00001-R=0.00002,ID01-Seat-G1,8.761769428441738,1.7503083086827056,0.8935314956130916,0.9328308222703866,1.669670317632835,3.3333333333333335,66.96074309022521
Kalman,Q=0.00001-R=0.00002,ID05-Stand-G2,5.490835061407428,0.39998190311574894,0.8830915493852339,0.9295369293214356,6.708230159999289,1.6666666666666667,63.928372995070525
Kalman,Q=0.00001-R=0.00002,ID08-Seat-G3,10.8010824680511,1.688423050330896,0.9075859648487725,0.9715089655113461,1.148176533499332,4.166666666666667,69.13218869864028
Kalman,Q=0.00001-R=0.00002,ID10-Stand-G4,13.008334874036594,1.803708546156176,0.912744993683552,0.9633501236425651,0.20319468707131902,4.166666666666667,71.33733961154273
Kalman,Q=0.00001-R=0.00001,ID01-Seat-G1,16.37017772328156,1.496760646223322,0.9748030153986842,0.9900992097726844,2.224874959590316,0.0,76.1316963876351
Kalman,Q=0.00001-R=0.00001,ID05-Stand-G2,12.990624252250354,0.10178293821746791,0.9718295115208808,0.9862655565974897,10.921109728374319,0.0,72.7106733716444
Kalman,Q=0.00001-R=0.00001,ID08-Seat-G3,18.408564363323432,1.4604698769169027,0.9778604892716011,0.993329746686829,1.6951770248313942,0.0,78.20916676629459
Kalman,Q=0.00001-R=0.00001,ID10-Stand-G4,20.115027996919384,1.5424321963436125,0.9782136883799021,0.9900626240588388,0.2932109051368224,0.0,79.90194378006284
Kalman,Q=0.00001-R=0.00001,ID01-Seat-G1,14.458374284545087,1.5443814434372396,0.9629126399643781,0.9765726795908289,2.115584786586921,0.0,74.06308248223206
Kalman,Q=0.00001-R=0.00001,ID05-Stand-G2,11.090042372610592,0.15722772807253704,0.9586066555407443,0.9802874144864969,10.032688375126924,0.0,70.68102936159866
Kalman,Q=0.00001-R=0.00001,ID08-Seat-G3,16.50628478118926,1.504474620265228,0.9674905215136742,0.9900710749404223,1.5703160393258015,0.0,76.21281906724391
Kalman,Q=0.00001-R=0.00001,ID10-Stand-G4,18.3012866051113,1.5936293384445257,0.9682078809849569,0.9860783554705933,0.274239394062374,0.0,77.99323748985144
Kalman,Q=0.00001-R=0.00001,ID01-Seat-G1,13.733525016310068,1.5647909508230924,0.9572165364435286,0.9743786291222487,2.068906529963481,0.0,73.28454218524777
Kalman,Q=0.00001-R=0.00001,ID05-Stand-G2,10.371639626346619,0.1811500566841301,0.9522967795044074,0.9773781054436937,9.662424399959475,0.0,69.90075599984814
Kalman,Q=0.00001-R=0.00001,ID08-Seat-G3,15.784082763416587,1.5231543187367302,0.9625379425433973,0.9885619900543082,1.5184956392698103,0.0,75.44592728276362
Kalman,Q=0.00001-R=0.00001,ID10-Stand-G4,17.6188808262971,1.6153827317563445,0.9634732977906904,0.9842504222558651,0.2663514996096496,0.0,77.2661826710066
Kalman,Q=0.00001-R=0.00001,ID01-Seat-G1,13.109587948617255,1.5835096067080288,0.9517044012763763,0.9722063815319739,2.0263233202558464,0.0,72.60840286584995
Kalman,Q=0.00001-R=0.00001,ID05-Stand-G2,9.754384856749283,0.20315214982619592,0.9462073267797134,0.9745317633517999,9.329449973388762,0.0,69.22359862435613
Kalman,Q=0.00001-R=0.00001,ID08-Seat-G3,15.161819899978061,1.5401911894195168,0.9577536502141154,0.9871146733545976,1.471791846190705,0.0,74.78054564335692
Kalman,Q=0.00001-R=0.00001,ID10-Stand-G4,17.033806363371884,1.6351977018389376,0.9589264339419872,0.9824904204381243,0.25926346048568555,0.0,76.63820672012741
Kalman,Q=0.00001-R=0.00001,ID01-Seat-G1,12.563410332186677,1.6008270182228959,0.9463766264998545,0.9700626597309198,1.9871955286975436,0.0,72.01154832959018
Kalman,Q=0.00001-R=0.00001,ID05-Stand-G2,9.214994926630348,0.22354789137130351,0.9403378712255227,0.9717535781467886,9.027544190234284,0.0,68.62629685155571
Kalman,Q=0.00001-R=0.00001,ID08-Seat-G3,14.616559703935017,1.5558726447814613,0.9531364732179494,0.9856848797359706,1.429362923945166,0.0,74.19350765174948
Kalman,Q=0.00001-R=0.00001,ID10-Stand-G4,16.5233813787544,1.6533957887355228,0.9545631790252079,0.980780800017289,0.25283874061450134,0.0,76.08650922152991
Kalman,Q=0.00001-R=0.00001,ID01-Seat-G1,12.078827666345864,1.6169628059665453,0.9412289202266653,0.9679518312751704,1.951023603850949,0.0,71.4778037244217
Kalman,Q=0.00001-R=0.00001,ID05-Stand-G2,8.737222469811874,0.2425782575336396,0.9346826339644778,0.9690456417217543,8.751902490603305,0.0,68.09257043315424
Kalman,Q=0.00001-R=0.00001,ID08-Seat-G3,14.132299233991754,1.5704163857039692,0.9486813601802764,0.9842754768930518,1.3905566412117893,0.0,73.66878681980909
Kalman,Q=0.00001-R=0.00001,ID10-Stand-G4,16.071831049591513,1.6702244473822667,0.9503759015447364,0.9791201338235219,0.24697237999599042,0.0,75.59525098029464
Kalman,Q=0.00001-R=0.00001,ID01-Seat-G1,11.644136173541513,1.6320874814746433,0.9362545879432278,0.9658766422729276,1.917409575299488,0.0,70.99542879448035
Kalman,Q=0.00001-R=0.00001,ID05-Stand-G2,8.309310760228565,0.26043240416619534,0.929233119021835,0.9664081676654749,8.498738062676326,0.0,67.6105999912197
Kalman,Q=0.00001-R=0.00001,ID08-Seat-G3,13.697457862910744,1.5839911469545396,0.9443813637375337,0.9828881675690687,1.3548573673301263,0.0,73.19475892878759
Kalman,Q=0.00001-R=0.00001,ID10-Stand-G4,15.667777042797828,1.6858782208809409,0.9463554060221525,0.9775065021970891,0.24158201375679786,0.0,75.15297509894941
Kalman,Q=0.00001-R=0.00002,ID01-Seat-G1,10.561805083821788,1.6726207859468036,0.9222920433344789,0.9521602066657232,1.8295412588958404,0.0,69.73979644215899
Kalman,Q=0.00001-R=0.00002,ID05-Stand-G2,7.246858447217433,0.30831579050871516,0.9140200049350776,0.9589293424103903,7.846434001960605,0.0,66.39665519628247
Kalman,Q=0.00001-R=0.00002,ID08-Seat-G3,12.612702095327927,1.6201109305015704,0.9323339540491956,0.9793235022720568,1.273822034700064,0.0,72.00182426205717
Kalman,Q=0.00001-R=0.00002,ID10-Stand-G4,14.665531251260598,1.7272088919398556,0.9351982574390618,0.9729291843274394,0.22766845258723903,0.0,74.04416410369076
Kalman,Q=0.00001-R=0.00002,ID01-Seat-G1,9.231654060019883,1.7286787320202393,0.9017517382708218,0.9431511422835867,1.7130757530997487,2.5,67.71054780846897
Kalman,Q=0.00001-R=0.00002,ID05-Stand-G2,5.947762264188658,0.3744942401351783,0.8918736331541041,0.9337707837113328,7.010099132008043,0.8333333333333334,64.63900176473445
Kalman,Q=0.00001-R=0.00002,ID08-Seat-G3,11.274968136559936,1.6695099980606292,0.91465336451783,0.9738386248102234,1.1821088766295211,3.3333333333333335,69.83739482782812
Kalman,Q=0.00001-R=0.00002,ID10-Stand-G4,13.440010292073671,1.7827760499078282,0.9190964104095882,0.9661231143465551,0.20972179705207972,3.3333333333333335,71.9971822752117
Kalman,Q=0.00001-R=0.00001,ID01-Seat-G1,16.934527318077556,1.484263189673741,0.9775743934326134,0.9911154673768006,2.2535036778517914,0.0,76.72191260570615
Kalman,Q=0.00001-R=0.00001,ID05-Stand-G2,13.55300322485757,0.08734040723296888,0.9749203205523457,0.9877200787142743,11.158794965569435,0.0,73.30350602257153
Kalman,Q=0.00001-R=0.00001,ID08-Seat-G3,18.969649788632747,1.4488265413435988,0.9802842205652399,0.9940686258573682,1.728549079892869,0.0,78.7921245721589
Kalman,Q=0.00001-R=0.00001,ID10-Stand-G4,20.65414662345618,1.5289323747042325,0.9805703861180314,0.9910254759375906,0.29830088776517144,0.0,80.46355189902937
Kalman,Q=0.00001-R=0.00001,ID01-Seat-G1,14.987363588375635,1.530339250854639,0.966629555368902,0.9779757699387769,2.1477942328093147,0.0,74.62696410333628
Kalman,Q=0.00001-R=0.00001,ID05-Stand-G2,11.61514269250644,0.14081837625204255,0.9627329953791778,0.9821671415422548,10.291391017095219,0.0,71.24647586556154
Kalman,Q=0.00001-R=0.00001,ID08-Seat-G3,17.03295153953142,1.4915594473535503,0.9707273560563836,0.9911027778865207,1.606608625177838,0.0,76.7689205993869
Kalman,Q=0.00001-R=0.00001,ID10-Stand-G4,18.801144203434987,1.5785867760698291,0.9713176059401154,0.9872708946005458,0.2797562169913556,0.0,78.52238072098858
Kalman,Q=0.00001-R=0.00001,ID01-Seat-G1,14.248973127483746,1.550135476372656,0.9613412206787056,0.9759726448125616,2.1024047196756506,0.0,73.83889550663685
Kalman,Q=0.00001-R=0.00001,ID05-Stand-G2,10.88236591816009,0.1639640522992738,0.9568642236189252,0.9794881916265016,9.927582820924165,0.0,70.45628855343453
Kalman,Q=0.00001-R=0.00001,ID08-Seat-G3,16.297717245311343,1.5097519813638869,0.9661233035616665,0.9896304400930259,1.555618211772144,0.0,75.99179422248896
Kalman,Q=0.00001-R=0.00001,ID10-Stand-G4,18.10384673849231,1.5997764212604453,0.9668980070376438,0.9855735536665641,0.2719994387334654,0.0,77.78344955960745
Kalman,Q=0.00001-R=0.00001,ID01-Seat-G1,13.61337400051684,1.5683104858200423,0.9562005483499872,0.9739818178790277,2.0608805160087535,0.0,73.15478720253688
Kalman,Q=0.00001-R=0.00001,ID05-Stand-G2,10.25269067042107,0.18528289107979165,0.9511731243852949,0.976855699388589,9.599314985749563,0.0,69.77076760025372
Kalman,Q=0.00001-R=0.00001,ID08-Seat-G3,15.664301298923078,1.5263645721617813,0.9616555154503451,0.9882977179052288,1.50965116470483,0.0,75.3182062543268
Kalman,Q=0.00001-R=0.00001,ID10-Stand-G4,17.506047053661536,1.6191190200663685,0.9626326851369739,0.9839266363030866,0.26500778005090264,0.0,77.14542537370428
Kalman,Q=0.00001-R=0.00001,ID01-Seat-G1,13.057005584769954,1.5851380937333275,0.9512124796430541,0.9720102391081181,2.0226318347769747,0.0,72.55115037763345
Kalman,Q=0.00001-R=0.00001,ID05-Stand-G2,9.702416720101322,0.20506861906196075,0.9456647077574668,0.9742763356026763,9.30080107802185,0.0,69.1662837062957
Kalman,Q=0.00001-R=0.00001,ID08-Seat-G3,15.109349449487835,1.541669089663202,0.9573270570468165,0.9869839144334058,1.4677689927141133,0.0,74.72422194950599
Kalman,Q=0.00001-R=0.00001,ID10-Stand-G4,16.984596370035554,1.636914713808561,0.9585222843315212,0.9823329348033646,0.2586537562805529,0.0,76.58517817653878
Kalman,Q=0.00001-R=0.00001,ID01-Seat-G1,12.563410332186677,1.6008270182234299,0.9463766264997435,0.9700626597309198,1.9871955286975436,0.0,72.01154832958935
Kalman,Q=0.00001-R=0.00001,ID05-Stand-G2,9.214994926630348,0.22354789137130363,0.9403378712255225,0.9717535781467886,9.027544190234282,0.0,68.62629685155571
Kalman,Q=0.00001-R=0.00001,ID08-Seat-G3,14.616559703935016,1.5558726447925384,0.9531364732146779,0.9856848797359706,1.4293629239451657,0.0,74.19350765172494
Kalman,Q=0.00001-R=0.00001,ID10-Stand-G4,16.523381378754397,1.6533957887360682,0.9545631790249761,0.980780800017289,0.25283874061450134,0.0,76.08650922152816
Kalman,Q=0.00001-R=0.00001,ID01-Seat-G1,12.120667910885581,1.6155399723878692,0.941689617822559,0.9681422840208412,1.9542008886750857,0.0,71.52405146465898
Kalman,Q=0.00001-R=0.00001,ID05-Stand-G2,8.778444229002174,0.24089936503166395,0.9351881056999637,0.9692888994031194,8.77598115100091,0.0,68.1387995187675
Kalman,Q=0.00001-R=0.00001,ID08-Seat-G3,14.174131320924674,1.5691365166795501,0.949079848141081,0.9844027105692238,1.393949160415038,0.0,73.71424373482888
Kalman,Q=0.00001-R=0.00001,ID10-Stand-G4,16.110771803631202,1.6687457286377316,0.9507495272420973,0.9792691288985296,0.2474849124192632,0.0,75.63773890243958
Kalman,Q=0.00001-R=0.00002,ID01-Seat-G1,11.018490815270761,1.654997973093775,0.9284681175935497,0.9625907506713253,1.8672318568011823,0.0,70.29495545057901
Kalman,Q=0.00001-R=0.00002,ID05-Stand-G2,7.6946112771176045,0.2874947552621359,0.9207338400361923,0.9622461509099413,8.125252440255979,0.0,66.91134583193876
Kalman,Q=0.00001-R=0.00002,ID08-Seat-G3,13.07078986893827,1.6044519065472567,0.937659244705832,0.9808738505719039,1.303738169413868,0.0,72.50760345709153
Kalman,Q=0.00001-R=0.00002,ID10-Stand-G4,15.087799263888677,1.7093540872468822,0.9401108239455828,0.9749618600901645,0.23362144538938254,0.0,74.51343974393137
Kalman,Q=0.00001-R=0.00002,ID01-Seat-G1,9.664529129062528,1.7096238214431099,0.9088692767370216,0.946304429988882,1.752042102576757,1.6666666666666667,68.37923752120126
Kalman,Q=0.00001-R=0.00002,ID05-Stand-G2,6.369657131619466,0.3520148730013273,0.8995153780581325,0.9374703244439692,7.2856567905689955,0.0,65.3033740892753
Kalman,Q=0.00001-R=0.00002,ID08-Seat-G3,11.710908228735411,1.652784046432095,0.9207757932658139,0.9757947615726538,1.2126801183316906,2.5,70.49570048609229
Kalman,Q=0.00001-R=0.00002,ID10-Stand-G4,13.83820237963568,1.7641006999228173,0.9246369270700155,0.9685032466000344,0.21565389739463361,2.5,72.61549556566096
Kalman,Q=0.00001-R=0.00001,ID01-Seat-G1,17.458686712752638,1.473238052334257,0.9798923712560583,0.9919560806077546,2.278705223684233,0.0,77.26765990021185
Kalman,Q=0.00001-R=0.00001,ID05-Stand-G2,14.075786256196187,0.07464328989215963,0.9775077045275472,0.9889716022476348,11.369663542836378,0.0,73.85195205139095
Kalman,Q=0.00001-R=0.00001,ID08-Seat-G3,19.4906727717827,1.4385235674678096,0.9823135082813477,0.9946793431770694,1.7581293593770433,0.0,79.33142079977816
Kalman,Q=0.00001-R=0.00001,ID10-Stand-G4,21.156306165190333,1.5170133043718186,0.9825488265780694,0.9918350490331739,0.30282270510407056,0.0,80.98459760969172
Kalman,Q=0.00001-R=0.00001,ID01-Seat-G1,15.478893452042735,1.5179012704954673,0.9697774547166153,0.9791460831280685,2.176352493011145,0.0,75.1479547780577
Kalman,Q=0.00001-R=0.00001,ID05-Stand-G2,12.103622779609452,0.12632308769641365,0.9662328414584392,0.983746905612028,10.522956529375351,0.0,71.76910361860789
Kalman,Q=0.00001-R=0.00001,ID08-Seat-G3,17.522083494319332,1.4800770135882295,0.973472010710492,0.9919666430970538,1.6392033851505694,0.0,77.28295679013328
Kalman,Q=0.00001-R=0.00001,ID10-Stand-G4,19.26698874512495,1.5652204037493134,0.9739640284094101,0.9883265097844746,0.2846992057821171,0.0,79.01335150711789
Kalman,Q=0.00001-R=0.00001,ID01-Seat-G1,14.727947048471313,1.5371385114168585,0.9648510020594908,0.9773072411721618,2.132191894079503,0.0,74.35086576977831
Kalman,Q=0.00001-R=0.00001,ID05-Stand-G2,11.357551564831946,0.14875826955752616,0.9607576813157275,0.9812695917310924,10.165747786131794,0.0,70.96958213335537
Kalman,Q=0.00001-R=0.00001,ID08-Seat-G3,16.774710618161215,1.4978194157267897,0.9691780015923815,0.9906109760249846,1.5889110232033026,0.0,76.496600510229
Kalman,Q=0.00001-R=0.00001,ID10-Stand-G4,18.55581997705968,1.585877328502309,0.9698275751043385,0.9867004895447199,0.27707622106747876,0.0,78.26302923806581
Kalman,Q=0.00001-R=0.00001,ID01-Seat-G1,14.081511780942899,1.5548191774000202,0.9600418947006163,0.9754734683175427,2.091686906958658,0.0,73.65919333278522
Kalman,Q=0.00001-R=0.00001,ID05-Stand-G2,10.71636295109043,0.16945217788366948,0.9554244567654523,0.9788253830662154,9.842436279693274,0.0,70.2761732921624
Kalman,Q=0.00001-R=0.00001,ID08-Seat-G3,16.130883801332516,1.5140412924842461,0.9649933578945081,0.9892914118494299,1.5437042927659963,0.0,75.81479104478848
Kalman,Q=0.00001-R=0.00001,ID10-Stand-G4,17.946126632704615,1.6047721184798194,0.965817088061919,0.9851558187629053,0.2701853637593708,0.0,77.61553388698353
Kalman,Q=0.00001-R=0.00001,ID01-Seat-G1,13.515658762546417,1.5712023377650848,0.9553585665253967,0.9736517333640967,2.054292125906612,0.0,73.04910667830737
Kalman,Q=0.00001-R=0.00001,ID05-Stand-G2,10.155982284341496,0.1886801499397175,0.950242341112526,0.9764219903849094,9.547631552334627,0.0,69.66490979460998
Kalman,Q=0.00001-R=0.00001,ID08-Seat-G3,15.566870658457617,1.5289998909703535,0.9609244274068205,0.9880778456110212,1.502405400471335,0.0,75.21419309206388
Kalman,Q=0.00001-R=0.00001,ID10-Stand-G4,17.41434150392801,1.622185402294751,0.9619369190194046,0.9836581020091645,0.2639074649939302,0.0,77.04715890661936
Kalman,Q=0.00001-R=0.00001,ID01-Seat-G1,13.013664266633178,1.586486488769214,0.950803709609019,0.9718469712131382,2.019577040243555,0.0,72.5039269447665
Kalman,Q=0.00001-R=0.00001,ID05-Stand-G2,9.659587845528586,0.20665571823117337,0.9452139145093916,0.9740639126884081,9.277119522094972,0.0,69.11901176779106
Kalman,Q=0.00001-R=0.00001,ID08-Seat-G3,15.066096741248673,1.542892283823879,0.9569726175621723,0.9868750620912371,1.464443113516996,0.0,74.67776668342114
Kalman,Q=0.00001-R=0.00001,ID10-Stand-G4,16.94404599780809,1.6383355365240326,0.958186650264147,0.9822020147143049,0.2581497776222605,0.0,76.54145594836072
Kalman,Q=0.00001-R=0.00001,ID01-Seat-G1,12.563410332186672,1.6008270182239637,0.9463766264996325,0.9700626597309198,1.9871955286975436,0.0,72.0115483295885
Kalman,Q=0.00001-R=0.00001,ID05-Stand-G2,9.214994926630347,0.2235478913713039,0.9403378712255224,0.9717535781467886,9.02754419023428,0.0,68.62629685155571
Kalman,Q=0.00001-R=0.00001,ID08-Seat-G3,14.616559703935012,1.555872644803615,0.9531364732114064,0.9856848797359706,1.4293629239451657,0.0,74.1935076517004
Kalman,Q=0.00001-R=0.00001,ID10-Stand-G4,16.523381378754397,1.6533957887366135,0.9545631790247441,0.980780800017289,0.25283874061450134,0.0,76.08650922152643
Kalman,Q=0.00001-R=0.00002,ID01-Seat-G1,11.442683293715739,1.6393139692867218,0.9338300149946788,0.9648529517202027,1.9014586024569933,0.0,70.77067316477684
Kalman,Q=0.00001-R=0.00002,ID05-Stand-G2,8.111225283802252,0.26896687310421014,0.9265824875499106,0.9651155945676017,8.379612024067997,0.0,67.38617191326459
Kalman,Q=0.00001-R=0.00002,ID08-Seat-G3,13.495783710065622,1.5904579467304227,0.9422871251959584,0.9822330395228787,1.338040069673178,0.0,72.97410234664969
Kalman,Q=0.00001-R=0.00002,ID10-Stand-G4,15.48083221905612,1.6933144221612555,0.9444046722086,0.9767166607725657,0.239044248373926,0.0,74.94745056448345
Kalman,Q=0.00001-R=0.00002,ID01-Seat-G1,10.066396749422696,1.6926475234188967,0.9150980599130576,0.9490474088817131,1.7873079132174505,1.6666666666666667,68.84153590984586
Kalman,Q=0.00001-R=0.00002,ID05-Stand-G2,6.762102767428381,0.33197216205893226,0.9062312028910721,0.9550341608916079,7.53874289200789,0.0,65.83400759356945
Kalman,Q=0.00001-R=0.00002,ID08-Seat-G3,12.115098621637891,1.6378273904021965,0.9261370196357674,0.9774588353837949,1.2404438518244145,0.0,71.44842044582512
Kalman,Q=0.00001-R=0.00002,ID10-Stand-G4,14.208390574468751,1.7472774063165992,0.9295188958700457,0.9705670432470909,0.22108443300323563,0.8333333333333334,73.36595084306288
Kalman,Q=0.00002-R=0.00001,ID01-Seat-G1,18.842217900557074,1.446648074693443,0.9849794962255607,0.993773332914449,2.357562768294632,0.0,78.69843078682102
Kalman,Q=0.00002-R=0.00001,ID05-Stand-G2,15.457458478796937,0.044207404992185485,0.9831923632658802,0.9916990823550814,11.88171366828408,0.0,75.28989661506644
Kalman,Q=0.00002-R=0.00001,ID08-Seat-G3,20.86567781961931,1.413559989919526,0.9867739182390615,0.9959954365802894,1.8298569251568721,0.0,80.74645938931373
Kalman,Q=0.00002-R=0.00001,ID10-Stand-G4,22.487995593956498,1.4882643945530571,0.9869143957061629,0.9936316790113446,0.3138295971370914,0.0,82.35801195680943
Kalman,Q=0.00002-R=0.00001,ID01-Seat-G1,16.777676289331506,1.487670115332523,0.9768339069831545,0.9908451448320514,2.245705504156344,0.0,76.55815631586542
Kalman,Q=0.00002-R=0.00001,ID05-Stand-G2,13.396646761349018,0.09127248675851034,0.9740941912008158,0.9873191728847953,11.093848687879557,0.0,73.13894905977911
Kalman,Q=0.00002-R=0.00001,ID08-Seat-G3,18.813719494152362,1.4520044108886563,0.9796363595067673,0.9938721209059093,1.7194334976042907,0.0,78.63035279498266
Kalman,Q=0.00002-R=0.00001,ID10-Stand-G4,20.50414491732112,1.532614013114097,0.9799397713262638,0.9907677279655954,0.2969093751933493,0.0,80.30753184209607
Kalman,Q=0.00002-R=0.00001,ID01-Seat-G1,15.993811586981513,1.5054722985350277,0.9727826576426586,0.980247876716536,2.2048887553299323,0.0,75.69092090288413
Kalman,Q=0.00002-R=0.00001,ID05-Stand-G2,12.615881670087349,0.1118796609545372,0.9695782487109379,0.9852561282956921,10.756395290268827,0.0,72.31399917689785
Kalman,Q=0.00002-R=0.00001,ID08-Seat-G3,18.03428785432156,1.468563278838465,0.9760952348086175,0.9927852902615756,1.6720317217210015,0.0,77.81892856669405
Kalman,Q=0.00002-R=0.00001,ID10-Stand-G4,19.756406970607944,1.5518316383437198,0.9765015721368462,0.98936339764224,0.2896875435941931,0.0,79.5269857498455
Kalman,Q=0.00002-R=0.00001,ID01-Seat-G1,15.31884955242738,1.5218883391186522,0.9687834651516708,0.9787783319076752,2.1671968200854597,0.0,74.97861720060328
Kalman,Q=0.00002-R=0.00001,ID05-Stand-G2,11.94451497991836,0.13096533052998202,0.9651272207407432,0.983249314956792,10.448493609812546,0.0,71.59921571025788
Kalman,Q=0.00002-R=0.00001,ID08-Seat-G3,17.362843009000123,1.4837621214945618,0.9726050109325444,0.9916936818146733,1.628725336658877,0.0,77.11584900006757
Kalman,Q=0.00002-R=0.00001,ID10-Stand-G4,19.11516281714995,1.569508927653817,0.9731271107733223,0.987984221496779,0.2831091766626208,0.0,78.85353725543376
Kalman,Q=0.00002-R=0.00001,ID01-Seat-G1,14.727947048471313,1.537138511417635,0.9648510020593587,0.9773072411721618,2.132191894079503,0.0,74.35086576977731
Kalman,Q=0.00002-R=0.00001,ID05-Stand-G2,11.357551564831946,0.14875826955752625,0.9607576813157276,0.9812695917310924,10.165747786131794,0.0,70.96958213335537
Kalman,Q=0.00002-R=0.00001,ID08-Seat-G3,16.774710618161215,1.4978194157429512,0.9691780015883831,0.9906109760249846,1.5889110232033026,0.0,76.496600510199
Kalman,Q=0.00002-R=0.00001,ID10-Stand-G4,18.55581997705968,1.5858773285030159,0.969827575104116,0.9867004895447199,0.27707622106747876,0.0,78.26302923806414
Kalman,Q=0.00002-R=0.00001,ID01-Seat-G1,14.203711856877106,1.5513941260631265,0.9609938217464982,0.9758394491534866,2.0995235245412833,0.0,73.79036276574327
Kalman,Q=0.00002-R=0.00001,ID05-Stand-G2,10.837491796789644,0.1654384575366246,0.9564791893915517,0.9793111508605675,9.904664940442277,0.0,70.40764147152912
Kalman,Q=0.00002-R=0.00001,ID08-Seat-G3,16.2526291752345,1.5109052099098135,0.9658211444702004,0.9895355168982042,1.5524121113105434,0.0,75.94396534325202
Kalman,Q=0.00002-R=0.00001,ID10-Stand-G4,18.061202930054943,1.601119631098997,0.9666088134134792,0.9854618960241305,0.2715111216083251,0.0,77.73807851077669
Kalman,Q=0.00002-R=0.00001,ID01-Seat-G1,13.733525016310073,1.5647909508248983,0.9572165364431902,0.9743786291222487,2.068906529963481,0.0,73.28454218524523
Kalman,Q=0.00002-R=0.00001,ID05-Stand-G2,10.371639626346623,0.18115005668413028,0.9522967795044072,0.9773781054436937,9.662424399959477,0.0,69.90075599984814
Kalman,Q=0.00002-R=0.00001,ID08-Seat-G3,15.784082763416592,1.523154318774264,0.9625379425332709,0.9885619900543082,1.5184956392698101,0.0,75.44592728268766
Kalman,Q=0.00002-R=0.00001,ID10-Stand-G4,17.618880826297104,1.6153827317580831,0.9634732977900642,0.9842504222558651,0.26635149960964966,0.0,77.26618267100191
Kalman,Q=0.00002-R=0.00002,ID01-Seat-G1,12.563410332186672,1.6008270182255655,0.9463766264992999,0.9700626597309198,1.9871955286975436,0.0,72.01154832958602
Kalman,Q=0.00002-R=0.00002,ID05-Stand-G2,9.214994926630347,0.22354789137130424,0.9403378712255223,0.9717535781467886,9.02754419023428,0.0,68.62629685155571
Kalman,Q=0.00002-R=0.00002,ID08-Seat-G3,14.616559703935012,1.5558726448368452,0.9531364732015924,0.9856848797359706,1.4293629239451657,0.0,74.1935076516268
Kalman,Q=0.00002-R=0.00002,ID10-Stand-G4,16.523381378754397,1.6533957887382484,0.9545631790240486,0.980780800017289,0.25283874061450134,0.0,76.0865092215212
Kalman,Q=0.00002-R=0.00002,ID01-Seat-G1,11.12737722104491,1.6509104044623204,0.9298782554371595,0.9631828473119665,1.8760401099980388,0.0,70.41737837338344
Kalman,Q=0.00002-R=0.00002,ID05-Stand-G2,7.801487874845461,0.28266555656915676,0.9222702155716612,0.962999710634163,8.190985537297646,0.0,67.03351304480373
Kalman,Q=0.00002-R=0.00002,ID08-Seat-G3,13.179926659696333,1.6008101467753733,0.9388758993951377,0.9812348726338262,1.3113861540173957,0.0,72.627670268329
Kalman,Q=0.00002-R=0.00002,ID10-Stand-G4,15.18861043073322,1.7051871598723845,0.941237422305159,0.975424458159556,0.2350234632774042,0.0,74.62501338881968
Kalman,Q=0.00002-R=0.00001,ID01-Seat-G1,20.709264860826796,1.4159624100081365,0.9899405102795787,0.9955188293979802,2.4647745485108694,0.0,80.61141283491354
Kalman,Q=0.00002-R=0.00001,ID05-Stand-G2,17.32506369120757,0.009448962317061493,0.9887426604516939,0.9837743809905038,12.476118882348276,0.0,77.15950554954779
Kalman,Q=0.00002-R=0.00001,ID08-Seat-G3,22.721276468490757,1.3845648950383456,0.9911330840272053,0.997245529026393,1.9131217276274775,0.0,82.64100224382676
Kalman,Q=0.00002-R=0.00001,ID10-Stand-G4,24.297837148893905,1.45516260185744,0.9912034367573664,0.9954299746212668,0.3266608203470281,0.0,84.20901279768049
Kalman,Q=0.00002-R=0.00001,ID01-Seat-G1,18.534868955602064,1.4522542943125878,0.9839670308757666,0.9934144025258954,2.338113663858062,0.0,78.3816936997998
Kalman,Q=0.00002-R=0.00001,ID05-Stand-G2,15.150325153865493,0.050601324925745796,0.9820603524623701,0.9911584116889246,11.773425768338278,0.0,74.97156985577789
Kalman,Q=0.00002-R=0.00001,ID08-Seat-G3,20.56023726395291,1.4188363882646442,0.9858854213599614,0.9957362174581413,1.8146997940050358,0.0,80.43305901144332
Kalman,Q=0.00002-R=0.00001,ID10-Stand-G4,22.191418017222066,1.4943235912362924,0.986042933285134,0.9932713359996072,0.31149852191819477,0.0,82.0530966968586
Kalman,Q=0.00002-R=0.00001,ID01-Seat-G1,17.70755751064444,1.4681922508953902,0.9809128645057092,0.9923235473282395,2.2902148512811418,0.0,77.52602173107846
Kalman,Q=0.00002-R=0.00001,ID05-Stand-G2,14.324143399269841,0.06884682524439978,0.9786474061048676,0.9895208911221077,11.466491134016083,0.0,74.1116034006669
Kalman,Q=0.00002-R=0.00001,ID08-Seat-G3,19.738029093685995,1.4337987169210054,0.98320751825034,0.9949460575828343,1.7717038509333234,0.0,79.58681576847772
Kalman,Q=0.00002-R=0.00001,ID10-Stand-G4,21.395199611643154,1.511556948489391,0.9834219625409863,0.9921929888331795,0.3049011013004805,0.0,81.23182927486646
Kalman,Q=0.00002-R=0.00001,ID01-Seat-G1,16.994633443141705,1.4829709659779144,0.9778522840423616,0.9912166887879844,2.256460243901461,0.0,76.78460901739933
Kalman,Q=0.00002-R=0.00001,ID05-Stand-G2,13.612930239036162,0.08585002403718067,0.9752304049806432,0.9878703950018156,11.183456482162619,0.0,73.36651025140006
Kalman,Q=0.00002-R=0.00001,ID08-Seat-G3,19.029400669359095,1.447620462759834,0.9805274005406351,0.9941421958357125,1.73200984311633,0.0,78.85406715259242
Kalman,Q=0.00002-R=0.00001,ID10-Stand-G4,20.711660888273283,1.527535725500436,0.9808072191076173,0.9911223050395334,0.2988294179062627,0.0,80.52332655677807
Kalman,Q=0.00002-R=0.00001,ID01-Seat-G1,16.37017772328156,1.4967606462248104,0.974803015398471,0.9900992097726844,2.224874959590316,0.0,76.13169638763351
Kalman,Q=0.00002-R=0.00001,ID05-Stand-G2,12.990624252250354,0.10178293821746802,0.9718295115208807,0.9862655565974897,10.921109728374319,0.0,72.7106733716444
Kalman,Q=0.00002-R=0.00001,ID08-Seat-G3,18.408564363323432,1.4604698769479223,0.9778604892650571,0.993329746686829,1.6951770248313942,0.0,78.2091667662455
Kalman,Q=0.00002-R=0.00001,ID10-Stand-G4,20.115027996919384,1.5424321963448404,0.97821368837959,0.9900626240588388,0.2932109051368224,0.0,79.90194378006049
Kalman,Q=0.00002-R=0.00001,ID01-Seat-G1,15.815994005987756,1.509696658391265,0.9717772743915146,0.9798809548096122,2.195191673886136,0.0,75.50372833797219
Kalman,Q=0.00002-R=0.00001,ID05-Stand-G2,12.438923323875898,0.11678379532223548,0.9684586077667894,0.9847519498511926,10.676839247080947,0.0,72.12612263138278
Kalman,Q=0.00002-R=0.00001,ID08-Seat-G3,17.857428064968435,1.47248097304802,0.9752173098372642,0.992512570555924,1.6608472281127682,0.0,77.63412074152752
Kalman,Q=0.00002-R=0.00001,ID10-Stand-G4,19.587234264271054,1.5563853439500361,0.9756514286278547,0.9890161314394396,0.28798687024268615,0.0,79.34970063617716
Kalman,Q=0.00002-R=0.00001,ID01-Seat-G1,15.31884955242738,1.5218883391197136,0.9687834651515007,0.9787783319076752,2.1671968200854597,0.0,74.978617200602
Kalman,Q=0.00002-R=0.00001,ID05-Stand-G2,11.94451497991836,0.13096533052998216,0.965127220740743,0.983249314956792,10.448493609812546,0.0,71.59921571025788
Kalman,Q=0.00002-R=0.00001,ID08-Seat-G3,17.362843009000123,1.48376212151666,0.9726050109273708,0.9916936818146733,1.628725336658877,0.0,77.11584900002877
Kalman,Q=0.00002-R=0.00001,ID10-Stand-G4,19.11516281714995,1.5695089276547496,0.973127110773051,0.987984221496779,0.2831091766626208,0.0,78.85353725543172
Kalman,Q=0.00002-R=0.00002,ID01-Seat-G1,14.081511780942897,1.5548191774025923,0.9600418947001499,0.9754734683175427,2.0916869069586577,0.0,73.65919333278173
Kalman,Q=0.00002-R=0.00002,ID05-Stand-G2,10.716362951090426,0.16945217788366995,0.955424456765452,0.9788253830662154,9.842436279693274,0.0,70.27617329216238
Kalman,Q=0.00002-R=0.00002,ID08-Seat-G3,16.130883801332516,1.5140412925377256,0.964993357880497,0.9892914118494299,1.5437042927659963,0.0,75.81479104468339
Kalman,Q=0.00002-R=0.00002,ID10-Stand-G4,17.946126632704612,1.6047721184822488,0.9658170880610849,0.9851558187629053,0.27018536375937074,0.0,77.61553388697727
Kalman,Q=0.00002-R=0.00002,ID01-Seat-G1,12.563410332186677,1.600827018228235,0.9463766264987451,0.9700626597309198,1.9871955286975436,0.0,72.01154832958187
Kalman,Q=0.00002-R=0.00002,ID05-Stand-G2,9.214994926630348,0.22354789137130474,0.9403378712255219,0.9717535781467886,9.027544190234284,0.0,68.62629685155571
Kalman,Q=0.00002-R=0.00002,ID08-Seat-G3,14.616559703935017,1.5558726448922278,0.953136473185236,0.9856848797359706,1.429362923945166,0.0,74.19350765150415
Kalman,Q=0.00002-R=0.00002,ID10-Stand-G4,16.5233813787544,1.6533957887409734,0.9545631790228893,0.980780800017289,0.25283874061450134,0.0,76.08650922151251
EMA,alpha=0.65,ID01-Seat-G1,13.54722508683333,1.570265405516154,0.9556320795465495,0.9737590965100184,2.0564264655571813,0.0,73.08326116598253
EMA,alpha=0.65,ID05-Stand-G2,10.18722045722947,0.1875791197849718,0.950544700008618,0.9765629742206102,9.564362615072382,0.0,69.69912057839716
EMA,alpha=0.65,ID08-Seat-G3,15.59834663772458,1.5281497301657663,0.9611607776081922,0.9881493650641171,1.5047512680359822,0.0,75.2477992951066
EMA,alpha=0.65,ID10-Stand-G4,17.44396067673134,1.6211922660244023,0.9621628093718018,0.9837453663971606,0.2642636496816885,0.0,77.07890857900566
EMA,alpha=0.68,ID01-Seat-G1,14.521322043197316,1.5426738606415469,0.9633736512337819,0.9767479555996711,2.1194988638783596,0.0,74.13036420544903
EMA,alpha=0.68,ID05-Stand-G2,11.152492696788194,0.1552297962104915,0.9591181045598454,0.9805213953525405,10.063986010912261,0.0,70.74848545774974
EMA,alpha=0.68,ID08-Seat-G3,16.568971921157225,1.5029095255543907,0.9678909756571507,0.9901998554237887,1.5746907763744693,0.0,76.27915351570479
EMA,alpha=0.68,ID10-Stand-G4,18.360686388287395,1.5918031122959941,0.9685926824414471,0.9862263805548173,0.27490654134314535,0.0,78.05626340937233
EMA,alpha=0.71,ID01-Seat-G1,15.558167209732664,1.515948540638237,0.9702590236826749,0.9793236632177572,2.180836876297826,0.0,75.2317282034415
EMA,alpha=0.71,ID05-Stand-G2,12.182452583511273,0.12405089728875718,0.9667686756196403,0.9839882926437648,10.55950497156064,0.0,71.8531591138774
EMA,alpha=0.71,ID08-Seat-G3,17.600951816776828,1.478272748470231,0.9738916370633833,0.9920985273428315,1.6443451740828383,0.0,77.36563173146635
EMA,alpha=0.71,ID10-Stand-G4,19.342243555280888,1.56311878960745,0.9743699124174089,0.9884924561756515,0.2854798348361767,0.0,79.09248017928971
EMA,alpha=0.74,ID01-Seat-G1,16.675132143304065,1.4899249692566905,0.9763376077096061,0.9906634773754862,2.240541712279584,0.0,76.45098158800354
EMA,alpha=0.74,ID05-Stand-G2,13.294447625696492,0.09387695086434296,0.9735406220369666,0.9870501856427558,11.05092625641356,0.0,73.0312532191875
EMA,alpha=0.74,ID08-Seat-G3,18.71177201808982,1.4541076408226168,0.9792019038631846,0.9937400431633958,1.713407784105577,0.0,78.52448651288069
EMA,alpha=0.74,ID10-Stand-G4,20.406146099840843,1.5350501212793979,0.979517484485216,0.9905951882935549,0.29599003046860434,0.0,80.20550317494774
EMA,alpha=0.77,ID01-Seat-G1,17.89569462247201,1.4644564239126787,0.981651921749879,0.9925887135935773,2.298725139222469,0.0,77.72102760356398
EMA,alpha=0.77,ID05-Stand-G2,14.511948058611258,0.06456125886796715,0.9794730212063708,0.9899180365450713,11.53829736666989,0.0,74.3075859003844
EMA,alpha=0.77,ID08-Seat-G3,19.925013294264705,1.4302978095135435,0.9838550004056491,0.9951383821817604,1.7817671906213786,0.0,79.77961770821587
EMA,alpha=0.77,ID10-Stand-G4,21.57598925891956,1.5075170004040424,0.9840551131467526,0.9924528921199006,0.3064432830593879,0.0,81.4186670681197
EMA,alpha=0.80,ID01-Seat-G1,19.252930961753837,1.4394113385053309,0.9862383048844086,0.9942179955655691,2.382735993912716,0.0,79.12080822621475
EMA,alpha=0.80,ID05-Stand-G2,15.868036063032767,0.03597311917830185,0.9846001857345343,0.9923697656397836,12.02168609582621,0.0,75.7143862842407
EMA,alpha=0.80,ID08-Seat-G3,21.273842125222426,1.406739824599984,0.987879012255203,0.9963158047219269,1.849439996823887,0.0,81.16451374074607
EMA,alpha=0.80,ID10-Stand-G4,22.884942607923936,1.4804467810493265,0.9879997111017632,0.9940821740050317,0.3168455713420679,0.0,82.76535131121231
EMA,alpha=0.83,ID01-Seat-G1,20.79585103495746,1.414671121321847,0.9901275353402097,0.9955844392957701,2.4693113985626383,0.0,80.69972974648789
EMA,alpha=0.83,ID05-Stand-G2,17.411739333305658,0.007995546078799043,0.9889519941620728,0.9838743770431589,12.501161084670754,0.0,77.24825117473699
EMA,alpha=0.83,ID08-Seat-G3,22.80734488519649,1.3833411970514635,0.9912975408146499,0.9972920024508847,1.9166300875387774,0.0,82.72853645356079
EMA,alpha=0.83,ID10-Stand-G4,24.382086463084562,1.453772968342843,0.9913657483639557,0.9954994702779979,0.3272028191619613,0.0,84.29482692720421
EMA,alpha=0.86,ID01-Seat-G1,22.601931666453353,1.3901282955902488,0.993345367807061,0.9967181410702031,2.5558656548225067,0.0,82.53561263035732
EMA,alpha=0.86,ID05-Stand-G2,19.220564286370234,-0.01947661347190255,0.9925541875781471,0.9855910514130034,12.97677336140592,0.0,79.09267595027136
EMA,alpha=0.86,ID08-Seat-G3,24.603060997853188,1.3600186478134155,0.9941302520568503,0.99808447369365,1.983233700531921,0.0,84.54946025674782
EMA,alpha=0.86,ID10-Stand-G4,26.14494700587038,1.4274341267009103,0.9941655251696168,0.9967199106323498,0.3375209729150994,0.0,86.08478799780426
EMA,alpha=0.89,ID01-Seat-G1,24.804971128722304,1.3656848916269642,0.9959129988462726,0.9976464940811541,2.642600218857444,0.0,84.76255109047511
EMA,alpha=0.89,ID05-Stand-G2,21.428351345635335,-0.04653824912071699,0.9954286332744434,0.9869584288805537,13.448538860257857,0.0,81.32885823959643
EMA,alpha=0.89,ID08-Seat-G3,26.794837625276813,1.3366966010388868,0.9963933336673197,0.9896574239801811,2.049273275578423,0.0,86.71607474768261
EMA,alpha=0.89,ID10-Stand-G4,28.30735266213479,1.4013729476982473,0.996409376338972,0.9977476493488272,0.3478060403852661,0.0,88.26916123142122
EMA,alpha=0.92,ID01-Seat-G1,27.668296815425844,1.341251035003191,0.9978474668540499,0.998480652180123,2.729726967895632,0.0,87.64455607773183
EMA,alpha=0.92,ID05-Stand-G2,24.298484113331696,-0.07327530759592336,0.9975935561159898,0.9879935153546547,13.916421920772072,0.0,84.22040336097488
EMA,alpha=0.92,ID08-Seat-G3,29.64603782787418,1.3133058493120935,0.9980998718677605,0.9901354748669459,2.1147989109419703,0.0,89.58246424121712
EMA,alpha=0.92,ID10-Stand-G4,31.132643680211988,1.375535435421184,0.9981058202457816,0.9985917588252495,0.35806409606648865,0.0,91.11139612618159
EMA,alpha=0.95,ID01-Seat-G1,31.83714490358341,1.3167436866048543,0.9991619910291533,0.9991612874489616,2.8184148319349447,0.0,91.82666627354686
EMA,alpha=0.95,ID05-Stand-G2,28.476271027235935,-0.09976591827696414,0.9990637379824356,0.9887577154294975,14.380319776312781,0.0,88.41303763925168
EMA,alpha=0.95,ID08-Seat-G3,33.801920908363265,1.2897823492726266,0.9992601568469907,0.9904703246707968,2.1798694907240845,0.0,93.74872370806968
EMA,alpha=0.95,ID10-Stand-G4,35.26605365423668,1.349870179110648,0.9992616620789484,0.9992599684897453,0.36830125742717135,0.0,95.25681596227751
