,Train,Test
0,1.0698286851148293,0.7640718807055787
1,0.4800965837830132,0.564252654518523
2,0.3059263579335928,0.4906924347167243
3,0.21938063632214513,0.49230196873443405
4,0.1695924005649683,0.4079163897873352
