,Accuracy,Recall,Precision
0,0.7750706199912117,0.42600329439561574,0.6298171955988835
1,0.8069050658073695,0.49610786977375926,0.8405992741787012
2,0.8240840325584315,0.570249079810147,0.8407860167892636
3,0.827724885438681,0.547450767609291,0.8841059551112647
4,0.8604883764725576,0.6436882612040149,0.904851139784655
