,Accuracy,Recall,Precision
0,0.7851059822979222,0.5543161645928304,0.6049733853734085
1,0.8044903852189743,0.4991666923965644,0.8510013542782972
2,0.8385260823167542,0.59799595820392,0.8985079237242655
3,0.8663011864158524,0.6709006885264325,0.9177720981400915
4,0.8916783494800277,0.7376170636135084,0.9292398443065748
