,Train,Test
0,1.3035901743367628,1.1998922493722703
1,1.0225330063916833,0.9654558610302323
2,0.7639010398133287,0.7519091690378137
