,Train,Test
0,1.6383994928024483,1.548646968393145
1,1.3145861281863898,1.2849029423744698
2,1.009537313373888,1.0073989532423537
