,Train,Test
0,1.744226479584799,1.586951884796949
1,1.410349256852094,1.2641204647255462
2,1.0895376346371366,0.9912050513797982
