,Accuracy,Recall,Precision
0,0.1823746187732972,0.18361641170425905,0.2069986708479362
1,0.6668502202643172,0.22430516871132272,0.2138192532067849
2,0.8920069467976957,0.20686903812801777,0.22505372981779725
