,Accuracy,Recall,Precision
0,0.27192053541172484,0.1774687290101606,0.19585800380388418
1,0.7495552355133853,0.21480706065667166,0.20239752848999126
2,0.9246653676719756,0.2066043541662303,0.2103422973237231
