,Accuracy,Recall,Precision
0,0.8095137241613013,0.20142259374987792,0.21063861595361383
1,0.9293248051507963,0.19966059962608437,0.2116034126801188
2,0.9343019315486276,0.1999863998005304,0.18687225975896468
